episode,step,x,z,evaded
1,0,-121.0048,-22.87543,False
1,1,-132.82,-71.62122,False
1,2,-123.3713,-86.53299,False
1,3,-112.951,-86.67229,False
1,4,-113.2393,-96.20876,False
1,5,-86.193,-146.8623,False
1,6,-34.43069,-194.3846,False
1,7,19.94687,-239.8509,False
1,8,77.27404,-286.8018,False
1,9,114.2116,-316.7897,False
1,10,129.2999,-329.1491,False
1,11,183.747,-373.34,False
1,12,199.4229,-386.0256,False
1,13,244.5626,-422.4995,False
1,14,270.2176,-443.2914,False
2,0,52.34332,-140.6606,False
2,1,103.4589,-177.1281,False
2,2,119.9575,-187.9586,False
2,3,178.3596,-227.2037,False
2,4,187.7043,-283.0097,False
2,5,144.4667,-285.6442,False
2,6,81.22224,-298.198,False
2,7,28.54205,-308.5749,False
2,8,-1.141407,-353.4867,False
2,9,-28.06051,-392.857,False
2,10,-69.60085,-453.4464,False
2,11,-123.7265,-463.5328,False
2,12,-169.7943,-472.532,False
2,13,-209.7235,-515.2911,False
2,14,-264.4572,-529.5583,False
2,15,-293.495,-575.9843,False
2,16,-318.8613,-618.7944,True
2,16,-343.8606,-583.2355,True
2,16,-268.0896,-618.5587,True
2,16,-331.1578,-549.3174,False
2,17,-377.8234,-578.3137,False
2,18,-394.7705,-623.5728,True
2,18,-424.1151,-601.6859,True
2,18,-346.9074,-608.0251,True
2,18,-422.3496,-551.8301,False
2,19,-467.5529,-582.3887,True
2,19,-427.3912,-604.3761,True
2,19,-482.6408,-543.1817,False
2,20,-524.8685,-582.6833,True
2,20,-471.4565,-592.3094,True
2,20,-528.483,-537.1461,False
2,21,-521.3663,-585.0727,False
2,22,-570.6848,-587.9061,True
2,22,-547.3076,-617.0905,True
2,22,-450.9294,-582.002,False
2,23,-396.7755,-595.7997,False
2,24,-345.1062,-568.4185,False
2,25,-296.7991,-541.2843,False
2,26,-233.2206,-504.7142,False
2,27,-181.8862,-475.5358,False
2,28,-121.8268,-440.7338,False
2,29,-103.725,-430.3282,False
2,30,-54.99458,-402.8622,False
2,31,-5.784389,-374.5959,False
2,32,48.94718,-342.3503,False
2,33,99.23006,-312.2185,False
2,34,120.9585,-259.5823,False
2,35,140.6422,-211.0908,False
2,36,160.2265,-163.0062,False
2,37,185.1832,-101.1765,False
2,38,205.4997,-51.03713,False
2,39,226.5059,0.6177798,False
2,40,245.6349,46.57047,False
2,41,270.1183,104.9295,False
2,42,292.1846,157.4476,False
2,43,312.5867,206.6176,False
2,44,333.3758,256.8662,False
2,45,355.815,310.9996,False
2,46,398.2431,326.6259,False
2,47,459.454,351.2906,True
2,47,425.5662,373.9602,True
2,47,451.294,309.4883,False
2,48,508.5587,292.3338,False
2,49,564.7841,274.7984,False
2,50,575.8803,321.3689,False
2,51,619.4329,346.7247,True
2,51,621.6611,303.6965,True
2,51,591.419,368.345,False
2,52,612.2213,419.7264,False
2,53,633.0005,470.9267,True
2,53,667.337,447.8221,True
2,53,655.302,396.6067,True
2,53,584.9084,475.1595,True
2,53,547.6841,435.1146,False
2,54,573.8879,475.5436,False
2,55,622.4722,451.0388,True
2,55,588.0428,529.1934,True
2,55,549.7743,522.6875,False
2,56,576.9833,574.4285,True
2,56,538.7351,586.2295,False
2,57,588.1407,588.8561,False
2,58,588.3015,638.1246,True
2,58,629.9222,611.1362,True
2,58,565.718,523.5973,False
2,59,559.5593,467.3278,False
2,60,554.5869,417.6955,False
2,61,509.8951,372.7294,False
2,62,505.457,315.4318,False
2,63,481.4439,295.2209,False
2,64,466.7404,282.2321,False
2,65,451.4191,268.9868,False
2,66,437.8777,257.3537,False
2,67,417.9563,240.2611,False
2,68,401.003,225.9535,False
2,69,384.316,211.895,False
2,70,361.2749,192.2705,False
2,71,346.7277,179.9058,False
2,72,333.9351,169.143,False
2,73,308.9725,156.2023,False
2,74,291.4785,149.3164,False
2,75,267.2489,140.074,False
2,76,247.1636,132.5002,False
2,77,233.1612,127.2252,False
2,78,202.2175,115.3338,False
2,79,181.9148,107.4683,False
2,80,160.2642,99.308,False
2,81,135.5368,90.13143,False
2,82,124.6041,81.67896,False
2,83,110.2549,62.03595,False
2,84,100.9769,44.85401,False
2,85,88.31834,21.45994,False
2,86,77.36267,1.356129,False
2,87,67.97908,-15.88829,False
2,88,58.86418,-32.39303,False
2,89,44.63557,-58.29881,False
2,90,32.6484,-80.19117,False
2,91,22.99352,-97.61743,False
2,92,10.01578,-121.0414,False
2,93,-0.460609,-139.4636,False
2,94,-12.98742,-149.6524,False
2,95,-26.14168,-155.253,False
2,96,-47.94506,-162.7003,False
2,97,-62.59338,-167.7701,False
2,98,-85.0302,-175.6583,False
2,99,-105.9386,-183.1522,False
2,100,-127.6213,-191.0092,False
2,101,-157.9053,-202.0273,False
2,102,-176.9484,-208.7961,False
2,103,-196.5011,-215.4835,False
2,104,-208.0546,-232.7748,False
2,105,-214.56,-250.0131,False
2,106,-224.7579,-277.3938,False
2,107,-230.5841,-292.8739,False
2,108,-239.4478,-316.5188,False
2,109,-247.0839,-336.3289,False
2,110,-253.6818,-353.0855,False
2,111,-263.1997,-376.3715,False
2,112,-272.8715,-399.2109,False
2,113,-280.7382,-418.0589,False
2,114,-281.5258,-437.7405,False
2,115,-277.9995,-461.5301,False
2,116,-284.5135,-471.7705,False
2,117,-299.4806,-487.9621,False
2,118,-320.8223,-499.3744,False
2,119,-339.5394,-507.0379,False
2,120,-356.7532,-513.7581,False
2,121,-385.7108,-525.1158,False
2,122,-406.7786,-533.3832,False
2,123,-429.1634,-542.1377,False
2,124,-455.8702,-552.7308,True
2,124,-454.493,-547.7185,True
2,124,-450.1408,-553.9554,False
2,125,-460.3136,-569.6445,False
2,126,-463.81,-599.5643,True
2,126,-423.6677,-574.3221,False
2,127,-363.7066,-582.8452,False
2,128,-310.0134,-586.7956,False
2,129,-272.424,-552.0883,False
2,130,-224.6513,-509.8188,False
2,131,-180.9021,-470.0499,False
2,132,-139.7082,-432.5433,False
2,133,-92.97209,-390.4708,False
2,134,-57.41632,-358.2707,False
2,135,-8.773202,-314.5284,False
2,136,31.77023,-278.3729,False
2,137,74.80859,-240.0896,False
2,138,118.3086,-201.367,False
2,139,122.0603,-144.4754,False
2,140,127.5942,-92.15475,False
2,141,133.636,-39.78043,False
2,142,139.9675,14.78222,False
2,143,146.2148,68.55437,False
2,144,152.486,123.3795,False
2,145,158.8161,175.7109,False
2,146,166.4085,240.4407,False
2,147,172.3484,293.5487,False
2,148,178.537,344.2679,False
2,149,186.941,410.1513,False
2,150,233.5377,443.6498,False
2,151,273.1439,472.7676,False
2,152,327.7491,511.0057,False
2,153,374.4625,543.5989,False
2,154,394.4745,598.5625,False
2,155,442.1855,621.3562,True
2,155,405.5426,642.7999,True
2,155,369.0939,650.2411,True
2,155,436.4918,567.29,False
2,156,446.8275,607.3754,True
2,156,449.468,519.1415,False
2,157,487.6255,462.9086,False
2,158,484.4201,403.6435,False
2,159,449.4548,375.1586,False
2,160,438.9161,319.7419,False
2,161,398.866,284.95,False
2,162,385.5868,231.139,False
2,163,376.9207,175.3843,False
2,164,367.9783,121.5538,False
2,165,358.4961,67.80817,False
2,166,348.8606,16.18021,False
2,167,338.812,-35.46213,False
2,168,327.2771,-97.94473,False
2,169,317.0669,-154.2449,False
2,170,306.9893,-209.6502,False
2,171,296.4449,-267.3452,False
2,172,286.5125,-320.4474,False
2,173,242.435,-313.791,False
2,174,187.2422,-302.3001,False
2,175,137.5672,-291.3934,False
2,176,74.60536,-277.5146,False
2,177,19.83725,-303.6479,False
2,178,-33.5584,-328.244,False
2,179,-81.73336,-351.0934,False
2,180,-139.7148,-378.2899,False
2,181,-188.3655,-401.1198,False
2,182,-248.2154,-429.0115,False
2,183,-300.6155,-453.3303,False
2,184,-350.0066,-476.6776,False
2,185,-410.3075,-505.4425,False
2,186,-429.5609,-560.1018,False
2,187,-410.2606,-601.2675,False
2,188,-426.6392,-659.4684,True
2,188,-383.5532,-661.7661,True
2,188,-455.2873,-625.7814,True
2,188,-353.4626,-627.8353,True
2,188,-352.1092,-575.7595,False
2,189,-343.7345,-618.1071,True
2,189,-302.5139,-554.4111,False
2,190,-249.1113,-544.5348,False
2,191,-186.1187,-532.9391,False
2,192,-131.5824,-522.8275,False
2,193,-66.99297,-510.9175,False
2,194,-10.37951,-500.5705,False
2,195,40.4792,-491.2926,False
2,196,108.7575,-478.9603,False
2,197,159.2021,-469.8989,False
2,198,227.5047,-457.744,False
2,199,280.982,-448.2809,False
3,0,-262.1385,194.6676,False
3,1,-225.514,178.4465,False
3,2,-183.2892,127.8329,False
3,3,-148.886,79.93536,False
3,4,-95.62502,71.13115,False
3,5,-40.83509,62.43879,False
3,6,19.56866,52.55041,False
3,7,51.01879,15.86185,False
3,8,94.02921,-33.32364,False
3,9,152.0915,-44.95115,False
3,10,208.7803,-56.84082,False
3,11,261.062,-67.92171,False
3,12,317.8605,-80.64802,False
3,13,370.3338,-92.04494,False
3,14,405.2502,-135.3433,False
3,15,443.9945,-193.5946,False
3,16,476.7343,-241.9171,False
4,0,48.73154,-20.51228,False
4,1,98.39915,-16.93821,False
4,2,107.2048,-7.033411,False
4,3,126.4284,56.05885,False
4,4,131.026,70.805,False
4,5,166.4095,121.9066,False
4,6,185.0594,146.8302,False
4,7,193.7856,152.4735,False
4,8,248.3503,118.205,False
4,9,297.3463,79.62943,False
4,10,362.1863,29.43706,False
4,11,381.0054,14.90974,False
4,12,429.4141,-23.22975,False
4,13,501.4579,-80.37709,False
4,14,519.568,-94.59016,False
4,15,539.8783,-110.5794,False
4,16,567.9806,-132.5793,False
4,17,579.811,-141.9802,False
4,18,631.3582,-183.6226,True
4,18,625.459,-185.431,True
4,18,619.7589,-139.4531,True
4,18,627.8243,-103.6121,True
4,18,627.0715,-134.4053,True
4,19,500.4913,-120.3659,False
4,20,494.6632,-106.4489,False
4,21,484.5797,-78.75179,False
4,22,477.1596,-58.19061,False
4,23,469.6166,-37.51892,False
4,24,458.0618,-6.608018,False
4,25,450.5788,13.32406,False
4,26,442.204,35.78981,False
4,27,439.4948,60.61287,False
4,28,443.9295,79.84908,False
4,29,450.4624,101.0308,False
4,30,463.8799,117.4647,False
4,31,482.8912,129.3252,False
4,32,496.8391,137.9761,False
4,33,546.8671,169.0742,False
4,34,574.4149,186.1253,False
4,35,593.4276,197.934,False
4,36,645.4264,229.888,True
4,36,637.1508,241.9967,True
4,36,628.0124,175.7382,True
4,36,659.4401,162.3477,True
4,36,575.7491,242.9547,False
4,37,594.0145,289.1599,False
4,38,613.854,337.0419,False
4,39,640.0527,400.4702,True
4,39,598.48,386.2111,False
4,40,611.9952,440.9392,False
4,41,663.2321,480.4957,True
4,41,637.3261,502.5844,True
4,41,596.5573,495.43,False
4,42,644.2927,519.1247,True
4,42,607.4906,546.3745,True
4,42,567.2538,547.6754,False
4,43,582.2897,594.299,True
4,43,541.1469,593.8669,True
4,43,607.3579,563.3322,True
4,43,510.6361,545.8354,False
4,44,505.2899,503.8283,False
4,45,487.5729,440.6955,False
4,46,473.9566,392.6813,False
4,47,455.5744,326.8899,False
4,48,440.8999,273.2219,False
4,49,424.8208,211.3874,False
4,50,409.4674,153.0613,False
4,51,396.247,101.9791,False
4,52,380.7089,44.29212,False
4,53,366.226,-9.773378,False
4,54,350.0199,-67.57807,False
4,55,335.3359,-118.6395,False
4,56,321.546,-166.5737,False
4,57,301.9182,-235.1606,False
4,58,287.0063,-287.3936,False
4,59,269.7676,-346.8957,False
4,60,253.6606,-399.3135,False
4,61,238.6497,-447.7556,False
5,0,10.34806,-74.44651,False
5,1,25.81536,-28.36414,False
5,2,48.50463,20.60115,False
5,3,100.6508,39.51894,False
5,4,127.4415,-9.94785,False
5,5,158.2757,-58.45187,False
5,6,185.5292,-101.3495,False
5,7,234.3963,-125.067,False
5,8,298.7871,-147.9099,False
5,9,349.4749,-165.7777,False
5,10,405.4553,-185.4444,False
5,11,436.93,-234.4499,False
6,0,-225.6647,-232.1826,False
6,1,-286.135,-241.9337,False
6,2,-274.5119,-295.6702,False
6,3,-240.5142,-320.2634,False
6,4,-262.4267,-363.9379,False
6,5,-297.7833,-414.3811,False
6,6,-344.0921,-428.6708,False
6,7,-406.0279,-448.5262,False
6,8,-454.9408,-464.5531,False
6,9,-520.7598,-486.0899,True
6,9,-487.3242,-513.7933,False
6,10,-471.9625,-568.4809,False
6,11,-517.5886,-577.1176,True
6,11,-479.7157,-598.9575,True
6,11,-447.1723,-608.1636,True
6,11,-415.1821,-578.5043,False
6,12,-447.2529,-618.3116,True
6,12,-367.2961,-566.5731,False
6,13,-315.1792,-562.0237,False
6,14,-248.0809,-556.8397,False
6,15,-219.1159,-523.5441,False
6,16,-171.4003,-472.6453,False
6,17,-134.5963,-433.0401,False
6,18,-91.24358,-386.8495,False
6,19,-52.55027,-346.4209,False
6,20,-17.5034,-309.4665,False
6,21,31.24447,-259.6615,False
6,22,65.14933,-225.5408,False
6,23,111.4502,-179.6322,False
6,24,110.5269,-120.3355,False
6,25,110.0042,-66.8622,False
6,26,109.4391,-4.119754,False
6,27,109.3043,52.47446,False
6,28,108.8009,110.2484,False
6,29,107.7788,166.8214,False
6,30,106.1896,226.1393,False
6,31,141.6693,261.4338,False
6,32,186.0143,307.9934,False
6,33,226.2753,348.8249,False
6,34,261.0245,383.1753,False
6,35,310.8908,432.2289,False
6,36,347.9863,468.3728,False
6,37,394.4408,513.0944,False
6,38,440.5862,512.0897,True
6,38,432.6782,544.544,False
6,39,462.4189,500.6079,False
6,40,500.3003,455.1363,False
6,41,494.7772,399.8683,False
6,42,548.4354,399.2664,False
6,43,546.4816,437.5793,True
6,43,570.7332,353.1445,False
6,44,541.1204,312.5857,False
6,45,507.7906,271.4212,False
6,46,465.7081,219.7422,False
6,47,434.4147,181.2121,False
6,48,394.3805,131.912,False
6,49,351.8176,80.75716,False
6,50,317.8486,39.95091,False
6,51,276.4018,-9.574321,False
6,52,240.3543,-52.45287,False
6,53,207.7853,-90.3569,False
6,54,152.8549,-110.308,False
6,55,86.14628,-126.9724,False
6,56,33.25397,-140.6064,False
6,57,-33.43818,-157.6894,False
6,58,-86.88596,-171.3921,False
6,59,-149.6924,-187.413,False
6,60,-201.8887,-200.6446,False
6,61,-266.3911,-216.9452,False
6,62,-322.6278,-231.0921,False
6,63,-383.0951,-246.3311,False
6,64,-440.9299,-261.2922,False
6,65,-470.5509,-308.4343,False
6,66,-497.801,-351.4827,False
6,67,-529.7018,-401.9568,True
6,67,-480.992,-396.7456,False
6,68,-531.8397,-409.5138,True
6,68,-500.0295,-430.5384,True
6,68,-459.7969,-437.2199,False
6,69,-452.0798,-489.3297,True
6,69,-418.369,-473.1578,False
6,70,-380.4839,-510.7164,False
6,71,-334.1295,-557.774,False
6,72,-365.5941,-583.1003,True
6,72,-300.7491,-586.0651,False
6,73,-339.173,-617.4213,True
6,73,-253.3169,-540.2579,False
6,74,-211.5261,-511.5885,False
6,75,-155.0461,-472.0859,False
6,76,-104.5072,-436.919,False
6,77,-66.59548,-410.0362,False
6,78,-12.08337,-370.6192,False
6,79,-6.531948,-315.4231,False
6,80,28.69756,-283.3137,False
6,81,39.32154,-229.6651,False
6,82,74.46401,-184.2297,False
6,83,117.8734,-137.6804,False
6,84,154.437,-98.70125,False
6,85,196.9223,-53.54787,False
6,86,234.0258,-14.01072,False
6,87,274.597,27.92841,False
6,88,273.1447,73.29948,False
6,89,272.7412,139.5836,False
6,90,272.0645,194.9508,False
6,91,271.8069,254.5471,False
6,92,271.0923,308.5315,False
6,93,310.4442,348.0821,False
6,94,345.0917,382.3203,False
6,95,394.9889,431.1224,True
6,95,359.5852,440.3479,False
6,96,368.6173,505.44,True
6,96,396.3929,472.4946,True
6,96,332.9696,496.1075,False
6,97,345.7899,540.1597,False
6,98,394.4539,572.3401,False
6,99,416.4198,525.1382,False
6,100,440.5319,478.4773,False
6,101,469.3034,422.6304,False
6,102,459.1185,371.5371,False
6,103,485.031,334.7068,False
6,104,450.5954,307.691,False
6,105,427.4077,251.2688,False
6,106,411.2443,205.9958,False
6,107,390.8922,149.0148,False
6,108,372.7871,98.13652,False
6,109,354.1232,45.86689,False
6,110,336.314,-4.651192,False
6,111,316.657,-60.13544,False
6,112,298.6948,-110.9353,False
6,113,278.8548,-166.9668,False
6,114,259.677,-221.7296,False
6,115,238.7214,-282.0493,False
6,116,221.5289,-330.9786,False
6,117,204.1665,-380.4753,False
6,118,179.7492,-448.5838,False
6,119,129.3421,-482.8753,False
6,120,69.11708,-479.2088,False
6,121,16.38267,-475.6024,False
6,122,-46.62611,-471.3157,False
6,123,-99.96328,-467.8075,False
6,124,-151.9492,-464.3745,False
6,125,-211.8674,-460.2603,False
6,126,-270.3756,-456.1954,False
6,127,-323.7785,-452.3925,False
6,128,-383.2709,-447.5995,False
6,129,-417.9158,-479.1799,True
6,129,-437.4742,-444.5113,False
6,130,-490.9906,-443.4059,True
6,130,-475.8675,-478.1366,True
6,130,-430.7727,-490.2027,True
6,130,-457.4742,-389.6381,False
6,131,-489.2443,-422.6597,False
6,132,-499.2495,-475.406,True
6,132,-452.6993,-455.0867,False
6,133,-411.6628,-504.6031,False
6,134,-373.6568,-551.6,False
6,135,-318.8,-564.2638,False
6,136,-275.629,-537.5587,False
6,137,-221.8452,-505.3966,False
6,138,-171.8552,-476.2023,False
6,139,-124.3561,-448.6471,False
6,140,-66.61043,-414.1744,False
6,141,-16.62324,-384.3365,False
6,142,31.0453,-354.9037,False
6,143,49.29225,-304.953,False
6,144,70.15475,-250.2221,False
6,145,90.16722,-198.9742,False
6,146,110.5933,-146.6248,False
6,147,131.7101,-92.59039,False
6,148,149.7254,-45.62568,False
6,149,175.4928,23.80971,False
6,150,195.0718,76.61322,False
6,151,214.0851,129.1351,False
6,152,238.35,196.9412,False
6,153,277.5848,214.0358,False
6,154,342.3011,244.9535,False
6,155,391.8619,268.9893,False
6,156,448.1707,296.0838,False
6,157,499.8091,321.3161,False
6,158,549.5936,346.1028,True
6,158,526.0114,375.3674,True
6,158,551.6247,309.1891,False
6,159,558.9996,359.3841,True
6,159,594.7933,289.1688,True
6,159,581.0957,329.2807,True
6,159,563.1735,252.8013,False
6,160,524.7645,226.1118,False
6,161,552.5867,193.7895,False
6,162,515.8921,156.6251,False
6,163,474.57,123.6416,False
6,164,416.9831,78.33498,False
6,165,375.9696,46.54641,False
6,166,321.6997,5.870302,False
6,167,276.4469,-27.87965,False
6,168,231.3719,-62.00042,False
6,169,189.6043,-93.14474,False
6,170,133.1855,-134.7495,False
6,171,85.9991,-168.3089,False
6,172,23.60785,-166.9228,False
6,173,-30.18465,-165.0099,False
6,174,-82.25969,-163.1309,False
6,175,-137.557,-160.9149,False
6,176,-190.3224,-157.8335,False
6,177,-232.3201,-192.7511,False
6,178,-269.9436,-226.5751,False
6,179,-324.6993,-275.8692,False
6,180,-364.8705,-311.5319,False
6,181,-406.472,-346.8117,False
6,182,-457.745,-389.1714,False
6,183,-499.8635,-422.9559,True
6,183,-465.5323,-443.0038,True
6,183,-510.1558,-378.5325,False
6,184,-509.2155,-424.2816,True
6,184,-540.5209,-403.3728,False
6,185,-545.8333,-465.7406,True
6,185,-502.8033,-441.2977,False
6,186,-500.1997,-496.2289,True
6,186,-467.5272,-478.9823,False
6,187,-425.085,-528.2304,False
6,188,-387.2271,-572.6446,False
6,189,-326.7657,-577.6216,False
6,190,-288.7137,-549.5317,False
6,191,-231.5813,-508.705,False
6,192,-185.5773,-476.2796,False
6,193,-140.6189,-445.7233,False
6,194,-84.76585,-408.8311,False
6,195,-36.69843,-376.0344,False
6,196,-17.34076,-320.8218,False
6,197,1.144885,-266.229,False
6,198,17.18901,-217.2715,False
6,199,40.57331,-145.901,False
6,200,58.07787,-92.85596,False
6,201,75.35364,-40.60906,False
6,202,95.10536,19.26429,False
6,203,112.5388,72.81406,False
6,204,128.0589,120.4454,False
6,205,179.3393,154.3123,False
6,206,196.5502,205.1439,False
6,207,246.6322,229.9095,False
6,208,297.0615,255.8323,False
6,209,343.3383,279.8807,False
6,210,401.6055,309.8214,False
6,211,452.5701,336.4211,False
6,212,496.5291,359.179,True
6,212,468.6044,387.4486,True
6,212,499.2142,311.886,False
6,213,519.8594,358.9707,True
6,213,533.1005,283.0146,False
6,214,563.1977,323.4596,False
6,215,589.696,362.814,True
6,215,554.4632,374.6129,False
6,216,587.9193,421.8066,True
6,216,547.795,418.4902,False
6,217,582.5453,466.7458,True
6,217,548.666,476.6813,False
6,218,586.2554,521.1614,True
6,218,592.0378,469.2441,True
6,218,542.8539,520.2144,False
6,219,597.106,510.7513,True
6,219,572.9124,539.5892,True
6,219,544.4153,559.4213,True
6,219,502.5547,546.0195,False
6,220,543.2611,564.1803,True
6,220,519.7241,583.0685,False
6,221,573.4381,604.5866,True
6,221,561.5662,552.4316,False
6,222,530.4885,510.0192,False
6,223,540.1852,465.5191,False
6,224,509.032,418.4313,False
6,225,480.2853,378.3167,False
6,226,442.5035,325.7464,False
6,227,412.0963,283.9407,False
6,228,372.8715,230.1677,False
6,229,338.2203,183.4314,False
6,230,308.079,142.1339,False
6,231,265.3744,85.02348,False
6,232,231.1729,39.50454,False
6,233,196.7929,-5.727814,False
6,234,139.1849,-28.90525,False
6,235,90.89039,-45.24017,False
6,236,24.11021,-67.71111,False
6,237,-28.3607,-85.32158,False
6,238,-90.24414,-106.5585,False
6,239,-144.6208,-125.1459,False
6,240,-195.9168,-142.6772,False
6,241,-248.6552,-160.5599,False
6,242,-315.8545,-183.1649,False
6,243,-368.6373,-200.3517,False
6,244,-419.6539,-216.9327,False
6,245,-449.6965,-264.3612,False
6,246,-473.7012,-310.562,False
6,247,-501.5809,-364.7745,False
6,248,-527.1136,-414.2398,True
6,248,-480.8168,-419.1073,False
6,249,-519.031,-435.262,True
6,249,-453.0726,-460.6451,False
6,250,-501.9296,-480.6332,False
6,251,-524.7357,-536.0146,True
6,251,-476.2239,-525.4846,False
6,252,-524.361,-545.6165,True
6,252,-446.4438,-570.691,False
6,253,-495.0836,-589.8918,True
6,253,-458.0962,-618.5658,True
6,253,-418.7,-606.2718,True
6,253,-402.569,-573.2318,False
6,254,-420.2607,-618.201,True
6,254,-342.1466,-548.4969,False
6,255,-290.0208,-536.1436,False
6,256,-237.826,-523.8361,False
6,257,-169.0996,-506.6804,False
6,258,-115.6121,-493.296,False
6,259,-66.36238,-481.0306,False
6,260,0.2187476,-464.5685,False
6,261,55.41945,-451.0144,False
6,262,106.55,-438.5225,False
6,263,175.6201,-421.7534,False
6,264,229.4963,-408.7402,False
6,265,283.8667,-395.6342,False
7,0,-29.44497,312.8781,False
7,1,-16.47149,259.2028,False
7,2,-4.962926,202.7399,False
7,3,6.340553,149.2819,False
7,4,20.57824,81.83279,False
7,5,32.64194,24.15281,False
7,6,80.02989,-8.100428,False
7,7,128.0553,-40.68504,False
7,8,137.4493,-96.1502,False
7,9,147.9538,-154.0161,False
7,10,194.3807,-186.0374,False
7,11,202.0744,-235.0252,False
7,12,243.9635,-273.147,False
7,13,246.9846,-325.7045,False
7,14,280.4771,-355.0479,False
7,15,329.4817,-399.343,False
8,0,-167.6611,-230.977,False
8,1,-193.7967,-269.4758,False
8,2,-246.3007,-287.5093,False
8,3,-306.4379,-301.2821,False
8,4,-331.5114,-340.2684,False
8,5,-363.8505,-388.0466,False
8,6,-408.1169,-402.7285,False
8,7,-460.2337,-421.3855,True
8,7,-426.488,-441.2727,True
8,7,-444.054,-384.7226,False
8,8,-503.28,-404.3871,True
8,8,-462.2951,-424.3139,True
8,8,-482.0258,-355.1607,False
8,9,-534.7532,-372.7933,True
8,9,-490.5161,-398.6494,True
8,9,-518.0057,-332.1904,False
8,10,-538.6917,-382.5758,True
8,10,-563.2388,-358.6361,True
8,10,-561.0198,-315.4669,False
8,11,-570.547,-360.43,True
8,11,-598.1372,-262.5077,True
8,11,-614.5385,-295.1318,True
8,11,-548.6296,-248.8556,False
8,12,-503.2992,-205.0557,False
8,13,-470.464,-247.0,False
8,14,-425.7737,-247.9023,False
8,15,-358.9477,-251.476,False
8,16,-307.2819,-254.749,False
8,17,-257.4088,-257.9937,False
8,18,-206.994,-222.4606,False
8,19,-166.8372,-188.0179,False
8,20,-111.5187,-141.4575,False
8,21,-69.04963,-106.9141,False
8,22,-27.75726,-74.53867,False
8,23,27.81332,-32.3867,False
8,24,73.62621,1.415285,False
8,25,89.92014,56.44915,False
8,26,104.5143,104.6087,False
8,27,122.5731,165.5606,False
8,28,139.5903,221.2889,False
8,29,153.1835,265.9473,False
8,30,174.6793,336.1646,False
8,31,191.2144,388.4571,False
8,32,205.6988,433.9511,False
8,33,227.5622,503.8388,False
8,34,245.5715,560.0699,False
8,35,262.5027,613.014,True
8,35,296.9145,589.501,False
8,36,318.7983,641.189,True
8,36,343.9307,608.8014,True
8,36,351.8937,570.9418,False
8,37,389.2178,522.569,False
8,38,424.607,477.0598,False
8,39,459.0004,432.238,False
8,40,494.4714,385.9755,False
8,41,456.2257,363.6866,False
8,42,441.0829,309.6569,False
8,43,429.6499,258.335,False
8,44,418.5675,210.9134,False
8,45,404.749,154.1657,False
8,46,390.2016,97.41238,False
8,47,377.5375,46.10936,False
8,48,361.8191,-17.00293,False
8,49,347.1377,-74.5991,False
8,50,334.2314,-123.2021,False
8,51,318.9821,-180.0148,False
8,52,305.4628,-230.2334,False
8,53,289.9902,-286.7957,False
8,54,275.7371,-338.5966,False
8,55,259.6417,-397.2309,False
9,0,228.5288,-174.3363,False
9,1,249.7512,-239.8666,False
9,2,296.2341,-221.7497,False
9,3,285.0982,-178.2221,False
9,4,267.8118,-108.4781,False
9,5,311.2797,-94.54829,False
9,6,337.7981,-40.6064,False
9,7,356.7823,6.875044,False
9,8,378.6654,61.68975,False
9,9,399.7525,114.2364,False
9,10,420.5545,164.7374,False
9,11,440.1375,212.6566,False
9,12,493.8309,243.6801,False
9,13,516.2596,293.8191,False
9,14,568.5025,316.3423,False
9,15,585.7903,361.4363,False
9,16,608.7543,420.2551,False
9,17,629.2468,473.2685,True
9,17,664.2405,445.3869,True
9,17,653.2273,395.0597,True
9,17,578.0251,471.6688,False
9,18,598.113,516.0172,False
9,19,646.1765,502.4256,True
9,19,614.789,572.5293,True
9,19,635.6737,531.2189,True
9,19,568.9326,567.1192,True
9,19,529.1335,536.1519,False
9,20,544.8324,572.7928,True
9,20,519.8421,566.6931,True
9,20,485.709,550.2087,False
9,21,459.3283,511.4818,False
9,22,471.0408,454.7373,False
9,23,445.2278,419.1775,False
9,24,405.4067,359.8665,False
9,25,372.6425,311.2154,False
9,26,343.3104,267.6582,False
9,27,307.5408,214.726,False
9,28,274.6478,166.1268,False
9,29,244.0461,120.9141,False
9,30,212.5271,74.16386,False
9,31,182.7399,29.98724,False
9,32,153.7691,-13.09321,False
9,33,115.617,-70.22543,False
9,34,82.53857,-119.6678,False
9,35,33.27693,-126.9703,False
9,36,-19.60278,-136.0666,False
9,37,-72.66695,-145.1831,False
9,38,-133.1253,-155.5581,False
9,39,-190.5573,-165.2798,False
9,40,-245.2518,-174.4886,False
9,41,-296.4365,-183.0334,False
9,42,-366.5583,-194.6606,False
9,43,-421.4789,-203.6336,False
9,44,-472.5435,-211.977,False
9,45,-540.6304,-222.9912,False
9,46,-568.108,-261.2458,False
9,47,-608.795,-315.1867,True
9,47,-629.4642,-278.3214,True
9,47,-560.9989,-319.7757,False
9,48,-557.3374,-371.6234,True
9,48,-598.347,-352.3284,True
9,48,-524.629,-353.3585,True
9,48,-615.1111,-311.0581,True
9,48,-499.9303,-302.67,False
9,49,-467.6914,-341.056,False
9,50,-422.3011,-392.12,False
9,51,-384.722,-435.4976,False
9,52,-349.101,-477.0635,False
9,53,-308.08,-526.0832,False
9,54,-273.822,-566.9854,False
9,55,-307.6347,-590.5857,True
9,55,-225.5043,-528.9004,False
9,56,-177.2359,-503.5969,False
9,57,-119.5489,-473.6134,False
9,58,-66.47141,-447.5592,False
9,59,-17.2863,-423.674,False
9,60,32.4976,-399.1504,False
9,61,93.08656,-369.6357,False
9,62,145.6353,-343.6154,False
9,63,193.3258,-320.1487,False
9,64,255.1892,-289.4864,False
9,65,306.2079,-263.683,False
9,66,355.5874,-238.345,False
9,67,414.7228,-207.6962,False
9,68,429.7666,-160.4906,False
9,69,449.6975,-99.97353,False
9,70,467.3535,-46.38341,False
9,71,483.8926,3.878011,False
9,72,498.2454,48.04406,False
9,73,516.971,105.5402,False
9,74,535.138,159.0357,False
9,75,551.6625,208.01,False
9,76,572.4962,269.4777,False
9,77,590.2518,321.8127,False
9,78,606.1811,368.9116,False
9,79,628.5969,435.2202,True
9,79,653.6979,401.0401,True
9,79,651.4071,357.2025,True
9,79,586.8049,424.9315,False
9,80,639.9175,439.4695,True
9,80,609.8497,464.2255,True
9,80,571.9766,462.9973,True
9,80,538.7496,448.1049,False
9,81,578.4715,478.9917,True
9,81,543.4775,486.5889,True
9,81,506.2213,471.1502,True
9,81,481.2398,441.7763,False
9,82,460.024,396.0323,False
9,83,434.1224,349.1844,False
9,84,406.6311,299.3869,False
9,85,380.7324,252.3592,False
9,86,355.4902,206.7047,False
9,87,326.8297,154.7037,False
9,88,299.237,104.7563,False
9,89,273.322,57.88481,False
9,90,245.6457,7.571206,False
9,91,217.0165,-44.31417,False
9,92,191.1023,-91.96899,False
9,93,162.371,-144.3857,False
9,94,114.1985,-156.158,False
9,95,47.58609,-174.7379,False
9,96,-10.1877,-190.8241,False
9,97,-65.8194,-206.9779,False
9,98,-117.2828,-222.7591,False
9,99,-175.3418,-240.6553,False
9,100,-229.6894,-257.9891,False
9,101,-283.4641,-275.1891,False
9,102,-347.4136,-296.3073,False
9,103,-401.7778,-314.2697,False
9,104,-451.4293,-331.0523,False
9,105,-488.6555,-378.7134,True
9,105,-509.9088,-343.6493,False
9,106,-532.7551,-384.1331,True
9,106,-558.3425,-356.3321,True
9,106,-481.8142,-382.8972,True
9,106,-547.5806,-306.9724,False
9,107,-568.9842,-347.5131,False
9,108,-598.9488,-395.1305,True
9,108,-551.6297,-398.9088,False
9,109,-536.7292,-454.3464,True
9,109,-504.2596,-425.7381,False
9,110,-495.8453,-470.3641,True
9,110,-460.7185,-454.1827,False
9,111,-411.3658,-451.4557,False
9,112,-407.0111,-401.7615,False
9,113,-397.6068,-338.6647,False
9,114,-389.0712,-282.3987,False
9,115,-380.7477,-230.8313,False
9,116,-371.4696,-176.9636,False
9,117,-360.4619,-116.5285,False
9,118,-313.1643,-78.03482,False
9,119,-268.4197,-40.34197,False
9,120,-225.0074,-4.697156,False
9,121,-183.9748,27.58912,False
9,122,-131.6445,68.54699,False
9,123,-85.67638,104.4682,False
9,124,-25.84482,98.74149,False
9,125,24.47185,93.24736,False
9,126,68.46164,126.7182,False
9,127,110.976,157.6894,False
9,128,167.6659,197.8449,False
9,129,216.8103,232.3699,False
9,130,261.3274,262.8221,False
9,131,302.1713,290.4209,False
9,132,362.9382,330.7632,False
9,133,406.8615,359.72,False
9,134,451.42,388.8611,False
9,135,468.812,440.0482,False
9,136,479.5513,487.7944,True
9,136,513.0827,468.837,True
9,136,440.0662,479.7459,False
9,137,444.2361,523.9603,True
9,137,406.3362,520.1836,False
9,138,403.928,573.6598,True
9,138,373.6289,551.3212,False
9,139,372.3847,613.6866,True
9,139,332.7628,598.084,True
9,139,316.8151,564.063,False
9,140,329.668,611.34,True
9,140,261.648,528.6729,False
9,141,280.5381,491.6049,False
9,142,301.2912,436.8319,False
9,143,320.4061,384.7779,False
9,144,343.7025,323.5947,False
9,145,325.7468,279.5966,False
9,146,303.5737,221.2598,False
9,147,283.5595,168.8539,False
9,148,264.386,118.8228,False
9,149,238.3593,50.70724,False
9,150,217.3934,-4.520391,False
9,151,198.8413,-53.79043,False
9,152,176.6414,-111.3898,False
9,153,156.0723,-164.4058,False
9,154,136.4231,-214.7402,False
9,155,110.0043,-281.8618,False
9,156,90.45486,-331.8651,False
9,157,36.84866,-354.452,False
9,158,-16.09693,-377.4501,False
9,159,-65.88567,-399.4846,False
9,160,-126.0983,-425.9739,False
9,161,-181.187,-450.6032,False
9,162,-226.4403,-470.816,False
9,163,-286.8199,-497.6101,False
9,164,-342.2464,-522.1232,True
9,164,-308.1815,-540.3004,False
9,165,-361.6903,-568.056,True
9,165,-334.1424,-598.8531,False
9,166,-357.8743,-646.9375,True
9,166,-380.4724,-614.9673,True
9,166,-308.4039,-648.4828,True
9,166,-370.9902,-565.8916,True
9,166,-259.7395,-610.654,True
9,167,-250.4183,-517.9201,False
9,168,-210.1168,-499.8483,False
9,169,-148.0569,-477.9385,False
9,170,-93.4194,-458.2531,False
9,171,-42.01495,-438.8685,False
9,172,22.64919,-414.0955,False
9,173,76.44575,-392.8193,False
9,174,128.6976,-372.1931,False
9,175,176.1503,-353.7121,False
9,176,242.3708,-327.9643,False
9,177,293.2357,-307.5276,False
9,178,338.409,-288.8604,False
9,179,404.5776,-260.4047,False
9,180,457.3528,-237.2514,False
9,181,431.846,-184.9131,False
9,182,409.2229,-133.0315,False
9,183,387.9186,-85.107,False
9,184,398.3536,-24.03665,False
9,185,411.9728,31.42012,False
9,186,427.6131,92.49285,False
9,187,441.7661,147.0999,False
9,188,455.234,200.7639,False
9,189,467.3576,253.1701,False
9,190,483.3126,319.4406,False
9,191,496.1063,371.9743,False
9,192,509.0873,421.9901,False
9,193,525.327,484.8265,True
9,193,551.5439,451.7767,True
9,193,562.1854,417.0215,False
9,194,571.8757,467.4685,True
9,194,603.2474,444.6611,True
9,194,546.5779,350.3824,False
9,195,507.231,321.4543,False
9,196,487.5876,261.5243,False
9,197,473.0661,207.8875,False
9,198,455.0041,142.2126,False
9,199,440.2698,87.06133,False
9,200,427.203,39.17896,False
9,201,410.9594,-20.36917,False
9,202,396.7667,-71.98022,False
9,203,380.5517,-131.0559,False
9,204,365.9903,-185.0821,False
9,205,351.0358,-238.0471,False
9,206,332.3205,-304.3506,False
9,207,318.0497,-354.7466,False
10,0,48.82706,177.7372,False
10,1,44.87081,121.9908,False
10,2,44.37458,69.06694,False
10,3,44.28333,10.3841,False
10,4,44.03198,-44.31804,False
10,5,43.47823,-110.8399,False
10,6,42.69485,-161.9163,False
10,7,80.02374,-200.435,False
10,8,117.9331,-240.8332,False
10,9,121.4278,-297.4206,False
10,10,155.1888,-326.1943,False
10,11,165.3989,-383.3541,False
10,12,203.8629,-427.6619,False
10,13,239.5082,-468.9478,False
11,0,-142.2116,-194.6729,False
11,1,-146.5921,-253.5062,False
11,2,-150.0901,-307.6524,False
11,3,-153.6512,-361.8791,False
11,4,-118.8131,-409.0201,False
11,5,-85.09425,-449.2917,False
11,6,-41.74316,-502.4915,False
11,7,-6.975173,-546.2198,False
11,8,25.19349,-586.6296,True
11,8,39.25515,-519.1499,False
11,9,61.68214,-557.0501,False
11,10,96.63077,-602.7066,True
11,10,107.0755,-567.8666,False
11,11,168.5729,-584.7567,False
11,12,223.8983,-600.184,False
12,0,80.157,-255.8043,False
12,1,97.97343,-314.0578,False
12,2,136.6489,-334.0448,False
12,3,194.388,-366.5827,False
12,4,170.2884,-400.7348,False
12,5,121.1144,-382.4275,False
12,6,67.03952,-396.0922,False
12,7,9.286922,-411.7023,False
12,8,-41.58154,-425.5257,False
12,9,-81.80347,-471.1489,False
12,10,-112.9944,-512.2327,False
12,11,-167.7648,-523.2641,False
12,12,-208.5841,-562.6154,False
12,13,-263.5035,-560.666,False
12,14,-296.0452,-592.283,True
12,14,-316.8343,-558.8296,False
12,15,-356.5449,-598.5275,True
12,15,-365.3399,-557.9063,True
12,15,-300.0652,-611.062,True
12,15,-343.5216,-511.3875,True
12,15,-294.7738,-504.7266,False
12,16,-344.7356,-502.5597,False
12,17,-343.6534,-549.2203,False
12,18,-314.2045,-581.4165,True
12,18,-380.7519,-573.6835,True
12,18,-352.8924,-594.4753,True
12,18,-296.7277,-538.9105,False
12,19,-248.0525,-503.4802,False
12,20,-203.5621,-468.7292,False
12,21,-161.9126,-437.7235,False
12,22,-110.9911,-400.1582,False
12,23,-63.33733,-365.0462,False
12,24,-18.48156,-332.3156,False
12,25,35.80503,-293.656,False
12,26,83.10397,-260.2335,False
12,27,125.6156,-231.5224,False
12,28,143.1319,-174.1798,False
12,29,153.8251,-122.465,False
12,30,168.0859,-56.41504,False
12,31,180.1222,-1.567663,False
12,32,191.1301,50.322,False
12,33,205.4473,114.5079,False
12,34,216.9531,166.4007,False
12,35,229.0516,219.9965,False
12,36,242.8829,278.6182,False
12,37,255.1692,330.4065,False
12,38,303.2968,364.844,False
12,39,322.8767,415.4909,False
12,40,373.0813,435.7251,False
12,41,392.0555,481.7741,True
12,41,419.867,453.4008,True
12,41,408.7262,409.4554,False
12,42,431.646,455.6735,False
12,43,485.4193,477.1051,False
12,44,507.1445,527.3702,True
12,44,536.6599,449.1015,False
12,45,546.1971,490.7634,True
12,45,517.1393,388.5078,False
12,46,477.8298,343.2545,False
12,47,443.4257,306.76,False
12,48,400.2226,261.3384,False
12,49,402.6365,218.05,False
12,50,369.765,164.1969,False
12,51,330.0839,115.6643,False
12,52,294.0628,71.74005,False
12,53,258.0083,28.69959,False
12,54,223.4102,-12.28792,False
12,55,179.7966,-64.21136,False
12,56,144.3378,-106.2949,False
12,57,92.45287,-112.1566,False
12,58,37.38644,-116.3143,False
12,59,-26.42595,-121.0422,False
12,60,-81.05129,-125.2733,False
12,61,-138.867,-130.2287,False
12,62,-197.1301,-134.6284,False
12,63,-257.8297,-139.2891,False
12,64,-312.3521,-142.741,False
12,65,-362.2287,-145.8347,False
12,66,-405.6472,-187.3308,False
12,67,-440.9829,-229.3334,False
12,68,-484.7525,-281.4286,False
12,69,-520.0022,-324.5137,False
12,70,-552.086,-362.8797,True
12,70,-518.5343,-382.0184,False
12,71,-513.9546,-431.7865,True
12,71,-479.3472,-426.6635,False
12,72,-480.3798,-482.4613,True
12,72,-446.8189,-458.4292,False
12,73,-403.6888,-510.2708,False
12,74,-366.8662,-554.8207,False
12,75,-410.0984,-587.2437,True
12,75,-327.413,-590.4994,True
12,75,-305.6069,-560.5413,False
12,76,-261.7225,-542.3411,False
12,77,-195.528,-516.6039,False
12,78,-146.0093,-497.4409,False
12,79,-95.29764,-477.5114,False
12,80,-32.30769,-452.5689,False
12,81,19.11256,-432.3027,False
12,82,65.03894,-414.2658,False
12,83,128.6521,-389.4648,False
12,84,184.9294,-367.0794,False
12,85,238.604,-345.3012,False
12,86,288.1883,-324.7864,False
12,87,353.5867,-297.8811,False
13,0,-215.8499,-177.9563,False
13,1,-268.5156,-182.812,False
13,2,-260.8288,-221.6172,False
13,3,-218.2661,-269.0498,False
13,4,-179.9827,-302.2859,False
13,5,-130.2054,-345.482,False
13,6,-85.94891,-384.849,False
13,7,-46.6004,-420.8002,False
13,8,1.713602,-466.3779,False
13,9,44.09781,-506.9237,False
13,10,82.7628,-543.9965,False
13,11,144.0061,-554.3467,False
13,12,196.8507,-559.3105,False
14,0,150.9947,-193.6083,False
14,1,164.9368,-147.3652,False
14,2,211.1028,-128.6441,False
14,3,233.5646,-88.33152,False
14,4,286.1778,-66.53681,False
14,5,351.3464,-45.53671,False
14,6,408.8343,-26.48179,False
14,7,457.5636,-10.25598,False
14,8,520.4144,10.91036,False
14,9,575.4112,30.26607,False
14,10,602.4304,83.16385,False
14,11,626.4952,131.4274,True
14,11,580.6775,133.2633,False
14,12,597.705,182.5586,False
14,13,617.4357,242.514,False
14,14,636.0463,299.0025,True
14,14,659.8494,265.191,True
14,14,596.8401,286.1163,False
14,15,611.5466,343.9117,False
14,16,631.5255,398.1838,True
14,16,585.7385,398.8025,True
14,16,662.4854,365.3073,True
14,16,649.6174,313.0134,True
14,16,546.6339,355.482,False
14,17,571.5264,389.3475,False
14,18,622.7253,373.1458,True
14,18,608.8203,407.3093,False
14,19,659.5441,382.7797,True
14,19,618.2862,449.0495,True
14,19,582.5815,449.3,False
14,20,603.2784,504.4998,True
14,20,564.8909,500.567,True
14,20,635.0663,456.7209,True
14,20,533.0873,468.9823,False
14,21,554.7052,513.1548,True
14,21,518.9532,496.5839,True
14,21,522.5753,403.8935,False
14,22,495.8113,352.7888,False
14,23,468.3881,300.6128,False
14,24,443.5877,252.8852,False
14,25,419.5366,206.853,False
14,26,394.2884,158.3403,False
14,27,366.8944,105.7586,False
14,28,346.0679,65.43779,False
14,29,316.3712,7.885693,False
14,30,291.5645,-41.32026,False
14,31,270.3098,-83.49886,False
14,32,242.0871,-139.9264,False
14,33,219.7916,-184.4886,False
14,34,190.6282,-243.987,False
14,35,147.2009,-257.6385,False
14,36,80.98399,-281.6919,False
14,37,27.61604,-301.3098,False
14,38,-19.9147,-319.2725,False
14,39,-85.74413,-344.0849,False
14,40,-138.7522,-363.9308,False
14,41,-190.057,-383.0934,False
14,42,-251.9189,-405.9469,False
14,43,-307.7949,-427.0314,False
14,44,-357.8351,-446.344,False
14,45,-414.2049,-468.846,True
14,45,-379.0134,-495.9716,True
14,45,-408.7491,-431.2601,True
14,45,-323.2964,-491.2554,False
14,46,-336.6218,-553.7043,False
14,47,-309.06,-593.7214,True
14,47,-347.9011,-597.2994,True
14,47,-377.8258,-566.2803,True
14,47,-294.487,-540.9869,False
14,48,-304.574,-592.2675,False
14,49,-287.1059,-647.3928,True
14,49,-264.2253,-602.9303,False
14,50,-201.1161,-590.3406,False
14,51,-150.8967,-574.0226,False
14,52,-83.14965,-551.5432,False
14,53,-28.26188,-533.3287,False
14,54,21.41871,-516.4377,False
14,55,83.20733,-494.769,False
14,56,139.3934,-473.7876,False
14,57,189.5452,-454.6131,False
14,58,250.6982,-431.5226,False
15,0,160.1887,-19.73006,False
15,1,110.4537,-30.49752,False
15,2,85.71961,-71.08118,False
15,3,48.87923,-127.2115,False
15,4,-0.1430318,-135.8385,False
15,5,-37.35444,-180.0344,False
15,6,-66.34023,-222.3363,False
15,7,-117.3352,-235.2037,False
15,8,-183.4087,-248.1327,False
15,9,-241.3195,-259.4161,False
15,10,-295.1533,-269.8776,False
15,11,-360.3393,-282.4261,False
15,12,-416.9661,-293.2456,False
15,13,-467.9933,-302.9675,False
15,14,-536.4949,-315.9427,False
15,15,-568.5326,-352.1826,True
15,15,-590.2746,-319.5344,True
15,15,-523.4196,-364.1425,False
15,16,-520.3007,-411.9544,False
15,17,-515.3114,-478.4438,True
15,17,-486.4209,-456.3316,False
15,18,-440.3318,-506.9485,False
15,19,-402.0228,-549.4563,False
15,20,-364.3926,-591.0801,True
15,20,-348.0867,-552.5269,False
15,21,-290.8698,-552.6349,False
15,22,-252.9953,-513.6515,False
15,23,-211.7391,-471.91,False
15,24,-172.4587,-433.0221,False
15,25,-129.3554,-390.1525,False
15,26,-86.25547,-348.3959,False
15,27,-46.42241,-310.0345,False
15,28,-43.02074,-250.7236,False
15,29,-1.019695,-211.6191,False
15,30,-1.645418,-162.2181,False
15,31,-1.705943,-113.8271,False
15,32,-2.304639,-49.55212,False
15,33,-2.902857,11.2537,False
15,34,-3.050511,65.23708,False
15,35,-3.497509,126.6198,False
15,36,29.11892,165.3434,False
15,37,72.74644,218.8059,False
15,38,108.8924,261.829,False
15,39,145.8969,304.4265,False
15,40,191.0702,355.5341,False
15,41,229.2558,397.4797,False
15,42,279.7014,401.4503,False
15,43,336.6259,405.5853,False
15,44,394.8207,410.2845,True
15,44,376.3679,443.8783,False
15,45,422.3426,445.382,True
15,45,413.3571,479.9886,True
15,45,387.3849,505.9869,True
15,45,404.4286,396.3697,False
15,46,438.0053,351.7233,False
15,47,469.2609,311.2529,False
15,48,512.3362,254.788,False
15,49,475.8956,234.4677,False
15,50,502.6523,189.6532,False
15,51,499.3551,128.787,False
15,52,496.4619,74.70863,False
15,53,455.9105,31.83669,False
15,54,419.622,-8.004725,False
15,55,375.2809,-55.11092,False
15,56,334.3067,-96.96444,False
15,57,296.0678,-135.086,False
15,58,258.4143,-172.7677,False
15,59,200.2707,-179.8134,False
15,60,140.4043,-180.9678,False
15,61,81.66048,-182.6917,False
15,62,25.47169,-184.9803,False
15,63,-26.56346,-187.0443,False
15,64,-89.18562,-188.7886,False
15,65,-145.0423,-190.2116,False
15,66,-198.8988,-191.5327,False
15,67,-262.8282,-193.0483,False
15,68,-316.0728,-194.2003,False
15,69,-357.2456,-236.8014,False
15,70,-397.3697,-277.5544,False
15,71,-435.1017,-315.0062,False
15,72,-481.9234,-361.5622,False
15,73,-480.9958,-418.1595,True
15,73,-519.7677,-398.7868,False
15,74,-523.8427,-453.2531,False
15,75,-526.8052,-507.4782,True
15,75,-489.8947,-502.1776,False
15,76,-458.9616,-548.3538,False
15,77,-502.2154,-574.3371,True
15,77,-463.7322,-592.2208,True
15,77,-424.6238,-579.0125,False
15,78,-393.6938,-641.358,True
15,78,-438.8979,-633.4129,True
15,78,-471.7479,-595.5937,True
15,78,-357.0923,-591.1022,False
15,79,-312.3453,-576.2794,False
15,80,-255.1785,-559.1641,False
15,81,-199.6324,-541.5746,False
15,82,-148.8066,-525.4184,False
15,83,-84.87934,-504.3271,False
15,84,-30.06849,-486.2242,False
15,85,22.45224,-468.9318,False
15,86,83.81573,-448.8663,False
15,87,137.693,-431.2914,False
15,88,189.8233,-414.2827,False
15,89,254.992,-392.6317,False
15,90,310.9528,-373.1022,False
16,0,30.85511,-68.45902,False
16,1,54.91367,-26.23219,False
16,2,76.9354,24.83496,False
16,3,128.9146,53.90868,False
16,4,175.4064,80.04514,False
16,5,207.6848,135.5931,False
16,6,230.944,185.28,False
16,7,280.6939,209.61,False
16,8,308.8455,262.3213,False
16,9,333.5059,308.6747,False
16,10,359.7077,357.7568,False
16,11,381.8696,399.3559,False
16,12,436.5411,424.2737,True
16,12,415.1412,459.7587,False
16,13,443.9333,510.2144,True
16,13,471.3715,474.5332,False
16,14,498.9614,514.9084,True
16,14,511.5355,455.6779,False
16,15,536.3797,495.4926,True
16,15,497.905,387.6664,False
16,16,451.5674,351.9592,False
16,17,480.2173,317.8467,False
16,18,442.6284,290.6007,False
16,19,430.5966,242.3301,False
16,20,415.3926,185.2221,False
16,21,401.6249,134.4691,False
16,22,384.7227,72.35258,False
16,23,369.7551,18.45167,False
16,24,355.6119,-32.00636,False
16,25,336.8784,-98.632,False
16,26,319.6887,-156.8564,False
16,27,305.1184,-206.4025,False
16,28,286.7423,-266.6634,False
16,29,270.2869,-320.7093,False
16,30,253.7492,-374.2759,False
16,31,235.5654,-433.2637,False
17,0,168.0273,138.0639,False
17,1,169.3756,90.87732,False
17,2,174.4902,32.9495,False
17,3,178.8066,-18.99157,False
17,4,184.9114,-83.54534,False
17,5,139.1136,-85.82738,False
17,6,77.55831,-93.04315,False
17,7,43.38776,-126.6545,False
17,8,-8.390652,-176.4204,False
17,9,-49.58361,-215.8506,False
17,10,-88.792,-253.3069,False
17,11,-135.2095,-297.1923,False
17,12,-186.995,-295.9825,False
17,13,-241.6942,-295.1702,False
17,14,-302.4985,-294.3568,False
17,15,-363.518,-293.9594,False
17,16,-421.8908,-293.4536,False
17,17,-472.1739,-329.8079,False
17,18,-516.3856,-365.229,True
17,18,-528.3832,-320.6747,False
17,19,-564.7724,-350.0283,True
17,19,-529.3756,-375.3388,True
17,19,-575.9291,-314.5149,False
17,20,-628.6063,-315.5697,True
17,20,-614.3,-351.5156,True
17,20,-570.6229,-370.2304,True
17,20,-609.3154,-268.4201,True
17,20,-569.3843,-248.8677,False
17,21,-541.8522,-212.7891,False
17,22,-498.7195,-234.426,False
17,23,-454.7979,-263.5553,False
17,24,-397.4317,-301.7646,False
17,25,-348.4279,-297.7027,False
17,26,-289.1265,-293.5728,False
17,27,-234.545,-290.5646,False
17,28,-185.1437,-287.9037,False
17,29,-119.0005,-284.0613,False
17,30,-67.01284,-281.0847,False
17,31,-2.908246,-277.7732,False
17,32,58.92407,-274.6818,False
17,33,112.6994,-272.3065,False
17,34,164.7308,-270.0198,False
17,35,227.9576,-267.3222,False
17,36,281.6346,-265.0339,False
17,37,277.9612,-212.2783,False
17,38,278.3437,-154.793,False
17,39,279.1939,-99.615,False
17,40,280.1777,-36.16388,False
17,41,281.2985,17.54019,False
17,42,282.3456,67.32824,False
17,43,284.1007,131.1151,False
17,44,285.9406,189.7642,False
17,45,287.8361,242.1525,False
17,46,289.9007,297.8911,False
17,47,291.6829,367.3823,False
17,48,325.1332,403.5139,False
17,49,370.4164,455.072,False
17,50,418.2494,457.1136,True
17,50,404.1727,496.6638,True
17,50,367.5941,505.7339,True
17,50,387.3493,416.3645,False
17,51,439.1959,415.9622,True
17,51,420.8594,376.6327,False
17,52,465.2548,336.7772,False
17,53,428.0688,301.1296,False
17,54,463.6653,277.5567,False
17,55,430.7724,238.2237,False
17,56,398.6949,197.6308,False
17,57,355.4965,144.0185,False
17,58,319.8939,98.6753,False
17,59,288.9146,59.19942,False
17,60,245.3212,4.833142,False
17,61,209.5881,-40.09999,False
17,62,175.6579,-83.03415,False
17,63,120.8335,-92.80921,False
17,64,68.06528,-98.51307,False
17,65,8.95834,-104.6721,False
17,66,-47.43296,-110.6256,False
17,67,-99.45097,-116.7677,False
17,68,-160.8989,-124.673,False
17,69,-213.3751,-131.5555,False
17,70,-271.2874,-138.3849,False
17,71,-322.0331,-143.4985,False
17,72,-386.961,-150.354,False
17,73,-441.0602,-156.5776,False
17,74,-494.7244,-162.8215,False
17,75,-529.6002,-203.9972,False
17,76,-564.0571,-247.4873,False
17,77,-606.4674,-301.0278,True
17,77,-564.1155,-304.7275,False
17,78,-595.2742,-351.2922,True
17,78,-557.295,-370.6449,True
17,78,-524.8591,-338.6179,False
17,79,-514.085,-396.868,True
17,79,-485.4921,-369.5113,False
17,80,-434.0446,-414.9461,False
17,81,-393.9207,-450.9527,False
17,82,-352.3427,-488.3252,False
17,83,-313.57,-522.9677,False
17,84,-266.2104,-566.3533,False
17,85,-220.4831,-563.9185,False
17,86,-212.4564,-515.7034,False
17,87,-212.2914,-454.1407,False
17,88,-212.6427,-401.8376,False
17,89,-213.1137,-349.7535,False
17,90,-213.9271,-303.2823,False
17,91,-178.7541,-250.9837,False
17,92,-143.516,-213.2724,False
17,93,-96.12891,-162.7757,False
17,94,-57.02893,-121.0717,False
17,95,-20.24748,-81.67708,False
17,96,14.59208,-44.48961,False
17,97,71.5127,-34.30735,False
17,98,126.1277,-31.47994,False
17,99,188.9774,-27.67594,False
17,100,225.0633,16.51529,False
17,101,262.3356,61.48602,False
17,102,297.9276,104.2123,False
17,103,295.815,158.209,False
17,104,331.7096,204.2107,False
17,105,366.113,250.5868,False
17,106,399.2221,294.3738,False
17,107,437.7048,345.2492,False
17,108,473.8308,392.8141,True
17,108,434.6212,393.9269,True
17,108,491.4876,356.5121,True
17,108,386.3664,349.2232,False
17,109,414.7025,396.1758,False
17,110,437.6848,442.7513,False
17,111,460.7027,489.3227,False
17,112,490.5174,550.203,True
17,112,509.6252,512.8105,False
17,113,535.0804,464.9205,False
17,114,518.9916,405.9354,False
17,115,504.4413,354.6298,False
17,116,488.831,301.921,False
17,117,471.6265,243.8927,False
17,118,456.4978,192.3461,False
17,119,440.265,137.54,False
17,120,426.1978,89.81721,False
17,121,406.0703,25.15325,False
17,122,390.841,-23.49911,False
17,123,374.1577,-76.62798,False
17,124,358.7285,-126.1462,False
17,125,337.2516,-195.1845,False
17,126,320.9458,-246.3975,False
17,127,304.5604,-297.8548,False
17,128,287.0336,-353.1776,False
17,129,271.0507,-403.6518,False
18,0,193.6899,-262.0922,False
18,1,245.9995,-281.9417,False
18,2,234.9326,-329.4486,False
18,3,182.7537,-312.5619,False
18,4,130.1992,-299.9791,False
18,5,80.24553,-287.5056,False
18,6,58.2927,-330.8779,False
18,7,32.52698,-386.3486,False
18,8,9.457376,-435.9606,False
18,9,-37.38,-450.4725,False
18,10,-88.21492,-467.873,False
18,11,-138.2225,-485.5656,False
18,12,-198.3395,-506.5674,False
18,13,-254.5943,-526.1228,False
18,14,-282.1565,-579.1253,False
18,15,-306.7949,-627.2015,True
18,15,-333.1388,-592.2668,False
18,16,-354.7685,-638.6183,True
18,16,-383.4177,-608.2543,False
18,17,-403.6793,-657.1951,True
18,17,-425.7909,-622.8264,True
18,17,-342.6304,-641.2062,True
18,17,-418.1646,-583.7918,True
18,17,-390.3615,-541.4554,False
18,18,-425.847,-570.8299,True
18,18,-439.0418,-531.8825,True
18,18,-421.4277,-496.2732,False
18,19,-385.2012,-468.8058,False
18,20,-322.6345,-458.6794,False
18,21,-279.4511,-492.7822,False
18,22,-239.2448,-484.4628,False
18,23,-171.3596,-472.556,False
18,24,-118.4841,-463.3244,False
18,25,-69.19044,-454.7095,False
18,26,-3.546712,-443.3579,False
18,27,50.66719,-433.6206,False
18,28,101.9053,-424.5551,False
18,29,154.3427,-415.2641,False
18,30,207.2347,-405.9123,False
18,31,260.7069,-396.4474,False
19,0,202.1533,-249.3961,False
19,1,211.2697,-198.5073,False
19,2,225.5547,-147.2493,False
19,3,275.6852,-121.0992,False
19,4,289.6591,-67.61022,False
19,5,328.4447,-41.22881,False
19,6,385.4066,-0.6142408,False
19,7,430.9157,31.72749,False
19,8,449.6902,87.96618,False
19,9,464.3626,137.0722,False
19,10,484.7079,205.9667,False
19,11,498.968,254.2356,False
19,12,511.9935,298.0708,True
19,12,546.0109,284.5054,True
19,12,477.7585,297.3005,False
19,13,491.9812,355.9015,True
19,13,525.3101,313.1309,False
19,14,538.1874,354.5294,True
19,14,570.6901,335.089,True
19,14,574.9667,294.4769,False
19,15,578.7118,337.1058,True
19,15,611.951,309.5932,True
19,15,595.4783,238.4922,True
19,15,551.0562,230.0085,False
19,16,505.6387,194.0414,False
19,17,460.1705,156.78,False
19,18,451.9604,97.12949,False
19,19,415.7636,70.67918,False
19,20,359.1018,26.71099,False
19,21,353.8828,-18.11535,False
19,22,309.5146,-55.72797,False
19,23,267.1893,-87.90213,False
19,24,213.6849,-127.8708,False
19,25,167.2609,-161.5204,False
19,26,125.5732,-191.1279,False
19,27,69.76153,-230.2041,False
19,28,20.46591,-226.782,False
19,29,-42.2198,-223.373,False
19,30,-97.97092,-220.3245,False
19,31,-152.693,-217.2985,False
19,32,-209.9985,-214.0856,False
19,33,-270.544,-211.2875,False
19,34,-324.4089,-208.8313,False
19,35,-365.5005,-237.9664,False
19,36,-411.1025,-270.3453,False
19,37,-452.0209,-299.4289,False
19,38,-509.6249,-338.5805,True
19,38,-473.3538,-352.1256,True
19,38,-505.6754,-298.0437,False
19,39,-518.8804,-344.2355,True
19,39,-549.5878,-325.1516,True
19,39,-568.2392,-286.667,False
19,40,-574.5741,-334.5947,True
19,40,-598.2904,-312.3557,True
19,40,-615.4007,-273.5897,True
19,40,-589.3329,-239.9253,True
19,40,-539.2603,-234.361,False
19,41,-493.6926,-199.904,False
19,42,-456.022,-241.9332,False
19,43,-415.2305,-282.8511,False
19,44,-377.4449,-320.8825,False
19,45,-328.6823,-369.7491,False
19,46,-292.6114,-405.8987,False
19,47,-252.8138,-445.8723,False
19,48,-194.6738,-446.1189,False
19,49,-160.6922,-410.18,False
19,50,-113.2999,-363.2521,False
19,51,-69.59058,-320.5046,False
19,52,-24.48273,-321.3128,False
19,53,40.80182,-320.0199,False
19,54,93.85181,-318.695,False
19,55,148.0424,-317.3523,False
19,56,208.1148,-315.9802,False
19,57,203.6737,-275.1234,False
19,58,204.6775,-214.6646,False
19,59,205.1274,-156.517,False
19,60,205.2191,-99.12511,False
19,61,205.2576,-44.64015,False
19,62,205.3649,11.18507,False
19,63,205.4724,63.3434,False
19,64,206.1709,129.128,False
19,65,207.483,188.1225,False
19,66,208.4713,245.9034,False
19,67,210.0491,306.234,False
19,68,211.6877,365.2776,False
19,69,242.7843,400.1057,False
19,70,298.1788,416.9583,False
19,71,345.2292,427.1853,False
19,72,413.1628,441.9094,False
19,73,468.9137,454.1242,True
19,73,442.2069,489.4862,False
19,74,487.6593,503.5272,False
19,75,509.9317,550.0725,True
19,75,540.4527,481.4103,False
19,76,558.9971,534.0268,True
19,76,526.9794,432.5213,False
19,77,484.5422,391.7891,False
19,78,476.521,333.6552,False
19,79,432.2642,296.3043,False
19,80,430.145,247.4503,False
19,81,389.0238,210.5376,False
19,82,387.8716,161.6403,False
19,83,343.6172,122.9192,False
19,84,301.924,85.57628,False
19,85,262.4582,50.62057,False
19,86,214.2354,9.926027,False
19,87,168.7779,-27.57471,False
19,88,126.2776,-62.09595,False
19,89,76.06019,-101.6779,False
19,90,29.16342,-95.40389,False
19,91,-26.20049,-127.3616,False
19,92,-71.25877,-160.2419,False
19,93,-122.658,-197.3676,False
19,94,-169.4737,-230.1114,False
19,95,-217.1427,-262.696,False
19,96,-258.7907,-290.6082,False
19,97,-320.3736,-331.3892,False
19,98,-368.8636,-363.2659,False
19,99,-411.8116,-391.4339,False
19,100,-464.7316,-425.6371,False
19,101,-511.8038,-455.9926,False
19,102,-530.0541,-511.5304,True
19,102,-558.4073,-477.5239,True
19,102,-474.5705,-495.9229,False
19,103,-447.2375,-546.4662,False
19,104,-421.9518,-593.459,True
19,104,-458.0581,-596.3929,True
19,104,-493.4674,-564.7157,True
19,104,-388.3941,-553.272,False
19,105,-331.6717,-539.1036,False
19,106,-274.463,-525.5305,False
19,107,-217.356,-511.5928,False
19,108,-166.2257,-499.1823,False
19,109,-97.15546,-482.5546,False
19,110,-41.61248,-468.7838,False
19,111,10.37055,-455.507,False
19,112,77.39513,-437.9801,False
19,113,133.373,-423.3153,False
19,114,186.56,-409.0753,False
19,115,251.0833,-391.0473,False
19,116,306.3759,-375.1574,False
20,0,-37.82674,133.7415,False
20,1,26.24517,132.3362,False
20,2,63.74593,87.51524,False
20,3,99.15727,43.64747,False
20,4,156.9647,27.99689,False
20,5,192.994,-21.85428,False
20,6,227.5694,-67.93581,False
20,7,260.4906,-111.6777,False
20,8,295.0313,-157.8345,False
20,9,346.2389,-171.213,False
20,10,413.2138,-189.2927,False
20,11,437.4735,-238.5342,False
21,0,64.41132,-318.5878,False
21,1,63.88615,-368.4283,False
21,2,20.02999,-363.4525,False
21,3,-45.3017,-361.6436,False
21,4,-105.1994,-360.2565,False
21,5,-159.5748,-358.7151,False
21,6,-219.7962,-357.0191,False
21,7,-258.3576,-393.0083,False
21,8,-263.7315,-446.049,False
21,9,-266.249,-498.0352,False
21,10,-306.5789,-542.521,False
21,11,-345.445,-577.7972,True
21,11,-362.2248,-540.3967,True
21,11,-312.5372,-596.6013,False
21,12,-361.7397,-628.1301,True
21,12,-326.3244,-644.0894,True
21,12,-360.7299,-574.3846,False
21,13,-371.9092,-619.6658,True
21,13,-392.0448,-594.0414,True
21,13,-399.1077,-558.1249,True
21,13,-377.5809,-517.1238,False
21,14,-424.6229,-516.1882,True
21,14,-365.5523,-472.989,False
21,15,-314.3925,-464.7291,False
21,16,-264.4781,-501.9194,False
21,17,-245.8392,-468.8521,False
21,18,-203.2216,-417.4866,False
21,19,-168.1118,-375.0894,False
21,20,-135.1092,-336.0884,False
21,21,-89.15688,-280.7302,False
21,22,-38.98949,-276.3987,False
21,23,20.55243,-270.0778,False
21,24,75.57626,-264.1659,False
21,25,138.0569,-256.9106,False
21,26,198.0795,-249.4095,False
21,27,254.921,-242.3557,False
21,28,309.3173,-235.6539,False
21,29,363.0549,-229.6234,False
21,30,361.8125,-185.838,False
21,31,365.7025,-121.5501,False
21,32,369.2127,-63.35876,False
21,33,372.6155,-9.245692,False
21,34,376.3332,49.44629,False
21,35,381.0052,108.5732,False
21,36,385.3565,160.6245,False
21,37,389.8762,211.5655,False
21,38,396.3831,280.9154,False
21,39,402.1246,335.2609,False
21,40,408.1399,390.3577,False
21,41,413.0067,440.5882,True
21,41,452.0945,427.956,True
21,41,457.873,373.8134,False
21,42,471.0893,417.0525,True
21,42,499.7609,343.6369,False
21,43,517.1693,395.3332,True
21,43,546.9479,328.389,False
21,44,569.152,379.1578,True
21,44,598.1848,313.8789,False
21,45,603.6635,361.5717,True
21,45,580.5479,249.5785,False
21,46,534.9533,213.431,False
21,47,487.644,175.1672,False
21,48,483.7981,127.5749,False
21,49,442.8417,87.06712,False
21,50,402.813,54.60029,False
21,51,347.8536,10.34347,False
21,52,303.1205,-25.24545,False
21,53,260.2507,-58.48352,False
21,54,212.1265,-95.58527,False
21,55,166.7482,-129.791,False
21,56,122.1076,-162.6517,False
21,57,79.13171,-193.2816,False
21,58,22.11122,-232.8738,False
21,59,-24.67957,-264.7992,False
21,60,-66.66283,-292.7052,False
21,61,-120.9444,-328.3553,False
21,62,-169.0348,-359.7828,False
21,63,-214.6894,-389.5027,False
21,64,-257.7869,-418.1386,False
21,65,-316.6541,-456.8858,False
21,66,-365.3889,-487.519,True
21,66,-356.6467,-448.6523,True
21,66,-323.8452,-500.0986,True
21,66,-282.7109,-486.2328,False
21,67,-283.9325,-548.1155,False
21,68,-288.605,-603.0758,True
21,68,-250.8123,-586.9798,True
21,68,-328.9084,-580.1863,True
21,68,-341.936,-537.1904,True
21,68,-236.4017,-530.5305,False
21,69,-196.4921,-504.5474,False
21,70,-140.0649,-470.1469,False
21,71,-92.17474,-441.3128,False
21,72,-44.90133,-412.4456,False
21,73,10.29007,-379.5942,False
21,74,60.341,-349.4701,False
21,75,104.3055,-323.046,False
21,76,157.2213,-291.4924,False
21,77,167.6844,-246.6791,False
21,78,185.7352,-174.4994,False
21,79,198.8511,-117.9354,False
21,80,210.5177,-66.82765,False
21,81,223.3071,-11.53363,False
21,82,237.79,48.0084,False
21,83,250.4745,99.7091,False
21,84,265.4724,157.4425,False
21,85,280.2972,211.5041,False
21,86,294.8342,264.0208,False
21,87,313.8542,332.8906,False
21,88,362.3456,358.09,False
21,89,407.9756,383.1182,False
21,90,470.3873,417.1666,False
21,91,488.3435,460.6551,True
21,91,521.897,440.1709,True
21,91,525.6375,402.7219,False
21,92,532.3363,447.5266,True
21,92,542.7455,354.2825,False
21,93,599.6152,337.3748,False
21,94,614.262,377.678,True
21,94,635.881,306.9317,True
21,94,594.6155,289.716,False
21,95,553.6384,266.7173,False
21,96,526.9288,215.5716,False
21,97,502.2144,168.8882,False
21,98,472.6311,113.0138,False
21,99,447.99,66.19507,False
21,100,420.8948,14.8878,False
21,101,396.2971,-32.19699,False
21,102,367.7249,-86.74857,False
21,103,342.8279,-134.5974,False
21,104,316.4597,-185.0926,False
21,105,292.2874,-231.7488,False
21,106,263.3264,-287.3701,False
21,107,237.7096,-335.7402,False
21,108,187.1724,-353.9598,False
21,109,132.8033,-374.8386,False
21,110,80.70171,-395.4201,False
21,111,32.48234,-414.3678,False
21,112,-32.76464,-439.8557,False
21,113,-86.47679,-460.7574,False
21,114,-147.4114,-484.8742,False
21,115,-204.2233,-507.829,False
21,116,-256.3839,-528.8036,False
21,117,-309.1451,-549.9775,False
21,118,-340.4803,-605.4525,False
21,119,-363.1619,-654.934,True
21,119,-392.4479,-622.7734,True
21,119,-319.4596,-647.3834,True
21,119,-387.1958,-567.3752,False
21,120,-402.8966,-609.3869,True
21,120,-421.6895,-585.1496,False
21,121,-445.5151,-639.2617,True
21,121,-395.7096,-627.8502,True
21,121,-474.3674,-598.8948,True
21,121,-479.6865,-555.4157,True
21,121,-444.2797,-519.6262,False
21,122,-485.5565,-544.9515,True
21,122,-474.6484,-497.4156,True
21,122,-415.8731,-463.4745,False
21,123,-363.589,-462.2693,False
21,124,-312.1388,-462.6942,False
21,125,-250.4016,-464.0666,False
21,126,-212.3855,-435.2805,False
21,127,-159.0169,-396.5093,False
21,128,-112.9352,-363.1739,False
21,129,-66.64704,-330.1548,False
21,130,-15.55365,-294.3952,False
21,131,32.71894,-261.6082,False
21,132,73.30733,-233.603,False
21,133,129.9694,-195.9374,False
21,134,176.9361,-165.0515,False
21,135,219.2308,-137.8961,False
21,136,237.2538,-80.17213,False
21,137,246.086,-31.67802,False
21,138,258.5852,39.15678,False
21,139,268.9472,97.71852,False
21,140,278.3669,152.8727,False
21,141,289.2315,217.3812,False
21,142,298.5005,273.1147,False
21,143,307.2173,326.2277,False
21,144,315.4933,376.122,False
21,145,326.9174,440.5472,False
21,146,337.3167,492.5634,True
21,146,372.7112,467.7437,True
21,146,297.1296,484.5023,False
21,147,337.0279,498.6798,False
21,148,399.7888,528.8146,True
21,148,371.9879,553.667,True
21,148,398.6899,487.313,True
21,148,321.0767,547.6736,False
21,149,366.0037,579.0067,True
21,149,326.8161,593.6395,False
21,150,367.3353,616.3101,True
21,150,335.7852,641.7303,True
21,150,372.2322,571.5167,True
21,150,286.7229,614.7464,True
21,150,271.7285,577.9166,False
21,151,250.1253,533.3171,False
21,152,231.0544,484.2631,False
21,153,246.9724,429.6758,False
21,154,272.7987,368.6883,False
21,155,259.2515,320.3389,False
21,156,241.4878,253.8068,False
21,157,225.4286,196.2889,False
21,158,210.1643,141.7412,False
21,159,193.867,86.21718,False
21,160,177.0669,29.47297,False
21,161,161.7971,-24.13414,False
21,162,144.9799,-82.67356,False
21,163,129.3319,-137.3367,False
21,164,114.1031,-190.3199,False
21,165,99.80441,-239.469,False
21,166,82.61935,-299.0521,False
21,167,66.7448,-353.7002,False
21,168,95.14537,-404.9307,False
21,169,122.6166,-454.6625,False
21,170,147.7643,-499.4772,False
21,171,182.5952,-561.1118,False
21,172,211.8248,-611.9556,True
21,172,229.0191,-573.4514,False
22,0,47.46632,-145.0312,False
22,1,48.59246,-196.0703,False
22,2,-2.032281,-197.1295,False
22,3,-55.29382,-202.7999,False
22,4,-107.2096,-208.3687,False
22,5,-151.4599,-253.1946,False
22,6,-184.3004,-293.7336,False
22,7,-227.7926,-346.4202,False
22,8,-276.0208,-349.9663,False
22,9,-339.9964,-356.0696,False
22,10,-398.1175,-361.2924,False
22,11,-451.8052,-366.5733,True
22,11,-433.916,-406.0682,True
22,11,-384.3069,-401.5547,True
22,11,-441.4087,-309.0534,False
22,12,-486.4018,-324.2242,False
22,13,-519.1725,-370.9728,True
22,13,-539.1337,-334.0285,False
22,14,-563.4306,-379.8401,False
22,15,-555.1533,-432.0362,False
22,16,-609.5029,-447.4867,False
22,17,-631.7091,-493.3514,True
22,17,-655.1906,-458.4364,True
22,17,-575.1281,-479.3483,True
22,17,-650.8091,-409.6797,True
22,17,-614.3289,-374.9733,True
22,18,-489.3176,-431.4033,True
22,18,-519.6374,-399.7096,True
22,18,-439.8012,-416.7665,False
22,19,-412.8688,-470.9166,False
22,20,-390.1319,-515.2972,False
22,21,-341.8558,-498.1378,False
22,22,-294.9165,-473.3896,False
22,23,-233.1334,-441.1592,False
22,24,-179.9479,-413.5472,False
22,25,-129.3832,-386.885,False
22,26,-79.38663,-360.1464,False
22,27,-26.61455,-332.5624,False
22,28,20.30449,-307.4066,False
22,29,36.86077,-252.104,False
22,30,54.11025,-197.9274,False
22,31,69.70042,-148.2012,False
22,32,88.55305,-88.10279,False
22,33,106.0081,-32.65399,False
22,34,121.0645,15.80627,False
22,35,139.4714,74.78706,False
22,36,155.1626,125.3861,False
22,37,171.2514,177.0119,False
22,38,185.9049,225.0788,False
22,39,234.747,258.6202,False
22,40,286.2905,285.0642,False
22,41,332.6831,309.607,False
22,42,381.1732,335.9514,False
22,43,431.3643,364.0716,False
22,44,492.901,398.9923,True
22,44,453.0544,420.1715,False
22,45,504.8678,449.365,True
22,45,471.6293,467.1782,False
22,46,494.5005,525.619,True
22,46,512.197,488.3424,True
22,46,503.3505,443.1655,False
22,47,528.1823,487.0508,True
22,47,477.9026,388.035,False
22,48,459.2755,336.221,False
22,49,436.6975,276.1437,False
22,50,418.0434,225.9875,False
22,51,397.7225,171.7204,False
22,52,379.2982,122.7367,False
22,53,353.0702,56.72871,False
22,54,332.3667,2.895795,False
22,55,313.1706,-47.55122,False
22,56,291.4458,-104.8487,False
22,57,271.3956,-157.6668,False
22,58,252.0979,-208.8422,False
22,59,226.7657,-275.405,False
22,60,205.693,-330.8765,False
22,61,185.7044,-385.0581,False
22,62,165.3218,-440.4937,False
22,63,120.844,-460.4426,False
22,64,70.50413,-443.9218,False
22,65,10.4061,-460.6154,False
22,66,-40.17503,-476.9426,False
22,67,-100.5336,-496.3389,False
22,68,-155.3986,-513.8566,False
22,69,-208.006,-530.5246,False
22,70,-261.2762,-547.4291,False
22,71,-327.169,-568.7443,True
22,71,-293.294,-596.5891,False
22,72,-346.9476,-618.1132,False
22,73,-396.79,-635.2551,True
22,73,-360.5361,-668.1063,True
22,73,-321.3497,-654.2156,True
22,73,-384.7435,-592.4559,False
22,74,-413.4598,-635.1406,True
22,74,-435.1608,-603.3067,True
22,74,-443.5594,-566.4224,True
22,74,-414.6602,-534.1397,False
22,75,-461.8538,-558.4014,True
22,75,-460.4934,-512.1688,True
22,75,-427.7017,-484.7871,False
22,76,-388.7351,-452.9395,False
22,77,-331.2279,-457.3313,False
22,78,-297.2352,-426.6168,False
22,79,-251.5238,-387.283,False
22,80,-206.3138,-348.397,False
22,81,-167.8474,-315.2804,False
22,82,-112.6705,-269.2685,False
22,83,-69.16994,-233.4551,False
22,84,-27.20508,-199.4459,False
22,85,22.67104,-159.4772,False
22,86,69.03558,-123.6802,False
22,87,108.2046,-94.05696,False
22,88,163.7446,-53.41314,False
22,89,169.6899,-9.738733,False
22,90,181.7141,56.9222,False
22,91,191.3399,106.9533,False
22,92,202.341,164.0722,False
22,93,213.8074,220.356,False
22,94,225.6136,276.662,False
22,95,237.0297,331.7901,False
22,96,249.8821,390.66,False
22,97,260.7353,439.8471,False
22,98,273.5707,497.2804,False
22,99,287.0845,554.7305,False
22,100,298.3484,602.4876,True
22,100,332.9102,578.7249,False
22,101,353.2803,631.9988,True
22,101,381.1222,598.3869,True
22,101,383.7305,558.416,True
22,101,347.6859,523.7648,False
22,102,379.2729,474.3125,False
22,103,407.6711,429.728,False
22,104,445.6689,371.2445,False
22,105,479.2857,320.5043,False
22,106,468.2838,263.439,False
22,107,457.1976,208.608,False
22,108,446.6358,155.2182,False
22,109,433.8694,87.60333,False
22,110,423.3167,30.4338,False
22,111,413.1767,-24.47453,False
22,112,401.257,-91.35555,False
22,113,391.7532,-145.7551,False
22,114,381.4685,-201.4999,False
22,115,370.8255,-260.9164,False
22,116,360.1874,-317.5588,False
23,0,-87.24357,-40.25906,False
23,1,-44.16763,-51.3619,False
23,2,-46.47934,-97.36703,False
23,3,6.668012,-94.96684,False
23,4,5.156784,-51.63692,False
23,5,56.39477,-49.11149,False
23,6,105.847,-52.46057,False
23,7,171.7419,-57.38017,False
23,8,172.4657,-16.70579,False
23,9,213.5721,22.92055,False
23,10,231.2492,74.0468,False
23,11,245.2171,121.9092,False
23,12,263.9318,183.8075,False
23,13,280.576,239.7303,False
23,14,294.8927,287.8346,False
23,15,316.126,359.415,False
23,16,358.4962,383.9435,False
23,17,379.1038,438.1854,True
23,17,412.4837,415.3788,True
23,17,409.9481,372.8439,False
23,18,421.3832,419.9651,True
23,18,450.1897,398.4936,True
23,18,449.5515,359.8097,False
23,19,507.0118,392.6142,False
23,20,568.7004,389.5831,False
23,21,570.923,434.531,True
23,21,565.006,323.0023,False
23,22,532.765,270.5716,False
23,23,503.8705,227.7847,False
23,24,477.0108,188.1935,False
23,25,438.5638,131.3907,False
23,26,408.8553,86.9938,False
23,27,380.9843,45.54248,False
23,28,346.548,-6.981841,False
23,29,313.4708,-57.34488,False
23,30,283.8398,-102.8974,False
23,31,256.5289,-144.7351,False
23,32,219.9184,-200.7957,False
23,33,191.1537,-245.0598,False
23,34,141.3551,-262.6786,False
23,35,88.41904,-282.4435,False
23,36,32.48865,-303.9586,False
23,37,-19.50596,-323.8299,False
23,38,-81.30942,-347.2503,False
23,39,-136.5218,-368.6056,False
23,40,-185.9591,-388.3639,False
23,41,-233.9915,-407.4436,False
23,42,-298.1059,-433.5127,False
23,43,-347.7651,-453.7945,True
23,43,-314.9298,-484.9627,False
23,44,-337.0903,-538.1834,True
23,44,-370.7817,-509.7228,True
23,44,-296.8278,-534.3309,False
23,45,-279.5563,-590.8217,False
23,46,-262.3773,-644.1431,True
23,46,-303.1524,-640.9926,True
23,46,-233.5374,-603.7897,False
23,47,-206.285,-657.8716,True
23,47,-183.2026,-577.3414,False
23,48,-130.3103,-551.041,False
23,49,-80.47826,-526.3377,False
23,50,-32.62648,-502.232,False
23,51,30.49347,-470.1733,False
23,52,80.91737,-444.5817,False
23,53,130.0071,-419.213,False
23,54,177.8223,-394.6585,False
23,55,240.424,-362.3338,False
23,56,290.0864,-336.7641,False
23,57,339.4838,-311.1232,False
24,0,-183.8191,-145.8285,False
24,1,-133.9686,-163.6987,False
24,2,-147.0246,-203.2355,False
24,3,-160.7217,-272.3341,False
24,4,-138.7791,-312.6061,False
24,5,-141.1845,-377.2693,False
24,6,-148.7327,-429.4185,False
24,7,-192.3521,-466.6017,False
24,8,-244.4673,-504.6025,False
24,9,-293.2475,-539.0837,False
24,10,-337.4465,-569.0747,False
24,11,-383.217,-599.7362,True
24,11,-349.9913,-624.5712,True
24,11,-398.5947,-570.3004,True
24,11,-306.3154,-606.1567,True
24,11,-382.9641,-514.088,True
24,12,-285.0082,-507.6682,False
24,13,-298.0488,-567.8391,False
24,14,-270.5365,-616.6197,True
24,14,-353.2628,-592.0089,True
24,14,-248.5434,-572.5415,False
24,15,-209.2058,-552.1651,False
24,16,-149.1456,-524.1646,False
24,17,-96.8743,-499.9872,False
24,18,-45.59212,-476.408,False
24,19,11.17466,-450.7043,False
24,20,65.57237,-425.5013,False
24,21,115.91,-402.2612,False
24,22,165.7046,-378.9009,False
24,23,228.0028,-349.2658,False
24,24,280.4317,-323.8854,False
24,25,331.1038,-298.9183,False
24,26,378.1653,-275.4749,False
24,27,441.0267,-244.2597,False
24,28,491.7137,-219.184,False
24,29,468.4054,-172.6807,False
24,30,442.95,-122.0659,False
24,31,451.8329,-68.00887,False
24,32,462.5757,-16.16705,False
24,33,476.3288,46.42949,False
24,34,488.7298,103.6656,False
24,35,501.2714,159.4329,False
24,36,513.3871,213.3143,False
24,37,524.7652,263.4967,False
24,38,538.1468,320.1741,True
24,38,572.6584,295.0888,False
24,39,594.3794,348.8254,True
24,39,630.3779,325.025,True
24,39,627.1757,280.4777,True
24,39,548.3156,339.174,True
24,39,599.8859,243.392,True
24,40,507.8895,209.656,False
24,41,493.3844,166.7828,False
24,42,477.6071,97.33335,False
24,43,465.0985,39.90508,False
24,44,453.4319,-12.9149,False
24,45,442.1566,-67.10085,False
24,46,429.619,-126.7036,False
24,47,417.3689,-182.0289,False
24,48,405.641,-234.8163,False
24,49,394.221,-286.6163,False
25,0,-200.4628,-35.29203,False
25,1,-152.8429,-40.52944,False
25,2,-163.2962,-95.50173,False
25,3,-117.8591,-104.4988,False
25,4,-98.30782,-54.75279,False
25,5,-80.15321,-3.296025,False
25,6,-61.55315,49.46117,False
25,7,-16.22266,78.00515,False
25,8,5.308482,125.9484,False
25,9,52.26052,142.1516,False
25,10,102.2764,160.4035,False
25,11,123.7726,205.8176,False
25,12,177.7014,235.6499,False
25,13,229.0315,262.7459,False
25,14,284.4847,292.2795,False
25,15,296.6125,334.0519,False
25,16,317.7052,400.1211,False
25,17,368.8603,425.4167,False
25,18,381.0532,469.7201,True
25,18,417.754,445.373,True
25,18,403.7469,400.5152,False
25,19,435.7459,448.7333,False
25,20,460.5266,499.3455,True
25,20,477.3198,458.8675,True
25,20,404.5137,483.8482,False
25,21,423.0971,538.0118,True
25,21,379.7072,534.995,False
25,22,393.2605,579.9058,False
25,23,410.0923,640.9508,True
25,23,440.7857,608.6271,True
25,23,375.9172,634.1011,True
25,23,437.2046,567.779,False
25,24,469.2395,520.134,False
25,25,460.8698,461.6327,False
25,26,454.0991,408.6601,False
25,27,446.5523,346.9071,False
25,28,438.6295,287.1276,False
25,29,431.4891,235.7121,False
25,30,422.3595,172.2497,False
25,31,414.4932,117.5105,False
25,32,407.0245,64.38332,False
25,33,398.5331,2.289844,False
25,34,390.6059,-51.96045,False
25,35,383.0718,-100.1108,False
25,36,372.9263,-161.304,False
25,37,363.0032,-217.6446,False
25,38,353.1834,-272.8323,False
25,39,343.1107,-332.5344,False
26,0,-94.75083,-15.73043,False
26,1,-49.63087,-41.40037,False
26,2,-38.58722,-97.89254,False
26,3,-0.1100451,-123.4315,False
26,4,10.19604,-173.2945,False
26,5,22.94325,-227.6411,False
26,6,68.26781,-267.3583,False
26,7,73.06046,-317.1886,False
26,8,112.7484,-348.3774,False
26,9,159.8287,-387.3468,False
26,10,204.8981,-424.8008,False
26,11,246.4499,-460.0533,False
27,0,-146.0209,85.63521,False
27,1,-148.9001,28.21564,False
27,2,-153.2333,-30.92784,False
27,3,-101.8039,-43.95113,False
27,4,-50.70305,-59.618,False
27,5,3.907295,-76.4101,False
27,6,54.2961,-91.71796,False
27,7,115.4217,-110.3629,False
27,8,170.504,-127.0496,False
27,9,196.2457,-176.583,False
27,10,239.8733,-190.2285,False
27,11,299.2119,-210.3821,False
27,12,353.066,-228.7746,False
27,13,402.6069,-245.4366,False
27,14,433.9646,-297.1492,False
28,0,224.7447,196.9824,False
28,1,272.4966,207.3997,False
28,2,290.4821,157.6389,False
28,3,302.4281,108.2804,False
28,4,254.2428,90.62891,False
28,5,213.7521,44.50593,False
28,6,176.2486,1.858169,False
28,7,138.2515,-41.19399,False
28,8,90.96035,-43.22216,False
28,9,22.56369,-48.12688,False
28,10,-37.5187,-52.80648,False
28,11,-90.73675,-57.76738,False
28,12,-141.7712,-62.59551,False
28,13,-206.8901,-68.38874,False
28,14,-244.9197,-112.1391,False
28,15,-284.0568,-156.9099,False
28,16,-321.1758,-198.1813,False
28,17,-351.3775,-231.5838,False
28,18,-396.5178,-281.4065,False
28,19,-432.5057,-321.0193,False
28,20,-470.2955,-362.6544,True
28,20,-431.3439,-382.8942,True
28,20,-484.7755,-331.4036,False
28,21,-512.0085,-365.3889,False
28,22,-519.2488,-426.8983,False
28,23,-517.4958,-479.1278,True
28,23,-481.0477,-471.1807,False
28,24,-446.91,-512.0712,False
28,25,-412.5444,-554.9142,False
28,26,-369.3505,-610.0842,True
28,26,-354.5367,-578.0538,False
28,27,-299.274,-553.0991,False
28,28,-271.9475,-496.1649,False
28,29,-218.926,-477.8187,False
28,30,-163.1798,-456.2046,False
28,31,-110.0701,-435.7101,False
28,32,-56.93895,-415.2509,False
28,33,7.5709,-390.0721,False
28,34,60.3739,-369.4874,False
28,35,109.4274,-350.3956,False
28,36,171.5594,-325.8787,False
28,37,226.0643,-303.875,False
28,38,274.0884,-284.5275,False
28,39,337.0666,-259.6896,False
28,40,391.9869,-237.6545,False
28,41,446.0274,-215.4942,False
28,42,428.7259,-165.0177,False
28,43,408.5764,-112.0799,False
28,44,385.4558,-53.78956,False
28,45,400.6266,-3.859085,False
28,46,416.6038,49.70373,False
28,47,433.9401,107.7291,False
28,48,448.8665,157.3595,False
28,49,463.2788,205.1535,False
28,50,485.4536,276.6393,False
28,51,501.387,327.3175,False
28,52,515.6994,372.8231,True
28,52,552.2686,350.477,True
28,52,474.8231,367.1983,True
28,52,543.2971,295.6824,False
28,53,558.8017,344.5243,True
28,53,583.7035,275.0768,False
28,54,649.5717,258.3398,True
28,54,603.2713,315.983,False
28,55,654.0281,316.2136,True
28,55,642.6863,346.8386,True
28,55,611.5703,374.0434,True
28,55,570.7612,359.59,True
28,55,553.5829,310.1867,False
28,56,537.0746,259.464,False
28,57,515.1933,208.4268,False
28,58,495.3248,162.1918,False
28,59,470.5943,104.883,False
28,60,447.5266,52.44717,False
28,61,427.3727,6.474532,False
28,62,396.2719,-63.79579,False
28,63,372.9698,-115.1851,False
28,64,348.4871,-169.0695,False
28,65,323.0582,-225.2292,False
28,66,300.7272,-274.7993,False
28,67,278.2403,-323.1369,False
28,68,250.0822,-385.092,False
28,69,227.3642,-435.6823,False
28,70,204.699,-485.9945,False
28,71,153.6036,-512.0362,False
28,72,108.7891,-529.9335,False
28,73,40.35618,-557.5992,False
28,74,-11.65582,-579.1198,False
28,75,-59.2307,-598.7424,False
28,76,-124.7405,-626.1179,True
28,76,-114.2276,-588.3141,False
28,77,-170.1274,-612.613,True
28,77,-166.3787,-574.0327,False
28,78,-216.6204,-599.9961,True
28,78,-170.9168,-617.7104,True
28,78,-221.3605,-553.8913,False
28,79,-222.4986,-599.4982,True
28,79,-258.5127,-575.3792,False
28,80,-273.4964,-623.4677,True
28,80,-226.3981,-611.446,True
28,80,-306.1235,-595.875,True
28,80,-309.6342,-552.5876,False
28,81,-325.1048,-603.3867,False
28,82,-306.4426,-660.2391,True
28,82,-273.535,-615.9356,True
28,82,-372.6771,-608.9874,True
28,82,-354.174,-644.4542,True
28,82,-379.5262,-583.9059,True
28,83,-274.2074,-517.4982,False
28,84,-228.3962,-486.8967,False
28,85,-183.8857,-458.7152,False
28,86,-138.9785,-430.8997,False
28,87,-83.93469,-397.0763,False
28,88,-35.36865,-366.525,False
28,89,10.0127,-337.9931,False
28,90,55.25538,-309.6599,False
28,91,116.1891,-271.7806,False
28,92,164.5623,-241.306,False
28,93,208.6452,-213.662,False
28,94,265.4572,-177.7586,False
28,95,315.8881,-145.2971,False
28,96,336.3018,-89.20824,False
28,97,354.2479,-39.05996,False
28,98,372.8034,12.95523,False
28,99,389.9845,61.21104,False
28,100,412.8406,125.4702,False
28,101,432.2949,180.3105,False
28,102,450.2501,231.3009,False
28,103,469.8748,286.7121,False
28,104,486.9661,334.9905,False
28,105,505.6638,387.7483,True
28,105,537.8333,352.1576,True
28,105,458.025,374.7909,True
28,105,526.6804,292.8877,False
28,106,538.1076,337.887,True
28,106,572.6848,265.9872,False
28,107,629.5119,248.7467,True
28,107,598.0879,225.8677,True
28,107,581.5936,310.5116,False
28,108,630.7532,342.6315,True
28,108,631.3409,291.8166,True
28,108,587.3412,352.738,True
28,108,547.2592,350.7541,True
28,108,521.6561,312.7802,False
28,109,513.6464,273.8623,False
28,110,491.0387,215.8816,False
28,111,471.2845,165.1085,False
28,112,452.6395,115.3034,False
28,113,430.6524,56.27146,False
28,114,410.2235,1.000339,False
28,115,391.2929,-50.02903,False
28,116,370.4629,-105.9863,False
28,117,349.8348,-161.4899,False
28,118,331.3856,-210.9634,False
28,119,313.2186,-259.6184,False
28,120,290.3943,-321.6568,False
28,121,270.8954,-374.7064,False
28,122,253.036,-422.6484,False
29,0,-129.8194,198.3723,False
29,1,-72.79434,208.1767,False
29,2,-70.77404,155.7818,False
29,3,-65.92702,102.7962,False
29,4,-60.23527,46.41027,False
29,5,-52.97715,-18.51982,False
29,6,-16.34946,-57.43315,False
29,7,24.20271,-100.166,False
29,8,64.58053,-142.7484,False
29,9,61.79284,-183.9452,False
29,10,59.33964,-247.4131,False
29,11,56.89013,-303.898,False
29,12,54.12014,-359.6996,False
29,13,89.79227,-398.6781,False
29,14,124.7957,-438.288,False
29,15,170.0245,-488.6897,False
29,16,207.4143,-530.6678,False
30,0,-162.7354,83.14681,False
30,1,-159.0538,27.78885,False
30,2,-116.4581,-12.54484,False
30,3,-74.41207,-53.03445,False
30,4,-73.19906,-100.9494,False
30,5,-71.3677,-161.1218,False
30,6,-69.94485,-215.0011,False
30,7,-67.69318,-271.7903,False
30,8,-65.97302,-329.9756,False
30,9,-105.9375,-372.8697,False
30,10,-162.1322,-373.5296,False
30,11,-212.3486,-375.0648,False
30,12,-268.2647,-376.2864,False
30,13,-311.0128,-415.9938,False
30,14,-352.8097,-415.6187,True
30,14,-347.5824,-448.9791,True
30,14,-309.8473,-465.3681,False
30,15,-348.7414,-494.3842,True
30,15,-356.3609,-450.4751,True
30,15,-314.3604,-519.3002,False
30,16,-293.6357,-575.4735,False
30,17,-275.0006,-629.4191,True
30,17,-335.3406,-588.518,False
30,18,-368.1972,-639.0958,True
30,18,-319.0887,-632.7391,True
30,18,-381.3161,-601.2302,False
30,19,-408.6748,-655.3552,True
30,19,-363.6014,-643.4666,True
30,19,-432.8709,-628.8484,True
30,19,-443.8961,-584.7246,True
30,19,-398.8934,-558.739,False
30,20,-443.758,-578.277,False
30,21,-466.6549,-630.9466,True
30,21,-417.3633,-622.2043,True
30,21,-494.3973,-595.4959,True
30,21,-489.2399,-554.2819,True
30,21,-454.8058,-524.8729,False
30,22,-503.6562,-547.1768,True
30,22,-440.1644,-460.8216,False
30,23,-396.681,-424.0555,False
30,24,-349.5266,-427.3275,False
30,25,-281.3545,-430.2152,False
30,26,-246.9956,-397.4459,False
30,27,-199.0415,-355.6545,False
30,28,-154.9559,-319.1476,False
30,29,-114.2477,-287.063,False
30,30,-62.39738,-246.4716,False
30,31,-19.7406,-213.642,False
30,32,21.62924,-181.8307,False
30,33,75.61253,-140.5319,False
30,34,121.6798,-106.3669,False
30,35,163.0318,-76.05882,False
30,36,185.4035,-15.96476,False
30,37,200.2468,34.48922,False
30,38,220.2366,102.918,False
30,39,234.6886,152.5127,False
30,40,249.8526,203.1058,False
30,41,268.8922,264.6848,False
30,42,284.6407,316.0722,False
30,43,299.9684,365.8062,False
30,44,320.1566,429.7177,False
30,45,336.1589,480.6437,False
30,46,352.424,532.2286,True
30,46,382.7741,502.0995,True
30,46,303.9595,520.6461,False
30,47,342.353,529.6328,True
30,47,309.43,555.828,False
30,48,364.9151,580.3223,True
30,48,349.88,535.6879,True
30,48,309.4023,604.3066,False
30,49,360.056,628.4613,True
30,49,354.9082,580.4312,False
30,50,381.3389,536.2662,False
30,51,407.0932,495.6654,False
30,52,447.305,432.8742,False
30,53,442.221,372.3398,False
30,54,437.8497,315.1975,False
30,55,403.0289,290.4089,False
30,56,384.2914,235.9897,False
30,57,364.8725,169.1254,False
30,58,348.8519,113.8673,False
30,59,333.5572,59.80229,False
30,60,318.2751,7.994598,False
30,61,300.2209,-53.38728,False
30,62,283.79,-108.3951,False
30,63,268.5834,-159.2248,False
30,64,252.0648,-215.2122,False
30,65,235.5595,-270.2036,False
30,66,219.5649,-323.4836,False
30,67,201.5047,-381.6541,False
30,68,222.2251,-419.9535,False
30,69,250.9849,-477.4585,False
31,0,-179.2365,188.3306,False
31,1,-134.9923,171.4513,False
31,2,-108.0642,121.0186,False
31,3,-78.9981,69.75745,False
31,4,-22.81452,52.3849,False
31,5,2.068755,2.539819,False
31,6,48.9534,-11.48421,False
31,7,88.5327,-60.52477,False
31,8,121.8539,-107.6345,False
31,9,176.3019,-125.8037,False
31,10,223.8005,-140.5662,False
31,11,289.9751,-161.66,False
31,12,344.2126,-179.0052,False
31,13,394.2925,-194.8339,False
31,14,417.9205,-241.4531,False
32,0,106.5257,-98.92982,False
32,1,63.84456,-111.5789,False
32,2,36.61694,-164.3134,False
32,3,14.95593,-217.0755,False
32,4,-35.83438,-244.2475,False
32,5,-96.49108,-270.7975,False
32,6,-149.9187,-295.099,False
32,7,-169.1729,-348.2935,False
32,8,-190.6849,-404.3913,False
32,9,-210.8758,-457.6881,False
32,10,-227.4804,-501.7251,False
32,11,-277.3427,-535.4093,False
32,12,-324.9578,-557.706,False
32,13,-345.04,-609.5142,True
32,13,-371.9637,-579.0164,False
32,14,-386.1657,-626.8685,True
32,14,-416.608,-598.3521,True
32,14,-414.7285,-554.7214,True
32,14,-339.5862,-605.718,True
32,14,-387.3683,-505.4458,False
32,15,-419.9095,-526.8899,True
32,15,-421.2892,-483.0174,True
32,15,-399.102,-450.3041,False
32,16,-434.2952,-475.5775,True
32,16,-377.8977,-386.3063,False
32,17,-334.3182,-391.7576,False
32,18,-286.4768,-427.8636,False
32,19,-227.4298,-427.5845,False
32,20,-186.1788,-385.4495,False
32,21,-147.1772,-344.6067,False
32,22,-109.3047,-305.8075,False
32,23,-60.76038,-255.8316,False
32,24,-20.99976,-215.0828,False
32,25,32.07185,-212.8638,False
32,26,84.44032,-210.4967,False
32,27,138.0378,-208.0947,False
32,28,190.9388,-205.1853,False
32,29,253.9495,-201.9125,False
32,30,314.4963,-198.8601,False
32,31,308.514,-145.8071,False
32,32,307.3385,-85.72992,False
32,33,306.9519,-31.91738,False
32,34,306.8209,28.70113,False
32,35,306.8572,80.23922,False
32,36,306.412,133.3434,False
32,37,306.2997,191.8224,False
32,38,306.2877,250.8086,False
32,39,306.379,303.3784,False
32,40,305.9811,365.1135,False
32,41,339.7467,398.4998,True
32,41,315.65,419.7712,False
32,42,356.875,458.9827,False
32,43,397.1701,494.2026,True
32,43,368.776,511.8546,True
32,43,414.3403,449.2498,True
32,43,315.5706,499.4277,False
32,44,354.1731,517.6165,True
32,44,330.5001,536.2779,False
32,45,378.8326,578.0428,True
32,45,383.4768,527.8887,True
32,45,332.1725,590.438,False
32,46,381.9197,620.3636,True
32,46,344.1777,644.9614,True
32,46,371.5475,572.217,False
32,47,408.3045,522.1589,False
32,48,436.9741,479.1107,False
32,49,436.8796,417.8954,False
32,50,432.9883,362.7196,False
32,51,428.4066,298.3943,False
32,52,392.437,267.8411,False
32,53,384.2657,210.9816,False
32,54,346.898,172.7887,False
32,55,305.8504,133.0519,False
32,56,267.1876,96.46241,False
32,57,218.9698,51.49252,False
32,58,178.4423,13.70726,False
32,59,138.6546,-23.34151,False
32,60,77.60916,-26.88786,False
32,61,24.26005,-26.5793,False
32,62,-17.43474,-63.67609,False
32,63,-78.15984,-67.84937,False
32,64,-129.7428,-68.4248,False
32,65,-167.7928,-106.4797,False
32,66,-203.2755,-141.385,False
32,67,-252.1572,-189.2448,False
32,68,-294.3877,-228.3177,False
32,69,-335.8013,-265.5181,False
32,70,-371.019,-297.107,False
32,71,-424.8285,-344.0315,False
32,72,-466.7506,-379.0606,False
32,73,-518.8997,-420.3834,True
32,73,-480.316,-426.9514,False
32,74,-455.0602,-481.6263,False
32,75,-498.0977,-518.5025,True
32,75,-418.4104,-523.1576,False
32,76,-387.833,-565.8398,False
32,77,-349.1615,-620.0665,True
32,77,-330.3517,-590.3104,False
32,78,-296.5331,-638.1809,True
32,78,-281.0306,-562.7957,False
32,79,-232.6274,-538.3195,False
32,80,-186.3087,-515.0125,False
32,81,-123.8416,-483.8743,False
32,82,-71.80859,-458.0349,False
32,83,-23.43651,-433.5414,False
32,84,35.87581,-403.3165,False
32,85,88.72379,-375.8898,False
32,86,137.9075,-349.9309,False
32,87,187.6391,-323.4362,False
32,88,247.5785,-291.1577,False
32,89,296.2523,-264.4332,False
32,90,343.8011,-238.3824,False
32,91,361.6229,-185.8197,False
32,92,377.6728,-129.9872,False
32,93,395.0995,-69.36497,False
32,94,410.3156,-14.8385,False
32,95,424.9269,36.38017,False
32,96,443.5942,102.2556,False
32,97,459.7509,158.6396,False
32,98,474.3835,210.1958,False
32,99,491.1079,268.7274,False
32,100,506.6783,320.9,False
32,101,522.0098,372.7849,True
32,101,557.8782,352.1379,True
32,101,492.9819,373.467,True
32,101,543.4887,295.4068,False
32,102,565.3383,340.5421,True
32,102,586.0222,273.109,False
32,103,650.4425,249.1666,True
32,103,615.4029,321.4805,True
32,103,610.7593,211.3448,False
32,104,594.628,164.7111,False
32,105,616.1901,111.5713,True
32,105,576.0808,112.928,False
32,106,560.1436,57.02594,False
32,107,545.426,5.576077,False
32,108,527.1586,-60.60857,False
32,109,512.715,-111.78,False
32,110,499.1706,-159.7951,False
32,111,482.7622,-217.8425,False
33,0,146.2386,-33.00805,False
33,1,99.62721,-37.21963,False
33,2,62.79015,-80.3828,False
33,3,32.8602,-119.6136,False
33,4,-29.36481,-138.3578,False
33,5,-88.74815,-148.3325,False
33,6,-126.1869,-188.3287,False
33,7,-163.6212,-227.2161,False
33,8,-211.2851,-276.4206,False
33,9,-265.3854,-276.8246,False
33,10,-318.9343,-278.4382,False
33,11,-378.3918,-280.2421,False
33,12,-422.8782,-323.4896,False
33,13,-463.0015,-365.6675,False
33,14,-501.8586,-405.8316,True
33,14,-512.8524,-364.8012,False
33,15,-548.603,-401.958,True
33,15,-499.8303,-411.7522,True
33,15,-567.1741,-364.5745,False
33,16,-593.8311,-400.862,True
33,16,-554.324,-408.528,False
33,17,-546.0897,-464.0515,True
33,17,-510.7236,-438.2074,False
33,18,-500.6543,-495.9809,True
33,18,-468.2548,-478.9515,False
33,19,-425.9584,-519.1087,False
33,20,-387.7645,-555.4548,False
33,21,-420.5561,-590.5089,True
33,21,-334.9661,-550.2578,False
33,22,-331.0638,-495.9176,False
33,23,-321.8381,-441.2615,False
33,24,-312.7282,-390.5774,False
33,25,-299.9971,-321.395,False
33,26,-259.1857,-294.9359,False
33,27,-199.5345,-255.5406,False
33,28,-151.5854,-223.3876,False
33,29,-104.9041,-192.7304,False
33,30,-54.26696,-160.3732,False
33,31,-4.148914,-128.5359,False
33,32,40.38476,-99.82548,False
33,33,93.86947,-64.82864,False
33,34,140.6422,-34.31313,False
33,35,187.7543,-3.028785,False
33,36,239.0744,30.89212,False
33,37,288.7587,63.51175,False
33,38,304.8943,109.7008,False
33,39,327.9189,172.3461,False
33,40,347.4704,227.1161,False
33,41,366.9654,282.4742,False
33,42,383.9229,330.8501,False
33,43,407.0049,398.1733,False
33,44,425.6481,452.4898,True
33,44,447.7568,412.7695,True
33,44,385.0847,436.531,False
33,45,399.8268,500.5609,True
33,45,357.0103,500.6145,False
33,46,374.4248,547.3776,True
33,46,404.5103,510.9062,True
33,46,326.6987,540.4542,False
33,47,370.8252,551.0573,True
33,47,337.1286,572.6614,True
33,47,296.3705,576.342,False
33,48,345.303,584.3578,True
33,48,331.0646,608.5262,True
33,48,295.6242,624.5299,True
33,48,246.8978,561.7672,False
33,49,202.4387,529.3284,False
33,50,160.5283,499.7755,False
33,51,107.6071,462.6613,False
33,52,60.44066,429.127,False
33,53,42.26388,369.7924,False
33,54,25.48079,314.9721,False
33,55,7.391881,256.1713,False
33,56,-8.420106,205.3686,False
33,57,-24.45146,154.2938,False
33,58,-42.22126,97.79504,False
33,59,-58.43504,45.60868,False
33,60,-73.45937,-2.226654,False
33,61,-98.33315,-81.09632,False
33,62,-114.4676,-132.2582,False
33,63,-131.3654,-185.5636,False
33,64,-154.0312,-257.426,False
33,65,-205.262,-281.666,False
33,66,-259.2059,-308.5416,False
33,67,-310.7975,-334.649,False
33,68,-356.3929,-358.0475,False
33,69,-418.9367,-389.9274,False
33,70,-468.8542,-415.8245,False
33,71,-512.6337,-438.4789,True
33,71,-520.2814,-397.5374,False
33,72,-573.3913,-423.288,True
33,72,-520.562,-446.5211,True
33,72,-561.2571,-375.3332,False
33,73,-578.6298,-425.2352,True
33,73,-602.7044,-394.9185,True
33,73,-595.569,-351.2052,True
33,73,-579.2006,-314.9503,False
33,74,-538.7255,-286.2519,False
33,75,-510.2667,-324.7028,False
33,76,-470.4412,-369.2248,False
33,77,-431.3873,-412.3548,False
33,78,-393.8828,-453.5412,False
33,79,-359.248,-492.3941,False
33,80,-312.2336,-545.3951,False
33,81,-280.281,-518.8608,False
33,82,-227.668,-484.671,False
33,83,-181.2183,-453.4827,False
33,84,-139.0762,-425.2759,False
33,85,-84.32584,-388.9891,False
33,86,-36.55689,-357.5472,False
33,87,6.008858,-329.4837,False
33,88,21.56204,-273.4282,False
33,89,30.99934,-224.8178,False
33,90,44.32771,-159.0748,False
33,91,55.03975,-106.7654,False
33,92,66.58228,-52.98042,False
33,93,78.19905,-0.4423723,False
33,94,93.2785,64.97955,False
33,95,105.6597,116.9452,False
33,96,119.9767,177.41,False
33,97,132.048,233.1103,False
33,98,181.0032,264.1002,False
33,99,229.0,296.1047,False
33,100,274.3195,326.234,False
33,101,326.9184,360.8493,False
33,102,378.1692,393.6822,False
33,103,425.2711,424.145,True
33,103,398.1835,450.6576,True
33,103,434.8753,383.5289,True
33,103,346.667,444.8607,False
33,104,395.7837,459.3074,True
33,104,360.2366,484.2646,True
33,104,317.5681,485.8481,False
33,105,336.4808,531.9468,True
33,105,365.6398,495.3615,True
33,105,292.8488,533.5736,False
33,106,310.0082,582.6221,False
33,107,329.4987,639.733,True
33,107,288.4187,633.7148,True
33,107,359.2292,564.7303,False
33,108,390.0128,516.4595,False
33,109,419.951,469.2754,False
33,110,447.1675,426.2651,False
33,111,447.2744,363.3553,False
33,112,443.1969,312.6532,False
33,113,400.1889,269.7182,False
33,114,395.5154,217.0315,False
33,115,392.531,164.3769,False
33,116,389.0428,102.9668,False
33,117,386.0925,49.82091,False
33,118,383.2054,-2.174841,False
33,119,379.566,-59.81947,False
33,120,375.7494,-118.5658,False
33,121,370.8365,-173.2628,False
33,122,363.4379,-240.2829,False
33,123,357.7499,-293.4348,False
34,0,37.31269,180.2777,False
34,1,38.62058,133.3651,False
34,2,44.27962,66.61589,False
34,3,49.23925,11.43544,False
34,4,54.42852,-39.70193,False
34,5,-3.856221,-48.97234,False
34,6,-60.90151,-56.46949,False
34,7,-114.4824,-63.53003,False
34,8,-162.8649,-69.36414,False
34,9,-226.5576,-76.74395,False
34,10,-280.6546,-83.34812,False
34,11,-331.9895,-89.7175,False
34,12,-395.9834,-97.67418,False
34,13,-427.63,-138.6947,False
34,14,-464.8032,-185.1194,False
34,15,-498.9163,-227.5073,False
34,16,-541.7571,-278.6532,False
34,17,-579.3905,-323.2639,False
34,18,-615.3212,-364.9517,True
34,18,-579.7116,-381.2009,True
34,18,-541.2064,-361.7634,True
34,18,-635.3823,-299.6963,True
34,18,-613.907,-260.9108,True
34,19,-480.9248,-273.7986,False
34,20,-500.9654,-336.8853,False
34,21,-475.3729,-384.7135,True
34,21,-520.6047,-374.9429,True
34,21,-453.1597,-345.8846,False
34,22,-437.7757,-393.2735,True
34,22,-412.2654,-358.1199,False
34,23,-393.5349,-314.3437,False
34,24,-368.8665,-270.4161,False
34,25,-338.5112,-216.1899,False
34,26,-312.1992,-169.2585,False
34,27,-255.5186,-153.6863,False
34,28,-232.1813,-116.4658,False
34,29,-194.1133,-59.1329,False
34,30,-161.6543,-10.33095,False
34,31,-131.3854,35.18924,False
34,32,-101.7452,79.61693,False
34,33,-63.32045,137.5587,False
34,34,-18.05115,145.4581,False
34,35,46.85842,158.9997,False
34,36,104.6383,171.0399,False
34,37,156.4221,181.8159,False
34,38,224.0349,195.7701,False
34,39,280.8616,207.4032,False
34,40,336.3726,218.747,False
34,41,388.7387,229.3536,False
34,42,460.4879,243.8566,False
34,43,512.8544,254.408,False
34,44,555.8796,297.5863,False
34,45,589.4691,335.2416,True
34,45,557.7734,354.5549,True
34,45,614.8283,303.5721,True
34,45,589.52,257.4537,True
34,45,518.855,335.3637,True
34,46,491.1727,255.3485,False
34,47,500.4265,300.2002,False
34,48,514.7254,363.0663,True
34,48,478.4527,350.027,True
34,48,459.0438,313.5237,False
34,49,437.4328,266.2616,False
34,50,413.3313,218.4808,False
34,51,388.6769,169.6335,False
34,52,362.2971,116.3558,False
34,53,339.1854,69.29655,False
34,54,310.654,11.41167,False
34,55,286.9005,-37.02595,False
34,56,264.085,-83.38786,False
34,57,238.0854,-136.5064,False
34,58,212.0519,-189.4995,False
34,59,187.9204,-237.9883,False
34,60,160.3443,-291.8228,False
34,61,133.4065,-344.2836,False
34,62,78.54034,-371.0561,False
34,63,25.87917,-396.7263,False
34,64,-22.99688,-420.9191,False
34,65,-77.61265,-448.652,False
34,66,-131.8431,-476.5717,False
34,67,-180.1744,-501.3668,False
34,68,-228.0629,-526.5942,False
34,69,-288.0889,-558.1175,False
34,70,-341.3071,-586.4584,False
34,71,-392.2066,-613.9417,True
34,71,-354.0621,-631.5503,True
34,71,-386.2698,-574.0844,True
34,71,-307.0389,-630.5839,True
34,71,-346.4755,-525.069,False
34,72,-394.8245,-550.6705,True
34,72,-388.7429,-501.6829,True
34,72,-357.2111,-474.3313,False
34,73,-308.2379,-454.5022,False
34,74,-261.8885,-430.0911,False
34,75,-202.0769,-398.9213,False
34,76,-152.8457,-372.8312,False
34,77,-102.399,-346.7979,False
34,78,-54.737,-322.2767,False
34,79,5.598022,-291.4992,False
34,80,56.17451,-264.7654,False
34,81,102.7112,-240.205,False
34,82,162.2628,-209.2068,False
34,83,213.2519,-182.732,False
34,84,259.2494,-158.878,False
34,85,317.5828,-128.8975,False
34,86,328.9962,-87.62567,False
34,87,348.0381,-27.16078,False
34,88,365.0349,26.30682,False
34,89,381.112,76.99901,False
34,90,399.7123,138.4237,False
34,91,416.0761,192.1432,False
34,92,432.1037,244.8596,False
34,93,450.6223,305.9976,False
34,94,466.5368,357.8394,True
34,94,492.2726,326.2219,False
34,95,517.8474,381.6812,True
34,95,547.5577,351.8827,True
34,95,468.381,367.2098,True
34,95,545.4561,299.0215,False
34,96,558.9685,344.4089,True
34,96,595.4549,277.337,False
34,97,598.6119,318.0634,False
34,98,653.4965,314.6388,True
34,98,599.4477,355.3504,True
34,98,638.7927,344.7879,True
34,98,564.3079,357.3456,True
34,98,545.9611,303.8805,False
34,99,535.1656,261.6133,False
34,100,513.7238,202.209,False
34,101,495.6032,151.7687,False
34,102,476.7102,99.44614,False
34,103,459.6199,51.94955,False
34,104,437.3312,-10.4524,False
34,105,418.5218,-63.39663,False
34,106,399.0352,-117.9827,False
34,107,379.3693,-173.3623,False
34,108,360.7397,-225.6732,False
34,109,342.2664,-278.2065,False
34,110,321.3907,-337.0569,False
35,0,176.0107,146.5224,False
35,1,180.0967,91.38428,False
35,2,186.0405,37.76301,False
35,3,192.5567,-16.34726,False
35,4,199.7989,-72.11082,False
35,5,156.9597,-73.76936,False
35,6,84.09853,-84.75007,False
35,7,52.70975,-116.1598,False
35,8,-1.381615,-167.1091,False
35,9,-42.81448,-205.2438,False
35,10,-83.06133,-241.3527,False
35,11,-134.0901,-284.7717,False
35,12,-177.8163,-320.2877,False
35,13,-219.5094,-352.8096,False
35,14,-270.4933,-391.3932,False
35,15,-318.0511,-426.6727,False
35,16,-363.7355,-459.6042,True
35,16,-366.8036,-418.2693,False
35,17,-403.8548,-445.3599,True
35,17,-423.6076,-411.8669,True
35,17,-374.9613,-469.9095,True
35,17,-400.1645,-364.5515,False
35,18,-435.2621,-398.8494,True
35,18,-443.358,-358.0202,False
35,19,-452.7239,-402.585,False
35,20,-425.3439,-452.6031,False
35,21,-399.0742,-501.995,False
35,22,-372.7211,-549.96,False
35,23,-342.5758,-604.7974,True
35,23,-323.529,-530.9013,False
35,24,-271.5991,-512.0376,False
35,25,-215.4553,-491.5381,False
35,26,-159.3717,-470.183,False
35,27,-108.6207,-450.9012,False
35,28,-47.93134,-428.0026,False
35,29,4.418619,-407.8198,False
35,30,49.60771,-390.3092,False
35,31,119.351,-362.5051,False
35,32,173.9219,-340.7692,False
35,33,221.6588,-321.3437,False
35,34,284.8873,-295.7891,False
35,35,338.4749,-274.2176,False
35,36,389.0044,-253.4588,False
35,37,452.1324,-227.6931,False
35,38,431.1782,-181.3875,False
35,39,407.7989,-120.3351,False
35,40,385.9652,-63.88364,False
35,41,407.6667,-13.6112,False
35,42,429.2289,37.77642,False
35,43,450.0073,85.90498,False
35,44,473.8906,141.2833,False
35,45,497.4574,196.1664,False
35,46,519.0082,246.3886,False
35,47,538.7921,291.4326,False
35,48,566.1064,353.5138,True
35,48,590.7472,319.2415,False
35,49,614.819,373.8535,False
35,50,633.2679,424.325,True
35,50,668.5999,362.9272,True
35,50,655.8665,395.3866,True
35,50,578.6978,407.2477,True
35,50,558.9741,362.6326,False
35,51,542.4885,319.3057,False
35,52,494.6638,293.7442,False
35,53,480.779,244.4722,False
35,54,466.283,194.9698,False
35,55,444.1167,119.9547,False
35,56,428.8152,68.1955,False
35,57,414.4633,20.52822,False
35,58,395.1085,-43.94968,False
35,59,377.0732,-104.661,False
35,60,362.5546,-155.5152,False
35,61,345.3612,-215.3543,False
35,62,329.3845,-270.4673,False
35,63,315.6244,-317.8319,False
35,64,298.2264,-378.419,False
36,0,156.2716,-216.1166,False
36,1,177.0203,-167.2767,False
36,2,222.4347,-154.912,False
36,3,236.7159,-206.5988,False
36,4,285.5145,-191.0517,False
36,5,272.6465,-146.3072,False
36,6,325.8582,-136.4482,False
36,7,311.0756,-91.64178,False
36,8,299.1334,-36.78649,False
36,9,287.2023,16.77065,False
36,10,271.8663,82.27177,False
36,11,298.0305,123.1933,False
36,12,330.4167,178.0787,False
36,13,360.156,228.6539,False
36,14,387.0683,274.7798,False
36,15,418.2711,328.1669,False
36,16,464.4984,340.2152,False
36,17,501.03,389.128,True
36,17,525.6501,356.5829,True
36,17,452.8737,389.4476,True
36,17,513.9031,317.0385,False
36,18,526.9554,363.1218,True
36,18,561.8373,292.8705,False
36,19,567.9025,337.7415,True
36,19,609.4821,272.5566,True
36,19,576.6426,239.6619,False
36,20,534.1788,213.5194,False
36,21,568.6662,170.3332,False
36,22,601.2997,123.0609,True
36,22,559.6149,114.733,False
36,23,589.8877,75.55468,True
36,23,555.1437,54.45367,False
36,24,509.527,17.82187,False
36,25,465.4274,-18.01609,False
36,26,425.6987,-49.71897,False
36,27,375.4188,-89.72098,False
36,28,329.5198,-124.9139,False
36,29,287.3953,-157.0554,False
36,30,272.9986,-214.1744,False
36,31,259.1649,-266.2521,False
36,32,243.164,-324.4426,False
36,33,192.8285,-314.2397,False
36,34,145.2547,-301.512,False
36,35,91.7774,-326.5507,False
36,36,31.59894,-320.1086,False
36,37,-19.44508,-312.732,False
36,38,-69.93177,-304.9506,False
36,39,-129.0645,-295.4463,False
36,40,-184.8,-286.4657,False
36,41,-240.7863,-276.8711,False
36,42,-285.4525,-304.9683,False
36,43,-328.3787,-334.4436,False
36,44,-373.2917,-365.0181,False
36,45,-422.3051,-398.1479,True
36,45,-387.5256,-418.7549,True
36,45,-436.2775,-358.3322,False
36,46,-439.2052,-400.6091,True
36,46,-473.2084,-383.131,False
36,47,-486.6074,-441.0972,False
36,48,-460.972,-480.6359,False
36,49,-425.1697,-539.0862,False
36,50,-394.7659,-587.9507,False
36,51,-361.7289,-640.4434,True
36,51,-441.8053,-614.1428,True
36,51,-401.0759,-626.2912,True
36,51,-335.5479,-582.9048,False
36,52,-284.7392,-558.7182,False
36,53,-231.8218,-532.4764,False
36,54,-180.9324,-507.0201,False
36,55,-136.0055,-484.6717,False
36,56,-70.47704,-451.803,False
36,57,-18.70223,-425.2799,False
36,58,31.44021,-399.1631,False
36,59,88.69352,-369.0788,False
36,60,139.7314,-342.2811,False
36,61,189.6801,-315.6004,False
36,62,246.4575,-285.0665,False
36,63,298.6734,-256.4679,False
36,64,346.143,-230.5595,False
36,65,402.5087,-199.5697,False
36,66,425.3229,-147.9107,False
36,67,403.5881,-92.23602,False
36,68,383.744,-38.69125,False
36,69,405.1066,12.37069,False
36,70,426.3478,60.70074,False
36,71,451.4442,119.9951,False
36,72,472.7241,171.1705,False
36,73,495.4359,225.7364,False
36,74,518.3834,281.2562,False
36,75,540.3557,334.4944,True
36,75,500.4799,318.6637,False
36,76,516.017,374.8414,True
36,76,540.7952,331.3397,False
36,77,560.155,371.4081,True
36,77,524.9001,368.0725,True
36,77,594.2789,330.8709,False
36,78,648.4259,308.9702,True
36,78,634.3541,350.7733,True
36,78,597.7559,374.6808,False
36,79,633.6494,354.6556,True
36,79,632.1907,385.633,True
36,79,601.6205,416.063,True
36,79,556.1169,409.8713,False
36,80,579.8182,462.3071,True
36,80,609.2898,420.5253,False
36,81,664.6188,403.7175,True
36,81,619.2092,474.5848,False
36,82,661.9359,501.9549,True
36,82,629.7763,524.0873,True
36,82,585.8987,516.2704,True
36,82,663.3442,451.205,True
36,82,563.6276,474.7361,False
36,83,583.8938,523.2924,True
36,83,530.6973,418.0772,False
36,84,495.7027,374.5112,False
36,85,461.9064,332.6572,False
36,86,420.7059,281.6027,False
36,87,386.6754,239.3471,False
36,88,351.7823,196.6065,False
36,89,306.7863,142.4385,False
36,90,268.7637,98.49236,False
36,91,232.7176,57.93835,False
36,92,189.2907,9.440938,False
36,93,149.2612,-34.2599,False
36,94,109.9106,-76.03227,False
36,95,65.99807,-122.0659,False
36,96,26.3941,-163.3439,False
36,97,-31.44691,-165.1344,False
36,98,-84.79672,-167.4492,False
36,99,-138.9727,-169.739,False
36,100,-194.7493,-172.37,False
36,101,-257.1363,-175.8577,False
36,102,-316.3575,-179.1669,False
36,103,-370.3873,-182.2645,False
36,104,-420.277,-185.0235,False
36,105,-478.9424,-188.3773,False
36,106,-533.9021,-192.0299,False
36,107,-575.2745,-231.3715,False
36,108,-613.2316,-272.2364,True
36,108,-636.4722,-232.0105,True
36,108,-580.2441,-275.6863,False
36,109,-585.4186,-332.9536,True
36,109,-552.5209,-311.9502,False
36,110,-516.8755,-366.514,True
36,110,-562.8792,-363.8254,True
36,110,-502.2635,-322.969,False
36,111,-472.2717,-372.761,True
36,111,-515.9343,-376.773,True
36,111,-454.8864,-330.4913,False
36,112,-420.217,-375.1607,False
36,113,-390.5832,-416.2457,False
36,114,-356.6349,-464.2721,False
36,115,-402.4284,-492.6471,True
36,115,-322.2455,-494.8101,False
36,116,-364.8567,-519.8312,True
36,116,-269.1298,-449.624,False
36,117,-255.8184,-407.5698,False
36,118,-235.037,-345.0726,False
36,119,-217.0085,-290.9513,False
36,120,-170.0677,-262.4912,False
36,121,-120.7897,-233.4289,False
36,122,-72.85336,-204.2728,False
36,123,-16.59641,-170.4109,False
36,124,34.23236,-139.3843,False
36,125,78.35303,-112.5133,False
36,126,121.5274,-85.58166,False
36,127,179.3957,-49.94395,False
36,128,228.2665,-19.59819,False
36,129,271.6391,7.681113,False
36,130,330.8204,44.63752,False
36,131,337.0147,88.34259,False
36,132,346.7645,148.0634,False
36,133,355.0354,202.4725,False
36,134,362.1201,250.4624,False
36,135,371.5435,317.4655,False
36,136,379.4983,371.6834,False
36,137,387.3282,421.6051,False
36,138,395.5234,470.8209,False
36,139,405.1336,524.5768,False
36,140,414.9959,576.5994,True
36,140,372.9067,571.7062,False
36,141,379.3705,621.5889,True
36,141,342.9719,603.7114,True
36,141,419.0278,583.7164,True
36,141,324.1663,560.6602,False
36,142,324.0529,610.016,True
36,142,292.8728,587.238,True
36,142,279.3771,513.4639,False
36,143,306.668,472.1149,False
36,144,333.7984,420.05,False
36,145,358.507,373.9193,False
36,146,343.6333,320.0705,False
36,147,330.0337,272.7301,False
36,148,311.8341,209.3813,False
36,149,296.4303,156.5956,False
36,150,283.7792,113.2569,False
36,151,265.1711,47.07888,False
36,152,250.0105,-6.413505,False
36,153,235.3658,-57.34468,False
36,154,219.0472,-114.5115,False
36,155,203.3096,-169.423,False
36,156,189.5341,-217.9861,False
36,157,171.7161,-279.912,False
36,158,156.1076,-333.9484,False
36,159,141.6004,-383.7356,False
36,160,162.7113,-437.8668,False
36,161,110.5733,-454.8202,False
36,162,56.25038,-476.9568,False
36,163,6.59312,-497.1465,False
36,164,-57.04265,-522.8205,False
36,165,-109.8418,-544.046,False
36,166,-160.1168,-564.1909,False
36,167,-225.9237,-590.9056,False
36,168,-276.6368,-612.0152,True
36,168,-247.1422,-644.395,True
36,168,-280.106,-573.1075,False
36,169,-334.9576,-594.384,False
36,170,-353.4868,-635.3726,True
36,170,-384.4066,-612.7837,False
36,171,-407.7443,-661.0405,True
36,171,-358.918,-652.5721,True
36,171,-437.998,-620.2452,True
36,171,-440.8441,-572.8956,True
36,171,-389.4447,-538.8565,False
36,172,-332.8951,-527.5119,False
36,173,-278.8634,-512.4022,False
36,174,-232.6691,-499.4222,False
36,175,-159.5892,-478.0587,False
36,176,-106.5875,-462.498,False
36,177,-59.22243,-448.6324,False
36,178,11.20072,-427.621,False
36,179,61.9738,-413.1827,False
36,180,111.9619,-399.0804,False
36,181,175.2783,-381.2434,False
36,182,231.351,-365.7519,False
36,183,281.7998,-351.4269,False
36,184,348.1357,-332.1971,False
37,0,-54.98153,246.6916,False
37,1,-32.65793,205.2054,False
37,2,19.08721,195.549,False
37,3,48.54711,147.5706,False
37,4,91.0006,140.7586,False
37,5,127.278,96.7109,False
37,6,155.2765,54.05322,False
37,7,195.07,-5.930053,False
37,8,225.9595,-52.45528,False
37,9,257.5063,-98.62663,False
37,10,293.9085,-151.5783,False
37,11,341.9323,-166.0527,False
37,12,407.0365,-186.121,False
37,13,426.482,-226.9764,False
37,14,459.4146,-290.1542,False
38,0,152.0107,-172.1134,False
38,1,97.38245,-183.0529,False
38,2,74.86556,-219.3999,False
38,3,18.9794,-239.2851,False
38,4,-12.65225,-284.6877,False
38,5,-41.62783,-329.8452,False
38,6,-96.93513,-341.303,False
38,7,-151.4856,-353.7228,False
38,8,-182.2337,-397.048,False
38,9,-212.5277,-441.9665,False
38,10,-263.5298,-458.0306,False
38,11,-314.5297,-475.5264,False
38,12,-364.2981,-493.412,True
38,12,-338.088,-524.1511,True
38,12,-364.9117,-448.1925,True
38,12,-285.452,-524.6943,False
38,13,-270.6357,-577.6299,False
38,14,-252.7272,-642.1411,True
38,14,-317.4506,-600.6743,False
38,15,-368.9424,-614.2298,False
38,16,-433.3162,-631.6075,True
38,16,-361.7145,-660.5968,True
38,16,-406.4955,-646.355,True
38,16,-429.3151,-571.3781,True
38,16,-396.031,-544.0802,False
38,17,-440.4968,-575.1503,False
38,18,-451.3339,-620.0961,True
38,18,-406.8159,-604.347,True
38,18,-489.0451,-591.8591,True
38,18,-501.7956,-545.8817,True
38,18,-470.2465,-506.7749,False
38,19,-509.9554,-539.9301,True
38,19,-514.1098,-498.0634,True
38,19,-412.1671,-472.2483,False
38,20,-363.7669,-473.7149,False
38,21,-302.1612,-474.8156,False
38,22,-267.4667,-443.9281,False
38,23,-210.8091,-395.2261,False
38,24,-165.7589,-357.4117,False
38,25,-123.5936,-323.1382,False
38,26,-76.91016,-286.0582,False
38,27,-30.4434,-250.537,False
38,28,14.24172,-216.481,False
38,29,58.13824,-184.0018,False
38,30,108.303,-147.8288,False
38,31,151.1406,-118.0916,False
38,32,176.527,-62.20788,False
38,33,191.6612,-17.56468,False
38,34,214.891,51.5691,False
38,35,233.0381,105.0923,False
38,36,253.1071,164.8628,False
38,37,273.0469,222.7212,False
38,38,290.5012,273.1998,False
38,39,310.7735,331.6639,False
38,40,332.4022,394.5611,False
38,41,350.4082,446.5961,False
38,42,367.7709,496.841,True
38,42,401.5684,470.3043,True
38,42,327.2527,488.0036,False
38,43,368.7392,499.9161,True
38,43,331.7966,521.3162,False
38,44,383.4609,544.9218,True
38,44,375.9194,495.2183,True
38,44,349.2964,566.6614,True
38,44,304.1996,571.77,False
38,45,353.1439,578.5385,True
38,45,329.5201,601.7982,True
38,45,298.5479,621.164,True
38,45,262.9596,601.3234,True
38,45,245.8803,556.7206,False
38,46,198.7317,521.9756,False
38,47,153.642,488.0303,False
38,48,103.9469,450.623,False
38,49,98.39927,406.7685,False
38,50,89.56742,348.03,False
38,51,80.56268,291.9856,False
38,52,71.57108,232.0739,False
38,53,63.3372,178.9525,False
38,54,55.00987,128.5333,False
38,55,44.79607,69.97524,False
38,56,34.25967,10.73089,False
38,57,23.98268,-44.2956,False
38,58,13.87094,-98.64701,False
38,59,1.750731,-161.5859,False
38,60,-8.339293,-214.2163,False
38,61,-18.83603,-266.1432,False
38,62,-31.36359,-327.5807,False
38,63,-4.68296,-367.546,False
38,64,29.92264,-419.5979,False
38,65,64.24862,-470.9199,False
38,66,94.88534,-515.6465,False
38,67,133.2935,-570.5156,False
38,68,165.9195,-617.249,True
38,68,172.2983,-574.2338,False
38,69,225.7135,-621.5505,True
38,69,249.8396,-592.1667,False
39,0,-166.6688,162.7222,False
39,1,-114.6297,156.8432,False
39,2,-125.4034,110.4596,False
39,3,-135.8326,56.76501,False
39,4,-145.4108,7.783268,False
39,5,-192.9355,-26.66367,False
39,6,-248.4419,-56.87468,False
39,7,-301.6012,-85.80058,False
39,8,-325.6204,-137.9678,False
39,9,-347.877,-185.8255,False
39,10,-370.6712,-234.7493,False
39,11,-395.5027,-288.6604,False
39,12,-421.8952,-346.9833,False
39,13,-445.6883,-399.5592,True
39,13,-465.6484,-362.931,True
39,13,-401.5439,-381.7283,False
39,14,-445.579,-405.312,True
39,14,-372.123,-441.9926,False
39,15,-427.5108,-451.2668,False
39,16,-485.2926,-465.514,True
39,16,-456.0455,-490.9862,False
39,17,-448.6583,-550.2177,False
39,18,-493.1451,-556.467,True
39,18,-467.0518,-588.4882,True
39,18,-423.9555,-589.4402,False
39,19,-457.2361,-640.4922,True
39,19,-469.2171,-588.8906,True
39,19,-407.3658,-629.6256,True
39,19,-353.4746,-572.6597,False
39,20,-306.8563,-533.3676,False
39,21,-265.7544,-497.753,False
39,22,-216.1035,-456.6327,False
39,23,-169.4918,-418.6161,False
39,24,-124.0186,-381.7949,False
39,25,-70.1609,-338.6793,False
39,26,-26.02229,-303.9344,False
39,27,15.01892,-271.7009,False
39,28,62.26817,-234.6225,False
39,29,107.7966,-199.6326,False
39,30,150.8466,-166.9492,False
39,31,168.5206,-108.5591,False
39,32,181.2109,-59.34673,False
39,33,197.3447,4.689002,False
39,34,210.0649,55.99367,False
39,35,224.1559,110.2736,False
39,36,236.8227,158.1332,False
39,37,253.1565,220.0107,False
39,38,267.2645,273.3756,False
39,39,282.8329,333.5619,False
39,40,297.0507,386.0616,False
39,41,335.9419,407.7878,False
39,42,357.1096,462.2917,True
39,42,393.4179,448.3091,True
39,42,317.2715,460.0049,False
39,43,363.7358,485.6078,True
39,43,322.1978,511.9446,False
39,44,366.994,541.9037,False
39,45,387.2643,504.223,False
39,46,427.1722,450.1662,False
39,47,460.118,406.8705,False
39,48,489.1448,368.6851,False
39,49,455.761,331.9143,False
39,50,447.7053,276.7957,False
39,51,412.9274,240.5514,False
39,52,366.2851,191.1128,False
39,53,328.7465,152.4658,False
39,54,289.7346,112.518,False
39,55,255.5907,77.35377,False
39,56,205.3969,26.22533,False
39,57,168.4248,-11.64842,False
39,58,107.2962,-14.17225,False
39,59,55.00451,-14.56772,False
39,60,3.770802,-14.96399,False
39,61,-41.53965,-50.24794,False
39,62,-78.04374,-85.18162,False
39,63,-126.0184,-130.8625,False
39,64,-165.9695,-169.0843,False
39,65,-210.5234,-211.3605,False
39,66,-248.995,-247.8216,False
39,67,-290.6747,-287.2523,False
39,68,-328.595,-323.1927,False
39,69,-380.0785,-371.6826,False
39,70,-423.7243,-411.6871,False
39,71,-435.2513,-473.8791,True
39,71,-468.557,-451.7364,True
39,71,-472.0475,-410.8987,True
39,71,-387.6984,-448.0129,False
39,72,-347.058,-501.5222,False
39,73,-354.1316,-549.941,False
39,74,-326.9399,-597.7086,True
39,74,-366.7054,-595.9944,True
39,74,-306.9471,-555.6381,False
39,75,-281.886,-605.6541,True
39,75,-258.0701,-531.2792,False
39,76,-205.1301,-510.9395,False
39,77,-154.0714,-491.3639,False
39,78,-92.47949,-466.9601,False
39,79,-37.83869,-445.3799,False
39,80,9.200443,-426.84,False
39,81,73.41145,-401.1471,False
39,82,127.522,-378.9807,False
39,83,180.202,-357.4771,False
39,84,239.424,-332.8599,False
39,85,294.0141,-310.1288,False
39,86,345.9226,-288.6674,False
39,87,399.3198,-266.6868,False
40,0,61.19595,-161.1677,False
40,1,62.79121,-210.7048,False
40,2,8.654982,-210.1264,False
40,3,-45.44824,-213.8929,False
40,4,-99.69811,-218.2561,False
40,5,-135.9775,-261.6662,False
40,6,-170.4597,-302.0166,False
40,7,-213.4317,-351.9853,False
40,8,-258.5506,-354.1297,False
40,9,-316.9595,-358.3824,False
40,10,-356.7454,-404.437,False
40,11,-403.1488,-408.016,False
40,12,-459.3141,-412.6884,True
40,12,-433.1417,-448.0739,True
40,12,-384.2181,-452.9745,False
40,13,-417.8169,-502.9901,False
40,14,-416.1546,-561.0131,False
40,15,-452.0331,-598.5621,True
40,15,-418.955,-614.3805,True
40,15,-477.4005,-553.6675,False
40,16,-514.1728,-584.0455,True
40,16,-527.4641,-547.3717,False
40,17,-525.2105,-598.9109,True
40,17,-575.7417,-540.2903,True
40,17,-555.6324,-581.0999,True
40,17,-566.3401,-504.8716,False
40,18,-544.8409,-460.0717,False
40,19,-493.1171,-435.5436,False
40,20,-471.8263,-485.8297,False
40,21,-447.1751,-534.5142,False
40,22,-409.3249,-512.4537,False
40,23,-352.0219,-482.9161,False
40,24,-307.887,-459.3006,False
40,25,-250.0569,-427.3556,False
40,26,-203.2373,-401.4273,False
40,27,-145.1264,-369.0372,False
40,28,-94.47679,-340.3009,False
40,29,-53.56581,-317.2018,False
40,30,5.204564,-282.9135,False
40,31,19.61092,-227.9267,False
40,32,33.46328,-176.5004,False
40,33,47.1595,-126.9768,False
40,34,62.79653,-70.43412,False
40,35,77.86836,-16.05648,False
40,36,91.05617,31.42112,False
40,37,106.0903,87.27466,False
40,38,120.5659,140.3108,False
40,39,135.3085,193.466,False
40,40,150.7978,248.8799,False
40,41,191.6562,272.3884,False
40,42,250.2619,307.6495,False
40,43,299.7044,338.1769,False
40,44,345.7465,366.638,False
40,45,402.479,402.2112,False
40,46,452.1689,433.338,True
40,46,422.3876,455.7463,True
40,46,444.0448,384.793,False
40,47,474.7983,424.7897,True
40,47,495.785,395.9493,True
40,47,503.139,355.9816,False
40,48,522.4286,401.5942,True
40,48,510.0674,301.9868,False
40,49,493.2936,240.2864,False
40,50,476.8521,189.7895,False
40,51,458.1718,132.4946,False
40,52,440.2405,77.26567,False
40,53,423.1123,25.58312,False
40,54,404.1126,-31.65611,False
40,55,387.4493,-81.95192,False
40,56,370.4438,-133.196,False
40,57,354.3815,-181.9443,False
40,58,330.7422,-253.0155,False
40,59,314.1074,-303.3672,False
40,60,298.3694,-350.605,False
41,0,117.6671,-334.9855,False
41,1,124.0754,-385.6165,False
41,2,79.23219,-388.7422,False
41,3,7.711932,-399.0537,False
41,4,-15.95229,-437.9943,False
41,5,-47.26783,-487.1272,False
41,6,-88.92599,-496.3404,False
41,7,-145.9149,-511.7343,False
41,8,-177.6685,-557.6245,False
41,9,-232.2176,-572.7781,False
41,10,-259.5788,-616.598,True
41,10,-280.285,-584.837,False
41,11,-308.4131,-633.7661,True
41,11,-331.0304,-607.1834,True
41,11,-249.7848,-630.5419,True
41,11,-322.0476,-561.1689,False
41,12,-356.1756,-583.8788,True
41,12,-319.3668,-601.2814,True
41,12,-364.7933,-544.8248,False
41,13,-415.817,-573.3279,False
41,14,-427.9534,-622.3868,True
41,14,-378.8503,-609.0939,True
41,14,-456.9555,-587.1313,True
41,14,-475.2679,-557.2607,True
41,14,-447.5058,-512.6251,False
41,15,-490.3508,-513.5549,False
41,16,-504.4724,-564.1251,False
41,17,-465.456,-609.7537,True
41,17,-451.2498,-560.5863,False
41,18,-399.9149,-558.8854,False
41,19,-345.2209,-557.6357,False
41,20,-292.3567,-555.7555,False
41,21,-246.7336,-516.3203,False
41,22,-210.5272,-478.8733,False
41,23,-165.6579,-432.6389,False
41,24,-128.3328,-395.0403,False
41,25,-94.50035,-361.0762,False
41,26,-44.5348,-310.857,False
41,27,-2.407239,-268.8131,False
41,28,35.13059,-231.4287,False
41,29,33.46507,-178.4064,False
41,30,32.35964,-120.5026,False
41,31,31.72611,-58.74516,False
41,32,31.31504,1.988657,False
41,33,30.95545,59.02199,False
41,34,30.09512,111.5846,False
41,35,69.19814,153.0158,False
41,36,107.8852,192.9652,False
41,37,153.6796,239.7681,False
41,38,195.0783,281.9119,False
41,39,233.6769,320.4345,False
41,40,269.8634,356.1546,False
41,41,318.4988,403.3155,False
41,42,357.1798,440.5907,False
41,43,416.9836,443.3213,True
41,43,395.4922,475.5673,True
41,43,372.6526,501.9958,True
41,43,387.128,399.2453,False
41,44,439.376,392.1736,True
41,44,421.0406,351.2099,False
41,45,455.3964,308.7616,False
41,46,496.6197,257.2864,False
41,47,531.8157,212.5061,False
41,48,563.2171,172.753,False
41,49,606.7863,116.6848,True
41,49,568.5295,114.107,False
41,50,606.9096,64.10292,True
41,50,565.8154,59.91619,False
41,51,530.2688,22.87454,False
41,52,494.0078,-17.33715,False
41,53,446.1318,-69.02982,False
41,54,409.3025,-107.773,False
41,55,370.7776,-148.1521,False
41,56,333.4575,-187.352,False
41,57,279.4577,-195.3936,False
41,58,231.5012,-197.8855,False
41,59,164.6189,-202.2136,False
41,60,105.1471,-205.6124,False
41,61,50.49228,-209.2031,False
41,62,-9.427069,-213.0436,False
41,63,-71.87583,-217.4206,False
41,64,-125.8487,-221.9904,False
41,65,-176.1661,-225.8159,False
41,66,-235.9118,-230.6549,False
41,67,-296.1558,-236.269,False
41,68,-335.1096,-280.9666,False
41,69,-372.8329,-324.7703,False
41,70,-409.8434,-366.86,False
41,71,-441.9308,-403.8623,False
41,72,-444.6555,-465.4383,False
41,73,-442.1366,-520.3357,False
41,74,-439.4092,-582.2009,False
41,75,-473.905,-619.1192,True
41,75,-488.2901,-571.0423,True
41,75,-442.959,-631.9715,True
41,75,-403.2062,-614.9578,True
41,75,-383.7677,-571.2059,False
41,76,-338.5935,-541.6204,False
41,77,-295.3449,-514.5162,False
41,78,-237.0621,-477.3492,False
41,79,-188.8969,-446.6147,False
41,80,-143.1037,-416.405,False
41,81,-86.71547,-379.3192,False
41,82,-37.47451,-346.9295,False
41,83,8.707693,-316.7343,False
41,84,65.71204,-280.2301,False
41,85,83.36481,-231.6554,False
41,86,106.4697,-167.5562,False
41,87,124.4695,-117.9691,False
41,88,142.0613,-69.6557,False
41,89,158.4253,-24.83808,False
41,90,182.787,41.69022,False
41,91,201.9646,93.57102,False
41,92,219.4234,142.5952,False
41,93,240.1837,200.6751,False
41,94,260.0552,256.8253,False
41,95,278.2346,307.5803,False
41,96,327.4286,340.8572,False
41,97,367.9491,367.6469,False
41,98,425.1985,406.0531,True
41,98,383.9985,419.7498,True
41,98,423.7903,361.4587,False
41,99,481.9855,359.0545,False
41,100,534.2604,357.1812,False
41,101,568.8672,389.0908,True
41,101,569.6655,345.7334,True
41,101,518.9904,399.2646,False
41,102,574.4139,404.9905,False
41,103,614.7817,371.5808,True
41,103,608.5324,438.9601,True
41,103,566.7128,447.8465,False
41,104,600.3707,492.7476,True
41,104,560.3765,494.67,False
41,105,593.1558,542.0989,True
41,105,557.2502,555.1985,False
41,106,585.9289,591.3377,True
41,106,552.6628,605.1657,True
41,106,599.9406,545.1852,True
41,106,521.1897,578.1898,False
41,107,522.5291,634.621,True
41,107,558.9194,596.4461,True
41,107,481.3024,613.7908,True
41,107,466.7253,529.6689,False
41,108,487.3983,492.3132,False
41,109,478.3201,437.324,False
41,110,470.5628,384.6332,False
41,111,432.5458,357.94,False
41,112,414.839,303.56,False
41,113,400.1533,254.175,False
41,114,381.4052,190.9204,False
41,115,366.435,140.6849,False
41,116,351.5774,90.89894,False
41,117,334.1348,32.04242,False
41,118,317.8063,-22.70233,False
41,119,302.4884,-74.2593,False
41,120,281.9182,-144.7187,False
41,121,267.0199,-195.8529,False
41,122,252.3782,-245.5889,False
41,123,238.256,-293.4455,False
41,124,220.1116,-354.5477,False
41,125,204.2215,-407.9741,False
41,126,155.875,-390.9387,False
41,127,97.35014,-375.6104,False
41,128,43.11038,-404.6773,False
41,129,-6.046981,-431.3968,False
41,130,-51.25377,-455.9129,False
41,131,-111.8562,-488.9766,False
41,132,-161.7493,-516.6918,False
41,133,-207.9556,-542.3506,False
41,134,-262.7728,-572.4645,False
41,135,-313.3438,-600.0591,False
41,136,-337.6444,-651.8751,True
41,136,-360.8053,-617.2053,True
41,136,-361.3339,-571.9672,False
41,137,-386.9481,-616.1683,True
41,137,-400.6631,-581.5441,False
41,138,-427.6082,-636.1986,True
41,138,-377.515,-617.971,True
41,138,-454.4996,-588.7494,False
41,139,-466.7888,-642.3868,True
41,139,-414.1758,-624.822,True
41,139,-487.1221,-618.0652,True
41,139,-487.278,-572.1049,True
41,139,-463.2567,-531.5898,False
41,140,-424.417,-499.6577,False
41,141,-369.0421,-506.2016,False
41,142,-324.7382,-479.1248,False
41,143,-270.0523,-445.96,False
41,144,-220.837,-416.1579,False
41,145,-175.1767,-387.496,False
41,146,-132.7414,-360.882,False
41,147,-72.64243,-322.7927,False
41,148,-23.52635,-291.8044,False
41,149,22.20181,-262.493,False
41,150,76.04595,-228.25,False
41,151,125.1241,-197.2256,False
41,152,169.521,-169.9425,False
41,153,196.6307,-112.8826,False
41,154,216.2554,-62.92108,False
41,155,238.7514,-5.829258,False
41,156,257.9057,42.13001,False
41,157,278.0231,92.33289,False
41,158,300.4536,149.2771,False
41,159,321.1924,202.0524,False
41,160,341.9008,253.6605,False
41,161,363.7426,308.1814,False
41,162,384.7214,360.7936,False
41,163,429.5146,386.6297,False
41,164,455.5151,444.6882,False
41,165,472.818,494.2081,False
41,166,493.608,553.7272,True
41,166,521.1183,519.3387,False
41,167,539.2238,569.0712,False
41,168,586.8811,545.8461,False
41,169,594.7296,590.9037,False
41,170,647.3798,581.1836,True
41,170,603.7249,642.7314,True
41,170,634.4635,615.7139,True
41,170,555.063,640.705,True
41,170,530.4747,601.4516,False
41,171,511.2329,652.3729,True
41,171,560.175,633.6763,True
41,171,483.4643,615.127,True
41,171,495.4105,540.683,False
41,172,498.1257,488.2746,False
41,173,501.1174,429.2007,False
41,174,463.3572,377.2005,False
41,175,426.8178,330.9225,False
41,176,390.9406,285.8676,False
41,177,352.7915,239.0156,False
41,178,315.0372,192.2576,False
41,179,280.1895,150.0444,False
41,180,242.493,105.4884,False
41,181,207.6628,65.2494,False
41,182,161.7426,12.94303,False
41,183,125.1921,-29.09819,False
41,184,91.95806,-66.48357,False
41,185,50.39915,-114.514,False
41,186,4.225215,-117.1395,False
41,187,-50.30295,-121.4145,False
41,188,-105.2476,-126.2026,False
41,189,-152.5975,-130.3391,False
41,190,-219.165,-136.021,False
41,191,-268.1695,-140.3948,False
41,192,-318.7163,-144.8994,False
41,193,-378.9514,-150.7476,False
41,194,-430.9191,-155.8799,False
41,195,-496.5747,-162.4561,False
41,196,-549.0608,-168.0577,False
41,197,-601.0269,-174.0785,True
41,197,-585.3811,-208.1887,False
41,198,-595.7089,-266.4521,False
41,199,-607.9803,-331.2551,False
41,200,-583.7712,-366.0966,True
41,200,-622.1914,-373.1783,True
41,200,-661.8272,-304.7057,True
41,200,-639.633,-330.0224,True
41,200,-549.5726,-312.7544,False
41,201,-526.89,-366.0106,True
41,201,-576.2071,-348.0091,True
41,201,-501.7408,-337.2618,False
41,202,-457.5224,-376.4012,False
41,203,-415.6971,-414.2388,False
41,204,-369.4269,-457.0286,False
41,205,-326.1842,-497.3103,False
41,206,-285.7627,-535.0554,False
41,207,-247.3277,-496.6798,False
41,208,-248.7342,-447.114,False
41,209,-249.0465,-387.0701,False
41,210,-249.6886,-327.8059,False
41,211,-249.985,-273.9543,False
41,212,-250.206,-225.8354,False
41,213,-250.8218,-157.2603,False
41,214,-217.0214,-119.2238,False
41,215,-175.3062,-70.56187,False
41,216,-139.2031,-28.71127,False
41,217,-105.1145,9.577528,False
41,218,-58.73383,60.15938,False
41,219,-11.49174,61.53408,False
41,220,52.92217,64.88575,False
41,221,105.1701,68.29028,False
41,222,161.5939,71.36938,False
41,223,210.6828,74.02312,False
41,224,281.6268,77.91477,False
41,225,332.2655,80.58456,False
41,226,364.7399,125.4967,False
41,227,409.4279,131.293,False
41,228,473.8178,143.5791,False
41,229,530.1154,154.4479,False
41,230,581.8375,164.43,False
41,231,616.4061,208.7474,True
41,231,638.4216,177.9424,True
41,231,629.3193,143.657,True
41,231,564.6806,207.3334,False
41,232,584.6888,259.7709,False
41,233,609.7259,320.9136,False
41,234,630.7325,372.1468,True
41,234,589.6157,355.0673,False
41,235,603.429,421.4887,False
41,236,646.9804,447.9408,True
41,236,606.3759,464.0606,False
41,237,653.458,494.98,True
41,237,626.3584,525.6274,True
41,237,588.2287,525.618,False
41,238,604.8329,572.65,True
41,238,635.9545,534.697,True
41,238,563.1477,554.3136,True
41,238,536.6031,523.6187,False
41,239,565.0858,561.0399,True
41,239,511.6739,459.1899,False
41,240,478.3553,409.3158,False
41,241,445.8468,360.7226,False
41,242,415.9124,315.8776,False
41,243,382.5143,265.9929,False
41,244,352.3417,220.6933,False
41,245,323.5834,177.9601,False
41,246,298.0064,140.0961,False
41,247,261.4826,85.50423,False
41,248,231.272,40.49959,False
41,249,204.864,1.112139,False
41,250,169.4419,-52.05476,False
41,251,137.7104,-99.56258,False
41,252,86.74669,-111.5686,False
41,253,31.39876,-124.6651,False
41,254,-17.43337,-136.243,False
41,255,-86.47314,-152.4412,False
41,256,-140.8532,-165.221,False
41,257,-194.306,-178.2751,False
41,258,-253.1972,-193.2097,False
41,259,-308.2624,-207.0762,False
41,260,-359.5473,-219.9798,False
41,261,-426.6524,-237.2369,False
41,262,-482.3574,-252.0165,False
41,263,-519.1167,-299.0279,False
41,264,-553.847,-344.19,False
41,265,-586.1707,-386.2015,True
41,265,-553.4708,-398.8022,True
41,265,-595.6623,-301.6381,False
41,266,-622.8693,-334.7633,True
41,266,-633.8112,-307.0342,True
41,266,-624.913,-267.83,True
41,266,-585.3374,-250.526,False
41,267,-635.2357,-267.1083,True
41,267,-532.5217,-243.195,False
41,268,-515.2357,-295.4646,False
41,269,-494.8338,-347.2841,False
41,270,-469.1956,-411.4839,False
41,271,-447.0851,-465.644,False
41,272,-485.933,-475.844,True
41,272,-409.9542,-504.5088,False
41,273,-458.4675,-523.5558,True
41,273,-350.147,-488.4794,False
41,274,-297.6583,-479.5293,False
41,275,-248.9054,-471.2828,False
41,276,-181.395,-460.0188,False
41,277,-127.4379,-451.0621,False
41,278,-70.91914,-441.7667,False
41,279,-6.817828,-431.2844,False
41,280,51.15352,-421.9152,False
41,281,104.8704,-413.2562,False
41,282,167.1747,-403.2873,False
41,283,223.3289,-394.3828,False
41,284,280.9837,-385.2851,False
42,0,177.2218,-227.2445,False
42,1,226.7634,-247.4591,False
42,2,209.3702,-294.537,False
42,3,168.5158,-278.4032,False
42,4,99.69392,-263.7249,False
42,5,43.35863,-252.8241,False
42,6,-7.116532,-243.0564,False
42,7,-18.52222,-291.9201,False
42,8,-30.78943,-345.1417,False
42,9,-41.64266,-392.1165,False
42,10,-56.87457,-455.3086,False
42,11,-103.5288,-481.5812,False
42,12,-121.3558,-529.3297,False
42,13,-171.8407,-558.1532,False
42,14,-222.7928,-582.3787,False
42,15,-245.0104,-633.6917,True
42,15,-274.9876,-603.0839,True
42,15,-274.4575,-562.2235,False
42,16,-278.9615,-606.4497,True
42,16,-316.0048,-580.9903,False
42,17,-327.0795,-628.7189,True
42,17,-362.3112,-612.9171,True
42,17,-286.378,-617.1127,True
42,17,-377.0714,-570.7315,True
42,17,-349.888,-524.4081,True
42,18,-216.6751,-533.5901,False
42,19,-164.932,-545.3376,False
42,20,-115.0153,-516.0191,False
42,21,-62.55836,-485.0546,False
42,22,-13.55761,-455.9371,False
42,23,32.10729,-428.5208,False
42,24,95.02797,-390.4594,False
42,25,143.0036,-360.8084,False
42,26,188.4897,-332.8821,False
42,27,241.8659,-299.2476,False
42,28,294.4202,-304.183,False
42,29,352.2888,-307.731,False
43,0,44.22778,-287.3246,False
43,1,52.06334,-347.9642,False
43,2,-1.064871,-350.9452,False
43,3,-55.62941,-354.0422,False
43,4,-111.8928,-357.1625,False
43,5,-173.799,-360.2025,False
43,6,-202.3006,-391.4014,False
43,7,-251.4881,-443.5803,False
43,8,-296.7795,-447.9648,False
43,9,-338.9979,-490.0047,False
43,10,-389.3546,-497.7851,True
43,10,-370.326,-531.0827,True
43,10,-332.9818,-538.6522,False
43,11,-375.9256,-576.65,True
43,11,-342.5849,-593.9799,True
43,11,-386.219,-522.5385,True
43,11,-300.5948,-577.3746,False
43,12,-275.8334,-626.1031,True
43,12,-256.9019,-552.4453,False
43,13,-210.4785,-527.2717,False
43,14,-155.1302,-496.4253,False
43,15,-96.46806,-462.665,False
43,16,-42.37217,-433.0896,False
43,17,5.112791,-406.8036,False
43,18,63.23377,-374.9466,False
43,19,111.0864,-348.8748,False
43,20,161.49,-321.0464,False
43,21,217.7598,-289.7338,False
43,22,268.3747,-261.5995,False
43,23,313.6951,-236.4945,False
43,24,367.8557,-206.7875,False
43,25,388.4559,-158.3824,False
43,26,371.0034,-103.7871,False
43,27,351.9362,-52.78314,False
43,28,375.7661,-1.336239,False
43,29,399.5386,43.15373,False
43,30,429.6467,99.24059,False
43,31,455.6539,147.1351,False
43,32,478.1546,188.6408,False
43,33,509.3751,246.3308,False
43,34,535.9045,295.228,False
43,35,560.0177,340.2107,False
43,36,592.446,400.8421,False
43,37,617.3389,447.8815,True
43,37,637.3419,413.9637,True
43,37,621.5922,370.9656,True
43,37,574.1283,436.2143,True
43,37,546.6022,413.4052,True
43,38,514.8206,241.6199,False
43,39,471.2872,211.6488,False
43,40,468.5127,167.2232,False
43,41,462.6557,100.3484,False
43,42,417.4752,64.35944,False
43,43,369.9395,26.56908,False
43,44,359.3259,-19.42591,False
43,45,343.909,-83.07005,False
43,46,330.3918,-138.1724,False
43,47,318.8445,-184.6899,False
43,48,300.9754,-255.7501,False
43,49,286.1388,-312.5672,False
43,50,272.5776,-365.5737,False
43,51,259.0604,-417.0888,False
44,0,266.513,-13.76693,False
44,1,220.0868,-22.47474,False
44,2,189.9161,-62.89586,False
44,3,157.6825,-104.8038,False
44,4,103.1124,-116.4923,False
44,5,72.2076,-158.248,False
44,6,39.15215,-200.8954,False
44,7,-20.39547,-213.1897,False
44,8,-71.00641,-220.8574,False
44,9,-142.3723,-231.6163,False
44,10,-198.8048,-240.0625,False
44,11,-250.1512,-247.7249,False
44,12,-319.4201,-257.9835,False
44,13,-374.0748,-266.0195,False
44,14,-427.6617,-273.8684,False
44,15,-496.9171,-283.93,False
44,16,-531.1516,-330.9922,False
44,17,-566.2664,-377.2664,True
44,17,-580.1094,-341.0398,False
44,18,-623.5163,-384.4598,True
44,18,-579.2489,-387.3607,True
44,18,-640.5572,-335.3155,True
44,18,-627.1351,-297.9942,True
44,18,-586.1248,-275.3685,False
44,19,-635.2424,-292.3716,True
44,19,-537.9418,-268.5876,False
44,20,-516.0556,-315.1583,False
44,21,-500.432,-364.7408,True
44,21,-463.494,-347.4522,False
44,22,-446.1746,-396.5823,True
44,22,-425.3397,-359.2571,False
44,23,-367.3042,-348.1159,False
44,24,-315.4839,-331.4911,False
44,25,-288.502,-280.8361,False
44,26,-263.4603,-233.2674,False
44,27,-238.2167,-186.2024,False
44,28,-189.7656,-163.6061,False
44,29,-143.8878,-143.4066,False
44,30,-80.18533,-114.3512,False
44,31,-20.79419,-86.10727,False
44,32,-2.057517,-33.88336,False
44,33,17.02816,17.88154,False
44,34,35.2249,66.88811,False
44,35,55.87321,121.8307,False
44,36,76.58036,176.98,False
44,37,128.6539,202.3831,False
44,38,145.0872,250.423,False
44,39,200.3804,282.0026,False
44,40,253.403,307.5611,False
44,41,312.6995,336.8741,False
44,42,328.9335,386.7433,False
44,43,347.3844,441.3972,False
44,44,365.3802,494.9104,True
44,44,391.2764,460.4339,True
44,44,325.2623,481.7808,False
44,45,369.8223,493.8539,True
44,45,339.5276,518.8135,True
44,45,297.2955,510.1331,False
44,46,322.0741,561.8266,True
44,46,345.9634,519.3634,True
44,46,272.7029,560.0623,False
44,47,302.19,599.462,True
44,47,315.0027,557.8584,True
44,47,266.4068,608.4855,True
44,47,232.6754,584.6917,True
44,47,219.2547,545.5276,False
44,48,176.4312,506.6104,False
44,49,133.5092,462.6254,False
44,50,92.81232,421.2159,False
44,51,92.33656,369.9442,False
44,52,91.55466,310.0385,False
44,53,91.59676,254.512,False
44,54,92.26916,193.8972,False
44,55,93.1052,134.9762,False
44,56,93.8001,81.26236,False
44,57,94.91692,26.88721,False
44,58,96.03802,-32.34308,False
44,59,96.972,-87.18624,False
44,60,97.90993,-140.9024,False
44,61,99.04168,-205.504,False
44,62,64.55688,-239.6503,False
44,63,13.36711,-291.6707,False
44,64,-25.95907,-330.3737,False
44,65,-76.88576,-329.6808,False
44,66,-133.2464,-330.4586,False
44,67,-196.371,-331.3405,False
44,68,-255.7616,-332.1574,False
44,69,-308.7719,-334.1934,False
44,70,-354.734,-336.3066,False
44,71,-417.3226,-339.8346,False
44,72,-474.8718,-343.0823,False
44,73,-531.3188,-346.3905,False
44,74,-567.7452,-387.7251,True
44,74,-583.5013,-353.5361,False
44,75,-648.4383,-362.4425,True
44,75,-623.1225,-396.4651,True
44,75,-566.7783,-404.5016,False
44,76,-551.417,-452.3559,True
44,76,-625.8771,-404.8839,True
44,76,-537.7811,-421.1868,True
44,76,-606.8344,-415.6411,True
44,76,-525.2737,-379.9065,False
44,77,-486.9637,-417.2456,False
44,78,-449.1105,-452.7467,False
44,79,-395.2291,-451.3266,False
44,80,-344.4978,-445.9444,False
44,81,-286.8221,-440.4357,False
44,82,-286.7072,-389.5653,False
44,83,-290.4201,-335.1483,False
44,84,-257.7796,-296.3256,False
44,85,-251.383,-237.2081,False
44,86,-215.3117,-196.6012,False
44,87,-176.4346,-153.4951,False
44,88,-141.3072,-115.3898,False
44,89,-93.33116,-63.97245,False
44,90,-55.86485,-23.30361,False
44,91,-13.19378,22.71215,False
44,92,28.39495,66.39294,False
44,93,73.26686,113.8036,False
44,94,110.2794,153.1375,False
44,95,169.0902,157.1999,False
44,96,229.2452,159.2513,False
44,97,283.2797,161.222,False
44,98,344.7985,163.3166,False
44,99,397.4262,164.4757,False
44,100,450.336,165.1117,False
44,101,511.9037,166.149,False
44,102,562.8643,167.5052,False
44,103,616.1639,168.9783,True
44,103,612.9564,204.4562,True
44,103,603.4885,125.3941,True
44,103,578.0866,219.2132,False
44,104,599.875,267.0409,False
44,105,619.672,310.4279,True
44,105,577.2736,318.9427,False
44,106,600.261,367.3483,False
44,107,622.056,415.37,True
44,107,577.7304,413.4783,True
44,107,642.4769,386.1324,True
44,107,626.5302,343.1247,True
44,107,526.9328,365.7293,False
44,108,540.6188,410.4768,True
44,108,498.3443,301.213,False
44,109,472.2694,255.8908,False
44,110,441.2042,202.7662,False
44,111,410.2697,149.8735,False
44,112,383.6898,104.1567,False
44,113,355.3533,55.51109,False
44,114,325.3263,3.904101,False
44,115,298.5176,-42.74789,False
44,116,275.6176,-82.33884,False
44,117,243.0598,-138.7617,False
44,118,215.0194,-187.1262,False
44,119,189.1754,-231.9532,False
44,120,157.3482,-287.093,False
44,121,101.3771,-301.8783,False
44,122,45.51527,-318.4058,False
44,123,-7.248343,-334.0251,False
44,124,-65.56461,-351.6031,False
44,125,-120.8824,-368.2402,False
44,126,-175.0759,-384.9937,False
44,127,-238.4288,-404.4178,False
44,128,-294.8602,-421.6566,False
44,129,-350.973,-439.213,False
44,130,-404.1736,-456.4528,False
44,131,-460.4066,-474.588,False
44,132,-513.3009,-492.5378,True
44,132,-480.1644,-525.7825,True
44,132,-506.578,-452.6282,False
44,133,-516.2944,-492.5562,True
44,133,-543.4754,-476.8099,True
44,133,-539.9437,-431.762,False
44,134,-557.1955,-483.4853,True
44,134,-577.3484,-451.295,True
44,134,-575.2867,-406.8166,False
44,135,-586.2393,-454.4668,True
44,135,-615.7393,-431.2476,True
44,135,-566.6387,-342.9655,False
44,136,-523.6346,-303.0738,False
44,137,-481.3125,-263.0797,False
44,138,-440.6396,-224.8179,False
44,139,-379.71,-225.3354,False
44,140,-327.8185,-227.2433,False
44,141,-277.8576,-229.1604,False
44,142,-212.1657,-232.1674,False
44,143,-169.3809,-194.3164,False
44,144,-125.0102,-156.0527,False
44,145,-82.74969,-121.3243,False
44,146,-43.15596,-89.62543,False
44,147,11.78666,-46.70263,False
44,148,58.4731,-11.85624,False
44,149,101.7583,20.83825,False
44,150,148.0792,55.7451,False
44,151,185.9482,84.32832,False
44,152,199.6656,135.1087,False
44,153,207.3707,188.3006,False
44,154,218.8729,256.8922,False
44,155,228.5661,312.727,False
44,156,236.6948,359.696,False
44,157,248.6898,425.4717,False
44,158,258.7949,480.4633,False
44,159,269.7541,539.5043,False
44,160,281.3454,601.4239,True
44,160,307.2395,574.4974,True
44,160,244.8539,580.7914,False
44,161,251.793,647.3922,True
44,161,287.3941,609.8049,True
44,161,214.4463,630.9489,True
44,161,180.0997,616.4366,True
44,161,176.76,572.055,False
44,162,181.9187,531.3523,False
44,163,219.5056,494.4566,False
44,164,256.619,458.4237,False
44,165,305.9895,409.8306,False
44,166,343.9958,372.3777,False
44,167,346.8622,314.3591,False
44,168,347.4215,259.6226,False
44,169,348.0671,195.2707,False
44,170,348.2004,137.6303,False
44,171,348.6663,82.51837,False
44,172,349.7568,21.01774,False
44,173,314.8625,-17.78015,False
44,174,269.2914,-69.6152,False
44,175,230.5321,-113.7508,False
44,176,188.6523,-117.3946,False
44,177,130.3208,-122.5163,False
44,178,72.39842,-127.9427,False
44,179,16.63624,-133.9938,False
44,180,-35.44838,-139.7324,False
44,181,-95.92823,-146.4203,False
44,182,-149.7062,-151.7627,False
44,183,-197.4745,-156.8813,False
44,184,-263.7332,-164.176,False
44,185,-322.9698,-170.7303,False
44,186,-375.0489,-176.3161,False
44,187,-415.3683,-211.1752,False
44,188,-450.9429,-244.1092,False
44,189,-461.8879,-300.4969,False
44,190,-466.0519,-371.9818,False
44,191,-469.6953,-424.0487,False
44,192,-473.5552,-478.2663,True
44,192,-430.954,-470.2258,False
44,193,-432.4674,-515.1512,True
44,193,-392.3225,-511.9974,False
44,194,-356.8837,-554.6193,False
44,195,-322.888,-595.3204,True
44,195,-360.4287,-615.7773,True
44,195,-400.6189,-584.6794,True
44,195,-300.9036,-565.2275,False
44,196,-249.5019,-536.7936,False
44,197,-198.5945,-509.9607,False
44,198,-150.5954,-484.248,False
44,199,-90.7561,-452.0164,False
44,200,-40.34089,-424.4245,False
44,201,3.419225,-399.962,False
44,202,64.38561,-366.214,False
44,203,82.71056,-322.5525,False
44,204,130.4047,-301.443,False
44,205,181.7486,-280.8963,False
44,206,243.5384,-255.1575,False
44,207,298.2595,-231.9587,False
44,208,348.4201,-210.7178,False
44,209,407.5173,-185.3744,False
44,210,433.7665,-139.6592,False
44,211,424.615,-79.36615,False
44,212,410.86,-23.84134,False
44,213,395.2975,39.38739,False
44,214,381.8741,94.3604,False
44,215,411.5782,145.6768,False
44,216,438.667,191.5252,False
44,217,464.1983,234.5244,False
44,218,494.8538,286.9973,False
44,219,521.9331,333.451,False
44,220,547.1216,376.6567,True
44,220,568.0392,341.7539,False
44,221,593.8561,390.4214,False
44,222,619.2203,438.5034,True
44,222,649.0187,406.933,True
44,222,627.7803,357.0074,True
44,222,559.0,430.1746,True
44,222,525.1525,397.8571,False
44,223,537.5882,451.0359,True
44,223,502.196,439.1657,True
44,223,519.4499,346.5633,False
44,224,490.299,280.1626,False
44,225,467.6909,228.945,False
44,226,445.0231,179.0174,False
44,227,415.1826,114.8439,False
44,228,392.3586,65.87292,False
44,229,370.8118,19.53159,False
44,230,347.2738,-30.98133,False
44,231,323.4267,-82.21656,False
44,232,301.811,-128.719,False
44,233,275.0428,-186.6719,False
44,234,251.1127,-238.2613,False
44,235,229.5635,-285.213,False
44,236,204.823,-338.8442,False
44,237,179.378,-392.9237,False
44,238,126.4674,-413.4718,False
44,239,72.86765,-436.4379,False
44,240,22.49687,-458.0666,False
44,241,-38.23755,-483.9274,False
44,242,-93.07111,-507.1837,False
44,243,-142.7632,-528.2208,False
44,244,-201.7217,-552.9855,False
44,245,-254.4389,-574.603,False
44,246,-302.0246,-594.1528,False
44,247,-329.5281,-647.4022,True
44,247,-352.0679,-615.5345,True
44,247,-354.7843,-577.6227,False
44,248,-363.9585,-623.4341,True
44,248,-393.1258,-596.523,True
44,248,-393.7074,-551.0132,True
44,248,-378.2016,-514.2001,False
44,249,-412.7005,-548.5477,True
44,249,-419.6722,-515.457,False
44,250,-421.559,-565.3289,True
44,250,-444.0286,-536.1617,True
44,250,-468.0238,-506.3914,True
44,250,-450.0762,-473.3642,False
44,251,-481.0506,-508.147,True
44,251,-410.8977,-424.9895,False
44,252,-361.0121,-448.3718,False
44,253,-316.627,-424.8303,False
44,254,-268.828,-401.1676,False
44,255,-208.7858,-372.1336,False
44,256,-157.0498,-346.7442,False
44,257,-109.7984,-323.5821,False
44,258,-48.19808,-293.1975,False
44,259,10.85912,-264.9027,False
44,260,60.96193,-240.6062,False
44,261,109.8604,-216.5768,False
44,262,175.1026,-184.0412,False
44,263,223.581,-159.3746,False
44,264,244.5815,-105.088,False
44,265,261.9902,-53.36662,False
44,266,280.5192,0.5230159,False
44,267,300.0513,55.30703,False
44,268,319.6527,110.0441,False
44,269,338.8303,162.4783,False
44,270,363.6593,230.0185,False
44,271,383.5822,284.2567,False
44,272,400.3593,329.9452,False
44,273,422.6649,390.8904,False
44,274,442.3132,444.3728,False
44,275,460.2621,493.7426,True
44,275,497.0429,482.7434,True
44,275,415.5869,498.7643,False
44,276,455.5283,522.7713,True
44,276,426.089,540.7861,False
44,277,475.5536,534.924,True
44,277,464.479,568.7628,True
44,277,426.1859,585.803,True
44,277,387.9834,580.542,False
44,278,438.5003,598.6829,True
44,278,416.5625,624.1488,True
44,278,375.8656,619.2335,True
44,278,339.5515,593.8364,False
44,279,312.6615,551.4517,False
44,280,277.3973,505.4629,False
44,281,246.393,465.0188,False
44,282,204.0966,410.1349,False
44,283,167.3106,362.2269,False
44,284,133.9565,318.9009,False
44,285,140.8258,270.1093,False
44,286,148.49,215.215,False
44,287,155.4075,166.2437,False
44,288,115.9393,112.2932,False
44,289,76.9529,67.71114,False
44,290,41.37125,27.92205,False
44,291,4.651387,-12.49627,False
44,292,-36.70675,-56.7937,False
44,293,-83.875,-107.7077,False
44,294,-121.0463,-147.6798,False
44,295,-157.508,-185.9024,False
44,296,-207.0196,-236.3722,False
44,297,-251.9811,-281.7877,False
44,298,-303.2258,-281.6265,False
44,299,-362.9345,-282.7309,False
44,300,-418.8163,-284.6479,False
44,301,-468.2197,-286.295,False
44,302,-532.7089,-288.3957,False
44,303,-564.5629,-321.8718,False
44,304,-613.189,-372.7197,True
44,304,-619.3609,-333.4176,True
44,304,-525.349,-371.9132,False
44,305,-563.1526,-392.4002,False
44,306,-611.1257,-429.9484,True
44,306,-577.6082,-448.1215,True
44,306,-529.8939,-429.0033,False
44,307,-501.9839,-470.2108,False
44,308,-460.8441,-530.4587,False
44,309,-431.7484,-573.2988,False
44,310,-473.5599,-604.1519,True
44,310,-380.0208,-575.5316,False
44,311,-326.4357,-551.9072,False
44,312,-300.0547,-497.6797,False
44,313,-278.7396,-448.5602,False
44,314,-255.065,-392.8337,False
44,315,-230.2648,-336.009,False
44,316,-206.0096,-282.3293,False
44,317,-150.9027,-251.5041,False
44,318,-117.1425,-233.5769,False
44,319,-49.31178,-197.726,False
44,320,0.9639397,-170.356,False
44,321,41.57936,-148.2958,False
44,322,98.78271,-116.4826,False
44,323,149.3447,-88.32101,False
44,324,192.6485,-64.26173,False
44,325,256.4625,-28.51081,False
44,326,303.5118,-1.605161,False
44,327,356.1415,28.27578,False
44,328,408.6025,59.18645,False
44,329,427.5362,105.1918,False
44,330,453.9897,167.5285,False
44,331,476.4384,220.7954,False
44,332,498.1081,271.7029,False
44,333,521.5588,326.7057,False
44,334,544.7639,381.1601,True
44,334,503.5287,362.9902,False
44,335,515.1508,426.7152,False
44,336,534.8598,490.4241,False
44,337,549.9443,538.9682,True
44,337,511.9127,519.1038,False
44,338,515.6479,581.0086,True
44,338,474.5717,573.1096,False
44,339,518.8329,594.2838,True
44,339,484.7379,609.9507,True
44,339,443.5381,607.9857,True
44,339,424.4672,575.1288,False
44,340,399.6649,535.5793,False
44,341,408.863,477.4547,False
44,342,416.2066,424.7211,False
44,343,381.3271,379.1935,False
44,344,389.9419,331.8526,False
44,345,357.3182,286.534,False
44,346,325.0445,241.9525,False
44,347,293.5689,198.7294,False
44,348,249.8191,138.5237,False
44,349,218.509,95.42658,False
44,350,181.7249,44.90186,False
44,351,146.7534,-3.428882,False
44,352,113.019,-49.89448,False
44,353,82.15889,-92.41009,False
44,354,26.29247,-106.59,False
44,355,-32.56651,-117.0501,False
44,356,-90.87139,-127.2972,False
44,357,-145.0509,-137.2215,False
44,358,-197.77,-146.7007,False
44,359,-261.1207,-158.1741,False
44,360,-318.1592,-168.3865,False
44,361,-373.4263,-178.216,False
44,362,-439.472,-189.8748,False
44,363,-498.1474,-200.114,False
44,364,-551.4139,-209.3915,False
44,365,-587.4185,-252.0942,False
44,366,-621.4053,-298.4438,True
44,366,-649.0831,-265.8702,True
44,366,-584.5103,-310.5508,False
44,367,-580.6893,-362.982,False
44,368,-575.9769,-424.6438,True
44,368,-548.8964,-400.1017,False
44,369,-545.7268,-456.6884,True
44,369,-509.9797,-443.1592,False
44,370,-472.6009,-489.5213,False
44,371,-438.4189,-531.9671,False
44,372,-478.2313,-562.7321,True
44,372,-409.3807,-562.4845,False
44,373,-449.5495,-598.5576,True
44,373,-352.393,-538.5927,False
44,374,-336.724,-490.0812,False
44,375,-313.9843,-421.6303,False
44,376,-297.1614,-370.8643,False
44,377,-279.0566,-316.7735,False
44,378,-227.1439,-283.4836,False
44,379,-180.4805,-259.8856,False
44,380,-118.9492,-228.2498,False
44,381,-70.64077,-202.8711,False
44,382,-16.32167,-174.5776,False
44,383,30.16096,-150.042,False
44,384,94.19025,-115.8469,False
44,385,144.9066,-88.29043,False
44,386,193.5064,-61.49025,False
44,387,251.6672,-29.71746,False
44,388,304.4515,-0.5178667,False
44,389,353.0442,26.75418,False
44,390,370.2863,83.36752,False
44,391,385.1795,135.0282,False
44,392,399.2986,183.268,False
44,393,416.2149,241.0308,False
44,394,432.7525,295.3494,False
44,395,452.5398,360.655,False
44,396,469.8156,417.0029,False
44,397,487.0664,472.8312,True
44,397,520.4165,439.8515,False
44,398,534.9624,486.3889,True
44,398,488.3581,474.6926,False
44,399,491.9666,532.6742,True
44,399,452.1657,525.9109,False
45,0,147.9904,174.6779,False
45,1,174.2105,128.7393,False
45,2,199.0217,78.91653,False
45,3,192.0389,22.12543,False
45,4,182.6042,-34.99195,False
45,5,172.453,-93.05483,False
45,6,163.0388,-152.3583,False
45,7,154.4725,-206.1517,False
45,8,144.8981,-268.4938,False
45,9,135.9277,-323.6289,False
45,10,165.369,-366.3466,False
45,11,196.1039,-411.464,False
45,12,226.5608,-457.1856,False
45,13,266.1213,-516.6841,False
46,0,293.5528,28.74281,False
46,1,249.4127,8.082569,False
46,2,221.221,-38.8318,False
46,3,195.6084,-88.39504,False
46,4,146.8275,-107.0241,False
46,5,120.9962,-160.313,False
46,6,96.20171,-210.1319,False
46,7,71.94973,-258.9107,False
46,8,45.32082,-312.5434,False
46,9,-2.514248,-335.4893,False
46,10,-62.51995,-364.9003,False
46,11,-114.0715,-390.5915,False
46,12,-163.7567,-415.8005,False
46,13,-223.0405,-446.1486,False
46,14,-267.6774,-469.4766,False
46,15,-328.6336,-501.6802,True
46,15,-289.9178,-522.5454,False
46,16,-339.0139,-560.4398,False
46,17,-389.2598,-595.857,True
46,17,-357.2647,-616.0405,True
46,17,-393.4534,-549.1783,False
46,18,-405.8264,-600.9236,True
46,18,-430.3062,-576.5942,True
46,18,-439.1581,-537.8875,False
46,19,-437.6799,-580.802,True
46,19,-470.9862,-555.0107,True
46,19,-478.1767,-508.713,True
46,19,-452.9125,-473.1493,False
46,20,-413.5237,-440.5139,False
46,21,-368.999,-442.8915,False
46,22,-323.3921,-479.4316,False
46,23,-266.5871,-473.2852,False
46,24,-230.6666,-504.7937,False
46,25,-197.0023,-470.5485,False
46,26,-163.4579,-431.1634,False
46,27,-120.0127,-380.0598,False
46,28,-81.84158,-336.1393,False
46,29,-21.53126,-330.8937,False
46,30,31.55021,-326.1856,False
46,31,89.23337,-320.4953,False
46,32,140.5266,-314.6661,False
46,33,192.3826,-308.2738,False
46,34,265.3674,-299.7023,False
46,35,265.9973,-258.1206,False
46,36,270.8028,-193.6573,False
46,37,275.0935,-136.3889,False
46,38,279.0473,-82.03254,False
46,39,283.8014,-16.29423,False
46,40,288.041,35.31332,False
46,41,292.7203,91.12019,False
46,42,298.4707,155.4443,False
46,43,303.1382,208.4311,False
46,44,308.1997,265.6075,False
46,45,313.3292,318.2752,False
46,46,319.1983,382.7122,False
46,47,352.0369,415.1724,False
46,48,401.5682,466.8004,True
46,48,418.099,425.1479,True
46,48,375.2271,478.85,True
46,48,385.2935,379.0048,False
46,49,439.757,363.1401,False
46,50,495.0336,346.0006,False
46,51,546.2249,329.8087,False
46,52,568.5614,375.8081,True
46,52,595.7575,307.678,False
46,53,606.889,349.8129,False
46,54,657.8163,330.7202,True
46,54,620.5698,393.8543,True
46,54,647.8209,371.7001,True
46,54,576.0853,402.907,False
46,55,593.831,445.0171,False
46,56,619.3069,508.9339,True
46,56,639.0464,477.1212,True
46,56,637.2212,430.7076,True
46,56,565.435,500.9314,False
46,57,591.0399,545.2847,False
46,58,636.0276,512.3096,True
46,58,615.9145,580.3156,True
46,58,644.2425,545.4722,True
46,58,579.7703,587.0413,True
46,58,536.6899,551.7557,False
46,59,568.7697,585.0761,True
46,59,538.9418,590.0908,True
46,59,506.8251,492.168,False
46,60,505.3357,443.3655,False
46,61,469.3604,406.0795,False
46,62,467.02,349.0533,False
46,63,423.5322,300.9674,False
46,64,382.1563,254.9792,False
46,65,344.4023,214.0416,False
46,66,308.7242,175.9904,False
46,67,260.9294,125.4063,False
46,68,214.5665,77.66019,False
46,69,176.1236,39.07266,False
46,70,141.3345,5.292827,False
46,71,90.89553,-42.29474,False
46,72,53.44149,-77.27483,False
46,73,0.1789525,-76.41426,False
46,74,-54.9512,-76.56956,False
46,75,-102.2729,-76.70904,False
46,76,-149.7609,-112.0109,False
46,77,-196.5035,-157.2631,False
46,78,-240.217,-198.8459,False
46,79,-278.9142,-235.5454,False
46,80,-315.2925,-270.0079,False
46,81,-365.8882,-317.7894,False
46,82,-407.7927,-357.1012,False
46,83,-445.8676,-392.7784,False
46,84,-489.8465,-433.8937,False
46,85,-532.4492,-473.6177,True
46,85,-497.4258,-484.5411,True
46,85,-535.5032,-425.8934,False
46,86,-550.4006,-484.64,False
46,87,-525.0169,-526.5447,False
46,88,-567.788,-557.5658,True
46,88,-492.3968,-574.766,False
46,89,-506.0337,-618.7453,True
46,89,-465.9093,-615.7535,True
46,89,-534.2955,-579.4827,True
46,89,-436.3524,-574.0741,False
46,90,-378.7391,-557.2583,False
46,91,-327.6009,-538.7134,False
46,92,-275.2409,-519.8521,False
46,93,-209.0081,-496.1164,False
46,94,-156.5415,-477.4026,False
46,95,-106.0484,-459.4434,False
46,96,-43.17332,-436.7553,False
46,97,10.43258,-417.4183,False
46,98,59.99224,-399.5825,False
46,99,116.5784,-379.3762,False
46,100,183.2504,-355.7399,False
46,101,240.4744,-335.0032,False
46,102,294.4315,-315.5541,False
46,103,344.8345,-297.4348,False
47,0,124.9539,-281.2793,False
47,1,173.7721,-305.9583,False
47,2,142.1877,-348.0772,False
47,3,85.2943,-360.9119,False
47,4,28.38395,-375.7504,False
47,5,-26.35283,-390.4326,False
47,6,-60.45022,-432.1383,False
47,7,-92.66528,-473.2018,False
47,8,-133.5166,-525.9908,False
47,9,-180.9053,-531.1639,False
47,10,-211.444,-572.9391,False
47,11,-263.664,-580.2915,False
47,12,-322.6039,-589.103,False
47,13,-375.1353,-597.6922,True
47,13,-356.9217,-631.0279,True
47,13,-311.9025,-636.2736,True
47,13,-343.8466,-541.4316,True
47,13,-289.225,-532.4946,False
47,14,-343.8849,-528.7283,False
47,15,-355.4746,-573.1388,False
47,16,-340.9067,-632.6192,True
47,16,-406.5138,-602.0949,False
47,17,-451.8552,-622.592,True
47,17,-421.6126,-651.8137,True
47,17,-370.8104,-641.8798,True
47,17,-451.4853,-573.6353,False
47,18,-457.1644,-624.4498,True
47,18,-482.0675,-599.5816,True
47,18,-495.3817,-561.8812,True
47,18,-469.3159,-526.409,False
47,19,-503.3661,-557.9014,True
47,19,-513.3394,-524.6034,True
47,19,-434.7969,-475.3075,False
47,20,-384.0843,-494.4077,False
47,21,-339.5653,-481.2041,False
47,22,-275.3585,-463.4055,False
47,23,-223.0788,-448.1108,False
47,24,-162.3304,-429.9153,False
47,25,-98.85713,-410.9301,False
47,26,-41.42182,-393.3533,False
47,27,9.745437,-377.2729,False
47,28,75.12467,-356.0552,False
47,29,128.9781,-338.1959,False
47,30,180.1201,-321.2854,False
47,31,242.5496,-300.7602,False
47,32,299.8797,-281.4365,False
47,33,347.7894,-264.8822,False
47,34,414.3436,-242.0553,False
47,35,467.862,-223.805,False
47,36,455.7645,-175.3365,False
47,37,442.7695,-124.6127,False
47,38,425.1061,-55.7285,False
47,39,412.0153,-4.383389,False
47,40,397.212,58.45567,False
47,41,384.123,115.1353,False
47,42,409.0643,152.366,False
47,43,445.547,211.5493,False
47,44,474.8372,258.1491,False
47,45,503.6185,304.123,False
47,46,533.1683,352.181,True
47,46,556.4078,318.634,False
47,47,585.7935,368.0568,False
47,48,630.0135,379.4976,True
47,48,609.17,414.2387,True
47,48,616.2623,338.6707,True
47,48,556.1409,410.8011,False
47,49,604.738,415.232,False
47,50,640.8912,387.7936,True
47,50,637.3914,460.4218,True
47,50,596.9205,472.535,True
47,50,646.2932,416.4914,True
47,50,584.76,366.295,False
47,51,547.6704,321.7645,False
47,52,512.4041,281.5222,False
47,53,469.3721,232.5734,False
47,54,430.9287,189.173,False
47,55,391.5174,146.7921,False
47,56,357.7972,110.7317,False
47,57,309.5483,58.62962,False
47,58,270.3022,16.05207,False
47,59,233.0391,-24.24581,False
47,60,197.3865,-63.29489,False
47,61,147.7948,-116.0008,False
47,62,107.8158,-156.9476,False
47,63,69.22728,-195.2708,False
47,64,11.65267,-206.4261,False
47,65,-41.84189,-212.8383,False
47,66,-103.7836,-220.1625,False
47,67,-156.873,-226.4443,False
47,68,-213.5025,-232.5909,False
47,69,-265.8723,-238.7126,False
47,70,-337.5177,-247.1498,False
47,71,-398.8446,-254.2716,False
47,72,-453.5867,-260.8056,False
47,73,-516.3286,-267.6433,False
47,74,-546.6121,-305.0755,False
47,75,-584.8504,-351.0853,False
47,76,-622.3942,-395.412,True
47,76,-631.4007,-356.8758,True
47,76,-572.9084,-406.7492,True
47,76,-531.9444,-379.2987,False
47,77,-525.4103,-433.7508,True
47,77,-494.5533,-408.2101,False
47,78,-487.0011,-461.8759,True
47,78,-451.3965,-444.3339,False
47,79,-412.2126,-487.958,False
47,80,-376.9718,-527.5736,False
47,81,-339.9118,-569.6913,False
47,82,-286.5413,-579.5505,False
47,83,-266.5588,-526.5397,False
47,84,-224.0648,-503.8736,False
47,85,-190.9666,-443.8326,False
47,86,-137.579,-423.6405,False
47,87,-82.22795,-401.3608,False
47,88,-32.78022,-381.5481,False
47,89,28.59486,-357.15,False
47,90,83.06808,-335.6112,False
47,91,132.7863,-315.4974,False
47,92,194.8846,-290.0117,False
47,93,249.1825,-267.781,False
47,94,301.3888,-246.4595,False
47,95,349.4244,-226.9478,False
47,96,413.5646,-201.053,False
47,97,440.0344,-141.3614,False
47,98,423.2061,-96.54675,False
47,99,401.2538,-34.45409,False
47,100,421.6735,5.594997,False
47,101,448.5394,64.58752,False
47,102,472.0474,116.2723,False
47,103,494.2609,163.784,False
47,104,520.7994,220.2738,False
47,105,542.7191,267.3107,False
47,106,564.7172,314.4391,False
47,107,592.9871,376.4567,False
47,108,616.6274,428.9295,True
47,108,643.7493,405.9345,True
47,108,570.0079,425.4271,True
47,108,642.3826,356.8174,True
47,108,535.7212,389.7458,False
47,109,559.8793,423.4842,True
47,109,521.4585,413.4828,True
47,109,495.1098,383.2899,False
47,110,513.3658,426.4463,True
47,110,482.0663,318.094,False
47,111,457.9936,264.7078,False
47,112,437.0261,218.4283,False
47,113,410.9695,160.9028,False
47,114,390.489,115.2644,False
47,115,363.297,54.59451,False
47,116,339.2803,0.9666517,False
47,117,317.5787,-47.95844,False
47,118,290.4331,-107.3737,False
47,119,267.5156,-156.9604,False
47,120,245.6995,-204.0263,False
47,121,220.613,-258.7365,False
47,122,194.8911,-314.3016,False
47,123,169.3532,-370.5932,False
47,124,128.9327,-385.2741,False
47,125,65.05302,-411.1012,False
47,126,14.86013,-431.2503,False
47,127,-31.89836,-449.9411,False
47,128,-99.4291,-477.4133,False
47,129,-154.2281,-500.4444,False
47,130,-202.5657,-521.6372,False
47,131,-265.148,-548.8869,False
47,132,-318.4722,-572.5134,False
47,133,-341.8313,-627.4092,True
47,133,-367.8058,-594.4544,False
47,134,-387.1165,-649.3644,True
47,134,-413.6979,-618.1257,True
47,134,-348.4988,-635.9,True
47,134,-417.6783,-587.1596,True
47,134,-394.6929,-551.2651,False
47,135,-431.0999,-578.6705,True
47,135,-443.8983,-541.002,True
47,135,-424.299,-508.0291,True
47,135,-397.0913,-482.3368,False
47,136,-348.3394,-474.7379,False
47,137,-289.6852,-461.7994,False
47,138,-235.8051,-449.7427,False
47,139,-173.1002,-435.808,False
47,140,-114.3343,-422.1407,False
47,141,-61.9819,-409.8746,False
47,142,-13.58374,-398.4865,False
47,143,57.91818,-381.7758,False
47,144,111.3934,-369.3992,False
47,145,160.3392,-358.1562,False
47,146,227.6044,-342.1861,False
47,147,283.3501,-328.7237,False
47,148,337.7378,-315.6711,False
48,0,-82.26736,123.1695,False
48,1,-25.46683,136.9151,False
48,2,-23.57341,90.00134,False
48,3,-18.2018,39.53103,False
48,4,-10.41299,-38.28255,False
48,5,22.93733,-70.03207,False
48,6,30.8041,-124.8806,False
48,7,33.55602,-181.0379,False
48,8,37.18046,-242.0722,False
48,9,75.89638,-285.5115,False
48,10,71.6884,-333.1146,False
48,11,102.0626,-388.0829,False
48,12,133.9295,-432.5175,False
48,13,173.8342,-489.6753,False
48,14,207.2343,-537.2549,False
49,0,170.7741,228.5459,False
49,1,191.3364,175.8818,False
49,2,215.3342,124.0446,False
49,3,166.8974,91.90202,False
49,4,152.6003,40.85831,False
49,5,133.932,-22.44771,False
49,6,118.7835,-74.10034,False
49,7,103.5209,-125.9736,False
49,8,89.44232,-172.1577,False
49,9,68.0726,-242.3514,False
49,10,54.09226,-288.4926,False
49,11,36.03525,-346.0725,False
49,12,15.42404,-410.7441,False
49,13,-32.71158,-435.9722,False
49,14,-84.23108,-461.518,False
49,15,-129.5131,-484.3551,False
49,16,-190.8011,-515.4943,False
49,17,-243.6882,-542.848,False
49,18,-292.515,-568.506,False
49,19,-347.762,-597.4384,True
49,19,-311.7014,-624.3289,True
49,19,-346.6322,-554.0891,False
49,20,-399.9015,-582.2108,False
49,21,-423.4807,-637.3099,True
49,21,-447.9451,-601.7115,True
49,21,-449.8812,-560.5424,True
49,21,-376.143,-616.3556,True
49,21,-404.6019,-514.2623,False
49,22,-455.3069,-533.9518,True
49,22,-439.0389,-491.9544,True
49,22,-336.2166,-495.2217,False
49,23,-281.4744,-469.4724,False
49,24,-232.2391,-446.9272,False
49,25,-182.7633,-423.6876,False
49,26,-132.6011,-400.6158,False
49,27,-88.94093,-380.0197,False
49,28,-27.87255,-351.0921,False
49,29,22.40134,-326.6964,False
49,30,68.76172,-304.3269,False
49,31,120.7756,-279.2844,False
49,32,182.6497,-249.2387,False
49,33,233.3192,-224.1448,False
49,34,281.1509,-200.514,False
49,35,338.3955,-172.4646,False
49,36,353.9663,-125.7381,False
49,37,375.7673,-63.63901,False
49,38,395.6608,-6.833854,False
49,39,411.7038,38.9707,False
49,40,430.8713,93.68246,False
49,41,450.049,148.2831,False
49,42,466.7789,196.629,False
49,43,486.5556,252.2928,False
49,44,508.001,312.5748,False
49,45,527.9133,368.3211,True
49,45,550.9203,328.5017,True
49,45,486.9476,351.4827,True
49,45,544.8439,281.3517,False
49,46,573.9597,323.0978,False
49,47,622.1178,333.2849,True
49,47,601.1854,289.1894,True
49,47,588.9042,364.7397,True
49,47,546.5604,373.2579,True
49,47,504.6955,351.1592,False
49,48,533.9241,383.2596,False
49,49,590.6959,399.3382,False
49,50,641.0858,367.9544,True
49,50,628.7273,445.7034,True
49,50,572.9472,452.4126,False
49,51,596.8247,491.7913,False
49,52,644.345,469.7505,True
49,52,620.3654,537.7667,True
49,52,644.0653,500.6411,True
49,52,571.3298,526.6397,True
49,52,540.3024,494.8749,False
49,53,568.1369,539.8572,True
49,53,525.4384,539.3041,True
49,53,485.172,477.1221,False
49,54,494.5649,433.1463,False
49,55,458.9698,389.592,False
49,56,424.825,347.8265,False
49,57,386.1826,300.8051,False
49,58,391.8291,253.3726,False
49,59,359.3235,201.3085,False
49,60,328.3234,161.4259,False
49,61,286.3987,107.7212,False
49,62,250.7434,63.08314,False
49,63,218.9793,23.33091,False
49,64,189.1461,-14.31187,False
49,65,146.7807,-67.40401,False
49,66,111.2211,-111.2338,False
49,67,52.77845,-117.9915,False
49,68,0.2857164,-124.0028,False
49,69,-48.16907,-129.0369,False
49,70,-115.844,-135.2512,False
49,71,-173.893,-140.3343,False
49,72,-226.7863,-145.5606,False
49,73,-281.8996,-151.0624,False
49,74,-348.6976,-158.3518,False
49,75,-404.903,-165.1902,False
49,76,-464.1849,-172.1154,False
49,77,-516.0709,-178.6632,False
49,78,-568.2483,-184.6793,False
49,79,-593.9747,-218.5964,True
49,79,-617.7581,-189.7906,True
49,79,-546.5162,-225.3627,False
49,80,-576.1097,-276.7973,False
49,81,-607.0655,-321.763,True
49,81,-561.1259,-322.1223,False
49,82,-589.5322,-374.3685,True
49,82,-547.816,-369.7557,False
49,83,-504.6502,-409.4909,False
49,84,-491.5882,-467.1886,True
49,84,-464.5191,-443.4063,False
49,85,-416.2029,-488.951,False
49,86,-376.1594,-526.7769,False
49,87,-406.6252,-554.5423,True
49,87,-330.0604,-556.0063,False
49,88,-367.3419,-587.7639,True
49,88,-293.3528,-505.0245,False
49,89,-292.6306,-454.0445,False
49,90,-291.0011,-404.5736,False
49,91,-288.704,-336.8376,False
49,92,-286.7561,-283.175,False
49,93,-247.5756,-247.4563,False
49,94,-205.568,-207.5174,False
49,95,-165.3106,-170.2307,False
49,96,-115.7454,-125.3939,False
49,97,-71.99342,-86.91695,False
49,98,-31.03662,-51.60025,False
49,99,12.82618,-13.97084,False
49,100,56.70869,23.67004,False
49,101,98.39386,59.57589,False
49,102,140.7896,94.32713,False
49,103,196.3048,138.5884,False
49,104,200.9875,183.1755,False
49,105,207.733,242.2489,False
49,106,214.8731,299.8556,False
49,107,220.9311,352.5681,False
49,108,227.6537,416.8271,False
49,109,272.3849,453.8504,False
49,110,317.7131,492.2346,False
49,111,365.1193,532.0455,False
49,112,367.7621,575.7775,True
49,112,408.8755,562.3059,True
49,112,333.1889,555.1359,False
49,113,329.6818,608.7921,True
49,113,365.2926,584.675,True
49,113,289.7496,599.336,True
49,113,273.2658,567.2423,False
49,114,274.9191,617.0482,True
49,114,243.817,505.1329,False
49,115,250.7829,465.1227,False
49,116,260.6564,399.6402,False
49,117,268.5676,345.2901,False
49,118,277.4465,285.9835,False
49,119,286.5079,228.2857,False
49,120,256.0882,188.7923,False
49,121,219.0035,138.2267,False
49,122,186.6292,94.28881,False
49,123,155.7215,52.84696,False
49,124,113.346,-5.324043,False
49,125,81.36857,-49.2939,False
49,126,45.4453,-98.70184,False
49,127,9.851025,-146.6893,False
49,128,-41.84561,-153.7934,False
49,129,-94.79971,-162.4848,False
49,130,-145.6939,-170.8049,False
49,131,-204.2227,-180.3396,False
49,132,-257.0112,-189.7802,False
49,133,-317.4171,-200.5257,False
49,134,-371.7378,-210.1397,False
49,135,-424.7236,-219.5014,False
49,136,-492.1671,-231.398,False
49,137,-537.9207,-239.509,False
49,138,-584.1727,-282.2071,False
49,139,-619.656,-319.7849,True
49,139,-585.8497,-346.332,True
49,139,-637.2529,-292.0399,True
49,139,-533.9237,-321.9441,False
49,140,-534.5339,-364.8042,True
49,140,-496.426,-354.8822,False
49,141,-460.5825,-393.6249,False
49,142,-426.045,-431.2033,False
49,143,-377.7322,-483.9909,False
49,144,-341.616,-523.0873,False
49,145,-309.9786,-557.6395,False
49,146,-254.8172,-567.5861,False
49,147,-253.8049,-511.4828,False
49,148,-248.2597,-451.1465,False
49,149,-243.0369,-397.1498,False
49,150,-238.3715,-350.5389,False
49,151,-229.8331,-267.5714,False
49,152,-195.5869,-240.3166,False
49,153,-137.9162,-192.505,False
49,154,-93.45311,-156.8999,False
49,155,-52.54185,-124.9534,False
49,156,-7.594852,-90.25852,False
49,157,48.44041,-47.75061,False
49,158,90.49278,-16.0914,False
49,159,133.9145,16.59084,False
49,160,177.3249,48.95502,False
49,161,234.0875,90.77693,False
49,162,281.8094,126.0795,False
49,163,303.5779,185.3034,False
49,164,320.6595,236.3702,False
49,165,337.0652,285.151,False
49,166,353.8565,336.5976,False
49,167,376.3686,406.0819,False
49,168,393.4385,458.7707,False
49,169,409.9064,509.532,False
49,170,425.9275,558.7294,True
49,170,394.2035,565.5596,False
49,171,413.7393,621.3519,True
49,171,375.912,611.2478,True
49,171,445.3519,588.3578,True
49,171,342.7434,599.9765,True
49,171,343.6858,554.941,False
49,172,337.2867,602.6721,True
49,172,347.7451,483.4135,False
49,173,379.2451,448.4552,False
49,174,379.7716,391.4386,False
49,175,378.3598,343.1301,False
49,176,375.8037,275.5863,False
49,177,373.5371,221.6105,False
49,178,370.9264,161.4227,False
49,179,368.66,110.4204,False
49,180,366.1365,54.65916,False
49,181,363.4361,-0.7224455,False
49,182,360.2578,-62.81131,False
49,183,357.2556,-115.5215,False
49,184,354.3722,-165.5615,False
49,185,350.1854,-229.4269,False
49,186,346.7477,-281.4015,False
49,187,342.1596,-345.1362,False
50,0,94.25211,-172.333,False
50,1,118.5596,-130.64,False
50,2,172.8614,-109.3645,False
50,3,197.0503,-55.70377,False
50,4,220.0787,-4.994983,False
50,5,274.8633,15.23556,False
50,6,300.0471,68.36655,False
50,7,323.5247,118.2695,False
50,8,345.5768,164.884,False
50,9,371.5525,220.0052,False
50,10,396.0176,273.0652,False
50,11,448.0329,290.3314,False
50,12,482.4393,339.4948,False
50,13,531.9586,352.682,True
50,13,506.7019,388.0424,True
50,13,462.6981,380.14,True
50,13,521.7471,298.7589,False
50,14,541.7957,346.2771,True
50,14,564.9293,271.7867,False
50,15,614.2062,251.8711,False
50,16,668.6472,229.865,True
50,16,630.1663,298.7409,True
50,16,638.0123,200.8818,True
50,16,596.9923,189.0959,False
50,17,558.2807,154.0267,False
50,18,585.2198,112.0575,False
50,19,620.3642,70.83539,True
50,19,579.5041,55.10615,False
50,20,542.064,24.59289,False
50,21,491.8506,-18.11532,False
50,22,448.1979,-53.94207,False
50,23,408.029,-85.8234,False
50,24,357.5188,-125.673,False
50,25,312.4587,-161.0653,False
50,26,267.8666,-195.4115,False
50,27,226.8513,-226.1944,False
50,28,176.7619,-264.2881,False
50,29,127.905,-256.5115,False
50,30,54.3562,-246.9198,False
50,31,-0.9118825,-239.111,False
50,32,-49.16594,-232.7211,False
50,33,-119.9591,-222.5778,False
50,34,-177.8094,-214.8359,False
50,35,-223.0623,-208.7505,False
50,36,-270.9357,-239.0635,False
50,37,-317.2628,-272.7867,False
50,38,-359.4644,-302.4168,False
50,39,-418.5295,-343.6406,False
50,40,-461.2742,-374.1201,False
50,41,-499.5128,-401.3861,True
50,41,-472.341,-424.7538,False
50,42,-488.4907,-474.4613,False
50,43,-468.4201,-528.6682,False
50,44,-520.2227,-551.4155,True
50,44,-477.1489,-565.3335,True
50,44,-441.0504,-571.4753,False
50,45,-417.7565,-619.2896,True
50,45,-457.3146,-623.0769,True
50,45,-490.6265,-584.6058,True
50,45,-382.3756,-582.3344,False
50,46,-335.0862,-570.6321,False
50,47,-280.4378,-557.6567,False
50,48,-212.6641,-541.9854,False
50,49,-155.2432,-528.4285,False
50,50,-100.343,-515.0547,False
50,51,-49.57169,-502.671,False
50,52,19.19161,-485.9238,False
50,53,77.14859,-471.3917,False
50,54,129.06,-457.9452,False
50,55,193.3362,-441.3982,False
50,56,249.1233,-426.8394,False
51,0,-193.2406,-154.0171,False
51,1,-149.873,-167.5493,False
51,2,-161.6117,-214.9052,False
51,3,-170.0489,-268.7867,False
51,4,-143.0566,-319.597,False
51,5,-143.2625,-382.323,False
51,6,-184.9267,-377.4866,False
51,7,-246.3727,-375.2085,False
51,8,-302.7478,-373.1489,False
51,9,-359.3056,-371.2985,False
51,10,-404.9819,-369.7556,True
51,10,-397.0284,-406.6228,False
51,11,-436.3896,-440.1268,True
51,11,-444.531,-401.6943,True
51,11,-391.8734,-460.2864,True
51,11,-344.519,-438.5205,False
51,12,-307.6815,-481.6057,False
51,13,-274.0731,-521.1922,False
51,14,-232.5651,-571.3672,False
51,15,-204.0863,-541.9521,False
51,16,-150.9311,-499.3266,False
51,17,-108.4443,-465.7741,False
51,18,-70.19066,-435.6884,False
51,19,-17.42142,-395.1802,False
51,20,25.58282,-361.8159,False
51,21,73.34517,-325.1008,False
51,22,120.4193,-289.1139,False
51,23,126.0861,-242.3814,False
51,24,134.7097,-178.269,False
51,25,142.4506,-122.0469,False
51,26,151.2888,-62.85992,False
51,27,158.7963,-10.9807,False
51,28,167.3773,47.73932,False
51,29,175.0157,100.5632,False
51,30,183.1438,153.0513,False
51,31,192.2465,208.4616,False
51,32,201.3041,260.2285,False
51,33,211.3573,314.4319,False
51,34,256.2724,352.5331,False
51,35,299.3141,387.3466,False
51,36,343.0331,422.3188,False
51,37,399.3372,466.6304,True
51,37,364.9954,478.4065,True
51,37,401.1368,417.7039,True
51,37,365.6267,384.5336,False
51,38,423.5901,358.2815,False
51,39,437.1312,402.1518,True
51,39,433.4815,307.0175,False
51,40,462.8151,249.7262,False
51,41,454.16,200.7707,False
51,42,482.0461,147.1046,False
51,43,477.27,88.91637,False
51,44,471.2434,35.45685,False
51,45,463.4239,-28.25731,False
51,46,455.572,-88.25715,False
51,47,447.2104,-143.7506,False
51,48,437.9639,-204.6372,False
51,49,429.5447,-256.6202,False
52,0,-62.44174,205.2936,False
52,1,-35.20051,166.045,False
52,2,-36.59501,104.4898,False
52,3,8.39465,111.9206,False
52,4,13.35691,151.1284,False
52,5,62.67926,158.9691,False
52,6,67.03564,202.7843,False
52,7,69.29877,257.6645,False
52,8,111.2287,301.441,False
52,9,151.9838,335.4923,False
52,10,201.677,375.5639,False
52,11,207.5725,433.017,False
52,12,244.0654,461.3495,False
52,13,299.2233,505.8963,False
52,14,343.4199,540.9911,False
52,15,358.1478,600.1517,True
52,15,392.6754,564.0333,True
52,15,398.2582,514.1282,True
52,15,355.8797,485.4347,False
52,16,379.2965,438.4344,False
52,17,411.1386,375.183,False
52,18,437.8122,323.0953,False
52,19,462.9547,274.819,False
52,20,493.171,217.2996,False
52,21,483.847,168.3801,False
52,22,473.1356,108.5247,False
52,23,463.2266,54.47962,False
52,24,453.8715,3.362116,False
52,25,443.5638,-53.61228,False
52,26,432.553,-114.6412,False
52,27,422.2426,-174.6765,False
52,28,413.4915,-227.0078,False
52,29,403.0602,-286.0968,False
53,0,-62.72918,222.3384,False
53,1,-43.04725,178.3691,False
53,2,17.07975,154.4593,False
53,3,51.57809,106.6095,False
53,4,88.88229,57.95422,False
53,5,137.6878,53.67801,False
53,6,150.0607,105.3455,False
53,7,164.5552,159.6806,False
53,8,176.8463,205.3562,False
53,9,193.6162,267.3755,False
53,10,209.3397,325.2525,False
53,11,257.1426,351.3916,False
53,12,276.7561,403.2937,False
53,13,329.3253,425.4145,False
53,14,344.4579,467.2971,True
53,14,376.7318,451.4891,True
53,14,304.1605,458.8773,False
53,15,301.6732,524.1113,False
53,16,304.8846,574.3821,False
53,17,309.5015,642.1505,True
53,17,349.1649,619.6079,True
53,17,359.4063,569.1161,True
53,17,256.4836,614.7865,True
53,17,238.4017,572.7093,False
53,18,190.5486,542.9557,False
53,19,214.5786,510.0232,False
53,20,252.5069,448.7419,False
53,21,282.7631,400.1891,False
53,22,278.01,342.1748,False
53,23,272.9477,286.7626,False
53,24,267.2948,230.8493,False
53,25,260.9882,174.7602,False
53,26,254.5333,118.4836,False
53,27,248.4856,71.50627,False
53,28,239.2823,-0.1506299,False
53,29,232.5022,-52.2322,False
53,30,224.8437,-107.0018,False
53,31,216.7768,-160.6742,False
53,32,207.0602,-219.101,False
53,33,197.135,-278.4554,False
53,34,230.2761,-325.9128,False
53,35,227.0676,-378.1527,False
53,36,179.2153,-386.3326,False
53,37,122.0234,-393.2412,False
53,38,71.28548,-399.1871,False
53,39,4.779559,-407.6371,False
53,40,-54.2354,-415.2548,False
53,41,-112.811,-423.2674,False
53,42,-166.6908,-430.6863,False
53,43,-206.1922,-475.7546,False
53,44,-263.3357,-483.2957,False
53,45,-288.5728,-518.5049,False
53,46,-346.4783,-534.0675,True
53,46,-328.8259,-570.9854,False
53,47,-366.8097,-616.6019,True
53,47,-377.9262,-576.7646,True
53,47,-324.4466,-614.9513,True
53,47,-355.4791,-536.7811,True
53,47,-277.7319,-608.2585,True
53,48,-231.7488,-533.5087,False
53,49,-198.787,-580.6785,False
53,50,-162.6427,-559.447,False
53,51,-94.71592,-526.9816,False
53,52,-45.09282,-503.1791,False
53,53,1.603094,-480.8826,False
53,54,66.86931,-449.8911,False
53,55,117.9828,-425.7515,False
53,56,168.1158,-401.6433,False
53,57,227.5893,-373.2413,False
53,58,281.879,-346.8934,False
53,59,330.3457,-323.4301,False
54,0,120.0013,-194.5018,False
54,1,138.1561,-147.3351,False
54,2,158.0405,-95.58237,False
54,3,212.2302,-65.9446,False
54,4,228.2663,-22.58971,False
54,5,278.0318,15.16425,False
54,6,335.0907,51.25928,False
54,7,385.7692,83.34378,False
54,8,404.8665,136.5372,False
54,9,424.4006,190.2858,False
54,10,443.6023,240.4769,False
54,11,464.3349,294.4988,False
54,12,483.4152,343.7581,False
54,13,502.2009,392.1743,True
54,13,531.8016,361.9248,True
54,13,456.2101,390.8353,True
54,13,531.4709,323.334,False
54,14,542.7642,363.2469,True
54,14,564.8046,339.4489,True
54,14,571.1121,300.2822,False
54,15,574.3425,349.6739,True
54,15,595.1731,321.9402,True
54,15,595.895,247.0188,False
54,16,561.2266,220.9498,False
54,17,520.5254,180.9783,False
54,18,469.7022,132.2275,False
54,19,428.3119,92.85991,False
54,20,388.1336,54.73402,False
54,21,346.4677,15.37425,False
54,22,303.9038,-24.82462,False
54,23,265.3593,-61.32178,False
54,24,217.3875,-106.2634,False
54,25,179.965,-141.2823,False
54,26,138.018,-180.4452,False
54,27,99.77643,-216.3291,False
54,28,32.72024,-219.5594,False
54,29,-21.33804,-216.4929,False
54,30,-76.42953,-213.9879,False
54,31,-136.0616,-211.3612,False
54,32,-191.8928,-208.8252,False
54,33,-251.3087,-206.4942,False
54,34,-321.1054,-203.841,False
54,35,-351.7821,-233.5234,False
54,36,-405.8574,-284.103,False
54,37,-446.0714,-321.6039,False
54,38,-484.4144,-357.4945,False
54,39,-536.8273,-404.9225,True
54,39,-542.2429,-358.2622,False
54,40,-546.0567,-411.6784,True
54,40,-581.5231,-391.0784,True
54,40,-587.4788,-347.7798,False
54,41,-583.7427,-394.6846,True
54,41,-614.5571,-371.1974,True
54,41,-632.9513,-336.5986,True
54,41,-585.0269,-277.1605,False
54,42,-541.8353,-272.613,False
54,43,-524.1163,-321.248,False
54,44,-478.2374,-355.8839,False
54,45,-430.4496,-388.5416,False
54,46,-371.9591,-378.0894,False
54,47,-319.4243,-368.5291,False
54,48,-270.262,-359.6694,False
54,49,-211.1058,-349.0305,False
54,50,-158.307,-339.6125,False
54,51,-97.03891,-328.7756,False
54,52,-43.66969,-319.3811,False
54,53,21.73353,-307.9856,False
54,54,79.29549,-298.0271,False
54,55,128.0889,-289.6192,False
54,56,183.0976,-280.2194,False
54,57,241.6556,-270.8064,False
54,58,293.9353,-262.3452,False
54,59,362.3126,-251.8893,False
54,60,351.5315,-208.7368,False
54,61,343.3553,-151.8334,False
54,62,334.9478,-93.39285,False
54,63,327.7325,-42.01131,False
54,64,318.4666,24.78213,False
54,65,310.5066,82.71366,False
54,66,302.9684,137.4876,False
54,67,295.6223,191.2579,False
54,68,328.652,246.5486,False
54,69,363.1605,291.0062,False
54,70,405.2841,343.5203,False
54,71,442.6163,389.6882,True
54,71,456.1252,352.3665,True
54,71,398.8007,393.7336,False
54,72,453.2793,392.271,True
54,72,420.2295,420.2567,True
54,72,387.7982,444.1202,True
54,72,347.8434,427.4362,False
54,73,388.2179,453.3144,True
54,73,359.4892,474.2232,True
54,73,317.0611,468.9271,False
54,74,350.9628,480.2577,True
54,74,315.3037,506.6028,False
54,75,362.7904,530.5541,True
54,75,343.302,478.3449,False
54,76,360.1095,430.9166,False
54,77,381.9036,374.3393,False
54,78,359.1425,320.4029,False
54,79,337.4143,268.7918,False
54,80,316.285,218.9414,False
54,81,293.6309,165.9695,False
54,82,271.1279,113.4557,False
54,83,248.8901,61.10804,False
54,84,228.5281,12.89833,False
54,85,203.394,-46.61293,False
54,86,147.9631,-70.49349,False
54,87,89.92697,-95.46617,False
54,88,39.82476,-116.9484,False
54,89,-6.332489,-136.7181,False
54,90,-69.04085,-163.3811,False
54,91,-119.9303,-184.9404,False
54,92,-170.4272,-206.7021,False
54,93,-233.4724,-233.7485,False
54,94,-285.2122,-255.8614,False
54,95,-333.5064,-276.443,False
54,96,-392.3102,-301.2941,False
54,97,-410.8924,-342.7985,False
54,98,-440.1635,-405.3253,True
54,98,-460.226,-368.5602,True
54,98,-397.4977,-397.7979,False
54,99,-430.2011,-447.2977,True
54,99,-389.1599,-441.1257,True
54,99,-350.1027,-419.0951,False
54,100,-381.1188,-455.7413,False
54,101,-376.6476,-506.2991,False
54,102,-342.8146,-541.4632,False
54,103,-295.437,-592.8768,True
54,103,-374.722,-582.7117,True
54,103,-337.2422,-597.0646,True
54,103,-276.996,-555.5865,False
54,104,-234.4253,-533.9772,False
54,105,-170.4418,-504.0251,False
54,106,-122.0417,-481.4633,False
54,107,-62.34301,-453.8304,False
54,108,-9.571877,-429.3872,False
54,109,40.66607,-405.3691,False
54,110,89.31419,-382.2096,False
54,111,150.8981,-353.0636,False
54,112,203.1605,-328.4304,False
54,113,250.5004,-305.709,False
54,114,312.4504,-276.1407,False
54,115,369.5092,-249.0035,False
54,116,420.7723,-225.0739,False
54,117,482.623,-196.4705,False
54,118,458.1182,-149.8057,False
54,119,437.3843,-102.4794,False
54,120,408.4151,-37.27924,False
54,121,420.4441,8.92902,False
54,122,436.2487,71.92781,False
54,123,449.7308,125.1074,False
54,124,462.5763,175.2068,False
54,125,480.0811,243.2668,False
54,126,494.3836,298.673,False
54,127,507.1272,348.62,True
54,127,542.3795,329.8642,True
54,127,469.102,341.4586,False
54,128,476.5443,388.6775,False
54,129,487.1212,461.5104,True
54,129,527.0316,390.8067,False
54,130,536.8841,439.5054,True
54,130,575.3992,414.6521,True
54,130,572.0286,372.4393,False
54,131,594.7191,414.5818,False
54,132,640.6866,390.6587,True
54,132,600.2194,460.1368,False
54,133,644.3275,436.6406,True
54,133,609.0585,506.032,True
54,133,633.6969,473.0428,True
54,133,575.9836,508.2458,False
54,134,608.9379,565.6693,True
54,134,566.6624,566.4182,False
54,135,608.3707,573.4609,True
54,135,585.9668,597.4548,True
54,135,547.8934,601.7772,True
54,135,514.0923,602.8076,True
54,135,500.6098,550.7921,False
54,136,495.6472,506.2738,False
54,137,479.5213,437.4294,False
54,138,467.1473,379.8023,False
54,139,456.3545,327.3623,False
54,140,445.0742,272.5963,False
54,141,432.9348,216.1566,False
54,142,421.4608,164.3618,False
54,143,408.543,106.9374,False
54,144,394.9357,49.26336,False
54,145,383.0824,-0.8260235,False
54,146,366.8163,-70.508,False
54,147,353.3815,-127.3946,False
54,148,340.285,-181.6891,False
54,149,325.7848,-238.8362,False
54,150,312.3563,-290.6278,False
54,151,298.7715,-342.9945,False
54,152,284.3976,-398.8698,False
55,0,-150.0552,36.38113,False
55,1,-102.8148,11.96584,False
55,2,-87.08489,-37.60907,False
55,3,-45.70801,-56.94744,False
55,4,-21.08536,-111.4495,False
55,5,-3.450535,-162.0835,False
55,6,44.93596,-192.3382,False
55,7,96.4912,-218.4657,False
55,8,147.9795,-244.6839,False
55,9,196.6175,-269.1856,False
55,10,245.6807,-293.7882,False
55,11,293.0922,-317.3566,False
55,12,342.5253,-341.6438,False
56,0,155.8669,133.5107,False
56,1,168.7349,87.76425,False
56,2,177.2628,37.20546,False
56,3,185.9837,-14.20233,False
56,4,137.959,-18.29088,False
56,5,149.9648,-61.92957,False
56,6,158.5054,-119.656,False
56,7,166.3992,-172.8519,False
56,8,208.458,-211.6874,False
56,9,216.2072,-261.6965,False
56,10,225.8862,-317.1477,False
56,11,267.8496,-347.5813,False
56,12,312.9313,-380.8501,False
57,0,82.52856,98.81677,False
57,1,91.77531,165.6905,False
57,2,135.1819,154.8951,False
57,3,170.824,107.9814,False
57,4,203.4349,61.75689,False
57,5,239.1871,9.458278,False
57,6,274.2564,-41.20367,False
57,7,307.735,-89.70053,False
57,8,340.1133,-136.1642,False
57,9,372.0291,-181.2178,False
57,10,411.3915,-237.5302,False
57,11,443.8225,-285.121,False
58,0,-142.4058,217.3353,False
58,1,-92.78155,220.9639,False
58,2,-93.32771,164.6995,False
58,3,-90.68205,110.978,False
58,4,-88.00691,54.68085,False
58,5,-83.16199,-12.0129,False
58,6,-46.16393,-43.77147,False
58,7,-9.618731,-76.43403,False
58,8,0.978547,-134.0543,False
58,9,3.326515,-190.922,False
58,10,5.915559,-257.3258,False
58,11,7.812235,-308.1082,False
58,12,48.40422,-346.0882,False
58,13,88.1258,-384.2692,False
58,14,134.1554,-429.3934,False
58,15,170.4509,-464.984,False
58,16,211.5733,-505.3245,False
59,0,-5.677357,-210.4253,False
59,1,18.65721,-169.2995,False
59,2,13.80191,-114.84,False
59,3,5.95332,-63.04005,False
59,4,52.23164,-54.98163,False
59,5,56.72872,-100.6529,False
59,6,67.53142,-158.6162,False
59,7,80.75668,-227.6446,False
59,8,127.9823,-260.7793,False
59,9,134.185,-303.4422,False
59,10,174.7812,-345.1044,False
59,11,181.8869,-403.8736,False
59,12,215.1757,-433.7167,False
59,13,263.027,-476.85,False
60,0,183.0208,-194.8558,False
60,1,136.4373,-202.1927,False
60,2,104.5909,-247.1264,False
60,3,59.84907,-252.7111,False
60,4,24.3678,-298.6168,False
60,5,-6.125406,-341.2491,False
60,6,-43.0099,-392.705,False
60,7,-90.26775,-399.5858,False
60,8,-148.6938,-409.6307,False
60,9,-201.0926,-418.7474,False
60,10,-235.4453,-464.4175,False
60,11,-286.1159,-481.6132,False
60,12,-335.3842,-499.0507,True
60,12,-320.3143,-535.3173,False
60,13,-373.7873,-557.0589,True
60,13,-340.5455,-577.4805,True
60,13,-300.0646,-582.2792,False
60,14,-338.7321,-595.6947,False
60,15,-372.7021,-645.2847,True
60,15,-407.1363,-627.2922,True
60,15,-328.3517,-655.2079,True
60,15,-397.5659,-583.4589,False
60,16,-419.2289,-631.0356,True
60,16,-442.7569,-605.8106,True
60,16,-438.0813,-565.7272,False
60,17,-446.654,-611.8353,True
60,17,-478.1158,-581.8975,True
60,17,-481.4558,-544.9833,True
60,17,-455.7673,-510.1348,False
60,18,-416.4035,-484.118,False
60,19,-364.8729,-489.8812,False
60,20,-307.464,-496.2941,False
60,21,-268.6827,-465.505,False
60,22,-215.1247,-424.8717,False
60,23,-165.3372,-388.111,False
60,24,-117.6017,-352.9863,False
60,25,-65.07992,-315.1067,False
60,26,-8.883826,-275.4215,False
60,27,37.18721,-243.0057,False
60,28,80.65038,-213.4327,False
60,29,140.0556,-173.3703,False
60,30,185.3666,-143.5335,False
60,31,206.4995,-87.78423,False
60,32,225.2568,-36.22618,False
60,33,243.7145,14.51479,False
60,34,263.4561,69.71656,False
60,35,282.0943,121.6459,False
60,36,300.25,172.38,False
60,37,324.2783,236.915,False
60,38,344.7397,290.325,False
60,39,363.7637,339.7891,False
60,40,385.2624,397.6619,False
60,41,405.6205,450.9402,True
60,41,436.3832,427.5121,False
60,42,456.4415,481.1104,True
60,42,483.9736,451.0906,False
60,43,500.8963,503.8285,True
60,43,535.0298,440.6968,False
60,44,544.1678,491.7342,True
60,44,513.2355,389.3883,False
60,45,556.0858,376.3972,False
60,46,561.4625,428.6969,True
60,46,538.0804,310.486,False
60,47,495.2199,271.3313,False
60,48,452.7869,231.7565,False
60,49,408.8613,191.2252,False
60,50,367.4044,153.6827,False
60,51,327.2548,118.5184,False
60,52,274.2586,72.56716,False
60,53,231.2434,36.54366,False
60,54,189.1624,2.318779,False
60,55,133.6313,-41.44133,False
60,56,88.01762,-76.30768,False
60,57,52.84087,-103.1462,False
60,58,-0.9992197,-143.6205,False
60,59,-48.59134,-178.5504,False
60,60,-85.09923,-205.6845,False
60,61,-141.5913,-247.3087,False
60,62,-189.3994,-281.4435,False
60,63,-226.9619,-308.5375,False
60,64,-266.0925,-337.3498,False
60,65,-323.3505,-380.4564,False
60,66,-371.5636,-417.2296,False
60,67,-417.7683,-450.8452,False
60,68,-460.5347,-481.3617,True
60,68,-421.1505,-498.9743,False
60,69,-431.0271,-556.014,False
60,70,-404.5854,-603.8515,False
60,71,-375.5513,-657.9419,True
60,71,-416.5114,-659.4266,True
60,71,-443.0777,-614.908,True
60,71,-350.6422,-599.4741,False
60,72,-315.8731,-650.3561,True
60,72,-298.8874,-581.3272,False
60,73,-251.7388,-561.6797,False
60,74,-187.9743,-535.2187,False
60,75,-131.1666,-511.7163,False
60,76,-77.39149,-489.5057,False
60,77,-26.51373,-468.2747,False
60,78,23.35301,-447.0268,False
60,79,88.59344,-418.5149,False
60,80,138.6206,-395.8105,False
60,81,184.661,-374.2341,False
60,82,247.7953,-343.6749,False
60,83,298.3572,-318.6834,False
60,84,343.3444,-296.452,False
61,0,63.65017,182.5526,False
61,1,60.28609,131.4438,False
61,2,56.08247,73.97241,False
61,3,51.51304,13.17696,False
61,4,47.39928,-38.52095,False
61,5,42.74928,-97.9338,False
61,6,38.766,-151.1128,False
61,7,34.71831,-205.3149,False
61,8,30.63435,-254.6949,False
61,9,63.50631,-306.0771,False
61,10,95.81322,-346.5063,False
61,11,141.5968,-404.8615,False
61,12,178.2072,-451.4447,False
61,13,210.534,-493.3547,False
61,14,252.7626,-549.2906,False
62,0,199.5248,-258.2597,False
62,1,261.6459,-281.3504,False
62,2,250.0465,-325.8741,False
62,3,203.0575,-322.4892,False
62,4,149.2816,-312.7645,False
62,5,97.26579,-302.8,False
62,6,74.01339,-349.4373,False
62,7,52.02869,-402.4117,False
62,8,33.18662,-447.9878,False
62,9,7.05856,-511.0045,False
62,10,-36.94323,-528.8785,False
62,11,-92.0672,-553.9421,False
62,12,-146.1453,-579.0073,False
62,13,-194.6624,-601.9327,True
62,13,-173.4349,-631.3844,True
62,13,-201.0232,-558.6586,False
62,14,-237.8907,-578.6707,False
62,15,-273.4922,-633.557,True
62,15,-300.3052,-602.2886,False
62,16,-320.8915,-643.0498,True
62,16,-347.7733,-617.7885,True
62,16,-268.3056,-645.953,True
62,16,-338.1408,-571.3328,False
62,17,-357.9922,-616.2228,True
62,17,-381.5958,-595.9566,True
62,17,-393.11,-555.4893,False
62,18,-404.0915,-602.4807,False
62,19,-387.0229,-660.3338,True
62,19,-351.7734,-623.4534,True
62,19,-457.9606,-626.7662,True
62,19,-419.6353,-637.1473,True
62,19,-455.9913,-578.6287,False
62,20,-464.4518,-620.0439,True
62,20,-491.3761,-597.3182,True
62,20,-511.4241,-562.9169,True
62,20,-482.672,-528.7813,False
62,21,-530.616,-549.8569,True
62,21,-432.2018,-491.673,False
62,22,-378.6826,-500.2608,False
62,23,-337.1293,-470.7442,False
62,24,-285.1018,-434.7232,False
62,25,-239.0644,-403.0379,False
62,26,-194.1614,-372.18,False
62,27,-140.7195,-336.5926,False
62,28,-99.12358,-309.1888,False
62,29,-59.32254,-282.9299,False
62,30,-0.0586465,-244.2568,False
62,31,47.08446,-213.7882,False
62,32,98.14394,-181.0398,False
62,33,144.0225,-151.1765,False
62,34,169.0167,-91.25814,False
62,35,187.5266,-39.11191,False
62,36,203.8395,7.166271,False
62,37,227.376,76.29726,False
62,38,245.4688,130.0752,False
62,39,262.9756,179.925,False
62,40,281.822,233.4789,False
62,41,300.6357,287.0843,False
62,42,318.8592,339.0026,False
62,43,336.3785,387.7946,False
62,44,377.3675,407.573,False
62,45,397.0104,459.5146,True
62,45,433.2056,437.1396,True
62,45,354.1648,454.8774,False
62,46,392.3008,471.5235,True
62,46,365.856,492.2117,True
62,46,321.738,490.5298,False
62,47,370.108,506.4391,True
62,47,330.481,535.6544,False
62,48,383.128,560.9789,True
62,48,379.4684,510.0495,True
62,48,333.7528,585.5163,False
62,49,385.2129,616.3137,True
62,49,343.9595,631.2341,True
62,49,380.6183,564.8083,False
62,50,413.6921,516.2955,False
62,51,444.081,469.4501,False
62,52,439.832,413.5961,False
62,53,433.7813,360.6042,False
62,54,428.0369,302.5352,False
62,55,421.9753,241.8244,False
62,56,415.7779,182.2814,False
62,57,409.9159,127.9902,False
62,58,404.3796,78.49763,False
62,59,397.2524,14.10221,False
62,60,391.0359,-40.45753,False
62,61,383.482,-101.4126,False
62,62,376.4391,-161.5424,False
62,63,370.1575,-216.7337,False
62,64,363.8309,-270.7018,False
62,65,356.4905,-328.4522,False
63,0,143.8049,128.6669,False
63,1,159.2172,187.1908,False
63,2,207.5287,212.7434,False
63,3,237.2693,161.7039,False
63,4,269.2505,114.1275,False
63,5,299.3191,70.38988,False
63,6,329.415,26.55425,False
63,7,373.0457,-35.45273,False
63,8,405.4081,-81.24542,False
63,9,435.0069,-122.4989,False
63,10,475.6214,-179.1369,False
63,11,508.7059,-225.5088,False
64,0,28.08188,-127.6016,False
64,1,41.81818,-83.24345,False
64,2,61.61823,-36.34282,False
64,3,115.3092,-7.118341,False
64,4,163.9735,20.69954,False
64,5,179.7365,77.76245,False
64,6,227.9384,104.708,False
64,7,247.2532,158.0163,False
64,8,264.4689,204.1034,False
64,9,284.8729,258.8376,False
64,10,304.9926,312.5663,False
64,11,355.444,334.7507,False
64,12,369.5576,375.5503,False
64,13,422.3441,408.9282,False
64,14,447.66,460.1845,False
64,15,472.5956,510.24,True
64,15,491.1956,471.208,True
64,15,424.7575,499.8832,False
64,16,454.04,555.3255,True
64,16,411.8154,563.9444,False
64,17,454.0881,565.7853,True
64,17,394.9982,601.1133,True
64,17,431.2663,595.4506,True
64,17,367.074,589.9183,True
64,17,356.4782,542.4963,False
64,18,312.5694,509.6273,False
64,19,339.6413,473.1401,False
64,20,337.5338,423.0323,False
64,21,335.4717,361.2521,False
64,22,333.483,302.6295,False
64,23,331.4495,250.2492,False
64,24,329.4039,198.7633,False
64,25,326.5839,134.0303,False
64,26,323.844,74.47179,False
64,27,321.0929,19.45853,False
64,28,318.3044,-34.63772,False
64,29,315.0537,-92.98669,False
64,30,311.8207,-150.0107,False
64,31,307.9055,-208.9591,False
64,32,304.5353,-261.115,False
64,33,301.0621,-314.6935,False
64,34,245.7999,-316.5706,False
64,35,191.9289,-313.2889,False
64,36,139.9585,-310.0275,False
64,37,80.46033,-305.6446,False
64,38,23.70241,-301.2994,False
64,39,-37.83015,-296.6574,False
64,40,-94.24947,-292.8148,False
64,41,-135.2121,-289.9544,False
64,42,-199.4953,-286.0378,False
64,43,-258.0623,-282.5048,False
64,44,-293.0274,-312.7228,False
64,45,-347.3515,-361.6536,False
64,46,-388.7961,-398.9106,False
64,47,-429.0642,-435.3624,True
64,47,-401.559,-454.5786,True
64,47,-441.2088,-395.1919,True
64,47,-351.6769,-443.7598,False
64,48,-362.787,-499.1215,True
64,48,-325.3852,-483.8007,False
64,49,-334.5516,-539.7769,False
64,50,-300.3875,-584.8542,False
64,51,-265.3983,-630.6483,True
64,51,-267.2009,-559.1048,False
64,52,-208.569,-517.0901,False
64,53,-164.9127,-486.7907,False
64,54,-111.0288,-450.5554,False
64,55,-63.79388,-419.0099,False
64,56,-19.69558,-390.2526,False
64,57,5.539466,-335.0603,False
64,58,22.72676,-288.3786,False
64,59,46.44389,-219.6537,False
64,60,64.85213,-165.7008,False
64,61,80.70507,-119.1831,False
64,62,101.9779,-56.82291,False
64,63,120.2593,-1.769237,False
64,64,136.3795,46.88595,False
64,65,151.4074,92.17502,False
64,66,210.5067,126.5495,False
64,67,229.2347,174.0783,False
64,68,281.1438,203.2093,False
64,69,325.5193,229.0984,False
64,70,367.4021,254.1264,False
64,71,436.9355,295.4891,False
64,72,487.1453,324.5147,True
64,72,450.2036,343.2973,False
64,73,495.4427,378.2291,True
64,73,470.8163,410.2752,True
64,73,498.569,344.032,False
64,74,511.8591,396.2984,True
64,74,538.7033,368.055,True
64,74,531.6038,324.7579,False
64,75,543.2488,369.9097,True
64,75,568.5425,338.5781,True
64,75,553.8468,263.4387,False
64,76,511.6488,231.5928,False
64,77,468.0811,191.9522,False
64,78,427.4537,156.0931,False
64,79,382.2693,116.31,False
64,80,339.8248,79.25607,False
64,81,299.3669,44.25113,False
64,82,245.9562,-0.2182201,False
64,83,201.4336,-36.22258,False
64,84,159.765,-69.92774,False
64,85,106.713,-111.1872,False
64,86,71.03155,-138.3363,False
64,87,32.02531,-167.4509,False
64,88,-26.32011,-210.4547,False
64,89,-72.27078,-243.4601,False
64,90,-119.557,-276.6101,False
64,91,-159.5995,-303.5085,False
64,92,-214.7742,-340.0409,False
64,93,-261.4006,-370.8157,False
64,94,-306.5851,-400.449,False
64,95,-364.6939,-438.3279,False
64,96,-413.0804,-469.6239,True
64,96,-412.2541,-432.1854,True
64,96,-363.4401,-482.3935,True
64,96,-318.7191,-467.8503,False
64,97,-318.7574,-515.7816,False
64,98,-317.1297,-578.6799,False
64,99,-315.5457,-641.2715,True
64,99,-341.7364,-618.805,True
64,99,-362.8135,-576.4991,True
64,99,-264.6205,-605.8233,True
64,99,-266.1001,-557.9429,False
64,100,-222.5795,-518.5933,False
64,101,-186.816,-480.9358,False
64,102,-137.0955,-430.4172,False
64,103,-96.88107,-389.3808,False
64,104,-57.14222,-350.1023,False
64,105,-18.42785,-312.0629,False
64,106,19.55198,-274.8592,False
64,107,76.78976,-218.9658,False
64,108,119.7534,-178.0187,False
64,109,158.6254,-141.7235,False
64,110,200.6074,-104.7093,False
64,111,208.7334,-47.37701,False
64,112,213.3523,9.411933,False
64,113,218.8634,73.69257,False
64,114,223.3102,126.2488,False
64,115,227.7009,178.3217,False
64,116,232.5264,237.0639,False
64,117,237.8632,302.7211,False
64,118,242.0618,355.3494,False
64,119,246.0436,405.3292,False
64,120,287.0098,447.8474,False
64,121,293.568,498.5525,False
64,122,300.1738,553.4462,False
64,123,306.3139,603.6942,True
64,123,344.3481,592.8802,True
64,123,271.2515,600.5377,False
64,124,317.6814,633.171,True
64,124,283.9232,650.1385,True
64,124,240.1193,633.7465,True
64,124,218.5723,598.2045,False
64,125,233.2725,651.845,True
64,125,213.9527,548.8242,False
64,126,231.3636,505.7013,False
64,127,258.7584,445.6619,False
64,128,283.9327,392.4263,False
64,129,307.496,343.419,False
64,130,291.8479,289.9589,False
64,131,275.0445,241.3329,False
64,132,251.9383,174.2974,False
64,133,233.0103,119.1321,False
64,134,214.7907,66.27869,False
64,135,194.397,4.693385,False
64,136,176.3627,-49.94253,False
64,137,159.3727,-101.0484,False
64,138,143.0885,-149.7411,False
64,139,121.8246,-215.5256,False
64,140,103.7424,-270.6896,False
64,141,87.40655,-321.3378,False
64,142,68.2341,-379.8647,False
64,143,20.55036,-403.3105,False
64,144,-27.11546,-427.6712,False
64,145,-79.52779,-455.089,False
64,146,-127.882,-481.1649,False
64,147,-177.2549,-507.9842,False
64,148,-236.1866,-540.3812,False
64,149,-288.4686,-569.7463,False
64,150,-338.2136,-598.4845,True
64,150,-313.0446,-623.907,True
64,150,-341.3873,-544.7566,True
64,150,-259.7253,-620.1556,True
64,150,-292.5629,-512.7227,False
64,151,-339.46,-522.0735,False
64,152,-363.1598,-574.5027,True
64,152,-313.4642,-568.1346,False
64,153,-290.3302,-616.5678,True
64,153,-275.5566,-540.2645,False
64,154,-212.6321,-507.0105,False
64,155,-163.2373,-480.8832,False
64,156,-116.014,-455.9809,False
64,157,-57.95469,-425.1353,False
64,158,-8.026692,-398.7526,False
64,159,36.54968,-375.2538,False
64,160,98.36638,-342.438,False
64,161,149.1898,-315.569,False
64,162,195.4202,-290.7589,False
64,163,257.6042,-257.5404,False
64,164,306.9121,-230.8114,False
64,165,331.5542,-178.8869,False
64,166,354.8058,-128.6749,False
64,167,375.5078,-83.96217,False
64,168,405.6926,-18.36702,False
64,169,429.7019,33.84925,False
64,170,451.2611,81.41214,False
64,171,479.2859,144.2515,False
64,172,501.1751,193.4879,False
64,173,523.9426,244.476,False
64,174,546.1379,294.139,False
64,175,569.175,345.8408,True
64,175,588.7311,306.8735,False
64,176,628.3893,364.0314,True
64,176,637.4955,322.7983,True
64,176,567.3979,359.6034,False
64,177,607.896,369.5108,False
64,178,663.3986,351.4449,True
64,178,630.0791,426.2903,True
64,178,655.327,396.4697,True
64,178,572.2831,419.8012,True
64,178,612.203,319.8083,True
64,179,519.1927,313.4966,False
64,180,506.4817,261.1571,False
64,181,489.9265,207.5825,False
64,182,470.8486,145.8407,False
64,183,453.3345,88.84794,False
64,184,437.2178,37.28756,False
64,185,416.7482,-28.21141,False
64,186,398.9462,-84.78405,False
64,187,382.4743,-137.0605,False
64,188,361.5372,-201.2017,False
64,189,343.7765,-255.2579,False
64,190,327.549,-305.2079,False
64,191,308.2732,-363.0415,False
65,0,42.79707,209.8959,False
65,1,55.72314,161.8443,False
65,2,67.10138,110.0089,False
65,3,81.27699,45.64872,False
65,4,94.33667,-11.11991,False
65,5,141.2678,-42.30672,False
65,6,153.5409,-85.70992,False
65,7,174.5122,-151.0245,False
65,8,226.934,-176.8746,False
65,9,277.205,-203.6204,False
65,10,324.0292,-228.6154,False
65,11,370.2892,-253.1755,False
65,12,394.6291,-310.0972,False
66,0,208.4121,-13.1208,False
66,1,161.9499,-21.41636,False
66,2,119.691,-68.48111,False
66,3,86.00748,-110.67,False
66,4,32.11995,-119.7468,False
66,5,-5.614735,-160.914,False
66,6,-44.53603,-202.6115,False
66,7,-80.89278,-240.5452,False
66,8,-128.7757,-289.0924,False
66,9,-177.6996,-289.042,False
66,10,-239.4076,-290.471,False
66,11,-295.1928,-291.6241,False
66,12,-350.5445,-292.2056,False
66,13,-399.0182,-328.9756,False
66,14,-434.9138,-365.2346,False
66,15,-484.4316,-415.0261,True
66,15,-496.462,-376.3669,False
66,16,-558.2311,-377.6762,False
66,17,-590.3159,-411.5416,True
66,17,-546.4388,-419.4317,False
66,18,-542.0223,-469.274,True
66,18,-506.8055,-456.5717,False
66,19,-506.3045,-507.2513,True
66,19,-472.2051,-494.2783,False
66,20,-432.3442,-538.7675,False
66,21,-396.694,-578.5119,True
66,21,-384.0208,-546.7868,False
66,22,-322.4644,-522.0521,False
66,23,-272.1348,-497.2298,False
66,24,-243.2342,-440.245,False
66,25,-196.5519,-424.4261,False
66,26,-136.2105,-401.5414,False
66,27,-69.74234,-376.7644,False
66,28,-14.99547,-356.4462,False
66,29,35.26871,-337.8447,False
66,30,97.77048,-314.3283,False
66,31,149.1942,-294.1518,False
66,32,207.6683,-271.1591,False
66,33,263.082,-248.5359,False
66,34,314.4681,-227.2116,False
66,35,376.3026,-201.1719,False
66,36,391.0594,-162.3256,False
66,37,375.5231,-105.5669,False
66,38,356.2826,-56.9677,False
66,39,366.5006,3.705168,False
66,40,381.444,60.71264,False
66,41,396.7019,117.9871,False
66,42,411.7652,174.4675,False
66,43,425.6198,224.4993,False
66,44,441.9965,283.0394,False
66,45,456.9731,335.3832,False
66,46,470.1448,381.3114,True
66,46,504.2662,366.038,True
66,46,439.0506,387.2512,True
66,46,514.8959,317.2225,False
66,47,527.1489,367.2709,True
66,47,559.8743,300.6568,False
66,48,575.6534,351.9353,True
66,48,605.7435,276.2451,True
66,48,588.1667,239.8271,False
66,49,550.0153,219.9932,False
66,50,528.3365,161.6455,False
66,51,511.5159,109.3693,False
66,52,489.5871,41.83109,False
66,53,473.5298,-7.670555,False
66,54,456.2795,-60.66266,False
66,55,439.7849,-111.8909,False
66,56,417.2867,-180.9533,False
66,57,398.6608,-237.6459,False
66,58,382.3139,-286.9619,False
67,0,-204.5598,-145.0567,False
67,1,-231.3857,-203.3529,False
67,2,-255.0102,-254.3191,False
67,3,-298.9835,-275.7499,False
67,4,-362.973,-309.0585,False
67,5,-409.6184,-333.344,False
67,6,-422.9087,-377.5602,False
67,7,-401.7477,-431.6982,False
67,8,-435.3468,-448.8704,True
67,8,-363.8073,-476.9623,False
67,9,-410.3638,-497.7179,True
67,9,-332.0309,-524.9066,False
67,10,-373.9675,-536.5106,True
67,10,-301.7633,-561.8619,False
67,11,-280.1998,-626.4119,True
67,11,-344.7922,-581.3319,True
67,11,-244.9842,-585.5995,False
67,12,-188.847,-582.952,False
67,13,-150.0167,-541.0311,False
67,14,-109.7817,-499.1883,False
67,15,-71.99711,-459.9631,False
67,16,-26.04596,-412.1694,False
67,17,15.71222,-370.1858,False
67,18,52.69102,-333.2778,False
67,19,98.0322,-288.4175,False
67,20,143.974,-289.0857,False
67,21,207.098,-288.3014,False
67,22,264.6744,-287.3543,False
67,23,328.0764,-286.3644,False
67,24,392.5172,-284.827,False
68,0,58.83897,-115.1169,False
68,1,105.3905,-144.5743,False
68,2,122.0564,-199.7271,False
68,3,73.56062,-208.8791,False
68,4,21.91545,-223.311,False
68,5,-29.03605,-238.0898,False
68,6,-61.45623,-287.0586,False
68,7,-85.89372,-331.7357,False
68,8,-117.539,-389.4196,False
68,9,-143.0595,-436.3457,False
68,10,-166.9486,-480.0657,False
68,11,-223.1171,-499.8173,False
68,12,-273.0819,-515.577,False
68,13,-340.6494,-537.4304,True
68,13,-316.6453,-568.866,True
68,13,-339.3435,-510.6823,True
68,13,-261.6049,-582.1723,False
68,14,-242.244,-634.8066,True
68,14,-318.4619,-593.8337,False
68,15,-341.1912,-639.5875,True
68,15,-368.5696,-608.2372,True
68,15,-292.807,-627.2584,True
68,15,-363.4031,-565.6251,False
68,16,-384.6155,-612.7488,True
68,16,-402.2632,-584.3019,False
68,17,-419.9709,-637.1106,True
68,17,-378.875,-623.0282,True
68,17,-454.2882,-605.2244,True
68,17,-464.6295,-569.2244,True
68,17,-422.536,-537.5262,False
68,18,-459.7306,-556.9265,False
68,19,-436.7839,-605.1802,True
68,19,-483.7781,-606.0956,True
68,19,-513.4305,-572.4265,True
68,19,-519.8036,-531.4884,True
68,19,-477.4097,-501.9261,False
68,20,-512.1053,-523.3695,True
68,20,-429.3357,-478.9854,False
68,21,-370.5162,-480.2032,False
68,22,-328.7003,-449.6706,False
68,23,-288.5009,-420.7342,False
68,24,-229.8071,-380.1749,False
68,25,-182.2395,-347.6849,False
68,26,-137.4438,-317.5087,False
68,27,-80.17542,-279.1401,False
68,28,-28.50841,-245.2433,False
68,29,25.77469,-211.7538,False
68,30,81.11558,-178.1172,False
68,31,130.6016,-148.1564,False
68,32,143.3215,-97.85524,False
68,33,157.4639,-42.82159,False
68,34,170.0545,6.546246,False
68,35,186.451,68.33498,False
68,36,201.4052,123.3118,False
68,37,216.4031,176.9926,False
68,38,229.2567,222.9935,False
68,39,248.1467,290.4381,False
68,40,264.7198,349.9506,False
68,41,278.8294,400.1384,False
68,42,328.6484,427.9509,False
68,43,344.8646,481.1033,False
68,44,393.9529,515.8459,True
68,44,364.2725,535.1926,True
68,44,322.5458,524.3776,False
68,45,362.081,550.2142,True
68,45,323.09,576.5656,False
68,46,371.3639,612.0146,True
68,46,336.3012,626.2643,True
68,46,376.0463,562.0615,False
68,47,401.7741,512.1609,False
68,48,430.7185,461.4788,False
68,49,456.9818,415.4496,False
68,50,448.4403,357.587,False
68,51,440.6504,300.6191,False
68,52,433.5731,245.9499,False
68,53,425.1782,180.877,False
68,54,418.5104,123.8625,False
68,55,412.9636,68.70747,False
68,56,406.9971,10.14671,False
68,57,401.6875,-42.79632,False
68,58,396.1202,-97.67877,False
68,59,391.8295,-145.8667,False
68,60,385.364,-211.4758,False
68,61,378.8485,-269.6954,False
68,62,372.9034,-322.3939,False
69,0,121.8663,-134.1213,False
69,1,75.43192,-148.0135,False
69,2,56.36112,-190.1092,False
69,3,27.99726,-252.6252,False
69,4,-25.5546,-271.6931,False
69,5,-81.42387,-295.0916,False
69,6,-129.5348,-315.7068,False
69,7,-155.2981,-365.4209,False
69,8,-180.3942,-412.8347,False
69,9,-204.0876,-457.4471,False
69,10,-234.4349,-514.8904,False
69,11,-282.221,-538.1601,False
69,12,-330.0191,-562.7253,False
69,13,-394.5317,-596.1648,False
69,14,-410.8976,-644.9771,True
69,14,-446.6992,-624.4266,True
69,14,-456.8036,-586.2495,True
69,14,-365.9408,-637.8683,True
69,14,-431.3915,-544.196,True
69,15,-306.8123,-552.046,False
69,16,-270.2367,-595.9114,True
69,16,-255.5405,-546.0891,False
69,17,-217.598,-511.5225,False
69,18,-177.2781,-476.3373,False
69,19,-126.1984,-432.1639,False
69,20,-75.15092,-389.4577,False
69,21,-35.58713,-356.5089,False
69,22,19.25922,-311.7376,False
69,23,58.69958,-280.5443,False
69,24,101.2426,-246.9253,False
69,25,154.0193,-206.594,False
69,26,200.5813,-171.6149,False
69,27,208.5418,-118.2097,False
69,28,217.7917,-58.31959,False
69,29,226.5284,-2.859615,False
69,30,235.2761,49.42773,False
69,31,245.7042,111.5379,False
69,32,253.7822,159.4078,False
69,33,267.1201,239.0605,False
69,34,276.0142,295.211,False
69,35,286.6531,364.1732,False
69,36,295.3552,420.2084,False
69,37,303.1442,472.7835,False
69,38,312.5779,536.6829,False
69,39,319.993,590.8284,True
69,39,361.4561,569.4011,True
69,39,283.7415,583.3401,False
69,40,329.2256,601.0907,True
69,40,288.4838,616.7389,True
69,40,250.0867,606.1221,True
69,40,222.5992,568.3458,False
69,41,200.53,520.775,False
69,42,215.3602,463.7148,False
69,43,230.0774,410.416,False
69,44,243.7162,360.9219,False
69,45,262.062,294.2738,False
69,46,240.4371,246.6698,False
69,47,219.629,198.0983,False
69,48,195.1968,141.0009,False
69,49,172.591,88.57998,False
69,50,149.9891,36.32263,False
69,51,128.4792,-13.92711,False
69,52,75.63764,-39.55544,False
69,53,57.50285,-87.24726,False
69,54,2.818775,-108.7061,False
69,55,-51.78559,-131.0366,False
69,56,-99.72019,-150.9963,False
69,57,-164.4848,-177.9117,False
69,58,-220.1691,-201.5332,False
69,59,-274.3937,-224.9693,False
69,60,-322.4203,-246.1207,False
69,61,-382.9975,-272.6329,False
69,62,-435.9503,-295.7215,False
69,63,-485.8505,-317.8958,False
69,64,-513.3788,-372.6712,True
69,64,-540.0983,-340.6101,True
69,64,-480.6563,-367.3883,True
69,64,-550.9892,-299.562,False
69,65,-573.9584,-349.518,False
69,66,-597.9265,-397.8457,False
69,67,-585.916,-433.4968,True
69,67,-619.313,-430.2628,True
69,67,-551.6908,-394.151,False
69,68,-516.8267,-448.6996,True
69,68,-567.9879,-445.059,True
69,68,-506.0445,-404.8182,False
69,69,-475.4629,-458.8508,False
69,70,-511.4312,-473.1509,False
69,71,-560.9897,-499.9926,True
69,71,-526.0772,-527.1915,True
69,71,-563.7028,-461.8583,False
69,72,-615.6042,-453.2281,True
69,72,-577.1027,-515.9098,True
69,72,-595.946,-481.8127,True
69,72,-528.3878,-404.7414,False
69,73,-483.6501,-369.382,False
69,74,-441.335,-339.1925,False
69,75,-388.5951,-302.0448,False
69,76,-339.6428,-267.8403,False
69,77,-295.5411,-237.2294,False
69,78,-243.1995,-201.8706,False
69,79,-196.8381,-170.6361,False
69,80,-147.1481,-136.5933,False
69,81,-103.5976,-105.9258,False
69,82,-53.99941,-71.19493,False
69,83,-3.803228,-35.54683,False
69,84,41.33457,-4.8535,False
69,85,95.02423,30.43328,False
69,86,142.5988,62.0365,False
69,87,161.0758,118.2079,False
69,88,178.4237,170.5288,False
69,89,194.8878,219.8994,False
69,90,214.6519,280.8037,False
69,91,231.9221,334.1344,False
69,92,247.2865,381.2265,False
69,93,267.0182,441.7685,False
69,94,283.8833,493.0054,True
69,94,315.8649,474.3097,False
69,95,335.816,530.5567,True
69,95,362.2637,497.8846,True
69,95,357.9325,460.0817,False
69,96,382.8584,505.3593,True
69,96,409.4125,476.8734,True
69,96,414.4314,435.1492,True
69,96,383.1765,406.7032,False
69,97,409.6244,354.3662,False
69,98,435.7703,302.8814,False
69,99,425.1288,247.8115,False
69,100,414.8893,191.5453,False
69,101,404.2645,134.9042,False
69,102,395.2748,82.10589,False
69,103,384.3427,15.54578,False
69,104,376.0023,-35.54319,False
69,105,365.6581,-95.54089,False
69,106,355.9406,-151.4606,False
69,107,346.2183,-206.664,False
69,108,335.1924,-272.4862,False
69,109,325.5628,-330.4373,False
70,0,205.7132,194.8479,False
70,1,221.305,250.0317,False
70,2,272.6825,276.2405,False
70,3,289.2852,235.8237,False
70,4,321.8759,177.6956,False
70,5,314.7158,127.221,False
70,6,341.2573,79.79601,False
70,7,366.9916,34.64353,False
70,8,401.2339,-25.32127,False
70,9,429.9842,-74.75527,False
70,10,458.178,-122.5865,False
70,11,493.2498,-181.6178,False
70,12,523.584,-231.8188,False
71,0,97.72031,-111.5355,False
71,1,117.937,-64.84681,False
71,2,133.861,-15.68286,False
71,3,181.2826,19.01877,False
71,4,235.7756,56.51105,False
71,5,251.827,107.9949,False
71,6,268.9434,159.0879,False
71,7,287.651,214.5444,False
71,8,305.1024,264.9584,False
71,9,349.1636,292.6897,False
71,10,376.4025,351.1217,False
71,11,426.3705,374.75,False
71,12,439.2716,418.574,False
71,13,460.2617,483.5479,True
71,13,489.9285,457.1688,False
71,14,506.6893,512.7186,True
71,14,532.8985,482.6136,False
71,15,554.131,537.6667,True
71,15,584.9721,468.4066,False
71,16,602.558,506.6944,False
71,17,654.6993,536.0704,True
71,17,627.6303,568.7283,True
71,17,643.0653,491.8961,True
71,17,579.1193,565.3531,False
71,18,610.0105,613.3668,True
71,18,566.8803,619.5671,True
71,18,541.0403,586.7936,True
71,18,526.9769,543.9725,False
71,19,534.1567,501.3056,False
71,20,501.901,449.8816,False
71,21,501.5427,392.9003,False
71,22,462.7115,353.4448,False
71,23,422.9052,313.0773,False
71,24,384.7773,276.2307,False
71,25,378.4601,220.8148,False
71,26,376.1908,163.291,False
71,27,335.6929,123.0289,False
71,28,291.6637,82.47308,False
71,29,253.152,47.95232,False
71,30,200.7052,2.673875,False
71,31,154.4823,-35.80427,False
71,32,112.7128,-69.80988,False
71,33,71.40784,-102.4886,False
71,34,13.74095,-108.0071,False
71,35,-49.84934,-109.2175,False
71,36,-108.6102,-111.0172,False
71,37,-158.4175,-112.2477,False
71,38,-215.9117,-113.6924,False
71,39,-262.1062,-150.5428,False
71,40,-309.0945,-187.0567,False
71,41,-352.3559,-219.5045,False
71,42,-407.4885,-259.9032,False
71,43,-449.8914,-290.2439,False
71,44,-498.2828,-324.4085,False
71,45,-553.1003,-361.755,True
71,45,-511.7871,-377.4202,True
71,45,-555.7087,-311.2765,False
71,46,-561.2097,-354.5432,True
71,46,-580.7407,-326.7151,True
71,46,-597.9452,-293.3325,True
71,46,-582.2089,-251.5496,False
71,47,-623.0974,-285.9948,True
71,47,-533.761,-227.9961,False
71,48,-494.8062,-261.4277,False
71,49,-457.5416,-301.7332,False
71,50,-424.4042,-337.856,False
71,51,-385.2338,-381.0186,False
71,52,-337.7835,-434.0406,False
71,53,-298.972,-477.8954,False
71,54,-264.5524,-517.2105,False
71,55,-225.8284,-484.2673,False
71,56,-184.974,-448.8523,False
71,57,-139.2603,-409.2684,False
71,58,-94.45728,-370.6003,False
71,59,-53.89677,-335.2755,False
71,60,-1.633878,-291.6392,False
71,61,1.253322,-245.0831,False
71,62,6.275846,-183.5015,False
71,63,10.77855,-131.629,False
71,64,15.91034,-72.89684,False
71,65,20.5166,-21.64216,False
71,66,25.2932,29.33514,False
71,67,31.71813,99.76061,False
71,68,36.66139,152.9018,False
71,69,41.50946,204.8752,False
71,70,48.2581,272.8189,False
71,71,82.99324,298.968,False
71,72,139.9237,346.1098,False
71,73,187.132,384.054,False
71,74,232.3195,419.3214,False
71,75,272.2332,450.5346,False
71,76,319.0236,485.6716,False
71,77,375.2141,527.1536,False
71,78,420.9958,560.6899,False
71,79,440.1443,616.7004,True
71,79,443.9504,519.6815,False
71,80,481.647,468.0638,False
71,81,513.2137,493.8312,True
71,81,512.2348,424.8309,False
71,82,555.4502,461.2711,False
71,83,567.1137,511.8528,True
71,83,602.6776,493.6192,True
71,83,580.3049,418.6486,True
71,83,512.8513,498.8344,True
71,83,602.8691,443.829,True
71,84,459.4292,424.9079,False
71,85,474.438,478.9319,False
71,86,488.5244,529.9858,True
71,86,450.5081,535.6973,False
71,87,457.5575,587.4119,True
71,87,409.6786,502.0742,False
71,88,431.9607,450.0347,False
71,89,420.474,399.6443,False
71,90,406.7607,340.0103,False
71,91,394.2353,285.1386,False
71,92,380.6732,227.9697,False
71,93,370.3069,184.1269,False
71,94,354.8606,118.5531,False
71,95,341.7736,65.48315,False
71,96,329.5707,18.21611,False
71,97,313.0614,-45.57628,False
71,98,300.1327,-95.84163,False
71,99,286.5325,-147.4676,False
71,100,271.3809,-205.9101,False
71,101,254.3058,-271.4758,False
71,102,239.4364,-327.3755,False
71,103,225.6097,-376.937,False
71,104,251.349,-427.6195,False
72,0,52.15836,-63.26044,False
72,1,-2.938908,-59.47819,False
72,2,-56.2037,-90.18061,False
72,3,-75.07744,-138.2443,False
72,4,-98.39784,-196.3986,False
72,5,-119.3843,-248.7013,False
72,6,-172.7101,-274.1605,False
72,7,-224.2156,-297.8679,False
72,8,-274.7302,-321.5522,False
72,9,-346.7085,-355.5984,False
72,10,-402.643,-380.8555,False
72,11,-451.4616,-402.8417,True
72,11,-423.4929,-434.2977,False
72,12,-442.9066,-485.402,True
72,12,-478.3389,-446.6529,True
72,12,-409.1528,-476.4326,False
72,13,-456.9066,-481.9238,True
72,13,-390.3474,-522.2128,False
72,14,-445.2762,-530.9794,True
72,14,-423.1044,-558.1311,True
72,14,-385.0309,-570.2567,False
72,15,-346.1953,-613.6036,True
72,15,-339.0659,-556.8965,False
72,16,-290.5812,-551.8594,False
72,17,-223.0696,-545.6094,False
72,18,-185.7408,-500.7446,False
72,19,-148.9995,-457.7322,False
72,20,-113.1581,-416.9047,False
72,21,-73.60369,-371.9576,False
72,22,-36.77367,-329.8985,False
72,23,-1.168358,-290.2859,False
72,24,52.38174,-283.4952,False
72,25,105.5578,-279.7703,False
72,26,164.6123,-275.9138,False
72,27,222.8371,-271.8632,False
72,28,277.6804,-267.2038,False
72,29,277.2613,-212.9367,False
72,30,274.7903,-159.5088,False
72,31,272.6971,-108.3568,False
72,32,271.1852,-67.85274,False
72,33,269.0563,1.891045,False
72,34,266.7729,55.28836,False
72,35,265.2616,101.988,False
72,36,262.6046,174.8064,False
72,37,259.9123,229.2388,False
72,38,257.3401,281.2938,False
72,39,290.6224,329.5436,False
72,40,324.0128,368.4367,False
72,41,363.8401,414.8417,False
72,42,413.8792,418.8236,True
72,42,390.0256,453.0891,True
72,42,348.6317,458.0623,False
72,43,404.1983,454.4124,True
72,43,384.8108,484.3883,True
72,43,347.558,502.0961,True
72,43,310.8856,503.1275,False
72,44,353.1832,518.1094,True
72,44,325.1291,554.0351,False
72,45,364.3752,583.618,True
72,45,369.5976,542.3681,False
72,46,414.8854,496.3846,False
72,47,448.5872,455.2667,False
72,48,449.3673,395.9776,False
72,49,442.9143,338.999,False
72,50,436.0923,281.105,False
72,51,430.5593,228.8882,False
72,52,425.1951,176.6479,False
72,53,418.9049,116.8739,False
72,54,412.9689,62.10476,False
72,55,406.2173,6.130669,False
72,56,399.8706,-48.51106,False
72,57,393.6465,-102.269,False
72,58,386.6894,-160.4763,False
72,59,377.8256,-222.0339,False
72,60,368.6884,-279.8538,False
72,61,359.6295,-333.5988,False
73,0,23.14289,-203.154,False
73,1,24.82571,-262.8177,False
73,2,-28.86938,-262.505,False
73,3,-80.09328,-260.246,False
73,4,-137.4932,-257.6386,False
73,5,-190.3163,-255.2845,False
73,6,-193.6498,-306.2014,False
73,7,-197.5382,-360.4218,False
73,8,-202.1785,-424.5782,False
73,9,-205.8812,-475.9494,False
73,10,-249.914,-512.3566,False
73,11,-305.0583,-508.1025,False
73,12,-362.5398,-504.1521,False
73,13,-418.8865,-500.7567,True
73,13,-405.8998,-541.7365,False
73,14,-448.6434,-577.8746,True
73,14,-459.0533,-533.3357,True
73,14,-406.9773,-584.1048,False
73,15,-385.3946,-636.3033,True
73,15,-429.4552,-639.0327,True
73,15,-459.4389,-604.0273,True
73,15,-363.6325,-592.8564,False
73,16,-309.0401,-578.7294,False
73,17,-252.3598,-563.8741,False
73,18,-198.6712,-549.7383,False
73,19,-147.5552,-535.6259,False
73,20,-87.04469,-518.7831,False
73,21,-18.05684,-499.5822,False
73,22,32.21881,-485.5156,False
73,23,84.33228,-471.0092,False
73,24,146.1955,-452.7964,False
73,25,201.8464,-436.3993,False
73,26,253.6099,-421.1844,False
74,0,-264.7352,44.2882,False
74,1,-220.3195,22.86463,False
74,2,-202.8934,-23.64487,False
74,3,-159.6502,-40.37072,False
74,4,-132.3134,2.955644,False
74,5,-102.1543,49.3861,False
74,6,-71.93359,96.25191,False
74,7,-38.25555,148.3918,False
74,8,5.033295,156.8376,False
74,9,70.18216,173.3194,False
74,10,121.9762,186.6255,False
74,11,153.5813,235.431,False
74,12,180.8237,281.7011,False
74,13,211.0712,333.1384,False
74,14,261.1405,345.0893,False
74,15,293.9727,392.9099,False
74,16,326.1496,440.7674,False
74,17,356.1095,485.391,True
74,17,384.0038,452.8047,False
74,18,438.9332,467.0616,False
74,19,465.9481,511.4085,False
74,20,495.2294,560.3227,True
74,20,521.1462,525.0889,False
74,21,549.8214,568.5411,False
74,22,610.0789,583.6268,True
74,22,577.048,610.4766,True
74,22,547.1105,627.7007,True
74,22,586.7042,535.3915,False
74,23,555.407,502.0729,False
74,24,554.7784,445.9031,False
74,25,528.6534,395.2693,False
74,26,504.9208,347.8834,False
74,27,482.5234,303.3395,False
74,28,458.3459,255.4204,False
74,29,428.3439,196.8966,False
74,30,401.7424,145.3217,False
74,31,380.1734,102.9122,False
74,32,351.3387,46.38164,False
74,33,326.8621,-0.8210227,False
74,34,303.8529,-45.00396,False
74,35,275.0115,-100.9483,False
74,36,249.8712,-149.5374,False
74,37,195.6178,-166.4116,False
74,38,140.6679,-184.6301,False
74,39,87.75694,-202.1393,False
74,40,38.67583,-218.2858,False
74,41,-28.02061,-240.2668,False
74,42,-77.17657,-256.4237,False
74,43,-137.2783,-276.119,False
74,44,-196.2211,-295.3483,False
74,45,-253.3657,-314.4455,False
74,46,-317.4651,-336.6961,False
74,47,-369.8112,-354.3816,False
74,48,-431.8691,-375.6431,False
74,49,-451.4063,-417.0056,True
74,49,-479.6425,-392.4423,True
74,49,-404.0355,-417.4334,False
74,50,-417.6572,-473.8503,True
74,50,-376.7753,-468.3448,False
74,51,-388.1449,-516.0309,True
74,51,-351.1413,-517.7548,False
74,52,-324.075,-571.954,False
74,53,-298.7612,-621.3257,True
74,53,-377.68,-590.2642,False
74,54,-394.8655,-644.7838,True
74,54,-350.2732,-633.5975,True
74,54,-426.8954,-599.9017,True
74,54,-433.8275,-561.2943,False
74,55,-476.824,-582.2444,True
74,55,-446.7043,-610.442,True
74,55,-485.2606,-542.8045,True
74,55,-461.0665,-513.7274,False
74,56,-515.6879,-508.7141,True
74,56,-494.8956,-543.0009,True
74,56,-404.6981,-476.7519,False
74,57,-348.8294,-476.9404,False
74,58,-295.4815,-477.4476,False
74,59,-248.4376,-441.6493,False
74,60,-203.5957,-408.9554,False
74,61,-159.7755,-376.3023,False
74,62,-106.2083,-337.4866,False
74,63,-60.37041,-304.5316,False
74,64,-16.01607,-273.0355,False
74,65,37.56945,-235.4273,False
74,66,88.0555,-201.6856,False
74,67,133.8177,-170.7352,False
74,68,184.668,-138.1998,False
74,69,202.854,-87.74142,False
74,70,223.7658,-32.19399,False
74,71,243.0909,18.88349,False
74,72,262.1423,69.13067,False
74,73,282.9906,124.2555,False
74,74,305.5202,184.0134,False
74,75,325.7859,237.449,False
74,76,345.3973,287.5944,False
74,77,366.5129,341.3472,False
74,78,387.685,394.618,False
74,79,405.7258,440.2734,False
74,80,429.7348,501.5431,False
74,81,451.2887,556.3765,False
74,82,503.6675,578.3392,True
74,82,452.0613,589.71,True
74,82,416.3343,598.7029,True
74,82,474.2446,514.9815,False
74,83,492.135,466.4872,False
74,84,473.2043,416.8119,False
74,85,457.144,378.5084,False
74,86,431.4093,314.7167,False
74,87,409.5362,260.4563,False
74,88,390.1278,212.1284,False
74,89,365.487,151.7556,False
74,90,343.9194,99.10558,False
74,91,322.6518,47.0817,False
74,92,303.4916,0.4526705,False
74,93,276.7262,-64.70746,False
74,94,255.7151,-115.8489,False
74,95,234.935,-165.11,False
74,96,212.9944,-216.9227,False
74,97,190.5174,-269.8669,False
74,98,171.4556,-314.9337,False
74,99,146.8824,-373.2363,False
74,100,98.25042,-393.2284,False
74,101,51.14668,-412.9206,False
74,102,-22.52773,-445.5964,False
74,103,-74.9474,-468.8978,False
74,104,-120.8069,-489.6649,False
74,105,-185.0142,-518.4533,False
74,106,-238.0229,-542.6673,False
74,107,-289.0123,-566.376,False
74,108,-346.2908,-593.4097,False
74,109,-357.495,-642.9208,True
74,109,-393.4742,-620.3445,True
74,109,-400.6895,-575.3918,False
74,110,-414.0824,-624.0032,True
74,110,-449.6672,-583.8288,True
74,110,-451.081,-547.7507,True
74,110,-429.5054,-517.8695,False
74,111,-474.8723,-545.4423,True
74,111,-470.5301,-495.8362,True
74,111,-430.2421,-479.7259,False
74,112,-384.9159,-456.7864,False
74,113,-338.1059,-432.9322,False
74,114,-277.9354,-401.5101,False
74,115,-224.7192,-373.1496,False
74,116,-174.5705,-346.5818,False
74,117,-131.3152,-323.3562,False
74,118,-67.34321,-289.1412,False
74,119,-20.47058,-264.1318,False
74,120,24.28651,-240.5006,False
74,121,77.46884,-211.6158,False
74,122,126.7524,-184.778,False
74,123,182.7072,-153.934,False
74,124,232.9446,-126.3869,False
74,125,256.8055,-71.80795,False
74,126,277.82,-22.77063,False
74,127,297.326,22.91291,False
74,128,321.4971,79.52048,False
74,129,344.2492,131.4496,False
74,130,364.0853,176.7801,False
74,131,389.7595,235.3078,False
74,132,412.7853,287.6381,False
74,133,435.748,338.7061,False
74,134,462.4975,398.0074,False
74,135,485.654,449.163,False
74,136,508.2295,500.1678,False
74,137,529.2028,546.2741,True
74,137,554.032,516.1742,False
74,138,572.1837,559.2354,True
74,138,520.4703,546.0582,False
74,139,522.0704,605.4008,True
74,139,489.6984,585.0802,False
74,140,525.4539,614.4575,True
74,140,479.0859,623.701,True
74,140,442.7319,622.9717,True
74,140,427.6147,586.9586,False
74,141,404.3911,536.6262,False
74,142,421.4824,486.8008,False
74,143,440.5002,430.4042,False
74,144,423.3834,385.1161,False
74,145,400.6245,320.7148,False
74,146,382.3086,269.6481,False
74,147,364.0445,218.8239,False
74,148,344.5478,164.2194,False
74,149,325.1588,110.0807,False
74,150,305.8406,56.32788,False
74,151,287.7016,5.093467,False
74,152,266.0201,-56.34135,False
74,153,246.6143,-110.9495,False
74,154,228.2157,-162.509,False
74,155,204.3603,-229.4857,False
74,156,184.4801,-285.7062,False
74,157,165.1168,-340.2535,False
74,158,146.2003,-393.7595,False
74,159,92.6004,-427.0804,False
74,160,38.94341,-416.3351,False
74,161,-15.90382,-404.4549,False
74,162,-58.08439,-395.1651,False
74,163,-120.4865,-381.3699,False
74,164,-174.8098,-369.2799,False
74,165,-226.4826,-357.2158,False
74,166,-276.233,-387.897,False
74,167,-323.8092,-417.994,False
74,168,-366.034,-444.583,False
74,169,-420.3401,-478.8466,False
74,170,-468.5391,-509.9386,True
74,170,-468.727,-464.8789,False
74,171,-481.8612,-506.8723,True
74,171,-499.4836,-485.785,True
74,171,-516.5563,-443.0871,False
74,172,-530.5465,-488.0292,False
74,173,-512.8099,-532.4033,False
74,174,-557.5425,-561.3721,True
74,174,-481.1243,-584.3896,False
74,175,-501.2285,-637.0593,True
74,175,-529.2782,-598.1941,True
74,175,-422.7062,-587.1183,False
74,176,-384.2805,-566.6105,False
74,177,-321.8665,-535.5482,False
74,178,-273.4234,-510.3299,False
74,179,-226.6379,-485.3117,False
74,180,-165.5878,-451.5866,False
74,181,-113.6947,-423.2685,False
74,182,-66.67296,-397.3005,False
74,183,-11.75068,-366.7271,False
74,184,35.17929,-340.5939,False
74,185,86.75842,-311.2072,False
74,186,134.0206,-283.443,False
74,187,153.7183,-226.1611,False
74,188,166.4087,-176.7894,False
74,189,183.5672,-110.037,False
74,190,196.8743,-57.0837,False
74,191,210.0406,-4.847856,False
74,192,223.574,48.71831,False
74,193,237.1161,99.80676,False
74,194,250.462,151.7276,False
74,195,265.4888,207.8894,False
74,196,279.3662,259.5642,False
74,197,295.1412,320.5052,False
74,198,334.9677,349.4432,False
74,199,385.9484,387.5002,False
74,200,430.0621,419.7862,False
74,201,476.3846,452.4223,False
74,202,497.8102,509.5205,True
74,202,534.7228,446.5936,False
74,203,541.8592,490.1779,True
74,203,574.2972,469.7733,False
74,204,579.6229,515.2811,True
74,204,630.1494,468.6938,True
74,204,611.1708,500.0607,True
74,204,603.5612,421.623,True
74,204,521.7037,511.0469,False
74,205,528.0133,562.1131,True
74,205,563.0751,523.156,True
74,205,488.0166,537.2756,False
74,206,503.3335,597.4619,True
74,206,462.651,587.6758,False
74,207,511.4331,607.5032,True
74,207,472.9274,636.0042,True
74,207,431.6579,639.3569,True
74,207,401.0289,563.2362,False
74,208,422.4254,511.3234,False
74,209,445.041,451.7621,False
74,210,424.2683,406.0609,False
74,211,401.9633,353.7845,False
74,212,382.1498,307.7046,False
74,213,357.8139,251.1801,False
74,214,334.3229,198.0357,False
74,215,313.0351,150.1379,False
74,216,288.7061,95.21862,False
74,217,266.8159,47.17599,False
74,218,238.449,-14.64623,False
74,219,215.9134,-62.55294,False
74,220,164.9446,-79.50665,False
74,221,115.2478,-97.27388,False
74,222,50.53983,-120.2268,False
74,223,-1.160139,-138.5013,False
74,224,-57.66873,-158.4229,False
74,225,-108.7351,-176.3229,False
74,226,-173.6007,-198.869,False
74,227,-228.5142,-217.8613,False
74,228,-283.5639,-237.3116,False
74,229,-330.4455,-253.7897,False
74,230,-401.3749,-279.1221,False
74,231,-413.2993,-321.2286,False
74,232,-433.9303,-387.4321,False
74,233,-451.2019,-441.907,False
74,234,-464.5415,-484.4211,True
74,234,-424.5327,-489.0964,False
74,235,-399.1995,-538.6781,False
74,236,-372.146,-591.9836,False
74,237,-347.2523,-640.1453,True
74,237,-383.9263,-648.1931,True
74,237,-421.3699,-611.6063,True
74,237,-316.3659,-600.0425,False
74,238,-271.4449,-583.4118,False
74,239,-215.7657,-564.0173,False
74,240,-160.2389,-544.7886,False
74,241,-108.106,-526.3135,False
74,242,-49.17399,-505.5571,False
74,243,10.80401,-484.4943,False
74,244,65.79467,-465.1533,False
74,245,117.1627,-446.1739,False
74,246,178.4417,-423.9882,False
74,247,231.5572,-404.7485,False
74,248,281.7311,-386.6198,False
75,0,58.2035,196.3887,False
75,1,72.39676,150.077,False
75,2,79.75359,95.33011,False
75,3,88.76494,33.55744,False
75,4,97.17094,-24.75262,False
75,5,51.28071,-27.47547,False
75,6,-7.870188,-35.15408,False
75,7,-60.31102,-41.88022,False
75,8,-127.9308,-50.50014,False
75,9,-185.1264,-57.7428,False
75,10,-239.1422,-64.62704,False
75,11,-302.327,-72.0867,False
75,12,-330.3864,-108.6265,False
75,13,-375.2579,-164.4821,False
75,14,-410.4837,-208.1768,False
75,15,-448.5513,-255.4554,False
75,16,-483.7615,-299.6768,False
75,17,-516.5073,-340.6095,False
75,18,-551.5969,-383.7123,False
75,19,-547.4332,-435.6933,False
75,20,-540.5282,-493.0617,True
75,20,-503.4196,-468.0884,False
75,21,-493.3467,-518.267,True
75,21,-544.6118,-486.2499,True
75,21,-472.0617,-486.2674,False
75,22,-500.9244,-510.2673,True
75,22,-439.7025,-520.8849,False
75,23,-483.6883,-543.9092,True
75,23,-404.7751,-551.2754,False
75,24,-449.5963,-577.4716,True
75,24,-422.4378,-594.8086,True
75,24,-359.5611,-525.1909,False
75,25,-294.0102,-502.1336,False
75,26,-241.4737,-483.7697,False
75,27,-194.5458,-466.7867,False
75,28,-128.263,-442.0356,False
75,29,-73.60548,-420.8042,False
75,30,-23.554,-401.4187,False
75,31,37.69986,-377.8662,False
75,32,90.67175,-356.8527,False
75,33,137.2844,-338.4858,False
75,34,204.3992,-312.1712,False
75,35,258.1792,-290.6595,False
75,36,309.2044,-270.3394,False
75,37,372.5922,-245.3028,False
75,38,410.5844,-229.8318,False
75,39,467.0449,-206.8158,False
75,40,447.8525,-156.2078,False
75,41,430.202,-105.6295,False
75,42,407.4827,-39.93686,False
75,43,388.8575,12.73574,False
75,44,407.4262,74.38409,False
75,45,423.0762,122.2574,False
75,46,437.3528,165.6317,False
75,47,455.7318,221.4094,False
75,48,473.7668,276.13,False
75,49,490.4291,327.1197,False
75,50,508.1688,380.9139,True
75,50,535.5545,344.1237,True
75,50,469.8099,369.9204,True
75,50,528.7817,290.5439,False
75,51,560.5988,335.2419,False
75,52,602.7197,343.2231,True
75,52,603.5105,306.1473,False
75,53,653.2676,284.2609,True
75,53,610.2344,336.9992,True
75,53,614.2662,251.4158,True
75,53,624.4981,316.4971,True
75,53,568.1908,243.1921,False
75,54,526.6045,209.1711,False
75,55,509.9532,152.4481,False
75,56,493.3246,97.87617,False
75,57,477.5941,46.45382,False
75,58,460.1295,-9.569664,False
75,59,441.0696,-70.56123,False
75,60,424.0307,-125.5523,False
75,61,408.3308,-175.463,False
75,62,388.801,-237.5692,False
75,63,373.3796,-286.2843,False
76,0,275.8028,-24.60981,False
76,1,229.499,-32.47267,False
76,2,194.9835,-76.5545,False
76,3,161.422,-119.7463,False
76,4,108.3727,-134.9154,False
76,5,55.17445,-148.3723,False
76,6,23.76031,-194.2227,False
76,7,-6.240754,-242.9821,False
76,8,-35.48132,-290.4696,False
76,9,-63.11936,-335.6661,False
76,10,-118.1435,-347.7063,False
76,11,-171.495,-360.1862,False
76,12,-219.709,-371.399,False
76,13,-293.5664,-388.5596,False
76,14,-347.5864,-401.0014,False
76,15,-395.9106,-412.0864,True
76,15,-379.3804,-450.8223,False
76,16,-426.7319,-465.7969,False
76,17,-486.3752,-486.1645,False
76,18,-507.6548,-529.7338,False
76,19,-492.9642,-585.937,False
76,20,-513.3563,-629.0453,True
76,20,-537.7364,-596.8906,True
76,20,-465.049,-628.1166,True
76,20,-437.8794,-594.8148,True
76,20,-441.037,-545.4277,False
76,21,-424.7631,-584.6083,False
76,22,-464.4599,-621.996,True
76,22,-366.1234,-575.3906,False
76,23,-311.6712,-553.0803,False
76,24,-254.6076,-528.9807,False
76,25,-201.8729,-505.7025,False
76,26,-154.5287,-484.204,False
76,27,-96.80035,-457.9806,False
76,28,-46.83241,-435.3746,False
76,29,2.210613,-413.366,False
76,30,64.6564,-385.5459,False
76,31,112.8592,-364.0913,False
76,32,165.9729,-340.5643,False
76,33,224.9932,-314.1635,False
76,34,278.4285,-290.2805,False
76,35,331.0741,-266.8878,False
76,36,377.5922,-246.0681,False
76,37,443.1303,-216.9692,False
76,38,468.4414,-168.6774,False
76,39,461.0506,-110.4693,False
76,40,452.7311,-53.04153,False
76,41,444.6318,6.156848,False
76,42,436.1682,66.58258,False
76,43,428.7873,124.3206,False
76,44,421.3488,182.543,False
76,45,414.8986,234.7917,False
76,46,447.6234,280.0822,False
76,47,488.1163,332.3142,False
76,48,524.2167,378.8619,False
76,49,557.112,421.2196,False
76,50,597.0111,473.6498,True
76,50,612.7652,435.503,True
76,50,559.294,478.7121,True
76,50,601.9468,401.7333,False
76,51,623.5186,447.827,True
76,51,583.1421,343.6165,False
76,52,538.6608,304.0134,False
76,53,502.5935,271.2056,False
76,54,450.2866,223.49,False
76,55,449.4008,178.8299,False
76,56,446.2673,116.2815,False
76,57,410.314,78.99865,False
76,58,365.6263,31.08733,False
76,59,324.733,-11.48425,False
76,60,285.9148,-50.50074,False
76,61,242.8326,-92.75034,False
76,62,200.5788,-133.7305,False
76,63,159.0763,-172.5076,False
76,64,114.602,-169.8641,False
76,65,47.04223,-166.7071,False
76,66,-11.33892,-163.7409,False
76,67,-66.13698,-160.7341,False
76,68,-122.5472,-157.5927,False
76,69,-179.865,-154.3038,False
76,70,-225.8858,-193.8569,False
76,71,-269.3024,-231.8076,False
76,72,-311.9568,-267.9509,False
76,73,-358.7693,-307.3029,False
76,74,-404.9142,-344.9208,False
76,75,-447.2559,-379.0165,False
76,76,-499.6199,-419.7913,False
76,77,-505.7505,-466.5614,True
76,77,-538.0286,-448.0793,False
76,78,-552.3979,-505.3881,False
76,79,-521.3248,-551.6703,False
76,80,-570.0388,-569.1359,False
76,81,-546.6277,-606.79,True
76,81,-585.2002,-606.7981,True
76,81,-617.2241,-580.346,True
76,81,-608.7662,-536.3046,True
76,81,-592.3705,-506.9015,True
76,82,-425.1056,-509.3892,False
76,83,-373.3027,-518.0321,False
76,84,-322.0358,-491.5244,False
76,85,-274.9947,-467.8075,False
76,86,-214.5973,-437.7317,False
76,87,-161.5361,-410.8336,False
76,88,-112.5801,-385.5594,False
76,89,-47.06536,-351.9763,False
76,90,7.645625,-322.8796,False
76,91,56.68925,-296.8311,False
76,92,108.5727,-269.3252,False
76,93,160.6538,-240.7469,False
76,94,208.0873,-214.7657,False
76,95,226.0539,-160.0816,False
76,96,243.786,-100.9469,False
76,97,259.8537,-47.59115,False
76,98,274.3412,0.2735943,False
76,99,294.4442,66.69199,False
76,100,310.907,120.9819,False
76,101,325.59,168.5181,False
76,102,344.2742,229.2827,False
76,103,361.2283,284.3975,False
76,104,376.5334,334.3377,False
76,105,426.364,359.604,False
76,106,451.1958,411.5339,False
76,107,493.2328,425.5943,True
76,107,471.9321,450.9343,True
76,107,432.3674,457.6505,True
76,107,492.8271,387.0652,False
76,108,508.256,434.575,True
76,108,550.4143,361.7598,False
76,109,557.6899,401.1719,True
76,109,605.1061,336.5819,True
76,109,570.7381,307.6619,False
76,110,530.1488,285.6473,False
76,111,510.7236,236.0968,False
76,112,489.4896,183.1114,False
76,113,470.6153,135.8914,False
76,114,445.4427,72.81762,False
76,115,424.3266,20.03731,False
76,116,404.2855,-29.07751,False
76,117,380.0754,-88.4929,False
76,118,358.575,-141.7012,False
76,119,338.3208,-191.7289,False
76,120,311.2242,-258.6382,False
76,121,290.7101,-309.4293,False
76,122,268.982,-362.8384,False
76,123,250.3722,-409.4613,False
77,0,-89.67951,-102.9542,False
77,1,-125.8258,-157.1147,False
77,2,-77.24334,-180.4009,False
77,3,-30.29848,-206.0927,False
77,4,-10.06281,-252.3237,False
77,5,37.12247,-270.3156,False
77,6,90.06866,-290.5012,False
77,7,127.8243,-305.1021,False
77,8,190.4262,-329.6499,False
77,9,243.81,-351.1856,False
77,10,290.0037,-369.9218,False
78,0,-66.27174,221.3174,False
78,1,-36.00605,180.5785,False
78,2,24.15442,173.056,False
78,3,24.05446,217.144,False
78,4,75.64299,208.6575,False
78,5,102.9811,167.306,False
78,6,142.1749,111.9287,False
78,7,175.7275,64.52926,False
78,8,208.0122,17.74223,False
78,9,237.0894,-24.56456,False
78,10,275.9546,-84.42802,False
78,11,309.2888,-135.4726,False
78,12,336.8849,-177.0991,False
78,13,374.9197,-234.1802,False
78,14,408.3988,-283.6065,False
79,0,196.0749,-177.1935,False
79,1,200.5553,-133.9957,False
79,2,210.0131,-87.6641,False
79,3,253.8268,-42.09344,False
79,4,291.8557,-9.391001,False
79,5,344.3639,34.49341,False
79,6,348.1906,79.88078,False
79,7,354.1867,148.7525,False
79,8,359.5171,202.4947,False
79,9,365.2612,254.8948,False
79,10,371.5868,307.6902,False
79,11,380.1546,370.6954,False
79,12,389.4929,434.2778,True
79,12,423.6323,408.7584,True
79,12,428.5243,362.6596,False
79,13,429.6788,404.8892,True
79,13,464.2856,391.131,True
79,13,468.9598,350.6429,False
79,14,521.2556,385.8727,True
79,14,482.6498,403.032,False
79,15,522.145,391.7009,False
79,16,540.7021,434.8536,True
79,16,521.9027,326.2658,False
79,17,485.3195,281.675,False
79,18,451.3126,248.1021,False
79,19,401.195,198.8504,False
79,20,365.0778,164.1445,False
79,21,314.3748,115.9467,False
79,22,275.2088,78.80452,False
79,23,230.8985,37.04379,False
79,24,189.5144,-1.810536,False
79,25,152.1673,-36.72643,False
79,26,102.2094,-82.98904,False
79,27,60.51053,-121.4289,False
79,28,21.94464,-156.8184,False
79,29,-34.5602,-157.3899,False
79,30,-95.59035,-155.7066,False
79,31,-148.8754,-153.9982,False
79,32,-211.6199,-151.707,False
79,33,-247.2691,-183.9942,False
79,34,-296.1786,-226.4338,False
79,35,-340.765,-263.9695,False
79,36,-385.0384,-299.6152,False
79,37,-438.4278,-342.5329,False
79,38,-485.2401,-378.629,False
79,39,-528.8919,-411.4418,True
79,39,-500.8532,-435.1222,True
79,39,-535.5516,-358.3605,False
79,40,-543.6653,-404.9782,True
79,40,-557.0444,-371.3764,True
79,40,-568.8593,-329.5323,False
79,41,-571.3855,-371.5376,True
79,41,-601.2056,-338.613,True
79,41,-612.2463,-304.6305,True
79,41,-590.621,-262.8873,False
79,42,-550.4214,-238.8721,False
79,43,-512.8711,-271.8864,False
79,44,-471.2386,-310.6009,False
79,45,-440.7517,-338.9639,False
79,46,-383.5465,-342.3741,False
79,47,-329.9701,-340.0158,False
79,48,-268.3232,-337.3739,False
79,49,-213.9673,-335.0103,False
79,50,-173.0138,-296.9704,False
79,51,-129.8575,-296.0317,False
79,52,-65.65796,-292.108,False
79,53,-9.411697,-288.623,False
79,54,50.98624,-283.9825,False
79,55,112.1384,-279.278,False
79,56,166.642,-275.4272,False
79,57,222.4496,-271.283,False
79,58,222.8185,-222.35,False
79,59,221.4344,-165.8408,False
79,60,219.9481,-103.2724,False
79,61,218.5212,-49.00441,False
79,62,217.4741,-8.523252,False
79,63,216.2776,58.31066,False
79,64,214.305,110.0055,False
79,65,212.3376,162.0325,False
79,66,208.643,226.2574,False
79,67,245.5049,273.1435,False
79,68,279.9398,312.1916,False
79,69,324.9554,362.8368,False
79,70,365.3341,407.3014,True
79,70,385.1658,369.4496,False
79,71,439.5872,372.1246,False
79,72,497.5417,374.8756,False
79,73,553.6688,377.6954,False
79,74,584.9148,412.6584,True
79,74,543.0938,419.3125,False
79,75,591.6407,428.1794,False
79,76,629.3184,471.1778,True
79,76,623.0755,393.935,True
79,76,588.6251,466.744,True
79,76,635.4029,405.9852,True
79,76,570.5039,361.2403,False
79,77,538.1312,329.5014,False
79,78,488.2477,279.0263,False
79,79,449.6115,240.9467,False
79,80,413.7524,205.9497,False
79,81,366.9736,160.6295,False
79,82,327.8633,122.5214,False
79,83,289.2942,85.94754,False
79,84,244.1179,43.25515,False
79,85,201.6973,3.301944,False
79,86,159.3378,-36.58805,False
79,87,121.2997,-72.30458,False
79,88,71.47487,-118.6443,False
79,89,24.97023,-116.5876,False
79,90,-37.88437,-114.1127,False
79,91,-95.29993,-111.7182,False
79,92,-141.877,-149.8979,False
79,93,-184.7687,-187.1273,False
79,94,-223.6391,-219.7345,False
79,95,-278.1581,-264.3197,False
79,96,-322.2063,-299.8082,False
79,97,-366.4123,-334.0521,False
79,98,-410.8778,-368.0249,False
79,99,-467.1837,-410.4055,False
79,100,-507.8887,-440.314,False
79,101,-513.4813,-491.5432,True
79,101,-546.2747,-465.4616,True
79,101,-469.5579,-474.9747,False
79,102,-475.4385,-520.5542,True
79,102,-437.6043,-512.804,False
79,103,-406.2885,-558.6255,False
79,104,-369.7349,-611.6935,True
79,104,-358.2217,-574.9915,False
79,105,-299.6879,-553.198,False
79,106,-251.2645,-528.9884,False
79,107,-188.8426,-497.9999,False
79,108,-138.6489,-472.6304,False
79,109,-90.73328,-448.5431,False
79,110,-32.98525,-419.1748,False
79,111,26.19525,-388.7067,False
79,112,77.89565,-361.5788,False
79,113,121.8716,-338.5279,False
79,114,148.0715,-280.3164,False
79,115,164.7636,-230.9051,False
79,116,183.5719,-175.1317,False
79,117,205.2886,-110.9998,False
79,118,225.1983,-53.47415,False
79,119,243.9513,0.2602741,False
79,120,261.9838,52.79378,False
79,121,278.9452,101.8206,False
79,122,299.2115,160.4375,False
79,123,322.7409,227.9662,False
79,124,341.5942,282.392,False
79,125,384.9716,301.6347,False
79,126,431.4579,323.6609,False
79,127,482.5374,348.4979,True
79,127,448.2706,378.0331,True
79,127,481.7579,298.9221,False
79,128,535.2072,281.2246,False
79,129,543.1104,324.8425,False
79,130,591.994,352.6373,True
79,130,594.0782,304.0244,False
79,131,610.9793,350.7654,True
79,131,638.9205,278.031,True
79,131,600.4506,254.3811,True
79,131,624.0846,311.9147,True
79,131,562.9149,252.3413,False
79,132,518.0044,211.9141,False
79,133,475.4978,180.6293,False
79,134,454.5726,122.906,False
79,135,438.5531,71.62366,False
79,136,421.7269,18.17465,False
79,137,406.2435,-30.7668,False
79,138,384.7304,-98.25735,False
79,139,368.2581,-149.9136,False
79,140,351.1083,-203.3601,False
79,141,333.0969,-259.2366,False
79,142,311.0937,-328.3254,False
79,143,295.3652,-378.18,False
80,0,-119.1108,26.97325,False
80,1,-80.99386,-6.730931,False
80,2,-80.79886,-66.04032,False
80,3,-82.24279,-123.1348,False
80,4,-42.99622,-165.4274,False
80,5,-44.61116,-210.9239,False
80,6,-45.53362,-275.8884,False
80,7,-45.88592,-330.775,False
80,8,-96.80032,-327.8402,False
80,9,-151.3925,-328.8578,False
80,10,-215.2656,-329.8461,False
80,11,-268.5835,-330.5246,False
80,12,-319.6236,-331.6341,False
80,13,-381.7724,-332.9867,False
80,14,-439.5998,-333.6118,False
80,15,-493.3005,-334.1229,False
80,16,-531.6603,-373.7017,True
80,16,-546.0193,-336.6246,False
80,17,-601.9901,-376.1121,True
80,17,-611.5253,-338.6059,True
80,17,-548.0245,-384.7807,True
80,17,-602.9535,-302.2557,False
80,18,-617.5721,-343.7809,True
80,18,-642.2018,-312.0361,True
80,18,-622.8292,-275.9775,True
80,18,-593.8035,-245.7339,False
80,19,-552.0012,-233.6091,False
80,20,-529.299,-276.4336,False
80,21,-479.3595,-302.2662,False
80,22,-431.7852,-326.9428,False
80,23,-379.2955,-354.3308,False
80,24,-325.4711,-336.8173,False
80,25,-271.1728,-318.8351,False
80,26,-220.865,-301.4927,False
80,27,-170.4319,-284.0602,False
80,28,-133.1953,-271.2021,False
80,29,-55.81732,-243.4349,False
80,30,-0.7076085,-223.6025,False
80,31,26.97634,-170.2525,False
80,32,52.91867,-116.6528,False
80,33,75.96442,-68.76288,False
80,34,98.58547,-21.95723,False
80,35,120.553,22.84425,False
80,36,149.5711,84.04781,False
80,37,173.7784,134.8446,False
80,38,197.8271,185.5381,False
80,39,220.7645,235.4985,False
80,40,245.6891,289.693,False
80,41,269.7182,342.1496,False
80,42,318.6505,361.7603,False
80,43,374.0912,384.99,False
80,44,426.7794,408.1162,False
80,45,483.6699,433.1861,True
80,45,444.7121,456.2187,False
80,46,489.215,473.0254,True
80,46,466.6269,502.3519,True
80,46,498.1674,438.3497,False
80,47,520.793,498.7494,True
80,47,521.3478,390.1307,False
80,48,550.6585,342.9811,False
80,49,509.9445,305.3714,False
80,50,469.6895,269.4141,False
80,51,419.4827,225.1687,False
80,52,418.1204,177.623,False
80,53,377.0496,135.2291,False
80,54,345.0362,106.5021,False
80,55,294.1269,60.92771,False
80,56,253.0858,24.63695,False
80,57,209.5414,-12.39949,False
80,58,155.8661,-56.44397,False
80,59,112.2429,-91.09106,False
80,60,67.7159,-125.5181,False
80,61,9.597385,-123.2054,False
80,62,-44.69902,-120.8473,False
80,63,-105.2966,-117.3297,False
80,64,-146.7111,-145.8302,False
80,65,-201.0336,-182.6665,False
80,66,-248.8401,-215.116,False
80,67,-294.6388,-246.1977,False
80,68,-346.8429,-282.2223,False
80,69,-395.0128,-314.5443,False
80,70,-442.7955,-346.3124,False
80,71,-491.0361,-378.1823,True
80,71,-452.8449,-402.3814,False
80,72,-467.4682,-464.5647,True
80,72,-429.5515,-454.4892,False
80,73,-393.4722,-514.0711,False
80,74,-366.1467,-558.9598,False
80,75,-337.8675,-605.4323,True
80,75,-414.4791,-583.3165,False
80,76,-433.3486,-632.4766,True
80,76,-388.1814,-624.6131,True
80,76,-466.4584,-602.6063,True
80,76,-452.125,-560.0736,True
80,76,-423.8747,-523.8474,False
80,77,-460.8989,-549.8013,True
80,77,-402.2721,-479.8665,False
80,78,-351.4507,-477.1367,False
80,79,-305.2906,-441.0396,False
80,80,-261.7722,-406.6523,False
80,81,-218.8827,-372.7065,False
80,82,-163.3761,-328.7182,False
80,83,-120.3319,-295.6621,False
80,84,-78.53958,-263.2955,False
80,85,-20.8,-219.6562,False
80,86,26.10806,-185.4392,False
80,87,68.05028,-155.2923,False
80,88,124.5814,-115.0178,False
80,89,170.348,-83.91965,False
80,90,215.7709,-53.86367,False
80,91,231.719,1.992394,False
80,92,244.6382,56.45975,False
80,93,260.5411,122.5475,False
80,94,274.1853,179.7713,False
80,95,286.9548,234.5153,False
80,96,304.0423,307.2136,False
80,97,316.9862,362.0101,False
80,98,329.659,416.0782,False
80,99,342.5711,471.3529,False
80,100,354.8587,524.5251,False
80,101,369.9227,588.7101,True
80,101,399.1104,555.3701,True
80,101,332.1324,576.984,False
80,102,345.0668,635.0525,True
80,102,372.1013,598.355,True
80,102,295.144,608.3279,True
80,102,266.164,572.5223,False
80,103,275.0585,621.0915,True
80,103,244.517,587.7761,False
80,104,287.7794,619.9359,True
80,104,192.1253,557.0182,False
80,105,174.749,504.4672,False
80,106,201.455,457.2683,False
80,107,230.1225,405.9807,False
80,108,222.2798,361.3347,False
80,109,212.2666,290.8247,False
80,110,203.4368,232.5742,False
80,111,195.0108,178.1325,False
80,112,185.0951,111.0527,False
80,113,176.6798,53.95284,False
80,114,168.5231,-0.9395599,False
80,115,161.0818,-53.13713,False
80,116,152.8462,-107.3222,False
80,117,143.312,-166.0337,False
80,118,133.6868,-224.6012,False
80,119,126.322,-271.664,False
80,120,158.6225,-322.9708,False
80,121,190.087,-368.1886,False
80,122,218.9978,-410.15,False
80,123,256.9017,-464.5598,False
