red_sin_t,red_cos_t,red_dist_t,green_sin_t,green_cos_t,green_dist_t,blue_sin_t,blue_cos_t,blue_dist_t,action,red_sin_t1,red_cos_t1,red_dist_t1,green_sin_t1,green_cos_t1,green_dist_t1,blue_sin_t1,blue_cos_t1,blue_dist_t1
-0.7115267391716198,-0.7026590207517454,845.611377195891,-0.6969305417480539,0.7171386337234691,844.6807702103389,0.7018590834061301,-0.7123158197318847,852.3855914098568,45,-0.5195018739819779,-0.854469310700632,896.1382756863948,-0.8652830646568389,0.5012835704649303,817.293049738088,0.8045065718861738,-0.5939437480030888,882.3703174689099
-0.5195018739819779,-0.854469310700632,896.1382756863948,-0.8652830646568389,0.5012835704649303,817.293049738088,0.8045065718861738,-0.5939437480030888,882.3703174689099,-45,-0.9382805690133385,-0.34587508411564694,921.9937960842266,-0.3084977286952118,0.9512250792477538,732.4696853916907,0.15524147493419974,-0.9878765532495719,969.7753306914971
-0.9382805690133385,-0.34587508411564694,921.9937960842266,-0.3084977286952118,0.9512250792477538,732.4696853916907,0.15524147493419974,-0.9878765532495719,969.7753306914971,-45,-0.9992628709635881,0.03838899208897485,915.2333268896407,0.19120403825232388,0.9815503123915778,648.3237791794159,-0.29807830022769766,-0.9545414223245456,1051.1706439248958
-0.9992628709635881,0.03838899208897485,915.2333268896407,0.19120403825232388,0.9815503123915778,648.3237791794159,-0.29807830022769766,-0.9545414223245456,1051.1706439248958,45,-0.951810623689611,-0.3066863815554805,933.1404441529475,-0.10196044676743385,0.9947884535392363,584.9294389188836,-0.018037975425507335,-0.9998373024860339,1114.8961783565142
-0.951810623689611,-0.3066863815554805,933.1404441529475,-0.10196044676743385,0.9947884535392363,584.9294389188836,-0.018037975425507335,-0.9998373024860339,1114.8961783565142,0,-0.9396879393237888,-0.3420330052632514,945.0363107971037,-0.10982288832761004,0.9939511724422792,548.8876285042322,-0.01671203499869127,-0.9998603441912288,1151.153173441745
-0.9396879393237888,-0.3420330052632514,945.0363107971037,-0.10982288832761004,0.9939511724422792,548.8876285042322,-0.01671203499869127,-0.9998603441912288,1151.153173441745,90,0.17893380422247718,-0.9838611150495136,969.0036886325769,-0.9999951396026898,0.003117815099858125,553.1163246402514,0.9803849708287323,-0.1970921332096884,1151.055058884474
0.17893380422247718,-0.9838611150495136,969.0036886325769,-0.9999951396026898,0.003117815099858125,553.1163246402514,0.9803849708287323,-0.1970921332096884,1151.055058884474,45,0.7483909828797756,-0.6632578207184922,1007.5286369532232,-0.7058059434351911,-0.7084052302260054,595.6769210577324,0.8922551142008032,0.4515316281087202,1121.0873803057548
0.7483909828797756,-0.6632578207184922,1007.5286369532232,-0.7058059434351911,-0.7084052302260054,595.6769210577324,0.8922551142008032,0.4515316281087202,1121.0873803057548,45,0.991400886302578,-0.13085978235677603,1010.9192449869777,-0.14224490281926094,-0.989831494559523,635.0481870575184,0.4661208241634703,0.8847210731530968,1085.3928541708026
0.991400886302578,-0.13085978235677603,1010.9192449869777,-0.14224490281926094,-0.989831494559523,635.0481870575184,0.4661208241634703,0.8847210731530968,1085.3928541708026,-45,0.704382465253074,-0.7098206411791658,1069.877770708902,-0.6122205403155706,-0.7906870493537319,700.0821410784952,0.9150983587912666,0.4032306954307054,1048.497765499312
0.704382465253074,-0.7098206411791658,1069.877770708902,-0.6122205403155706,-0.7906870493537319,700.0821410784952,0.9150983587912666,0.4032306954307054,1048.497765499312,45,0.8572970085730135,-0.5148221431637945,1092.0031861993639,-0.3457685975254457,-0.9383198159291353,741.4642261563012,0.7864504261163477,0.617653403828891,1020.5702517071338
0.8572970085730135,-0.5148221431637945,1092.0031861993639,-0.3457685975254457,-0.9383198159291353,741.4642261563012,0.7864504261163477,0.617653403828891,1020.5702517071338,-90,-0.45027555993081236,-0.8928896461091893,1113.3876494519645,-0.9660194447625784,0.2584694031033457,729.3915121196372,0.6526939474863888,-0.7576216805996481,1043.8681841842729
-0.45027555993081236,-0.8928896461091893,1113.3876494519645,-0.9660194447625784,0.2584694031033457,729.3915121196372,0.6526939474863888,-0.7576216805996481,1043.8681841842729,-45,-0.8750517302781635,-0.4840294095787901,1153.296000249299,-0.6598282758885862,0.7514164267155037,659.5142941521669,0.03936459307294592,-0.9992249140269679,1133.1349399745075
-0.8750517302781635,-0.4840294095787901,1153.296000249299,-0.6598282758885862,0.7514164267155037,659.5142941521669,0.03936459307294592,-0.9992249140269679,1133.1349399745075,0,-0.8576618302663563,-0.5142141430417525,1176.415215704378,-0.6959177801385316,0.7181214683373967,625.1446870451497,0.0380543350912118,-0.9992756714644692,1179.7009572517852
-0.8576618302663563,-0.5142141430417525,1176.415215704378,-0.6959177801385316,0.7181214683373967,625.1446870451497,0.0380543350912118,-0.9992756714644692,1179.7009572517852,-90,-0.46913708356959943,0.8831253573642932,1123.446230357223,0.8137338215916018,0.5812377031799703,594.6834389016179,-0.999871427013047,-0.016035256246567802,1173.6926107392235
-0.46913708356959943,0.8831253573642932,1123.446230357223,0.8137338215916018,0.5812377031799703,594.6834389016179,-0.999871427013047,-0.016035256246567802,1173.6926107392235,-45,0.592244615167463,0.8057582241622755,1076.4639055058265,0.8516503034928596,-0.5241104469103054,625.9721238656374,-0.4978934516418142,0.8672382088055164,1120.557462987444
0.592244615167463,0.8057582241622755,1076.4639055058265,0.8516503034928596,-0.5241104469103054,625.9721238656374,-0.4978934516418142,0.8672382088055164,1120.557462987444,0,0.6240764830898988,0.7813632594729184,1040.0835075928844,0.8110445201485807,-0.5849844325594985,651.7273224031026,-0.5042010789387478,0.8635862852066392,1080.6040342173064
0.6240764830898988,0.7813632594729184,1040.0835075928844,0.8110445201485807,-0.5849844325594985,651.7273224031026,-0.5042010789387478,0.8635862852066392,1080.6040342173064,0,0.6422533074591663,0.7664924585785313,997.4211647643788,0.7775821576070192,-0.6287813516407852,684.8268831755439,-0.536346590651321,0.8439978286089985,1033.893272983208
0.6422533074591663,0.7664924585785313,997.4211647643788,0.7775821576070192,-0.6287813516407852,684.8268831755439,-0.536346590651321,0.8439978286089985,1033.893272983208,-45,0.9735247702723782,-0.22858154270656542,1010.5748622089777,-0.14647164421334102,-0.9892148691975068,736.9873486897143,0.4914883251784485,0.8708841634874777,988.3847753424242
0.9735247702723782,-0.22858154270656542,1010.5748622089777,-0.14647164421334102,-0.9892148691975068,736.9873486897143,0.4914883251784485,0.8708841634874777,988.3847753424242,-90,-0.08764535962989171,-0.9961517409186951,1062.1154979693686,-0.9983449390829843,-0.057509847916617354,733.0576314497517,0.910430557594739,-0.41366193902477,1013.5651390151103
-0.08764535962989171,-0.9961517409186951,1062.1154979693686,-0.9983449390829843,-0.057509847916617354,733.0576314497517,0.910430557594739,-0.41366193902477,1013.5651390151103,-45,-0.6845505312868784,-0.728965410780822,1099.3509328568541,-0.8340511157261161,0.5516871725498254,701.1743246677216,0.41000912307345105,-0.912081421253903,1062.5529904777623
-0.6845505312868784,-0.728965410780822,1099.3509328568541,-0.8340511157261161,0.5516871725498254,701.1743246677216,0.41000912307345105,-0.912081421253903,1062.5529904777623,0,-0.6666815104037283,-0.74534271559183,1145.2658768532717,-0.8675761443286638,0.4973043673564606,667.9906052367006,0.37695422829652875,-0.9262318876876182,1120.2491118873934
-0.6666815104037283,-0.74534271559183,1145.2658768532717,-0.8675761443286638,0.4973043673564606,667.9906052367006,0.37695422829652875,-0.9262318876876182,1120.2491118873934,-90,-0.8515158524292098,0.5243288596498921,1129.0832846604721,0.3687918144964465,0.9295120212027483,646.7943905907663,-0.8428655999411377,-0.5381241310663052,1129.7650603641805
-0.8515158524292098,0.5243288596498921,1129.0832846604721,0.3687918144964465,0.9295120212027483,646.7943905907663,-0.8428655999411377,-0.5381241310663052,1129.7650603641805,-90,0.2518170910666364,0.967774846049812,1110.422135708935,0.9945959282128088,-0.10382167202709307,650.9985249387227,-0.7735109323620932,0.6337829577357892,1115.1789310565337
0.2518170910666364,0.967774846049812,1110.422135708935,0.9945959282128088,-0.10382167202709307,650.9985249387227,-0.7735109323620932,0.6337829577357892,1115.1789310565337,-45,0.8982502998652191,0.43948424180173284,1083.8195922028306,0.5686126510226233,-0.8226054054630473,701.6467689961311,-0.07586688970563571,0.9971179544298623,1053.9351651988418
0.8982502998652191,0.43948424180173284,1083.8195922028306,0.5686126510226233,-0.8226054054630473,701.6467689961311,-0.07586688970563571,0.9971179544298623,1053.9351651988418,-45,0.9859549934232439,-0.16701122999298884,1092.5371124274682,0.03399597067520194,-0.9994219699295442,761.4889506955109,0.49774116194607687,0.8673256226496305,1001.7447609203405
0.9859549934232439,-0.16701122999298884,1092.5371124274682,0.03399597067520194,-0.9994219699295442,761.4889506955109,0.49774116194607687,0.8673256226496305,1001.7447609203405,45,0.8578948214873499,0.5138253353671733,1060.6216502077468,0.6697281267964769,-0.7426063803777088,802.1617074439569,-0.24387959043705226,0.9698055193533679,946.2163499376895
0.8578948214873499,0.5138253353671733,1060.6216502077468,0.6697281267964769,-0.7426063803777088,802.1617074439569,-0.24387959043705226,0.9698055193533679,946.2163499376895,-45,0.9709061056654732,-0.23946050609965944,1072.8200724144006,0.0031514708932144342,-0.9999950341032745,857.4652108250457,0.4912471264233905,0.871020241315184,897.8060524273825
0.9709061056654732,-0.23946050609965944,1072.8200724144006,0.0031514708932144342,-0.9999950341032745,857.4652108250457,0.4912471264233905,0.871020241315184,897.8060524273825,90,0.16028131073111043,0.987071376056624,1016.3664231916214,0.99977385237083,0.021266031966253547,848.2277914518776,-0.9326476514101761,0.3607885229869188,881.6654616073662
0.16028131073111043,0.987071376056624,1016.3664231916214,0.99977385237083,0.021266031966253547,848.2277914518776,-0.9326476514101761,0.3607885229869188,881.6654616073662,-90,0.9957130247501275,0.0924963369163989,1017.7684924761721,0.3022455965446972,-0.9532300873185551,888.1597065152303,0.08625189570850209,0.9962733613254394,842.2415712117397
0.9957130247501275,0.0924963369163989,1017.7684924761721,0.3022455965446972,-0.9532300873185551,888.1597065152303,0.08625189570850209,0.9962733613254394,842.2415712117397,-90,0.18181823357905288,-0.9833321564650436,1053.8470550364746,-0.9054233213193623,-0.4245098458351876,899.1875529660373,0.9993498509809134,-0.036053784051414586,846.7268363581315
0.18181823357905288,-0.9833321564650436,1053.8470550364746,-0.9054233213193623,-0.4245098458351876,899.1875529660373,0.9993498509809134,-0.036053784051414586,846.7268363581315,45,0.7857658264310355,-0.6185241030171352,1084.2891790778187,-0.3452604967170753,-0.9385068936383357,949.0275780319821,0.7788146374185331,0.6272541435037626,811.4735139641034
0.7857658264310355,-0.6185241030171352,1084.2891790778187,-0.3452604967170753,-0.9385068936383357,949.0275780319821,0.7788146374185331,0.6272541435037626,811.4735139641034,90,0.5990481081063337,0.8007130348472057,1033.6504908490986,0.9361769327555132,-0.35152916035014714,963.2319436317415,-0.7083661509699585,0.7058451644376449,772.2773965568217
0.5990481081063337,0.8007130348472057,1033.6504908490986,0.9361769327555132,-0.35152916035014714,963.2319436317415,-0.7083661509699585,0.7058451644376449,772.2773965568217,-45,0.802181077340157,0.5970808313431147,1002.2587969663275,0.7960761461505574,-0.6051964718420592,993.8961966404692,-0.5436897000272567,0.8392863099588076,728.2443381835454
0.802181077340157,0.5970808313431147,1002.2587969663275,0.7960761461505574,-0.6051964718420592,993.8961966404692,-0.5436897000272567,0.8392863099588076,728.2443381835454,-90,0.7025731596193162,-0.711611519990037,1051.3767617025662,-0.42139883652208515,-0.9068754162385443,1052.39628912695,0.7751431173101525,0.6317856817677171,686.9035849725745
0.7025731596193162,-0.711611519990037,1051.3767617025662,-0.42139883652208515,-0.9068754162385443,1052.39628912695,0.7751431173101525,0.6317856817677171,686.9035849725745,45,0.9864941323271436,0.16379660217512504,1036.68374279294,0.5193497046784948,-0.8545618083265599,1103.1670111869637,-0.14351698258971404,0.9896478543948568,626.0390902900381
0.9864941323271436,0.16379660217512504,1036.68374279294,0.5193497046784948,-0.8545618083265599,1103.1670111869637,-0.14351698258971404,0.9896478543948568,626.0390902900381,45,0.6261689097546933,0.7796874351024382,989.3212647382497,0.9519104282954594,-0.3063764620566587,1118.9428246623193,-0.8352218626418019,0.5499131205610202,592.293985165551
0.6261689097546933,0.7796874351024382,989.3212647382497,0.9519104282954594,-0.3063764620566587,1118.9428246623193,-0.8352218626418019,0.5499131205610202,592.293985165551,-45,0.9988721965482731,0.04747983743472614,989.0129412961288,0.41976585962207313,-0.9076324273050969,1146.8459521885318,-0.17776336050968777,0.9840732633601539,562.4062215616218
0.9988721965482731,0.04747983743472614,989.0129412961288,0.41976585962207313,-0.9076324273050969,1146.8459521885318,-0.17776336050968777,0.9840732633601539,562.4062215616218,90,0.8552643346936541,0.5181919700275383,976.1994965949942,0.8037325307540668,-0.5949907722037906,1159.9862142078757,-0.6623796102834254,0.7491683735187821,545.2028036908101
0.8552643346936541,0.5181919700275383,976.1994965949942,0.8037325307540668,-0.5949907722037906,1159.9862142078757,-0.6623796102834254,0.7491683735187821,545.2028036908101,-90,0.9967956811714124,-0.07998981183888361,978.2582921588142,0.3151337856805137,-0.949047257581343,1174.3992533110193,-0.11537538139791567,0.9933219625918303,530.3215686519643
0.9967956811714124,-0.07998981183888361,978.2582921588142,0.3151337856805137,-0.949047257581343,1174.3992533110193,-0.11537538139791567,0.9933219625918303,530.3215686519643,45,0.9675920045293195,0.25251873746503145,972.11974175335,0.6180535207216424,-0.7861360222783219,1191.9975135488328,-0.4740450359366063,0.8805005984687697,510.3636275309987
0.9675920045293195,0.25251873746503145,972.11974175335,0.6180535207216424,-0.7861360222783219,1191.9975135488328,-0.4740450359366063,0.8805005984687697,510.3636275309987,90,0.010337180697551013,0.9999465699202263,913.1999690786514,0.9385674819409386,0.34509575749789473,1167.2116275659912,-0.9452637736840359,-0.32630721438640564,529.9171477931716
0.010337180697551013,0.9999465699202263,913.1999690786514,0.9385674819409386,0.34509575749789473,1167.2116275659912,-0.9452637736840359,-0.32630721438640564,529.9171477931716,0,-0.00429517975728691,0.9999907756728822,852.6253651459415,0.9500812499244873,0.3120025938064039,1146.8228168685214,-0.9005659121106924,-0.4347194934026271,553.5052784664749
-0.00429517975728691,0.9999907756728822,852.6253651459415,0.9500812499244873,0.3120025938064039,1146.8228168685214,-0.9005659121106924,-0.4347194934026271,553.5052784664749,90,-0.9999968932590613,-0.0024926837395916304,854.7213238365473,-0.2648146537691384,0.9642993306796035,1095.9275803723986,0.33905273910843153,-0.9407673676861192,602.3078128506221
-0.9999968932590613,-0.0024926837395916304,854.7213238365473,-0.2648146537691384,0.9642993306796035,1095.9275803723986,0.33905273910843153,-0.9407673676861192,602.3078128506221,45,-0.7701961595331315,-0.6378070835608641,901.9965133212544,-0.8111138565878153,0.5848882898906773,1050.3738144316526,0.7639579482374489,-0.6452660329854868,647.8587732243038
-0.7701961595331315,-0.6378070835608641,901.9965133212544,-0.8111138565878153,0.5848882898906773,1050.3738144316526,0.7639579482374489,-0.6452660329854868,647.8587732243038,45,-0.40714441488256253,-0.9133637968684416,962.550446071921,-0.9914252815629054,0.1306748295499698,1040.713628830359,0.9335703491884837,-0.3583942007288798,667.605573099307
-0.40714441488256253,-0.9133637968684416,962.550446071921,-0.9914252815629054,0.1306748295499698,1040.713628830359,0.9335703491884837,-0.3583942007288798,667.605573099307,0,-0.39570697509091823,-0.9183768234577762,1002.7540759469904,-0.9955585342313716,0.09414459580391675,1036.0416675155022,0.9083211137651792,-0.4182735400289914,684.3912746582196
-0.39570697509091823,-0.9183768234577762,1002.7540759469904,-0.9955585342313716,0.09414459580391675,1036.0416675155022,0.9083211137651792,-0.4182735400289914,684.3912746582196,45,0.7078574942665454,-0.7063552702505217,1041.6774466989875,-0.3955351171366894,-0.9184508539446546,1092.9915676533476,0.7342679108014147,0.6788598052376689,639.1325237862036
0.7078574942665454,-0.7063552702505217,1041.6774466989875,-0.3955351171366894,-0.9184508539446546,1092.9915676533476,0.7342679108014147,0.6788598052376689,639.1325237862036,0,0.6824591682782009,-0.7309237194352269,1087.7065212781933,-0.3692192304449031,-0.9293423265243402,1152.4654738564227,0.7810742329828398,0.624438181544233,597.0121911913599
0.6824591682782009,-0.7309237194352269,1087.7065212781933,-0.3692192304449031,-0.9293423265243402,1152.4654738564227,0.7810742329828398,0.624438181544233,597.0121911913599,0,0.6605603111016121,-0.750772985260752,1124.8661980277031,-0.3539635118313259,-0.9352592326686943,1199.3156129498607,0.8217813188781705,0.5698030045049383,566.927123592883
0.6605603111016121,-0.750772985260752,1124.8661980277031,-0.3539635118313259,-0.9352592326686943,1199.3156129498607,0.8217813188781705,0.5698030045049383,566.927123592883,90,0.8466547238777207,0.5321426298799417,1097.8654958436393,0.8655899789937473,-0.500753420622969,1216.9111746401213,-0.49756094946130724,0.8674290181744916,530.749966522844
0.8466547238777207,0.5321426298799417,1097.8654958436393,0.8655899789937473,-0.500753420622969,1216.9111746401213,-0.49756094946130724,0.8674290181744916,530.749966522844,90,-0.5766397899941427,0.8169985021990622,1086.0677614103688,0.468874548997137,0.8832647719131175,1197.657339298236,-0.8348462155446179,-0.5504832389735671,545.8934533175224
-0.5766397899941427,0.8169985021990622,1086.0677614103688,0.468874548997137,0.8832647719131175,1197.657339298236,-0.8348462155446179,-0.5504832389735671,545.8934533175224,0,-0.6120852681403943,0.7907917706485708,1022.2384322715366,0.4984190245215465,0.8669362583229461,1128.0823641972995,-0.7686402532783715,-0.6396812964595423,593.384641200772
-0.6120852681403943,0.7907917706485708,1022.2384322715366,0.4984190245215465,0.8669362583229461,1128.0823641972995,-0.7686402532783715,-0.6396812964595423,593.384641200772,0,-0.6359837781271096,0.771702425782871,996.756898223894,0.5020508784127832,0.8648380862826016,1099.8772850445264,-0.7349877288745894,-0.6780804070342786,614.8472283070962
-0.6359837781271096,0.771702425782871,996.756898223894,0.5020508784127832,0.8648380862826016,1099.8772850445264,-0.7349877288745894,-0.6780804070342786,614.8472283070962,-90,0.8569429641558581,0.5154112495704489,985.7219174765771,0.7896113011105715,-0.6136073607433914,1126.3180095309228,-0.6075499068038421,0.7942815059804947,583.4281606107987
0.8569429641558581,0.5154112495704489,985.7219174765771,0.7896113011105715,-0.6136073607433914,1126.3180095309228,-0.6075499068038421,0.7942815059804947,583.4281606107987,-45,0.9787695405828655,-0.20496386615012507,996.8457086495632,0.20873632509191084,-0.9779719559308049,1183.9206083403776,0.04223017411126917,0.9991079082834505,524.7057145229601
0.9787695405828655,-0.20496386615012507,996.8457086495632,0.20873632509191084,-0.9779719559308049,1183.9206083403776,0.04223017411126917,0.9991079082834505,524.7057145229601,45,0.9993084387434386,0.037183924700753386,994.1563314884135,0.4658610643203396,-0.8848578805380672,1228.0093857289937,-0.2730780031089063,0.9619918940500758,476.4631480382297
0.9993084387434386,0.037183924700753386,994.1563314884135,0.4658610643203396,-0.8848578805380672,1228.0093857289937,-0.2730780031089063,0.9619918940500758,476.4631480382297,-45,0.9312915282965936,-0.364274744283755,1015.222783908606,0.1265662448532044,-0.9919581572141835,1290.260973976637,0.08554422852218904,0.9963343740765664,413.8619346680001
0.9312915282965936,-0.364274744283755,1015.222783908606,0.1265662448532044,-0.9919581572141835,1290.260973976637,0.08554422852218904,0.9963343740765664,413.8619346680001,45,0.9846326287343841,-0.1746384448843284,1022.9726630882861,0.35474779138687534,-0.9349620337244363,1341.9530354770022,-0.19146438320972828,0.9814995618756629,359.1922457764644
0.9846326287343841,-0.1746384448843284,1022.9726630882861,0.35474779138687534,-0.9349620337244363,1341.9530354770022,-0.19146438320972828,0.9814995618756629,359.1922457764644,-45,0.3915269814536173,-0.9201666277331616,1069.1820542510616,-0.5574158310531441,-0.8302334558973956,1381.7606251201835,0.779676987821474,0.62618191818483,327.3860490804702
-0.997380825333949,0.07232903466914709,1036.202719092905,-0.38129900753533724,0.9244517655630102,1225.5743776105676,0.04991041466738507,-0.9987536986203003,491.84387264205094,0,-0.9999320732982568,-0.011655418887776098,1033.7010648537903,-0.40793104762136106,0.913012738348452,1145.5618235083866,0.04202925127782899,-0.9991163806269143,578.8803429724143
-0.9999320732982568,-0.011655418887776098,1033.7010648537903,-0.40793104762136106,0.913012738348452,1145.5618235083866,0.04202925127782899,-0.9991163806269143,578.8803429724143,45,-0.9751396514207796,-0.22159120069840393,1037.6066757056801,-0.584778271476534,0.8111931787243511,1131.4894526547707,0.22821801603445654,-0.973610053952452,595.7882958476042
-0.9751396514207796,-0.22159120069840393,1037.6066757056801,-0.584778271476534,0.8111931787243511,1131.4894526547707,0.22821801603445654,-0.973610053952452,595.7882958476042,0,-0.9712284680511627,-0.2381496648055411,1041.7753197713284,-0.5925524270914255,0.805531887108177,1116.9529806060118,0.2218041125895287,-0.9750912447757757,613.3242347116683
-0.9712284680511627,-0.2381496648055411,1041.7753197713284,-0.5925524270914255,0.805531887108177,1116.9529806060118,0.2218041125895287,-0.9750912447757757,613.3242347116683,-45,-0.8832279403363394,0.46894392565553883,1010.1417832464275,0.15712046643154387,0.98757944441363,1053.5548501432056,-0.48674013100463964,-0.8735468189339288,668.5624744631368
-0.8832279403363394,0.46894392565553883,1010.1417832464275,0.15712046643154387,0.98757944441363,1053.5548501432056,-0.48674013100463964,-0.8735468189339288,668.5624744631368,0,-0.8918598810215105,0.4523117869614909,1000.1405468233002,0.16085520724307134,0.9869780151061058,1032.0653435708468,-0.47368278403972086,-0.8806955320111367,687.6643900915692
-0.8918598810215105,0.4523117869614909,1000.1405468233002,0.16085520724307134,0.9869780151061058,1032.0653435708468,-0.47368278403972086,-0.8806955320111367,687.6643900915692,-45,-0.12794469773869044,0.9917813036756415,934.0890402098337,0.9327672387360277,0.36047923427122147,1007.9520142547107,-0.9814639995433293,-0.19164659558784652,695.4692337121236
-0.12794469773869044,0.9917813036756415,934.0890402098337,0.9327672387360277,0.36047923427122147,1007.9520142547107,-0.9814639995433293,-0.19164659558784652,695.4692337121236,0,-0.12772908027047555,0.9918090955689297,910.7851724065288,0.941628386746758,0.33665409736508173,999.7517603263274,-0.9753926165091374,-0.22047504089909764,700.3213193067811
-0.12772908027047555,0.9918090955689297,910.7851724065288,0.941628386746758,0.33665409736508173,999.7517603263274,-0.9753926165091374,-0.22047504089909764,700.3213193067811,-90,0.9999319802473579,0.011663399101357197,913.5910539081477,0.2669498136621584,-0.963710432124577,1045.951573344101,-0.16086393044851316,0.9869765933803374,653.478426408248
0.9999319802473579,0.011663399101357197,913.5910539081477,0.2669498136621584,-0.963710432124577,1045.951573344101,-0.16086393044851316,0.9869765933803374,653.478426408248,-90,-0.24311772405236426,-0.9699967898150996,952.0882131423288,-0.9994134187283218,-0.03424643727116979,1039.283567465854,0.9846621586870238,-0.17447186950855523,666.686767233723
-0.24311772405236426,-0.9699967898150996,952.0882131423288,-0.9994134187283218,-0.03424643727116979,1039.283567465854,0.9846621586870238,-0.17447186950855523,666.686767233723,-45,-0.9896864961873213,-0.1432502679385391,955.3046410219802,-0.37262679330753823,0.9279812890944198,985.6751336815464,0.14675997478180916,-0.9891721335551475,722.8375731505207
-0.9896864961873213,-0.1432502679385391,955.3046410219802,-0.37262679330753823,0.9279812890944198,985.6751336815464,0.14675997478180916,-0.9891721335551475,722.8375731505207,90,-0.15269484364394026,-0.9882733856198661,1001.766637877348,-0.9917598801756919,-0.12811065558296547,995.5061924287994,0.9767637804828224,-0.21431872791920129,726.3985109869691
-0.15269484364394026,-0.9882733856198661,1001.766637877348,-0.9917598801756919,-0.12811065558296547,995.5061924287994,0.9767637804828224,-0.21431872791920129,726.3985109869691,45,-0.0034216633540380304,-0.9999941460928117,1035.5572251006745,-0.9520978574324679,-0.3057935085519379,1005.6372976666134,0.993712377332114,-0.11196299003223471,729.0746233810424
-0.0034216633540380304,-0.9999941460928117,1035.5572251006745,-0.9520978574324679,-0.3057935085519379,1005.6372976666134,0.993712377332114,-0.11196299003223471,729.0746233810424,90,0.9896205143979188,0.143705384320834,1018.4932132583799,0.461785178463583,-0.8869917975671234,1053.47347448969,-0.10846503903991783,0.9941002642118496,671.7695627619486
0.9896205143979188,0.143705384320834,1018.4932132583799,0.461785178463583,-0.8869917975671234,1053.47347448969,-0.10846503903991783,0.9941002642118496,671.7695627619486,-90,-0.25086303455297526,-0.9680225916242207,1024.3303288681022,-0.9966213276056854,-0.08213360677263001,1047.9488225285786,0.9538642135628862,-0.3002383421284775,679.9043922780867
-0.25086303455297526,-0.9680225916242207,1024.3303288681022,-0.9966213276056854,-0.08213360677263001,1047.9488225285786,0.9538642135628862,-0.3002383421284775,679.9043922780867,-90,-0.9345122182495635,0.3559310522310186,1001.5805100914604,0.07993372131035187,0.9968001806768892,998.5447085609487,-0.410873373738127,-0.9116924211339312,723.174832384998
-0.9345122182495635,0.3559310522310186,1001.5805100914604,0.07993372131035187,0.9968001806768892,998.5447085609487,-0.410873373738127,-0.9116924211339312,723.174832384998,0,-0.9568028093047326,0.29073765512325955,976.6205782527522,0.09246342979523853,0.9957160810946567,920.722843132905,-0.3793408294247259,-0.9252570103119246,795.0505857281913
-0.9568028093047326,0.29073765512325955,976.6205782527522,0.09246342979523853,0.9957160810946567,920.722843132905,-0.3793408294247259,-0.9252570103119246,795.0505857281913,-90,0.4702960554000193,0.8825087083282419,928.5527774489774,0.9521526438729265,-0.30562287670558286,943.2579819477861,-0.8822788210589719,0.4707271841638111,760.5786353219568
0.4702960554000193,0.8825087083282419,928.5527774489774,0.9521526438729265,-0.30562287670558286,943.2579819477861,-0.8822788210589719,0.4707271841638111,760.5786353219568,90,-0.963622665799556,0.26726645497958995,925.2215068673037,0.13061029607394187,0.9914337852622722,903.6553661489562,-0.3036318563004375,-0.9527894289083766,800.0828036958451
-0.963622665799556,0.26726645497958995,925.2215068673037,0.13061029607394187,0.9914337852622722,903.6553661489562,-0.3036318563004375,-0.9527894289083766,800.0828036958451,-45,-0.9185676022522868,0.3952639119531209,885.7715726266364,0.3845734055318077,0.9230944132414992,819.9216102003072,-0.46304386872251646,-0.8863353629628488,878.7278621242555
-0.9185676022522868,0.3952639119531209,885.7715726266364,0.3845734055318077,0.9230944132414992,819.9216102003072,-0.46304386872251646,-0.8863353629628488,878.7278621242555,0,-0.946805708871085,0.3218057638531702,859.143517392733,0.42032498923773365,0.9073736294505693,751.6687671294833,-0.43142236748307233,-0.9021500655851558,945.4190052447419
-0.946805708871085,0.3218057638531702,859.143517392733,0.42032498923773365,0.9073736294505693,751.6687671294833,-0.43142236748307233,-0.9021500655851558,945.4190052447419,0,-0.9716365560198947,0.23647918091408782,838.3775277135525,0.45771081133363417,0.8891011265251587,684.1975964405958,-0.3990612832525431,-0.9169242565276772,1013.7195662386557
-0.9716365560198947,0.23647918091408782,838.3775277135525,0.45771081133363417,0.8891011265251587,684.1975964405958,-0.3990612832525431,-0.9169242565276772,1013.7195662386557,0,-0.984150109825208,0.17733742225213225,827.7433713283363,0.49022354142729213,0.8715967412917994,638.8148157157909,-0.38130183337768003,-0.9244506000121477,1061.1664001361898
-0.984150109825208,0.17733742225213225,827.7433713283363,0.49022354142729213,0.8715967412917994,638.8148157157909,-0.38130183337768003,-0.9244506000121477,1061.1664001361898,90,0.16135356518034952,-0.9868966648051815,878.6889920111894,-0.9975482418364838,0.0699821777950635,639.7586612791108,0.996592953449147,-0.0824771794832137,1057.328910359326
0.16135356518034952,-0.9868966648051815,878.6889920111894,-0.9975482418364838,0.0699821777950635,639.7586612791108,0.996592953449147,-0.0824771794832137,1057.328910359326,0,0.16459738678285823,-0.9863608367449785,901.2951760515531,-0.99964978134763,0.026463458799550213,638.8481152619925,0.9953498353911419,-0.09632603587206702,1059.1846082594857
0.16459738678285823,-0.9863608367449785,901.2951760515531,-0.99964978134763,0.026463458799550213,638.8481152619925,0.9953498353911419,-0.09632603587206702,1059.1846082594857,90,0.8559836879000755,0.5170028298268649,867.2363099689784,0.34521089794818466,-0.9385251386818618,681.0244175715068,-0.3397331201830144,0.9405218801552219,1016.0387873150365
0.8559836879000755,0.5170028298268649,867.2363099689784,0.34521089794818466,-0.9385251386818618,681.0244175715068,-0.3397331201830144,0.9405218801552219,1016.0387873150365,-45,0.9602490388291781,-0.27914473562587494,883.0236561093943,-0.36596684385310924,-0.9306278897605605,735.6689916319715,0.42584536212776847,0.9047959590726905,962.2740489324244
0.9602490388291781,-0.27914473562587494,883.0236561093943,-0.36596684385310924,-0.9306278897605605,735.6689916319715,0.42584536212776847,0.9047959590726905,962.2740489324244,90,0.4970850956660442,0.867701796509999,845.1569209259121,0.8013536770626217,-0.5981908426733189,755.9538643257064,-0.8132637726748067,0.5818952105445967,941.1878096262024
0.4970850956660442,0.867701796509999,845.1569209259121,0.8013536770626217,-0.5981908426733189,755.9538643257064,-0.8132637726748067,0.5818952105445967,941.1878096262024,-90,0.8756972024374892,-0.48286065240725007,869.1519973472517,-0.521831637442846,-0.8530484993033621,789.150309188761,0.5588479284260535,0.8292701567606956,908.3146957375054
0.8756972024374892,-0.48286065240725007,869.1519973472517,-0.521831637442846,-0.8530484993033621,789.150309188761,0.5588479284260535,0.8292701567606956,908.3146957375054,-45,0.10903654487685936,-0.9940377416785122,908.3095765103294,-0.9932239085440753,-0.1162164682668961,790.793372999783,0.9997952079736783,-0.020237146855950933,910.216130147326
0.10903654487685936,-0.9940377416785122,908.3095765103294,-0.9932239085440753,-0.1162164682668961,790.793372999783,0.9997952079736783,-0.020237146855950933,910.216130147326,45,0.5297661293303961,-0.8481437662414846,961.3100145968033,-0.7862676942232283,-0.6178860032569826,829.0069626752878,0.9201245206899918,0.3916259266506915,882.8878751937337
0.5297661293303961,-0.8481437662414846,961.3100145968033,-0.7862676942232283,-0.6178860032569826,829.0069626752878,0.9201245206899918,0.3916259266506915,882.8878751937337,0,0.5117355814689337,-0.8591430001220125,1004.4172504056369,-0.7532892032284423,-0.657689422371577,861.2942893764128,0.9378664361828348,0.34699646667035194,864.163510518941
0.5117355814689337,-0.8591430001220125,1004.4172504056369,-0.7532892032284423,-0.657689422371577,861.2942893764128,0.9378664361828348,0.34699646667035194,864.163510518941,-90,-0.9177717792384296,-0.3971082487603694,1008.157949701887,-0.5413172533673112,0.8408184293929756,835.5002163656886,0.19927168358746322,-0.9799442821508874,891.209925633188
-0.9177717792384296,-0.3971082487603694,1008.157949701887,-0.5413172533673112,0.8408184293929756,835.5002163656886,0.19927168358746322,-0.9799442821508874,891.209925633188,0,-0.8944233604788034,-0.44722125646016037,1034.3492619883834,-0.5771989481104836,0.8166035600584602,784.366340287441,0.18696929358193828,-0.9823657583901584,951.777568434933
-0.8944233604788034,-0.44722125646016037,1034.3492619883834,-0.5771989481104836,0.8166035600584602,784.366340287441,0.18696929358193828,-0.9823657583901584,951.777568434933,-90,-0.14744478011904974,0.9890702891178387,1003.0200184775766,0.9661837873831448,0.2578543949556845,781.2744187971074,-0.9955022443207202,0.09473796257260879,942.732503665148
-0.14744478011904974,0.9890702891178387,1003.0200184775766,0.9661837873831448,0.2578543949556845,781.2744187971074,-0.9955022443207202,0.09473796257260879,942.732503665148,-45,0.05799518291598129,0.998316862904029,913.7795091363469,0.9984932906955077,-0.05487393220880338,780.6838946189828,-0.979455947696856,0.2016582418877386,921.007096236214
0.05799518291598129,0.998316862904029,913.7795091363469,0.9984932906955077,-0.05487393220880338,780.6838946189828,-0.979455947696856,0.2016582418877386,921.007096236214,0,0.06013542073228733,0.9981902279492375,891.8045008904215,0.996494459524158,-0.08365878398384785,782.1667928315634,-0.9837939365859653,0.17930278953962142,916.8552360151594
0.06013542073228733,0.9981902279492375,891.8045008904215,0.996494459524158,-0.08365878398384785,782.1667928315634,-0.9837939365859653,0.17930278953962142,916.8552360151594,0,0.0653859896267243,0.9978600464797325,830.2454463608667,0.9868215017774205,-0.16181261888294315,789.6697215943859,-0.993481516932718,0.11399331345770047,907.8788582200573
0.0653859896267243,0.9978600464797325,830.2454463608667,0.9868215017774205,-0.16181261888294315,789.6697215943859,-0.993481516932718,0.11399331345770047,907.8788582200573,-45,0.5611682028507533,0.8277017869433748,769.4781256673272,0.7564508922004706,-0.6540504932259528,835.2738628021966,-0.8645075953589991,0.502619754453206,869.1688178256874
0.5611682028507533,0.8277017869433748,769.4781256673272,0.7564508922004706,-0.6540504932259528,835.2738628021966,-0.8645075953589991,0.502619754453206,869.1688178256874,0,0.5927918178500204,0.805355735492129,705.3497576093256,0.7270652908671204,-0.6865683234874076,888.611523985332,-0.9127763835374131,0.4084596352840282,832.6512886914512
0.5927918178500204,0.805355735492129,705.3497576093256,0.7270652908671204,-0.6865683234874076,888.611523985332,-0.9127763835374131,0.4084596352840282,832.6512886914512,90,-0.909763136534584,0.41512773383954493,692.1310541860479,0.5884892399658546,0.8085050491149767,851.729180061767,-0.26130841140181665,-0.9652553621351497,873.9510948380865
-0.909763136534584,0.41512773383954493,692.1310541860479,0.5884892399658546,0.8085050491149767,851.729180061767,-0.26130841140181665,-0.9652553621351497,873.9510948380865,90,-0.4379668671730303,-0.8989911141155074,729.6543745379381,-0.8065139734447682,0.5912150291039054,831.4458745356486,0.9383763105077563,-0.345615248329484,882.323696996941
-0.4379668671730303,-0.8989911141155074,729.6543745379381,-0.8065139734447682,0.5912150291039054,831.4458745356486,0.9383763105077563,-0.345615248329484,882.323696996941,0,-0.42588801927383324,-0.9047758811103505,750.4665108092619,-0.8197379444756132,0.5727387732526029,818.0430305590459,0.9296829306365586,-0.36836075860902967,890.5340060021447
-0.42588801927383324,-0.9047758811103505,750.4665108092619,-0.8197379444756132,0.5727387732526029,818.0430305590459,0.9296829306365586,-0.36836075860902967,890.5340060021447,-90,-0.9571445641290552,0.2896105719033767,736.0393171436376,0.5016929714691226,0.8650457573900251,793.6724188109805,-0.2514554320388134,-0.9678688783601701,919.0409546811678
-0.9571445641290552,0.2896105719033767,736.0393171436376,0.5016929714691226,0.8650457573900251,793.6724188109805,-0.2514554320388134,-0.9678688783601701,919.0409546811678,-45,-0.31621569954275497,0.9486873201232775,676.7502922878696,0.9999330319845705,-0.011572879768829439,793.9834192926934,-0.9210231676775047,-0.3895077978696898,939.4032563876478
-0.31621569954275497,0.9486873201232775,676.7502922878696,0.9999330319845705,-0.011572879768829439,793.9834192926934,-0.9210231676775047,-0.3895077978696898,939.4032563876478,-45,-0.01569565171297725,0.999876815671463,596.2359141084509,0.9161457876562865,-0.40084522668935757,822.8686804543845,-0.9844213321517321,-0.17582559769444606,950.1660829943048
-0.01569565171297725,0.999876815671463,596.2359141084509,0.9161457876562865,-0.40084522668935757,822.8686804543845,-0.9844213321517321,-0.17582559769444606,950.1660829943048,90,-0.8469780894124809,-0.5316277984221514,631.9064937293938,-0.07459742667096665,0.9972137303176635,766.8851340437996,0.5705583126709337,-0.8212570924150957,991.0932432507934
-0.8469780894124809,-0.5316277984221514,631.9064937293938,-0.07459742667096665,0.9972137303176635,766.8851340437996,0.5705583126709337,-0.8212570924150957,991.0932432507934,0,-0.7929781070196777,-0.6092501307242276,675.6749938957123,-0.08227230222128314,0.9966098877129455,690.9639421677306,0.5353446654149098,-0.8446337012053203,1054.4255580058607
-0.7929781070196777,-0.6092501307242276,675.6749938957123,-0.08227230222128314,0.9966098877129455,690.9639421677306,0.5353446654149098,-0.8446337012053203,1054.4255580058607,-45,-0.9999758174232073,-0.006954463946881387,668.760040096319,0.7269718196013071,0.6866672946235058,620.7047343380184,-0.20693606479689927,-0.9783544680157461,1149.5113706395557
-0.9999758174232073,-0.006954463946881387,668.760040096319,0.7269718196013071,0.6866672946235058,620.7047343380184,-0.20693606479689927,-0.9783544680157461,1149.5113706395557,45,-0.9352635276181076,-0.35395216330364937,695.528201333014,0.6240962208639858,0.7813474944627973,548.0723080484341,0.019303569063736377,-0.9998136687510336,1238.966585041557
-0.9352635276181076,-0.35395216330364937,695.528201333014,0.6240962208639858,0.7813474944627973,548.0723080484341,0.019303569063736377,-0.9998136687510336,1238.966585041557,-45,-0.8322093158299687,0.5544615898741908,673.16326421902,0.9877860772195824,-0.1558161276991221,555.0130847953102,-0.8112136784556102,-0.5847498335925525,1257.296234104758
-0.8322093158299687,0.5544615898741908,673.16326421902,0.9877860772195824,-0.1558161276991221,555.0130847953102,-0.8112136784556102,-0.5847498335925525,1257.296234104758,0,-0.869635080200164,0.4936950752086294,644.7985701876069,0.9687752521163262,-0.2479405390147983,565.8297730907964,-0.7902051108004238,-0.6128424617019369,1290.0011147731548
-0.869635080200164,0.4936950752086294,644.7985701876069,0.9687752521163262,-0.2479405390147983,565.8297730907964,-0.7902051108004238,-0.6128424617019369,1290.0011147731548,90,-0.7348940214210237,-0.6781819647260137,681.6919697915595,0.6175834249793279,0.7865053802681853,522.0828954086663,0.2779070846683164,-0.9606079597271496,1338.4360207638974
0.6359377565296643,0.7717403512970002,642.2329118556353,-0.44234121736395154,-0.8968468360991064,565.7844970221154,-0.4579478390421813,0.8889790642735049,1298.4861620635656,0,0.6498965232906128,0.7600227029600984,628.7817954517147,-0.4309277465004063,-0.9023864345700691,581.5672018704994,-0.4630258487976839,0.8863447767912802,1282.9601031565564
0.6498965232906128,0.7600227029600984,628.7817954517147,-0.4309277465004063,-0.9023864345700691,581.5672018704994,-0.4630258487976839,0.8863447767912802,1282.9601031565564,45,0.07778857275927556,0.9969698781548392,546.4772236638688,0.16652080970885272,-0.9860379404129985,662.5111168753095,-0.9243440056072466,0.38156016471580256,1250.154420855028
0.07778857275927556,0.9969698781548392,546.4772236638688,0.16652080970885272,-0.9860379404129985,662.5111168753095,-0.9243440056072466,0.38156016471580256,1250.154420855028,45,-0.6640827513520079,0.7476590796323865,503.71247202335076,0.7424054701557619,-0.6699508324368305,698.0696859711608,-0.9272132132869286,-0.3745339198338766,1271.3196035898586
-0.6640827513520079,0.7476590796323865,503.71247202335076,0.7424054701557619,-0.6699508324368305,698.0696859711608,-0.9272132132869286,-0.3745339198338766,1271.3196035898586,-90,0.1385532248616267,0.9903549888198895,469.26811460141846,-0.013654312665062217,-0.9999067755274212,732.9785831670459,-0.9027306665568255,0.43020616413281365,1254.6750668525974
0.9938127687607032,-0.11106836024802474,423.8816922469051,-0.9622128209702985,-0.2722985258138212,796.7632076232562,0.21518652697899232,0.9765729663505536,1168.2024863105282,-90,-0.14524332227083955,-0.989395965898249,478.8479031178898,-0.2125294260491962,0.9771546669095938,739.9241814675339,0.946053695032644,-0.3240098858292459,1191.5191455954032
-0.14524332227083955,-0.989395965898249,478.8479031178898,-0.2125294260491962,0.9771546669095938,739.9241814675339,0.946053695032644,-0.3240098858292459,1191.5191455954032,45,0.6076457821220445,-0.7942081612960729,543.8096994401703,-0.944607747137014,0.32820146868765704,708.1290258174766,0.8686112516135673,0.4954941912578915,1145.2197471250697
0.6076457821220445,-0.7942081612960729,543.8096994401703,-0.944607747137014,0.32820146868765704,708.1290258174766,0.8686112516135673,0.4954941912578915,1145.2197471250697,90,0.776801071358634,0.6297460563878733,506.27933283439484,-0.23425671346759622,-0.9721747745109213,757.8093974445289,-0.5971406054453591,0.8021365827141597,1109.0725687957665
0.776801071358634,0.6297460563878733,506.27933283439484,-0.23425671346759622,-0.9721747745109213,757.8093974445289,-0.5971406054453591,0.8021365827141597,1109.0725687957665,-90,0.38004439568480647,-0.9249682466488081,567.7815166044157,-0.9165240399030228,0.39997960482984923,725.2844259996284,0.945428176117492,0.3258305753043328,1090.57574271465
0.38004439568480647,-0.9249682466488081,567.7815166044157,-0.9165240399030228,0.39997960482984923,725.2844259996284,0.945428176117492,0.3258305753043328,1090.57574271465,45,0.5583785672050962,-0.8295862677780919,627.4141050393763,-0.9994550542898485,0.033009005657185606,719.5419064949322,0.8523042987266842,0.5230462526125342,1049.6017431399214
0.5583785672050962,-0.8295862677780919,627.4141050393763,-0.9994550542898485,0.033009005657185606,719.5419064949322,0.8523042987266842,0.5230462526125342,1049.6017431399214,0,0.5130384906127412,-0.8583656022638607,684.5661482244426,-0.9980038474620009,-0.06315315076101356,720.8103407241392,0.879661247198658,0.4756007676369977,1015.499291626956
0.5130384906127412,-0.8583656022638607,684.5661482244426,-0.9980038474620009,-0.06315315076101356,720.8103407241392,0.879661247198658,0.4756007676369977,1015.499291626956,-45,-0.3912729840551785,-0.9202746611466361,738.0796316482117,-0.6509504762473493,0.7591201996214758,673.6568433957752,0.8623434509965713,-0.5063237823007368,1045.7919977959098
-0.3912729840551785,-0.9202746611466361,738.0796316482117,-0.6509504762473493,0.7591201996214758,673.6568433957752,0.8623434509965713,-0.5063237823007368,1045.7919977959098,0,-0.37116471455335603,-0.9285670437133366,772.2613687969371,-0.6812045951497404,0.7320930948635413,646.150457506701,0.8484694725532108,-0.5292443236778985,1064.8616162375836
-0.37116471455335603,-0.9285670437133366,772.2613687969371,-0.6812045951497404,0.7320930948635413,646.150457506701,0.8484694725532108,-0.5292443236778985,1064.8616162375836,45,0.37202620266952124,-0.9282222279860014,804.044208266118,-0.9999278710692673,-0.012010522839692147,646.713241588796,0.9820231752940076,0.1887603856360617,1056.685709587429
0.37202620266952124,-0.9282222279860014,804.044208266118,-0.9999278710692673,-0.012010522839692147,646.713241588796,0.9820231752940076,0.1887603856360617,1056.685709587429,90,0.8148793539412525,0.5796306052308546,769.1063223671212,0.2552445320718067,-0.9668765323697976,689.1202501052179,-0.47604585171763153,0.8794204609073152,1019.5717410290844
0.8148793539412525,0.5796306052308546,769.1063223671212,0.2552445320718067,-0.9668765323697976,689.1202501052179,-0.47604585171763153,0.8794204609073152,1019.5717410290844,45,0.3386957198288341,0.9408959609699831,723.4647542115265,0.7390717339838533,-0.6736267304866251,719.3384200682905,-0.9192499468938083,0.39367440243903395,1001.0729297040973
0.3386957198288341,0.9408959609699831,723.4647542115265,0.7390717339838533,-0.6736267304866251,719.3384200682905,-0.9192499468938083,0.39367440243903395,1001.0729297040973,-90,0.8070947367464113,-0.5904219558216318,752.2514265807079,-0.8080508455213037,-0.5891127490152511,733.6199511959242,0.6336801338241104,0.7735951706135824,976.9898509159193
0.8070947367464113,-0.5904219558216318,752.2514265807079,-0.8080508455213037,-0.5891127490152511,733.6199511959242,0.6336801338241104,0.7735951706135824,976.9898509159193,-90,-0.44604224119512853,-0.8950119100155186,786.6067368631034,-0.7207356596148219,0.6932100035051338,701.0838911845141,0.8365566370452758,-0.5478804550406033,1003.1131135013736
-0.44604224119512853,-0.8950119100155186,786.6067368631034,-0.7207356596148219,0.6932100035051338,701.0838911845141,0.8365566370452758,-0.5478804550406033,1003.1131135013736,90,0.7176987252984615,-0.6963537460981764,809.0661791803511,-0.8407565869977546,-0.5414133000027679,721.7971642320938,0.770028580184973,0.6380093931113511,978.2382952499314
0.7176987252984615,-0.6963537460981764,809.0661791803511,-0.8407565869977546,-0.5414133000027679,721.7971642320938,0.770028580184973,0.6380093931113511,978.2382952499314,90,0.40137052124094613,0.9159157737907844,769.7254662025149,0.778390589239942,-0.6277802884630066,740.4264320786225,-0.8914393578031846,0.45314001297551043,965.7232384698417
0.40137052124094613,0.9159157737907844,769.7254662025149,0.778390589239942,-0.6277802884630066,740.4264320786225,-0.8914393578031846,0.45314001297551043,965.7232384698417,-45,0.6558672538734571,0.7548762450206592,733.8438788736186,0.56005097652645,-0.8284581484249942,778.7830394662419,-0.7677466083617166,0.6407535761500524,935.0041917340682
0.6558672538734571,0.7548762450206592,733.8438788736186,0.56005097652645,-0.8284581484249942,778.7830394662419,-0.7677466083617166,0.6407535761500524,935.0041917340682,-90,0.5296709429537266,-0.848203213970868,759.238880903841,-0.9426717856589276,-0.33372129767608316,779.4894266608861,0.8471696630413326,0.5313224651964522,927.799287710503
0.5296709429537266,-0.848203213970868,759.238880903841,-0.9426717856589276,-0.33372129767608316,779.4894266608861,0.8471696630413326,0.5313224651964522,927.799287710503,-90,-0.9741141584718076,-0.22605664392970629,764.7359504304154,0.07366902947467313,0.9972827453116091,724.9966909446628,0.15358878876857868,-0.9881348511031279,982.885646390622
-0.9741141584718076,-0.22605664392970629,764.7359504304154,0.07366902947467313,0.9972827453116091,724.9966909446628,0.15358878876857868,-0.9881348511031279,982.885646390622,-45,-0.8663768508668742,0.49939078113437174,714.965209926833,0.8602080956274638,0.5099431656733642,674.8380571705484,-0.6001121836530007,-0.7999158499687496,1053.7151282038806
-0.8663768508668742,0.49939078113437174,714.965209926833,0.8602080956274638,0.5099431656733642,674.8380571705484,-0.6001121836530007,-0.7999158499687496,1053.7151282038806,90,-0.7564363590179976,-0.6540673013961141,746.8816288055145,-0.16538619253419726,0.9862288818114391,628.0107446908678,0.4963233775473968,-0.8681377223113532,1093.852900278268
-0.7564363590179976,-0.6540673013961141,746.8816288055145,-0.16538619253419726,0.9862288818114391,628.0107446908678,0.4963233775473968,-0.8681377223113532,1093.852900278268,45,0.16599075868568175,-0.986127308226961,807.7569582349198,-0.9650690014503848,0.2619958443173428,611.5593377399531,0.9978123801996586,-0.06610940871231612,1093.2490034648692
0.16599075868568175,-0.986127308226961,807.7569582349198,-0.9650690014503848,0.2619958443173428,611.5593377399531,0.9978123801996586,-0.06610940871231612,1093.2490034648692,-90,-0.9903195341765866,0.13880641277789904,791.3282077277544,0.6387658588869006,0.7694011811275573,577.3665147422562,-0.39573571688966525,-0.9183644387593755,1135.3100423873736
-0.9903195341765866,0.13880641277789904,791.3282077277544,0.6387658588869006,0.7694011811275573,577.3665147422562,-0.39573571688966525,-0.9183644387593755,1135.3100423873736,0,-0.9987925051967536,0.049127706671418296,784.6811255130647,0.704176458910719,0.7100250099228621,524.0034243556524,-0.3746579478105811,-0.9271631043901413,1201.7032531937532
-0.9987925051967536,0.049127706671418296,784.6811255130647,0.704176458910719,0.7100250099228621,524.0034243556524,-0.3746579478105811,-0.9271631043901413,1201.7032531937532,90,0.24037894118439207,-0.9706791254761125,812.409547339887,-0.9151782290106847,0.40304938797232615,516.6332476805959,0.9949307769795325,-0.10056216494737895,1198.1776798993546
0.24037894118439207,-0.9706791254761125,812.409547339887,-0.9151782290106847,0.40304938797232615,516.6332476805959,0.9949307769795325,-0.10056216494737895,1198.1776798993546,90,0.9960113380979375,0.08922675820826441,801.1901127797385,-0.4708227630772574,-0.8822278196522125,556.5188198219446,0.2037888212049328,0.9790148703425826,1155.7574818343205
0.9960113380979375,0.08922675820826441,801.1901127797385,-0.4708227630772574,-0.8822278196522125,556.5188198219446,0.2037888212049328,0.9790148703425826,1155.7574818343205,90,-0.32815078392754304,0.9446253558992258,781.0857274142768,0.9522379703676257,-0.30535691868720594,555.426785067384,-0.9991722824993586,-0.040678617049032535,1164.714743433039
-0.32815078392754304,0.9446253558992258,781.0857274142768,0.9522379703676257,-0.30535691868720594,555.426785067384,-0.9991722824993586,-0.040678617049032535,1164.714743433039,-90,0.9650289481760502,0.2621433370929464,771.3020723484954,-0.2760584668428601,-0.9611408444574445,602.6557415383045,-0.033318085084053824,0.9994447984788013,1113.5069675619832
0.9650289481760502,0.2621433370929464,771.3020723484954,-0.2760584668428601,-0.9611408444574445,602.6557415383045,-0.033318085084053824,0.9994447984788013,1113.5069675619832,45,0.35419147439740256,0.9351729248990233,691.716182325824,0.5781130501515958,-0.815956678534111,667.6979832914074,-0.8819775693970036,0.4712913823533735,1073.3684534638664
0.35419147439740256,0.9351729248990233,691.716182325824,0.5781130501515958,-0.815956678534111,667.6979832914074,-0.8819775693970036,0.4712913823533735,1073.3684534638664,0,0.35144025539647955,0.9362103112478826,669.8343549228208,0.5738836391412004,-0.81893685270969,686.6918346936067,-0.89763915306582,0.4407311548816098,1062.8506118146952
0.35144025539647955,0.9362103112478826,669.8343549228208,0.5738836391412004,-0.81893685270969,686.6918346936067,-0.89763915306582,0.4407311548816098,1062.8506118146952,45,-0.4124547129300113,0.9109781060935669,622.4287065265378,0.9604115273277051,-0.2785851722114168,698.3010000768286,-0.9427085908533387,-0.33361731479542905,1080.1629389625896
-0.4124547129300113,0.9109781060935669,622.4287065265378,0.9604115273277051,-0.2785851722114168,698.3010000768286,-0.9427085908533387,-0.33361731479542905,1080.1629389625896,-90,0.9049646115064646,0.4254868410667404,595.7941512904091,-0.1507096839663653,-0.9885780652830399,761.3700011898676,-0.45760368519178934,0.8891562670863281,1020.5416751470069
0.9049646115064646,0.4254868410667404,595.7941512904091,-0.1507096839663653,-0.9885780652830399,761.3700011898676,-0.45760368519178934,0.8891562670863281,1020.5416751470069,90,-0.43828424967274765,0.8988364236549365,584.370756402471,0.9843340610989346,-0.17631351666981993,758.6142873281494,-0.8865298221618879,-0.4626714540768767,1032.258756774868
-0.43828424967274765,0.8988364236549365,584.370756402471,0.9843340610989346,-0.17631351666981993,758.6142873281494,-0.8865298221618879,-0.4626714540768767,1032.258756774868,-90,0.9338466001099528,0.3576737724003284,564.8354370049564,-0.14743774500396795,-0.9890713378458325,816.9512781657056,-0.49374366069478326,0.8696074962439748,977.3902960929067
0.9338466001099528,0.3576737724003284,564.8354370049564,-0.14743774500396795,-0.9890713378458325,816.9512781657056,-0.49374366069478326,0.8696074962439748,977.3902960929067,-90,0.20266343706128803,-0.9792484522727137,606.3791473990262,-0.9673551087908305,0.25342472944896377,800.6196540182922,0.9495930006638991,0.3134854591366755,968.3975580309824
0.20266343706128803,-0.9792484522727137,606.3791473990262,-0.9673551087908305,0.25342472944896377,800.6196540182922,0.9495930006638991,0.3134854591366755,968.3975580309824,45,0.6413809993353363,-0.7672225320541657,642.957706488335,-0.939812038309028,-0.34169186798844065,817.6076151386679,0.6734464318026369,0.7392360269171792,929.9962001711297
0.6413809993353363,-0.7672225320541657,642.957706488335,-0.939812038309028,-0.34169186798844065,817.6076151386679,0.6734464318026369,0.7392360269171792,929.9962001711297,90,0.8788330271731722,0.4771294482104812,606.895040179107,0.21001157441689283,-0.9776988997697287,878.1648989762685,-0.6936036740540464,0.7203568166809613,886.369217535221
0.8788330271731722,0.4771294482104812,606.895040179107,0.21001157441689283,-0.9776988997697287,878.1648989762685,-0.6936036740540464,0.7203568166809613,886.369217535221,90,-0.6764745284994992,0.7364660292853841,583.6685795444278,0.9303675760623014,0.36662811323186595,859.5161724757772,-0.5545487490677082,-0.8321512392032112,918.884438189814
-0.6764745284994992,0.7364660292853841,583.6685795444278,0.9303675760623014,0.36662811323186595,859.5161724757772,-0.5545487490677082,-0.8321512392032112,918.884438189814,-45,-0.17852368525771262,0.9839356146628727,519.8281401294278,0.9612178741975046,-0.2757901345647269,875.5397508225541,-0.894411736794076,-0.44724450257661563,945.587190728819
-0.17852368525771262,0.9839356146628727,519.8281401294278,0.9612178741975046,-0.2757901345647269,875.5397508225541,-0.894411736794076,-0.44724450257661563,945.587190728819,45,-0.9027700898937597,0.4301234297189739,489.2970820415957,0.8856693516759615,0.46431648635589273,840.8406475036873,-0.2590535498925483,-0.9658629604079809,1010.4657314795094
-0.9027700898937597,0.4301234297189739,489.2970820415957,0.8856693516759615,0.46431648635589273,840.8406475036873,-0.2590535498925483,-0.9658629604079809,1010.4657314795094,-45,-0.611946390242539,0.7908992448277632,419.5933905054273,0.9822220999801679,-0.18772252478205448,852.9118438360673,-0.7005618115472545,-0.713591723747991,1068.7643956250788
-0.611946390242539,0.7908992448277632,419.5933905054273,0.9822220999801679,-0.18772252478205448,852.9118438360673,-0.7005618115472545,-0.713591723747991,1068.7643956250788,45,-0.9906305376643985,0.13656916872685765,409.37240025311917,0.9215334706357335,0.3882989344539329,829.6542907072801,-0.12405021466384183,-0.9922759415817027,1122.856358618056
-0.9906305376643985,0.13656916872685765,409.37240025311917,0.9215334706357335,0.3882989344539329,829.6542907072801,-0.12405021466384183,-0.9922759415817027,1122.856358618056,-90,0.055052732244850126,0.9984834483717678,381.5672081495998,0.4662945383782726,-0.8846295289433841,856.6075030812419,-0.9999973702048142,0.0022933781755216285,1117.7654558694683
0.055052732244850126,0.9984834483717678,381.5672081495998,0.4662945383782726,-0.8846295289433841,856.6075030812419,-0.9999973702048142,0.0022933781755216285,1117.7654558694683,90,-0.987953083921742,0.15475368806435436,377.0220007004896,0.9737674729884066,0.2275453988762962,842.1870510831902,-0.20634484711420595,-0.9784793324692224,1159.1750812591686
-0.987953083921742,0.15475368806435436,377.0220007004896,0.9737674729884066,0.2275453988762962,842.1870510831902,-0.20634484711420595,-0.9784793324692224,1159.1750812591686,-45,-0.7434199027051533,0.668824975805973,317.2685502054844,0.8327683466110605,-0.5536216044219018,885.2161617082519,-0.7766763307716769,-0.6298998946015507,1207.8849833280858
0.96883034053309,-0.24772519303158677,279.1376943021669,-0.8998843971059143,-0.4361285038212078,973.1930601788783,-0.07853741698361738,0.9969111666209489,1080.3860108222107,45,0.9529723889357142,-0.30305713310555443,292.4727960918075,-0.7135518714921437,-0.7006024027150201,1035.0413404563897,-0.35952999635735533,0.9331335283437628,995.1825643839225
0.9529723889357142,-0.30305713310555443,292.4727960918075,-0.7135518714921437,-0.7006024027150201,1035.0413404563897,-0.35952999635735533,0.9331335283437628,995.1825643839225,-45,0.684403595711679,-0.7291033659070054,352.2591226220409,-0.8478083282631359,-0.5303027800489706,1080.9615763154814,-0.08332860304357836,0.996522124147179,903.8457885449541
0.684403595711679,-0.7291033659070054,352.2591226220409,-0.8478083282631359,-0.5303027800489706,1080.9615763154814,-0.08332860304357836,0.996522124147179,903.8457885449541,-45,0.18790607763441228,-0.982187001536902,440.60362963364247,-0.9923349202967413,-0.12357753015682167,1087.8744589548648,0.4630088181976294,0.8863536733557517,823.1169773770555
0.18790607763441228,-0.982187001536902,440.60362963364247,-0.9923349202967413,-0.12357753015682167,1087.8744589548648,0.4630088181976294,0.8863536733557517,823.1169773770555,-45,-0.4933343579327016,-0.8698397618430243,493.5779874709265,-0.8211591944598811,0.5706992004147187,1049.651041878133,0.9721819825152366,0.23422679793897258,807.3280558210831
-0.4933343579327016,-0.8698397618430243,493.5779874709265,-0.8211591944598811,0.5706992004147187,1049.651041878133,0.9721819825152366,0.23422679793897258,807.3280558210831,45,0.3976104813765571,-0.9175543063489499,536.7569538280432,-0.9211110020604311,-0.38930004094943077,1068.421278093412,0.3803821579021041,0.9248293972132042,762.3580441516702
0.3976104813765571,-0.9175543063489499,536.7569538280432,-0.9211110020604311,-0.38930004094943077,1068.421278093412,0.3803821579021041,0.9248293972132042,762.3580441516702,90,0.7819529710041618,0.6233374295979381,501.7887176834589,0.6428309098737711,-0.7660081078623512,1102.7588662959868,-0.9999881262859708,-0.00487311882405315,765.1398285244403
0.7819529710041618,0.6233374295979381,501.7887176834589,0.6428309098737711,-0.7660081078623512,1102.7588662959868,-0.9999881262859708,-0.00487311882405315,765.1398285244403,90,-0.5014198923369954,0.8652040750994855,462.5434985251874,0.8960270415004935,0.4439994829950513,1077.5547540742048,-0.18928866581961093,-0.9819214841280497,811.9306916405611
-0.5014198923369954,0.8652040750994855,462.5434985251874,0.8960270415004935,0.4439994829950513,1077.5547540742048,-0.18928866581961093,-0.9819214841280497,811.9306916405611,0,-0.5652976087791411,0.8248870307554756,409.29139509376444,0.9193636928103688,0.39340869378050336,1050.976196732257,-0.177962851956262,-0.9840372062699629,873.932037459321
-0.5652976087791411,0.8248870307554756,409.29139509376444,0.9193636928103688,0.39340869378050336,1050.976196732257,-0.177962851956262,-0.9840372062699629,873.932037459321,-90,0.8045277307284412,0.5939150869349463,389.32455021389285,0.48407483070116397,-0.8750266043279138,1085.5151060207545,-0.9997609995743373,0.021861924209045595,868.0653923520106
0.8045277307284412,0.5939150869349463,389.32455021389285,0.48407483070116397,-0.8750266043279138,1085.5151060207545,-0.9997609995743373,0.021861924209045595,868.0653923520106,90,-0.7811137549981751,0.6243887424935293,388.7323389395459,0.7437377246635078,0.6684715378476097,1073.4904710044752,0.19542436969536592,-0.9807187750467353,876.2139187078747
-0.7811137549981751,0.6243887424935293,388.7323389395459,0.7437377246635078,0.6684715378476097,1073.4904710044752,0.19542436969536592,-0.9807187750467353,876.2139187078747,0,-0.8283765609453352,0.5601716462624464,373.7049010644094,0.7382417591767196,0.6745362147488172,1056.336003873559,0.21487896667086429,-0.9766406860675331,901.1101559074561
-0.8283765609453352,0.5601716462624464,373.7049010644094,0.7382417591767196,0.6745362147488172,1056.336003873559,0.21487896667086429,-0.9766406860675331,901.1101559074561,0,-0.8636837780877201,0.5040340578454217,355.22787907912016,0.7633705007635507,0.6459608955378071,1033.7828234571562,0.19462276233644168,-0.9808781679599832,934.7918517376207
-0.8636837780877201,0.5040340578454217,355.22787907912016,0.7633705007635507,0.6459608955378071,1033.7828234571562,0.19462276233644168,-0.9808781679599832,934.7918517376207,-90,0.25293598568519116,0.9674830164635764,310.64620739395804,0.832290165162898,-0.5543402213200085,1062.2960915715778,-0.8488243592128843,-0.528674954208005,955.2562515724511
0.25293598568519116,0.9674830164635764,310.64620739395804,0.832290165162898,-0.5543402213200085,1062.2960915715778,-0.8488243592128843,-0.528674954208005,955.2562515724511,90,-0.9801224972188392,0.19839327217803207,304.19475539308695,0.6429696757830584,0.7658916346477671,1024.4059201354999,0.42927642020888634,-0.9031731589527247,992.5669998587803
-0.9801224972188392,0.19839327217803207,304.19475539308695,0.6429696757830584,0.7658916346477671,1024.4059201354999,0.42927642020888634,-0.9031731589527247,992.5669998587803,-90,0.3643152203811575,0.9312756950541706,293.1809746531653,0.6735013207994708,-0.7391860191327811,1040.9759862257054,-0.9458076379888306,-0.32472744251447105,989.3099635092027
0.3643152203811575,0.9312756950541706,293.1809746531653,0.6735013207994708,-0.7391860191327811,1040.9759862257054,-0.9458076379888306,-0.32472744251447105,989.3099635092027,-90,0.6582020812216088,-0.752841298200054,340.61543887899444,-0.9112104257281409,-0.4119412094514703,1056.2113411636565,0.04888409852949331,0.9988044577948973,931.3086261829266
0.6582020812216088,-0.752841298200054,340.61543887899444,-0.9112104257281409,-0.4119412094514703,1056.2113411636565,0.04888409852949331,0.9988044577948973,931.3086261829266,-90,-0.35783869710869276,-0.9337834153868622,374.646272960522,-0.7757039033490124,0.6310970244971101,1029.1953312385408,0.9398646604403453,0.34154709785819354,920.6619737141368
-0.35783869710869276,-0.9337834153868622,374.646272960522,-0.7757039033490124,0.6310970244971101,1029.1953312385408,0.9398646604403453,0.34154709785819354,920.6619737141368,45,0.3977919838973125,-0.9174756332170573,460.0757649217029,-0.9595715606143141,-0.28146477587827873,1052.9486737103048,0.3716402102771881,0.9283768384148365,830.7895217612521
0.3977919838973125,-0.9174756332170573,460.0757649217029,-0.9595715606143141,-0.28146477587827873,1052.9486737103048,0.3716402102771881,0.9283768384148365,830.7895217612521,90,0.82937685576671,0.5586895659653274,438.6540299695422,0.4733551836758816,-0.8808716535836378,1074.140213383951,-0.9927144011596247,0.12049115208299609,833.5142458341788
0.82937685576671,0.5586895659653274,438.6540299695422,0.4733551836758816,-0.8808716535836378,1074.140213383951,-0.9927144011596247,0.12049115208299609,833.5142458341788,45,0.440984481637493,0.8975147279877427,379.37148281410134,0.8542752483539406,-0.5198209307538636,1104.8868186255866,-0.8637661846484845,-0.5038928241777214,865.440051056438
0.440984481637493,0.8975147279877427,379.37148281410134,0.8542752483539406,-0.5198209307538636,1104.8868186255866,-0.8637661846484845,-0.5038928241777214,865.440051056438,90,-0.999739492501609,-0.022824266310778576,385.73542447736116,0.18760486853744684,0.9822445791660279,1058.201558162116,0.7451706903795956,-0.6668737828099083,889.1680030774444
-0.999739492501609,-0.022824266310778576,385.73542447736116,0.18760486853744684,0.9822445791660279,1058.201558162116,0.7451706903795956,-0.6668737828099083,889.1680030774444,0,-0.9933920784087723,-0.11477011176564929,388.5258928693685,0.19988421302960324,0.9798195249032019,1020.9364179173647,0.7202880587136649,-0.6936750770169705,914.8646071577696
-0.9933920784087723,-0.11477011176564929,388.5258928693685,0.19988421302960324,0.9798195249032019,1020.9364179173647,0.7202880587136649,-0.6936750770169705,914.8646071577696,-90,-0.4183463144085929,0.9082875982973382,338.13811019967864,0.9999124252882714,0.013234113273164917,1022.1595675673196,-0.4529152321246961,-0.8915535836445461,960.5729236083068
-0.4183463144085929,0.9082875982973382,338.13811019967864,0.9999124252882714,0.013234113273164917,1022.1595675673196,-0.4529152321246961,-0.8915535836445461,960.5729236083068,90,-0.9847910405262438,-0.17374293222815712,343.98518461725934,0.2878161933595601,0.9576856680769595,1005.2725238641361,0.7049870031528578,-0.7092202234747346,969.8711498112365
-0.9847910405262438,-0.17374293222815712,343.98518461725934,0.2878161933595601,0.9576856680769595,1005.2725238641361,0.7049870031528578,-0.7092202234747346,969.8711498112365,-90,-0.9608634449667368,0.2770224541921731,313.3598724126623,0.8601027699118965,0.5101207947044338,963.3996520855092,0.09880018797614196,-0.9951072921328027,1048.038782506869
-0.9608634449667368,0.2770224541921731,313.3598724126623,0.8601027699118965,0.5101207947044338,963.3996520855092,0.09880018797614196,-0.9951072921328027,1048.038782506869,45,-0.9645678443904881,-0.26383493621559484,323.23248694673316,0.6224579875358119,0.7826532142353132,923.8985878427187,0.45490553425060326,-0.8905396986705159,1091.6388599796958
-0.9645678443904881,-0.26383493621559484,323.23248694673316,0.6224579875358119,0.7826532142353132,923.8985878427187,0.45490553425060326,-0.8905396986705159,1091.6388599796958,-90,-0.279912996517044,0.9600253717380856,285.1987449720808,0.7614090723738467,-0.6482717211993735,951.4426961901856,-0.877458585491347,-0.4796524061729748,1105.9465105210331
-0.279912996517044,0.9600253717380856,285.1987449720808,0.7614090723738467,-0.6482717211993735,951.4426961901856,-0.877458585491347,-0.4796524061729748,1105.9465105210331,90,-0.9239901644502193,-0.38241623396406266,308.15574281100135,0.740071409826856,0.6725282955808548,905.4846888972778,0.3810261253496578,-0.9245642713197536,1160.222169167354
-0.9239901644502193,-0.38241623396406266,308.15574281100135,0.740071409826856,0.6725282955808548,905.4846888972778,0.3810261253496578,-0.9245642713197536,1160.222169167354,90,0.2985190984755367,-0.9544036608507707,357.39006597033443,-0.7021198535026867,0.7120587836108517,871.0196204760717,0.9429314073545074,0.3329870283125874,1132.6373379216668
0.2985190984755367,-0.9544036608507707,357.39006597033443,-0.7021198535026867,0.7120587836108517,871.0196204760717,0.9429314073545074,0.3329870283125874,1132.6373379216668,45,0.7996756704451352,-0.6004321960872214,386.92297523856087,-0.9996517796062985,-0.026387867097596714,872.4976726430049,0.4795062647721963,0.8775384561625869,1081.7596908590465
0.7996756704451352,-0.6004321960872214,386.92297523856087,-0.9996517796062985,-0.026387867097596714,872.4976726430049,0.4795062647721963,0.8775384561625869,1081.7596908590465,90,0.4541940778300236,0.8909027666721742,340.6101308036653,0.22363215577128573,-0.9746736166045983,918.744001997341,-0.971946364247896,0.2352026042060253,1074.3627232951121
0.4541940778300236,0.8909027666721742,340.6101308036653,0.22363215577128573,-0.9746736166045983,918.744001997341,-0.971946364247896,0.2352026042060253,1074.3627232951121,-90,0.9486752277548959,-0.3162519758739799,356.61500964611685,-0.8375202105258696,-0.5464063478407833,945.3220113299489,-0.06419507348133219,0.9979373690471394,1019.3604784887925
0.9486752277548959,-0.3162519758739799,356.61500964611685,-0.8375202105258696,-0.5464063478407833,945.3220113299489,-0.06419507348133219,0.9979373690471394,1019.3604784887925,-45,0.12361618669336684,-0.9923301055532835,421.7735261974607,-0.8895567060290065,0.4568247659210517,910.703084106472,0.8942789514188562,0.4475099518996099,991.5343803424267
0.12361618669336684,-0.9923301055532835,421.7735261974607,-0.8895567060290065,0.4568247659210517,910.703084106472,0.8942789514188562,0.4475099518996099,991.5343803424267,0,0.10432054993308941,-0.9945437259676709,495.09951414600476,-0.9209223624216403,0.3897460742480225,879.553482687443,0.9231764154822246,0.3843765157984955,960.6502843946959
0.10432054993308941,-0.9945437259676709,495.09951414600476,-0.9209223624216403,0.3897460742480225,879.553482687443,0.9231764154822246,0.3843765157984955,960.6502843946959,-45,-0.3826988738999477,-0.92387313626694,554.9780692209828,-0.6204328384422936,0.7842595826526054,827.4231428454549,0.9760097385414575,-0.21772687080890124,972.5869921586707
-0.3826988738999477,-0.92387313626694,554.9780692209828,-0.6204328384422936,0.7842595826526054,827.4231428454549,0.9760097385414575,-0.21772687080890124,972.5869921586707,45,0.13776258399044028,-0.9904652797813142,614.6496935115481,-0.9601412929436657,0.27951511154938646,809.4016590876498,0.9641765323533256,0.26526140778318374,953.8760536536389
0.13776258399044028,-0.9904652797813142,614.6496935115481,-0.9601412929436657,0.27951511154938646,809.4016590876498,0.9641765323533256,0.26526140778318374,953.8760536536389,45,0.5251988134513794,-0.8509795569514365,684.3289593779168,-0.9541606390289875,-0.29929496308457015,831.4272575777526,0.7720742018178693,0.6355323964105213,897.4742584850345
0.5251988134513794,-0.8509795569514365,684.3289593779168,-0.9541606390289875,-0.29929496308457015,831.4272575777526,0.7720742018178693,0.6355323964105213,897.4742584850345,90,0.8772110774527094,0.4801049110290965,654.8549313733921,0.2839996940765494,-0.9588243706562878,876.7234576216437,-0.6719689119799919,0.7405793551891828,863.9936696203566
0.8772110774527094,0.4801049110290965,654.8549313733921,0.2839996940765494,-0.9588243706562878,876.7234576216437,-0.6719689119799919,0.7405793551891828,863.9936696203566,-90,0.49086414617808893,-0.8712361275778546,685.8956712873248,-0.9377247842455071,-0.34737908545523744,882.4461863993124,0.742321735686915,0.6700436110633143,845.6108749836948
0.49086414617808893,-0.8712361275778546,685.8956712873248,-0.9377247842455071,-0.34737908545523744,882.4461863993124,0.742321735686915,0.6700436110633143,845.6108749836948,-90,-0.8541019600215706,-0.5201056064755613,703.0240286345287,-0.3365514179041561,0.9416650907338033,840.6135526135196,0.6317374701902697,-0.7751824099898024,881.329668647052
-0.8541019600215706,-0.5201056064755613,703.0240286345287,-0.3365514179041561,0.9416650907338033,840.6135526135196,0.6317374701902697,-0.7751824099898024,881.329668647052,90,0.5634103286709488,-0.8261772216340109,744.8174918604851,-0.8791615927625032,-0.4765237599651235,868.2159824498417,0.7382794695163504,0.6744949405967819,841.5018907770461
0.5634103286709488,-0.8261772216340109,744.8174918604851,-0.8791615927625032,-0.4765237599651235,868.2159824498417,0.7382794695163504,0.6744949405967819,841.5018907770461,-45,-0.10621715248903202,-0.9943429571918945,802.7826037997238,-0.9886579174870574,0.15018495993325967,857.0583112971161,0.9990777789148764,-0.04293706648709691,842.4661541946148
-0.10621715248903202,-0.9943429571918945,802.7826037997238,-0.9886579174870574,0.15018495993325967,857.0583112971161,0.9990777789148764,-0.04293706648709691,842.4661541946148,-90,-0.9996459774250566,-0.02660676263477735,797.8706109325778,0.10092918624889131,0.9948936120827878,800.4491068081248,0.022229039489898923,-0.9997529043735539,899.8279212104529
-0.9996459774250566,-0.02660676263477735,797.8706109325778,0.10092918624889131,0.9948936120827878,800.4491068081248,0.022229039489898923,-0.9997529043735539,899.8279212104529,0,-0.9971728640434551,-0.07514172752454537,799.2909082971192,0.08638687493644738,0.9962616663501184,775.576175553655,0.038609929575677,-0.9992543586785906,924.7804604804504
-0.9971728640434551,-0.07514172752454537,799.2909082971192,0.08638687493644738,0.9962616663501184,775.576175553655,0.038609929575677,-0.9992543586785906,924.7804604804504,45,-0.8802033064391291,-0.47459681766065864,833.6906083421595,-0.2718349822737822,0.9623438795005725,700.6541161214426,0.33700761669425083,-0.9415019204919663,997.3658257820548
-0.8802033064391291,-0.47459681766065864,833.6906083421595,-0.2718349822737822,0.9623438795005725,700.6541161214426,0.33700761669425083,-0.9415019204919663,997.3658257820548,45,-0.28500384992893074,-0.9585263718467466,885.9701907244171,-0.8981088377035747,0.43977325480153284,675.8517432486655,0.8749424249089238,-0.48422696444383617,1021.715683961179
-0.28500384992893074,-0.9585263718467466,885.9701907244171,-0.8981088377035747,0.43977325480153284,675.8517432486655,0.8749424249089238,-0.48422696444383617,1021.715683961179,45,0.11155822562607293,-0.993757899236611,942.798025192513,-0.9992817337545735,-0.03789480946585764,676.0405581819057,0.9884007744815095,-0.15186806446502246,1028.400075995185
0.11155822562607293,-0.993757899236611,942.798025192513,-0.9992817337545735,-0.03789480946585764,676.0405581819057,0.9884007744815095,-0.15186806446502246,1028.400075995185,90,0.9463254274799695,0.3232153853158183,915.3203901869173,0.2710733985966793,-0.9625586800674782,727.6477009459526,-0.13359625710702125,0.9910358419789844,973.5174208466586
0.9463254274799695,0.3232153853158183,915.3203901869173,0.2710733985966793,-0.9625586800674782,727.6477009459526,-0.13359625710702125,0.9910358419789844,973.5174208466586,-45,0.9851230505129915,-0.1718504447127731,923.212639008367,-0.15641687368323656,-0.9876911266317838,781.181858996222,0.32165145558951286,0.9468581420240033,922.0109476274092
0.9851230505129915,-0.1718504447127731,923.212639008367,-0.15641687368323656,-0.9876911266317838,781.181858996222,0.32165145558951286,0.9468581420240033,922.0109476274092,0,0.963886200147165,-0.2663144629303099,940.0042115754954,-0.15628124094327617,-0.9877125967249936,859.0243476058573,0.36317781755419104,0.9317198467546856,847.8619025405427
0.963886200147165,-0.2663144629303099,940.0042115754954,-0.15628124094327617,-0.9877125967249936,859.0243476058573,0.36317781755419104,0.9317198467546856,847.8619025405427,-45,0.6588027925781438,-0.7523156787487811,956.1299029744418,-0.6506874543251231,-0.7593456635708739,874.1744032868475,0.8194478622192867,0.5731537325222973,836.4315246103029
0.6588027925781438,-0.7523156787487811,956.1299029744418,-0.6506874543251231,-0.7593456635708739,874.1744032868475,0.8194478622192867,0.5731537325222973,836.4315246103029,45,0.8505985773325099,-0.525815614298311,987.8174533648122,-0.32464569625060574,-0.9458357002703797,934.0095680302975,0.6066562962945684,0.7949642370359542,785.0019370499303
0.8505985773325099,-0.525815614298311,987.8174533648122,-0.32464569625060574,-0.9458357002703797,934.0095680302975,0.6066562962945684,0.7949642370359542,785.0019370499303,90,0.9923917696669662,0.12312016689911959,984.1318531254074,0.34919614618645706,-0.9370496526270774,950.8557074215038,-0.04633600289650759,0.9989259105837504,766.5990766600547
0.9923917696669662,0.12312016689911959,984.1318531254074,0.34919614618645706,-0.9370496526270774,950.8557074215038,-0.04633600289650759,0.9989259105837504,766.5990766600547,0,0.995560008066824,0.09412900901414685,981.4389350724248,0.33747944670303537,-0.9413328970417496,974.7124827743284,-0.04428959179863078,0.9990187345882512,741.2451573373652
0.995560008066824,0.09412900901414685,981.4389350724248,0.33747944670303537,-0.9413328970417496,974.7124827743284,-0.04428959179863078,0.9990187345882512,741.2451573373652,90,0.7595918830582823,0.6504000086039151,921.8058823637708,0.81455783660628,-0.580082348312114,1022.4473408251645,-0.7256842315429729,0.688027903569241,678.6008582078643
0.7595918830582823,0.6504000086039151,921.8058823637708,0.81455783660628,-0.580082348312114,1022.4473408251645,-0.7256842315429729,0.688027903569241,678.6008582078643,45,0.5636744765427638,0.8259970245068933,869.2461249235339,0.9306750835060613,-0.36584681075688746,1042.9090591679505,-0.9318481456959371,0.362848499188082,654.1492992387747
0.5636744765427638,0.8259970245068933,869.2461249235339,0.9306750835060613,-0.36584681075688746,1042.9090591679505,-0.9318481456959371,0.362848499188082,654.1492992387747,0,0.6053448530105878,0.7959633213494136,812.7862689002565,0.9055584850930453,-0.42422143990608124,1070.3517547576591,-0.963300686840696,0.2684246388322861,632.1995246065912
0.6053448530105878,0.7959633213494136,812.7862689002565,0.9055584850930453,-0.42422143990608124,1070.3517547576591,-0.963300686840696,0.2684246388322861,632.1995246065912,-45,0.9755228104489246,-0.21989826350799457,826.3658586874218,0.05844559206008033,-0.9982905953522485,1128.1550480338242,-0.24048997202119202,0.9706516230642415,575.3728985659648
0.9755228104489246,-0.21989826350799457,826.3658586874218,0.05844559206008033,-0.9982905953522485,1128.1550480338242,-0.24048997202119202,0.9706516230642415,575.3728985659648,-90,-0.3858302905962364,-0.9225697734363639,861.7430740656985,-0.994422366197738,0.10547112214104776,1117.584612322575,0.9996129270928846,-0.02782078339650735,580.6291808893177
-0.3858302905962364,-0.9225697734363639,861.7430740656985,-0.994422366197738,0.10547112214104776,1117.584612322575,0.9996129270928846,-0.02782078339650735,580.6291808893177,90,0.9985999231755213,-0.052897953021293395,852.9799960891932,0.2607072319993652,-0.965417909085609,1150.4904665960166,-0.3887366156903999,0.9213489260978027,549.9802121243273
0.9985999231755213,-0.052897953021293395,852.9799960891932,0.2607072319993652,-0.965417909085609,1150.4904665960166,-0.3887366156903999,0.9213489260978027,549.9802121243273,-90,-0.0874903715278682,-0.9961653652330599,912.7208737755919,-0.9634644909375829,-0.2678360967128671,1162.8570477172507,0.9693364308110958,0.2457374287779656,534.2949311248236
-0.0874903715278682,-0.9961653652330599,912.7208737755919,-0.9634644909375829,-0.2678360967128671,1162.8570477172507,0.9693364308110958,0.2457374287779656,534.2949311248236,45,0.5516587871373021,-0.8340698907011335,959.9695233896126,-0.5357332422301683,-0.844387288612016,1212.3839184997794,0.6294527312184366,0.7770387758417534,486.9876855084531
0.5516587871373021,-0.8340698907011335,959.9695233896126,-0.5357332422301683,-0.844387288612016,1212.3839184997794,0.6294527312184366,0.7770387758417534,486.9876855084531,-45,-0.09471205579653302,-0.9955047094247191,1011.9928469916425,-0.9356176281452263,-0.35301509019289956,1229.016323065829,0.9952767409529726,0.09707836482980907,480.0015857913909
-0.09471205579653302,-0.9955047094247191,1011.9928469916425,-0.9356176281452263,-0.35301509019289956,1229.016323065829,0.9952767409529726,0.09707836482980907,480.0015857913909,-45,-0.4585463380376831,-0.8886704990446295,1082.8257814950703,-0.9999652829359714,-0.008332642004952543,1227.0472171316023,0.891247837555531,-0.4535165840987401,511.1092183383215
-0.4585463380376831,-0.8886704990446295,1082.8257814950703,-0.9999652829359714,-0.008332642004952543,1227.0472171316023,0.891247837555531,-0.4535165840987401,511.1092183383215,0,-0.4275997086519074,-0.9039681903478706,1139.7691365335045,-0.997590473360794,-0.069377571734581,1229.9240873299173,0.8440738530329697,-0.5362269394818547,542.1574721373211
-0.4275997086519074,-0.9039681903478706,1139.7691365335045,-0.997590473360794,-0.069377571734581,1229.9240873299173,0.8440738530329697,-0.5362269394818547,542.1574721373211,45,-0.18721221766920268,-0.9823194926068499,1233.1662470970177,-0.9288674109239216,-0.3704123822491503,1262.3647432415653,0.8851257292254892,-0.465351956547994,579.4701312227775
-0.18721221766920268,-0.9823194926068499,1233.1662470970177,-0.9288674109239216,-0.3704123822491503,1262.3647432415653,0.8851257292254892,-0.465351956547994,579.4701312227775,90,0.9887270328987046,0.14972927040269735,1217.5511521747064,0.6620052801085438,-0.7494991721866066,1287.6540001731657,0.10514303521196772,0.9944571092542981,536.6697384443767
0.9887270328987046,0.14972927040269735,1217.5511521747064,0.6620052801085438,-0.7494991721866066,1287.6540001731657,0.10514303521196772,0.9944571092542981,536.6697384443767,90,-0.34533451893471045,0.9384796588270479,1184.4564773326406,0.6239800874813776,0.7814402411104335,1256.3229531833158,-0.9887922022115806,-0.1492982948515242,544.9888317160711
-0.34533451893471045,0.9384796588270479,1184.4564773326406,0.6239800874813776,0.7814402411104335,1256.3229531833158,-0.9887922022115806,-0.1492982948515242,544.9888317160711,0,-0.36210639627069185,0.9321367698894045,1156.7306020113676,0.6286608584777549,0.7776795773440449,1233.0934099368064,-0.9776120228885825,-0.21041561896326444,550.4628648960626
-0.36210639627069185,0.9321367698894045,1156.7306020113676,0.6286608584777549,0.7776795773440449,1233.0934099368064,-0.9776120228885825,-0.21041561896326444,550.4628648960626,90,-0.9212745190714752,-0.38891292149994466,1174.1102356102685,-0.7955881071504819,0.6058379022153644,1218.3078516388211,0.1948550717698095,-0.9808320452583013,580.1536049744068
-0.9212745190714752,-0.38891292149994466,1174.1102356102685,-0.7955881071504819,0.6058379022153644,1218.3078516388211,0.1948550717698095,-0.9808320452583013,580.1536049744068,-90,0.03140012145924961,0.9995068946097092,1116.9881443749866,0.8996032232324322,0.43670818717974447,1198.677342187745,-0.991507054446721,0.13005291608567265,562.6703072619667
0.03140012145924961,0.9995068946097092,1116.9881443749866,0.8996032232324322,0.43670818717974447,1198.677342187745,-0.991507054446721,0.13005291608567265,562.6703072619667,-90,0.9991236978121102,0.04185494558896292,1118.0701463396517,0.5191424968199211,-0.8546877020266398,1233.795725448897,0.03014381281848509,0.9995455720219885,523.6092934010721
0.9991236978121102,0.04185494558896292,1118.0701463396517,0.5191424968199211,-0.8546877020266398,1233.795725448897,0.03014381281848509,0.9995455720219885,523.6092934010721,-90,-0.043211668043539195,-0.9990659396380677,1163.7099367091535,-0.88245184984316,-0.4704027345885491,1251.113964751262,0.9790795924714533,-0.20347764399543503,535.0021465336584
-0.043211668043539195,-0.9990659396380677,1163.7099367091535,-0.88245184984316,-0.4704027345885491,1251.113964751262,0.9790795924714533,-0.20347764399543503,535.0021465336584,0,-0.029183118169081187,-0.9995740821039376,1223.9118402401548,-0.8558925180800115,-0.5171537464764778,1281.2661552854825,0.9553049046445133,-0.2956222913823268,549.627030521646
-0.029183118169081187,-0.9995740821039376,1223.9118402401548,-0.8558925180800115,-0.5171537464764778,1281.2661552854825,0.9553049046445133,-0.2956222913823268,549.627030521646,90,0.9955597064513065,0.09413219901069167,1214.3244969971822,0.626839703259699,-0.7791482441854648,1311.111979964892,0.14422306260460346,0.9895452027133216,506.67976475034015
0.9955597064513065,0.09413219901069167,1214.3244969971822,0.626839703259699,-0.7791482441854648,1311.111979964892,0.14422306260460346,0.9895452027133216,506.67976475034015,-45,0.7678209067631308,-0.6406645418137666,1243.1007289838099,-0.08077026268135633,-0.9967327448551014,1355.7618900087432,0.8308947639025566,0.5564295924187667,480.87559971377215
0.7678209067631308,-0.6406645418137666,1243.1007289838099,-0.08077026268135633,-0.9967327448551014,1355.7618900087432,0.8308947639025566,0.5564295924187667,480.87559971377215,-90,-0.6394843480697436,-0.7688041158668539,1268.9820503112012,-0.9972107201245827,0.07463765583545111,1346.3245596853753,0.5114747996856499,-0.859298277250993,517.3098916626475
-0.6394843480697436,-0.7688041158668539,1268.9820503112012,-0.9972107201245827,0.07463765583545111,1346.3245596853753,0.5114747996856499,-0.859298277250993,517.3098916626475,0,-0.6189586061330383,-0.7854236079300433,1328.247454222863,-0.9995958851228055,0.02842650955631187,1342.822172757628,0.4441067558060652,-0.8959738776590599,583.8201261086474
-0.4345527992967976,0.9006463593571659,1214.286136462948,0.5414324102157473,0.8407442804848373,1239.7290692752645,-0.9838751666265443,-0.17885652488961584,588.5083017308367,90,-0.847305659923936,-0.5311055626340806,1243.9055007349632,-0.8971251350523394,0.44177651822762354,1219.37072244609,0.22803254354861233,-0.9736535107946513,637.4805524552884
-0.847305659923936,-0.5311055626340806,1243.9055007349632,-0.8971251350523394,0.44177651822762354,1219.37072244609,0.22803254354861233,-0.9736535107946513,637.4805524552884,-45,-0.9952533739680605,0.09731763255028389,1238.2171406243776,-0.4220028162585805,0.9065945196557427,1179.5971546829069,-0.4190800423016469,-0.9079492927165316,676.2999980304672
-0.9952533739680605,0.09731763255028389,1238.2171406243776,-0.4220028162585805,0.9065945196557427,1179.5971546829069,-0.4190800423016469,-0.9079492927165316,676.2999980304672,90,-0.21721908948802174,-0.976122875032644,1298.529931936149,-0.9378996485730604,-0.34690668659818263,1204.066802189189,0.8037378535013024,-0.5949835819996372,706.4000453950297
-0.21721908948802174,-0.976122875032644,1298.529931936149,-0.9378996485730604,-0.34690668659818263,1204.066802189189,0.8037378535013024,-0.5949835819996372,706.4000453950297,-90,-0.8750792712917466,0.4839796162603399,1263.6296317654553,-0.027793700344342094,0.9996136804892023,1147.5303944888344,-0.7767970468898616,-0.6297510205971802,734.1171066496815
-0.8750792712917466,0.4839796162603399,1263.6296317654553,-0.027793700344342094,0.9996136804892023,1147.5303944888344,-0.7767970468898616,-0.6297510205971802,734.1171066496815,-45,-0.39288846588476306,0.9195861315693693,1215.926155231509,0.6271192077132038,0.7789232948867068,1107.999320837373,-0.997253821454546,-0.07405954087289797,734.8437214646935
-0.39288846588476306,0.9195861315693693,1215.926155231509,0.6271192077132038,0.7789232948867068,1107.999320837373,-0.997253821454546,-0.07405954087289797,734.8437214646935,45,-0.7510969888960484,0.6601918761021597,1193.129121193553,0.2582366954363403,0.9660816782912917,1074.4172280078628,-0.8584352651673022,-0.512921919513237,752.3864298617433
-0.7510969888960484,0.6601918761021597,1193.129121193553,0.2582366954363403,0.9660816782912917,1074.4172280078628,-0.8584352651673022,-0.512921919513237,752.3864298617433,90,-0.40206813326535684,-0.9156097510470884,1235.1555240014516,-0.9970629349011243,-0.07658657745555948,1084.6121373427923,0.7104024191645426,-0.7037957110164608,775.9503904704862
-0.40206813326535684,-0.9156097510470884,1235.1555240014516,-0.9970629349011243,-0.07658657745555948,1084.6121373427923,0.7104024191645426,-0.7037957110164608,775.9503904704862,0,-0.38136748558701,-0.9244235181652627,1286.948563234759,-0.9911420868900671,-0.13280573630383086,1090.6327541441299,0.678706946244978,-0.7344092054970557,816.3212384913245
-0.38136748558701,-0.9244235181652627,1286.948563234759,-0.9911420868900671,-0.13280573630383086,1090.6327541441299,0.678706946244978,-0.7344092054970557,816.3212384913245,45,-0.054020664727660574,-0.9985398178251991,1308.0639453216345,-0.883833356883437,-0.4678018782135821,1100.7191490341213,0.8722771725344741,-0.4890117935952702,826.0825655165469
-0.054020664727660574,-0.9985398178251991,1308.0639453216345,-0.883833356883437,-0.4678018782135821,1100.7191490341213,0.8722771725344741,-0.4890117935952702,826.0825655165469,0,-0.055337021563997175,-0.9984677331012884,1332.7448992687723,-0.8756111348133135,-0.48301670839727817,1112.4257487701955,0.858217570974088,-0.5132860809249908,838.5197949523493
-0.055337021563997175,-0.9984677331012884,1332.7448992687723,-0.8756111348133135,-0.48301670839727817,1112.4257487701955,0.858217570974088,-0.5132860809249908,838.5197949523493,0,-0.054500075337215195,-0.9985137664490349,1356.6267415214031,-0.8665196952639207,-0.49914288307029075,1124.2384959655938,0.8455211829265805,-0.5339418781313524,850.9764014418848
-0.054500075337215195,-0.9985137664490349,1356.6267415214031,-0.8665196952639207,-0.49914288307029075,1124.2384959655938,0.8455211829265805,-0.5339418781313524,850.9764014418848,0,-0.05572950539038025,-0.9984459035065163,1379.06397877423,-0.8589159883295231,-0.5121165150548442,1135.6596750578979,0.832395037295005,-0.5541827332989068,863.1432427775878
-0.05572950539038025,-0.9984459035065163,1379.06397877423,-0.8589159883295231,-0.5121165150548442,1135.6596750578979,0.832395037295005,-0.5541827332989068,863.1432427775878,-45,-0.31870565351297653,-0.9478537368280333,1401.0069237852397,-0.9601452595475468,-0.27950148580709533,1141.9052852553841,0.6383224243496367,-0.7697691099104993,880.8661195063527
-0.31870565351297653,-0.9478537368280333,1401.0069237852397,-0.9601452595475468,-0.27950148580709533,1141.9052852553841,0.6383224243496367,-0.7697691099104993,880.8661195063527,90,0.2500091048218596,-0.9682434856512965,1422.45566733352,-0.6395238098485234,-0.7687712902006876,1159.7427842109,0.9488425357679741,-0.31574965133377547,886.694381130979
-0.7725783039436422,0.6349194943263006,1396.474939848836,0.10736295398064404,0.9942198932391919,1041.629693137542,-0.9504786884259498,-0.3107897405772691,978.3769506820007,-45,-0.6162552286656394,0.7875465022094,1376.0595685260505,0.3393853652744915,0.9406474227028425,1017.393225912233,-0.9937395934663021,-0.11172117246712232,980.846989153813
-0.6162552286656394,0.7875465022094,1376.0595685260505,0.3393853652744915,0.9406474227028425,1017.393225912233,-0.9937395934663021,-0.11172117246712232,980.846989153813,45,-0.7682231430107277,0.6401821635618404,1360.0030563798928,0.151264439362441,0.9884933329994524,992.4681120130006,-0.9447296726530341,-0.3278503402604472,989.0526747158868
-0.7682231430107277,0.6401821635618404,1360.0030563798928,0.151264439362441,0.9884933329994524,992.4681120130006,-0.9447296726530341,-0.3278503402604472,989.0526747158868,45,-0.9802602423438757,-0.19771155069931073,1366.1390598635887,-0.6763946367088899,0.7365394052129518,977.6574506875963,-0.34546761359771544,-0.938430672961567,1010.1875919278409
-0.9802602423438757,-0.19771155069931073,1366.1390598635887,-0.6763946367088899,0.7365394052129518,977.6574506875963,-0.34546761359771544,-0.938430672961567,1010.1875919278409,90,-0.7047179419119245,-0.7094875773030993,1383.2008743906758,-0.9744921459390303,0.22442160658711882,972.8984422410851,0.21778477355897738,-0.9759968198748729,1032.8398612152466
-0.7047179419119245,-0.7094875773030993,1383.2008743906758,-0.9744921459390303,0.22442160658711882,972.8984422410851,0.21778477355897738,-0.9759968198748729,1032.8398612152466,0,-0.6978297088658778,-0.7162637066221939,1398.09930084769,-0.9788177412117607,0.20473355731073165,968.4405067069428,0.2127232911824198,-0.977112481441374,1053.2219020846462
-0.6978297088658778,-0.7162637066221939,1398.09930084769,-0.9788177412117607,0.20473355731073165,968.4405067069428,0.2127232911824198,-0.977112481441374,1053.2219020846462,-45,-0.8802395822089288,-0.47452953323544617,1409.0126938166738,-0.8757187203654478,0.4828216262777617,956.4744279574442,-0.10200015411065719,-0.9947843829500954,1076.9010220705152
-0.9940549985242685,-0.10887910685212594,1411.2352090878685,-0.6239639499500256,0.7814531266574867,892.4378383782705,-0.48325310024472506,-0.8754806914511946,1141.8303268740412,-45,-0.971358640223344,0.23761816442236966,1405.6216358020463,-0.3117629475309135,0.9501599152494473,870.7449356928928,-0.7539116718479661,-0.6569757918305701,1156.656743824554
-0.971358640223344,0.23761816442236966,1405.6216358020463,-0.3117629475309135,0.9501599152494473,870.7449356928928,-0.7539116718479661,-0.6569757918305701,1156.656743824554,-45,-0.8522775406571793,0.5230898524071653,1392.7815171010418,0.00842259528932965,0.9999645293152113,846.7423896193458,-0.9167905413678695,-0.3993683803938524,1165.8867330827125
-0.8522775406571793,0.5230898524071653,1392.7815171010418,0.00842259528932965,0.9999645293152113,846.7423896193458,-0.9167905413678695,-0.3993683803938524,1165.8867330827125,-90,-0.39238961531084987,0.9197991029546633,1302.227878889701,0.6666728084336427,0.7453504990909977,773.5500556250836,-0.9887727771440415,0.14942688907576054,1145.0586397899324
-0.39238961531084987,0.9197991029546633,1302.227878889701,0.6666728084336427,0.7453504990909977,773.5500556250836,-0.9887727771440415,0.14942688907576054,1145.0586397899324,-45,0.5948446034713579,0.8038407166354558,1288.344804194999,0.9775063878160747,-0.2109058125770121,779.3400377859783,-0.38478054033624615,0.9230080908521585,1126.944725572754
0.5948446034713579,0.8038407166354558,1288.344804194999,0.9775063878160747,-0.2109058125770121,779.3400377859783,-0.38478054033624615,0.9230080908521585,1126.944725572754,-90,0.9884684156832219,-0.15142718116870973,1295.7553672561037,0.28469496616504053,-0.9586181597697211,810.673825760398,0.6339595256362078,0.7733662262182868,1104.0124146824617
0.9884684156832219,-0.15142718116870973,1295.7553672561037,0.28469496616504053,-0.9586181597697211,810.673825760398,0.6339595256362078,0.7733662262182868,1104.0124146824617,0,0.9809797353562953,-0.1941101718619935,1306.583148758088,0.26925375340088464,-0.9630692686819239,872.5483623379279,0.659042166877331,0.7521059913852782,1054.6034726941687
0.9809797353562953,-0.1941101718619935,1306.583148758088,0.26925375340088464,-0.9630692686819239,872.5483623379279,0.659042166877331,0.7521059913852782,1054.6034726941687,90,0.4773566780414728,0.878709623214182,1276.9211896802128,0.998345608925513,-0.057498218573678136,868.7278311728766,-0.5454327003555547,0.8381546214051723,1031.1930006814098
0.4773566780414728,0.878709623214182,1276.9211896802128,0.998345608925513,-0.057498218573678136,868.7278311728766,-0.5454327003555547,0.8381546214051723,1031.1930006814098,0,0.5144701535841402,0.8575082862988038,1203.0878538129334,0.9867688882861145,-0.16213315857832905,878.5486577260306,-0.5780422196028913,0.8160068580328004,960.3915784679757
0.5144701535841402,0.8575082862988038,1203.0878538129334,0.9867688882861145,-0.16213315857832905,878.5486577260306,-0.5780422196028913,0.8160068580328004,960.3915784679757,0,0.5072294425061895,0.8618110539177716,1161.088610170012,0.9824582028847874,-0.18648292035570999,887.5264732201118,-0.6267542821604355,0.7792169593852262,920.9497492624286
0.5072294425061895,0.8618110539177716,1161.088610170012,0.9824582028847874,-0.18648292035570999,887.5264732201118,-0.6267542821604355,0.7792169593852262,920.9497492624286,-90,0.8943129938933306,-0.4474419168490449,1189.3811285261634,-0.06959632706041552,-0.9975752358893537,940.6929939646462,0.7403375125214581,0.6722353513119791,888.035420968201
0.8943129938933306,-0.4474419168490449,1189.3811285261634,-0.06959632706041552,-0.9975752358893537,940.6929939646462,0.7403375125214581,0.6722353513119791,888.035420968201,45,0.9780570206049134,-0.20833738129639648,1200.041939862924,0.22188946160514741,-0.9750718264971959,1008.3301133210146,0.5326525932931999,0.8463339854088509,827.0470466847518
0.9780570206049134,-0.20833738129639648,1200.041939862924,0.22188946160514741,-0.9750718264971959,1008.3301133210146,0.5326525932931999,0.8463339854088509,827.0470466847518,-45,0.8735898510123327,-0.4866628938066373,1212.6445715436366,-0.0537301404615435,-0.9985554927023249,1035.2877749178003,0.7610377922062771,0.6487075449181976,809.0410477189955
0.8735898510123327,-0.4866628938066373,1212.6445715436366,-0.0537301404615435,-0.9985554927023249,1035.2877749178003,0.7610377922062771,0.6487075449181976,809.0410477189955,-45,0.366749597496324,-0.930319693834482,1284.8335704663582,-0.6216476706644364,-0.7832969893708774,1094.0222044352345,0.9985264977151359,-0.054266318842764734,810.7685389784991
0.366749597496324,-0.930319693834482,1284.8335704663582,-0.6216476706644364,-0.7832969893708774,1094.0222044352345,0.9985264977151359,-0.054266318842764734,810.7685389784991,0,0.34689209522748116,-0.9379050454436676,1310.3803878731474,-0.6203864444288104,-0.7842962830263691,1115.380778444106,0.9948396457597735,-0.10145974189090246,812.9792376946535
0.34689209522748116,-0.9379050454436676,1310.3803878731474,-0.6203864444288104,-0.7842962830263691,1115.380778444106,0.9948396457597735,-0.10145974189090246,812.9792376946535,90,0.9005173262352614,0.4348201296514409,1279.9183371505114,0.8352678509685182,-0.5498432659753444,1139.4991135468822,-0.0402289771198997,0.9991904870443306,757.9494902525695
0.9005173262352614,0.4348201296514409,1279.9183371505114,0.8352678509685182,-0.5498432659753444,1139.4991135468822,-0.0402289771198997,0.9991904870443306,757.9494902525695,90,-0.28266755180903147,0.9592179393413618,1207.1984639901843,0.7256234645037408,0.6880919907698304,1082.3476204345166,-0.9991375597248134,0.04152272567094916,755.0987560976777
-0.28266755180903147,0.9592179393413618,1207.1984639901843,0.7256234645037408,0.6880919907698304,1082.3476204345166,-0.9991375597248134,0.04152272567094916,755.0987560976777,90,-0.9997222380377584,-0.0235679182953348,1211.0315261147127,-0.46304039348338843,0.8863371785064355,1045.158589518227,-0.3207711067599786,-0.9471567436638871,797.4245025353373
-0.9997222380377584,-0.0235679182953348,1211.0315261147127,-0.46304039348338843,0.8863371785064355,1045.158589518227,-0.3207711067599786,-0.9471567436638871,797.4245025353373,-45,-0.8484091351491235,0.5293410426138486,1202.2803730925662,0.11246226109579696,0.9936559967258392,1030.0105705882827,-0.7850415212450012,-0.6194431450273176,806.2832352986139
-0.8484091351491235,0.5293410426138486,1202.2803730925662,0.11246226109579696,0.9936559967258392,1030.0105705882827,-0.7850415212450012,-0.6194431450273176,806.2832352986139,-90,0.09128318940737253,0.9958249742457846,1125.4048508651676,0.9584824384736871,0.2851515652026738,1008.1369740024667,-0.9432614107531443,0.3320510668315765,774.4447806983078
0.09128318940737253,0.9958249742457846,1125.4048508651676,0.9584824384736871,0.2851515652026738,1008.1369740024667,-0.9432614107531443,0.3320510668315765,774.4447806983078,45,-0.1673503995875574,0.9858974813629888,1060.186358364708,0.8868085127148184,0.4621370595143087,975.3839461784374,-0.9999932618015361,0.0036710150537022724,771.9018036399584
-0.1673503995875574,0.9858974813629888,1060.186358364708,0.8868085127148184,0.4621370595143087,975.3839461784374,-0.9999932618015361,0.0036710150537022724,771.9018036399584,0,-0.16891384977879487,0.9856308189950772,1039.748967040165,0.8962526774843582,0.44354384011292386,965.8815095347308,-0.9997718760261715,-0.021358743106973686,772.2019907129805
-0.16891384977879487,0.9856308189950772,1039.748967040165,0.8962526774843582,0.44354384011292386,965.8815095347308,-0.9997718760261715,-0.021358743106973686,772.2019907129805,-45,0.0801569726691336,0.9967822529181184,1014.8054762841282,0.9827593687016263,0.18488921880191092,960.8227446809616,-0.9810501106369206,0.19375417523058897,767.0867973679748
0.0801569726691336,0.9967822529181184,1014.8054762841282,0.9827593687016263,0.18488921880191092,960.8227446809616,-0.9810501106369206,0.19375417523058897,767.0867973679748,45,-0.24536021581393577,0.9694319803347416,994.0215715636623,0.8828585471039959,0.4696389951925004,950.121380000415,-0.9879874241960758,-0.15453429920378037,770.5721541386588
-0.24536021581393577,0.9694319803347416,994.0215715636623,0.8828585471039959,0.4696389951925004,950.121380000415,-0.9879874241960758,-0.15453429920378037,770.5721541386588,0,-0.24170842762477987,0.9703489248796829,969.8384875388828,0.8980705360471586,0.43985146616098614,938.7962866946734,-0.9843675029149465,-0.17612671349058015,774.6791154482659
-0.24170842762477987,0.9703489248796829,969.8384875388828,0.8980705360471586,0.43985146616098614,938.7962866946734,-0.9843675029149465,-0.17612671349058015,774.6791154482659,-90,0.3328749103688511,0.9429709932160848,949.1970152455846,0.9897672784421904,-0.14269104570763907,942.1488239928586,-0.9315478355047597,0.3636187978727134,765.9698778353666
0.3328749103688511,0.9429709932160848,949.1970152455846,0.9897672784421904,-0.14269104570763907,942.1488239928586,-0.9315478355047597,0.3636187978727134,765.9698778353666,0,0.34069435525439556,0.9401741095657717,926.6934910230394,0.985921718320616,-0.16720755169466425,945.7614087625209,-0.9418911628923844,0.33591820025897934,757.7015944977734
0.34069435525439556,0.9401741095657717,926.6934910230394,0.985921718320616,-0.16720755169466425,945.7614087625209,-0.9418911628923844,0.33591820025897934,757.7015944977734,45,0.1332268617982081,0.9910855680996475,900.4636555248593,0.9997663485304906,0.021615928062648698,944.5546902753658,-0.9959289470942706,0.09014173472758029,755.1273236489277
0.1332268617982081,0.9910855680996475,900.4636555248593,0.9997663485304906,0.021615928062648698,944.5546902753658,-0.9959289470942706,0.09014173472758029,755.1273236489277,45,-0.11785459596793611,0.9930308626670344,886.0584775662882,0.9673073766440972,0.25360685931164156,940.5556621843751,-0.9841582307854754,-0.17729234833236016,757.7827298553909
-0.11785459596793611,0.9930308626670344,886.0584775662882,0.9673073766440972,0.25360685931164156,940.5556621843751,-0.9841582307854754,-0.17729234833236016,757.7827298553909,-45,0.12063357830308527,0.9926971037460487,863.2840224918912,0.9999924961621682,-0.003873966875953983,940.4068180791651,-0.9996250760583091,0.027380783688927855,756.7653424211366
0.12063357830308527,0.9926971037460487,863.2840224918912,0.9999924961621682,-0.003873966875953983,940.4068180791651,-0.9996250760583091,0.027380783688927855,756.7653424211366,45,-0.20825857744095022,0.9780738034127444,841.5546516390046,0.9557959276584794,0.2940308566655322,933.1868792987,-0.947590532780944,-0.3194873740602699,764.0196592334822
-0.20825857744095022,0.9780738034127444,841.5546516390046,0.9557959276584794,0.2940308566655322,933.1868792987,-0.947590532780944,-0.3194873740602699,764.0196592334822,45,-0.41344351262855833,0.9105297698951743,824.9335670257899,0.8831123388316806,0.469161589437199,924.1894080792601,-0.8511905969049938,-0.5248567116275836,773.734852521129
-0.41344351262855833,0.9105297698951743,824.9335670257899,0.8831123388316806,0.469161589437199,924.1894080792601,-0.8511905969049938,-0.5248567116275836,773.734852521129,45,-0.7234810128190153,0.6903442793928054,809.5272007105364,0.6712577852037905,0.741223978162675,907.1589456595999,-0.5961948411374105,-0.8028397794087796,791.8922405796366
-0.7234810128190153,0.6903442793928054,809.5272007105364,0.6712577852037905,0.741223978162675,907.1589456595999,-0.5961948411374105,-0.8028397794087796,791.8922405796366,45,-0.9265309393171419,0.37621857807409614,801.4060582770979,0.3838229791805058,0.9234066929868989,886.6034323434776,-0.27710881543925486,-0.9608385423190792,813.1672456778097
-0.9265309393171419,0.37621857807409614,801.4060582770979,0.3838229791805058,0.9234066929868989,886.6034323434776,-0.27710881543925486,-0.9608385423190792,813.1672456778097,45,-0.9986735249164624,0.05148971383614367,799.8459914161266,0.09236817874456078,0.9957249216301723,862.3905623233862,0.022370900923418358,-0.9997497400809238,837.468204760304
-0.9986735249164624,0.05148971383614367,799.8459914161266,0.09236817874456078,0.9957249216301723,862.3905623233862,0.022370900923418358,-0.9997497400809238,837.468204760304,45,-0.9340852354148097,-0.3570500986977311,807.6334174595237,-0.3020061248806801,0.9533059847365667,841.7200395602741,0.3923714496431716,-0.9198068522819973,857.309806894421
-0.9340852354148097,-0.3570500986977311,807.6334174595237,-0.3020061248806801,0.9533059847365667,841.7200395602741,0.3923714496431716,-0.9198068522819973,857.309806894421,45,-0.8133717141324328,-0.5817443206850137,819.5154588907017,-0.5270677605393969,0.8498232615079355,824.4079830768485,0.5846383507339338,-0.8112940273730024,873.6663455580954
-0.8133717141324328,-0.5817443206850137,819.5154588907017,-0.5270677605393969,0.8498232615079355,824.4079830768485,0.5846383507339338,-0.8112940273730024,873.6663455580954,-90,-0.9999945625362929,0.003297711001299654,818.6948592334828,0.09919500449647178,0.9950680132950436,802.3310143172406,-0.02569145927002142,-0.9996699199838799,895.873527087017
-0.9999945625362929,0.003297711001299654,818.6948592334828,0.09919500449647178,0.9950680132950436,802.3310143172406,-0.02569145927002142,-0.9996699199838799,895.873527087017,0,-0.99986959718696,-0.016148951086258297,819.0024516607291,0.11131293419971769,0.9937854047428194,778.9425189487893,-0.034336456608068944,-0.9994103300184576,919.3701843252721
-0.99986959718696,-0.016148951086258297,819.0024516607291,0.11131293419971769,0.9937854047428194,778.9425189487893,-0.034336456608068944,-0.9994103300184576,919.3701843252721,90,-0.7352825604454245,-0.6777606925049731,832.8868286464005,-0.5783598075485641,0.8157817925232139,764.088181647026,0.6164495202092747,-0.7873944304055973,933.4422388839379
-0.7352825604454245,-0.6777606925049731,832.8868286464005,-0.5783598075485641,0.8157817925232139,764.088181647026,0.6164495202092747,-0.7873944304055973,933.4422388839379,-90,-0.9966920983069023,-0.08127029698840935,833.8347779359535,0.07456488494965494,0.9972161640950495,743.0942584191463,-0.023346947246785286,-0.9997274228779842,954.511450374222
-0.9966920983069023,-0.08127029698840935,833.8347779359535,0.07456488494965494,0.9972161640950495,743.0942584191463,-0.023346947246785286,-0.9997274228779842,954.511450374222,90,-0.7058711254711864,-0.7083402813803834,850.4548419910835,-0.591272257963167,0.8064720187105924,725.773688050262,0.6047473507049121,-0.7964173791520311,971.3412985485992
-0.7058711254711864,-0.7083402813803834,850.4548419910835,-0.591272257963167,0.8064720187105924,725.773688050262,0.6047473507049121,-0.7964173791520311,971.3412985485992,0,-0.6985884727955949,-0.7155236863145192,869.7279797133823,-0.5996588190346639,0.8002557720841208,703.8539896145518,0.5818896289976231,-0.8132677662768939,993.3021970660901
-0.6985884727955949,-0.7155236863145192,869.7279797133823,-0.5996588190346639,0.8002557720841208,703.8539896145518,0.5818896289976231,-0.8132677662768939,993.3021970660901,0,-0.6884869255867883,-0.7252487527021693,882.6388285991176,-0.6118979603495924,0.7909367143583668,689.569098604935,0.5732908631032261,-0.8193519306637156,1007.9576884724986
-0.6884869255867883,-0.7252487527021693,882.6388285991176,-0.6118979603495924,0.7909367143583668,689.569098604935,0.5732908631032261,-0.8193519306637156,1007.9576884724986,-90,-0.9613753703666116,-0.2752406170107537,888.0868316642241,-0.10399962867611512,0.9945773359750514,667.3357030576141,0.05277305980691442,-0.998606531201662,1030.2553375621987
-0.9613753703666116,-0.2752406170107537,888.0868316642241,-0.10399962867611512,0.9945773359750514,667.3357030576141,0.05277305980691442,-0.998606531201662,1030.2553375621987,90,-0.5983877285938398,-0.8012066688865646,901.8637674224307,-0.6904349633697873,0.7233944714722117,655.6064177457234,0.6302374893059118,-0.7764024131037852,1042.7451917843496
-0.5983877285938398,-0.8012066688865646,901.8637674224307,-0.6904349633697873,0.7233944714722117,655.6064177457234,0.6302374893059118,-0.7764024131037852,1042.7451917843496,90,-0.013095388397447874,-0.9999142517249766,920.3742576683085,-0.9884845417316275,0.15132187798733698,653.1198773414342,0.9617723750806891,-0.2738501388198483,1047.1022367364565
-0.013095388397447874,-0.9999142517249766,920.3742576683085,-0.9884845417316275,0.15132187798733698,653.1198773414342,0.9617723750806891,-0.2738501388198483,1047.1022367364565,90,0.607883301202766,-0.7940263799892464,936.3434280567582,-0.8494901276732563,-0.5276045138033552,664.779644141637,0.9265852426101899,0.37608481513751046,1038.1432074935913
0.607883301202766,-0.7940263799892464,936.3434280567582,-0.8494901276732563,-0.5276045138033552,664.779644141637,0.9265852426101899,0.37608481513751046,1038.1432074935913,45,0.8102906021792864,-0.5860282757853322,949.691767527138,-0.6298219024654881,-0.776739577448422,683.037373288475,0.7776409206623321,0.6287086753906298,1023.0047845972273
0.8102906021792864,-0.5860282757853322,949.691767527138,-0.6298219024654881,-0.776739577448422,683.037373288475,0.7776409206623321,0.6287086753906298,1023.0047845972273,45,0.9186878562219626,-0.3949843323858486,958.7173785998627,-0.41061659097404735,-0.9118081021886414,705.519193239555,0.614134449466007,0.7892014178770109,1003.2693018474115
0.9186878562219626,-0.3949843323858486,958.7173785998627,-0.41061659097404735,-0.9118081021886414,705.519193239555,0.614134449466007,0.7892014178770109,1003.2693018474115,0,0.9120058993920122,-0.4101770830679927,965.8135858273191,-0.40130435926661684,-0.9159447642918268,721.6200957350233,0.6226025548636913,0.7825382154739821,989.4243672806043
0.9120058993920122,-0.4101770830679927,965.8135858273191,-0.40130435926661684,-0.9159447642918268,721.6200957350233,0.6226025548636913,0.7825382154739821,989.4243672806043,-45,0.7170664321353812,-0.6970048291831519,981.8257722681768,-0.6617725085584395,-0.7497047064786708,738.6896013143827,0.8539526953626249,0.5203506453180471,977.3053495658364
0.7170664321353812,-0.6970048291831519,981.8257722681768,-0.6617725085584395,-0.7497047064786708,738.6896013143827,0.8539526953626249,0.5203506453180471,977.3053495658364,-90,0.15904682396247183,-0.9872710406911824,1001.7006364341157,-0.9721228764938815,-0.23447198766006486,742.2310725323431,0.9939011235018114,-0.11027491420008965,980.2131385737046
0.15904682396247183,-0.9872710406911824,1001.7006364341157,-0.9721228764938815,-0.23447198766006486,742.2310725323431,0.9939011235018114,-0.11027491420008965,980.2131385737046,90,0.7652596758022003,-0.643721701196341,1016.247622830742,-0.5534993318375679,-0.8328496200727751,762.7052582152126,0.8250225666926497,0.5650997827356443,965.616242049156
0.7652596758022003,-0.643721701196341,1016.247622830742,-0.5534993318375679,-0.8328496200727751,762.7052582152126,0.8250225666926497,0.5650997827356443,965.616242049156,90,0.9998705326989639,0.016090924158984117,1015.3724676203115,0.13988452468176185,-0.9901678240351771,777.6472516516473,0.2407551732048705,0.9705858780010622,950.7643745962299
0.9998705326989639,0.016090924158984117,1015.3724676203115,0.13988452468176185,-0.9901678240351771,777.6472516516473,0.2407551732048705,0.9705858780010622,950.7643745962299,0,0.9999717122334683,-0.0075216177027117494,1015.2125919971687,0.1335256841750541,-0.991045352981176,798.7326755239262,0.24861796976231812,0.9686016235332578,930.1001402803945
0.9999717122334683,-0.0075216177027117494,1015.2125919971687,0.1335256841750541,-0.991045352981176,798.7326755239262,0.24861796976231812,0.9686016235332578,930.1001402803945,-90,0.7441929176696251,-0.6679647455445314,1025.7551829089593,-0.5385405460497723,-0.8425995966414968,810.7812622801495,0.829747847599857,0.5581384321146543,922.4056197056652
0.7441929176696251,-0.6679647455445314,1025.7551829089593,-0.5385405460497723,-0.8425995966414968,810.7812622801495,0.829747847599857,0.5581384321146543,922.4056197056652,0,0.7384634251164967,-0.674293533830195,1042.344748177996,-0.5171713542093325,-0.8558818787573933,831.8937035789188,0.8370611637672014,0.5471093200747895,908.6278083210143
0.7384634251164967,-0.674293533830195,1042.344748177996,-0.5171713542093325,-0.8558818787573933,831.8937035789188,0.8370611637672014,0.5471093200747895,908.6278083210143,0,0.7331034243518847,-0.6801171731426434,1059.5807200419843,-0.49534647717271785,-0.8686954976011895,854.0080223772433,0.8444859116396571,0.5355777675017299,894.6844037339032
0.7331034243518847,-0.6801171731426434,1059.5807200419843,-0.49534647717271785,-0.8686954976011895,854.0080223772433,0.8444859116396571,0.5355777675017299,894.6844037339032,0,0.7244910191545058,-0.689284239747628,1077.2983281369604,-0.47815413359946146,-0.8782759387127421,876.6919685993993,0.8548404893398058,0.5188908727134072,880.9599808201789
0.7244910191545058,-0.689284239747628,1077.2983281369604,-0.47815413359946146,-0.8782759387127421,876.6919685993993,0.8548404893398058,0.5188908727134072,880.9599808201789,45,0.9056393396856164,-0.4240488019247322,1086.3750224412609,-0.1527423506694623,-0.9882660442977725,898.970816758948,0.6440734672059735,0.7649636389014028,863.4382255750842
0.9056393396856164,-0.4240488019247322,1086.3750224412609,-0.1527423506694623,-0.9882660442977725,898.970816758948,0.6440734672059735,0.7649636389014028,863.4382255750842,90,0.9876749555184603,0.15651895170108815,1081.42740868381,0.43517443006853507,-0.9003461642138126,919.1394454883219,0.08482949382183759,0.9963954822147333,840.4059258790242
0.9876749555184603,0.15651895170108815,1081.42740868381,0.43517443006853507,-0.9003461642138126,919.1394454883219,0.08482949382183759,0.9963954822147333,840.4059258790242,0,0.991384383377583,0.13098474871163288,1077.2660555296682,0.42327337109368257,-0.906002016180422,944.3758120560109,0.08772127014059893,0.9961450590977803,812.4931472919941
0.991384383377583,0.13098474871163288,1077.2660555296682,0.42327337109368257,-0.906002016180422,944.3758120560109,0.08772127014059893,0.9961450590977803,812.4931472919941,0,0.9954080290722802,0.0957228063652469,1074.5377676013627,0.40173453270541054,-0.9157561712770301,966.3221854028399,0.10377781346448102,0.9946005054455439,788.5138768605917
0.9954080290722802,0.0957228063652469,1074.5377676013627,0.40173453270541054,-0.9157561712770301,966.3221854028399,0.10377781346448102,0.9946005054455439,788.5138768605917,45,0.9572204899197301,0.289359523219527,1066.951168466157,0.5794932465542562,-0.8149770409023852,986.2744911490399,-0.11939807424892378,0.9928464633898075,763.9656509891644
0.9572204899197301,0.289359523219527,1066.951168466157,0.5794932465542562,-0.8149770409023852,986.2744911490399,-0.11939807424892378,0.9928464633898075,763.9656509891644,0,0.9635129005259466,0.26766189590615475,1059.68812960031,0.5678455967526291,-0.8231350911294273,1007.3650162755324,-0.1243457747123247,0.9922389471851988,738.3640105095884
0.9635129005259466,0.26766189590615475,1059.68812960031,0.5678455967526291,-0.8231350911294273,1007.3650162755324,-0.1243457747123247,0.9922389471851988,738.3640105095884,45,0.8999266836378493,0.43604124125658367,1050.5959397747386,0.7080706470539123,-0.7061415996672721,1021.2002177198975,-0.3248816262178666,0.9457546875094167,719.5106591782821
0.8999266836378493,0.43604124125658367,1050.5959397747386,0.7080706470539123,-0.7061415996672721,1021.2002177198975,-0.3248816262178666,0.9457546875094167,719.5106591782821,90,-0.1527607925122266,0.9882631938259344,990.8136375916508,0.9112463993980613,0.41186162674382387,992.4868460778708,-0.9944195483232343,-0.10549768676428227,725.8253126184007
-0.1527607925122266,0.9882631938259344,990.8136375916508,0.9112463993980613,0.41186162674382387,992.4868460778708,-0.9944195483232343,-0.10549768676428227,725.8253126184007,-90,0.9895655464966117,-0.14408341051926218,997.7477780258668,0.1426278927777299,-0.989776380907215,1007.4390219539615,0.187984385249629,0.9821720169615499,712.5931157087854
0.9895655464966117,-0.14408341051926218,997.7477780258668,0.1426278927777299,-0.989776380907215,1007.4390219539615,0.187984385249629,0.9821720169615499,712.5931157087854,-90,0.1355594252606222,-0.9907692174381528,1074.9487919290045,-0.8772077164904273,-0.4801110518720123,1040.437558563524,0.9999565938057279,-0.009317215487827926,711.2509158304307
0.1355594252606222,-0.9907692174381528,1074.9487919290045,-0.8772077164904273,-0.4801110518720123,1040.437558563524,0.9999565938057279,-0.009317215487827926,711.2509158304307,45,0.8556403157345669,-0.5175709131023986,1108.1442988981785,-0.11621756835258677,-0.9932237798231635,1109.940698226953,0.6398329212801022,0.768514042061803,655.32217052419
0.8556403157345669,-0.5175709131023986,1108.1442988981785,-0.11621756835258677,-0.9932237798231635,1109.940698226953,0.6398329212801022,0.768514042061803,655.32217052419,90,0.21565039189159932,0.9764706388197238,1049.3626048595722,0.9866222296177841,0.16302323768111213,1091.1577175081827,-0.9626940648100253,0.2705921979280831,644.537319693489
0.21565039189159932,0.9764706388197238,1049.3626048595722,0.9866222296177841,0.16302323768111213,1091.1577175081827,-0.9626940648100253,0.2705921979280831,644.537319693489,-90,0.984158886491005,-0.1772887084413021,1060.7433680448783,0.2349899093776857,-0.9719978099207154,1133.868625922418,0.2151848202881925,0.9765733424159899,603.5742314340403
0.984158886491005,-0.1772887084413021,1060.7433680448783,0.2349899093776857,-0.9719978099207154,1133.868625922418,0.2151848202881925,0.9765733424159899,603.5742314340403,-45,0.4783630586629499,-0.8781621627618825,1111.686767716173,-0.566012438564471,-0.8243967002543745,1180.550680621223,0.9225086771826434,0.38597634710268125,579.7116779186292
0.4783630586629499,-0.8781621627618825,1111.686767716173,-0.566012438564471,-0.8243967002543745,1180.550680621223,0.9225086771826434,0.38597634710268125,579.7116779186292,0,0.4582593362697645,-0.8888185308158212,1168.086040629953,-0.538672051270669,-0.8425155317143119,1233.9842163960445,0.9570197792410138,0.2900226579794778,557.8275345611405
0.4582593362697645,-0.8888185308158212,1168.086040629953,-0.538672051270669,-0.8425155317143119,1233.9842163960445,0.9570197792410138,0.2900226579794778,557.8275345611405,45,0.9267129620544191,-0.37576999076606,1184.3324608567393,0.17134145362390105,-0.985211706320042,1282.1532895246887,0.5423267056870439,0.8401676882019675,515.1514901841787
0.9267129620544191,-0.37576999076606,1184.3324608567393,0.17134145362390105,-0.985211706320042,1282.1532895246887,0.5423267056870439,0.8401676882019675,515.1514901841787,90,0.21223776714310685,0.9772180566271319,1172.6335164989973,0.945039776176862,0.32695538142625313,1270.8196016810584,-0.9276743147511092,0.3733903664411551,519.0832727191314
0.21223776714310685,0.9772180566271319,1172.6335164989973,0.945039776176862,0.32695538142625313,1270.8196016810584,-0.9276743147511092,0.3733903664411551,519.0832727191314,0,0.22965911218653645,0.9732711298449636,1150.8261375943457,0.9545365021943193,0.2980940555909064,1263.8028956171606,-0.9373678372262586,0.34834112265675204,511.0437935933867
0.22965911218653645,0.9732711298449636,1150.8261375943457,0.9545365021943193,0.2980940555909064,1263.8028956171606,-0.9373678372262586,0.34834112265675204,511.0437935933867,0,0.22661133170187606,0.9739852690591898,1127.6857408773599,0.9575311935931016,0.28832969548100695,1256.702387273184,-0.9542417901562142,0.29903612811742947,503.4974579658968
0.22661133170187606,0.9739852690591898,1127.6857408773599,0.9575311935931016,0.28832969548100695,1256.702387273184,-0.9542417901562142,0.29903612811742947,503.4974579658968,-45,0.9297153930831938,0.36827881810411306,1119.6206192860598,0.7854426339165393,-0.618934462464524,1271.4132023581083,-0.32887303567581383,0.944374145349911,481.4182496857592
0.9297153930831938,0.36827881810411306,1119.6206192860598,0.7854426339165393,-0.618934462464524,1271.4132023581083,-0.32887303567581383,0.944374145349911,481.4182496857592,90,0.4799532303128811,0.877294076528635,1107.6201568265765,0.9997970318088477,0.020146840601393178,1270.0053274724992,-0.8712146386047694,0.4909022850636988,475.791058983384
0.4799532303128811,0.877294076528635,1107.6201568265765,0.9997970318088477,0.020146840601393178,1270.0053274724992,-0.8712146386047694,0.4909022850636988,475.791058983384,90,-0.22200425222217723,0.9750456973882157,1089.4161970532016,0.7456396821284411,0.6663493561454061,1256.4569433139602,-0.9702514394178738,-0.24209945127476806,481.1601504716075
-0.22200425222217723,0.9750456973882157,1089.4161970532016,0.7456396821284411,0.6663493561454061,1256.4569433139602,-0.9702514394178738,-0.24209945127476806,481.1601504716075,-45,0.036328197306796206,0.9993399131829162,1070.6938378337898,0.8976275122819822,0.4407548629277501,1248.2533774740007,-0.9997100712604787,-0.02407848459451908,481.05643574870714
0.036328197306796206,0.9993399131829162,1070.6938378337898,0.8976275122819822,0.4407548629277501,1248.2533774740007,-0.9997100712604787,-0.02407848459451908,481.05643574870714,45,-0.2928481110299588,0.9561589741597288,1048.0301908866224,0.7179937502024184,0.696049549005146,1231.6527761548098,-0.9223951246383437,-0.3862476330586562,489.7096292803012
-0.2928481110299588,0.9561589741597288,1048.0301908866224,0.7179937502024184,0.696049549005146,1231.6527761548098,-0.9223951246383437,-0.3862476330586562,489.7096292803012,90,-0.7951601230152927,0.6063995207503916,1035.0146940733257,0.1983111487685485,0.9801391167962324,1208.930294494972,-0.5211811291766066,-0.8534460912033034,509.83226354135337
-0.7951601230152927,0.6063995207503916,1035.0146940733257,0.1983111487685485,0.9801391167962324,1208.930294494972,-0.5211811291766066,-0.8534460912033034,509.83226354135337,0,-0.8034950361339881,0.5953114537013723,1018.7826482156682,0.2096934118528794,0.9777671875377587,1182.6866720756304,-0.5042890571384049,-0.8635349135098468,532.8046586745746
-0.8034950361339881,0.5953114537013723,1018.7826482156682,0.2096934118528794,0.9777671875377587,1182.6866720756304,-0.5042890571384049,-0.8635349135098468,532.8046586745746,90,-0.999706982135738,-0.02420640140655398,1018.1983231826648,-0.3824902785652945,0.923959515781424,1099.8044377670014,0.03683359811789873,-0.9993214127845401,622.3046724330376
-0.999706982135738,-0.02420640140655398,1018.1983231826648,-0.3824902785652945,0.923959515781424,1099.8044377670014,0.03683359811789873,-0.9993214127845401,622.3046724330376,0,-0.9989265945904068,-0.04632125451683157,1019.039503204006,-0.3904485274728279,0.9206247592772532,1079.859659905058,0.03634328982281545,-0.9993393644227444,643.9446475360033
-0.9989265945904068,-0.04632125451683157,1019.039503204006,-0.3904485274728279,0.9206247592772532,1079.859659905058,0.03634328982281545,-0.9993393644227444,643.9446475360033,90,-0.23431578615801651,-0.9721605383665554,1035.295405445844,-0.9913830060800795,-0.1309951726424497,1084.2374576342927,0.962946033091441,-0.26969415520818646,645.7863551804686
-0.23431578615801651,-0.9721605383665554,1035.295405445844,-0.9913830060800795,-0.1309951726424497,1084.2374576342927,0.962946033091441,-0.26969415520818646,645.7863551804686,0,-0.2219241307359296,-0.975063936466272,1098.2034417533953,-0.9822015466104994,-0.1878300344352389,1094.7289938057743,0.9332137254334197,-0.35932178150326194,665.9543523988735
-0.2219241307359296,-0.975063936466272,1098.2034417533953,-0.9822015466104994,-0.1878300344352389,1094.7289938057743,0.9332137254334197,-0.35932178150326194,665.9543523988735,-45,-0.4200795015423734,-0.9074873070098066,1118.9946937749205,-0.999962835293331,0.008621370663798289,1094.2585346692197,0.8171967539050681,-0.5763587991928462,678.9561434263837
-0.4200795015423734,-0.9074873070098066,1118.9946937749205,-0.999962835293331,0.008621370663798289,1094.2585346692197,0.8171967539050681,-0.5763587991928462,678.9561434263837,-45,-0.5676376267129195,-0.8232785219715891,1135.1833888961937,-0.9854108491570505,0.17019241570522708,1090.6128728498702,0.6863060894116335,-0.7273128292808473,693.2961029934086
-0.5676376267129195,-0.8232785219715891,1135.1833888961937,-0.9854108491570505,0.17019241570522708,1090.6128728498702,0.6863060894116335,-0.7273128292808473,693.2961029934086,0,-0.5362354617096878,-0.8440684389343069,1203.6241901487897,-0.9952930683079146,0.09691082590823817,1079.7971620222615,0.6293983062544739,-0.7770828605007316,754.9420581152767
-0.5362354617096878,-0.8440684389343069,1203.6241901487897,-0.9952930683079146,0.09691082590823817,1079.7971620222615,0.6293983062544739,-0.7770828605007316,754.9420581152767,45,0.1490068130525222,-0.9888361692737229,1274.852076787911,-0.7777692645515131,-0.6285498954888136,1124.4933693403664,0.9669688982613871,-0.2548943894932942,769.188440949583
0.1490068130525222,-0.9888361692737229,1274.852076787911,-0.7777692645515131,-0.6285498954888136,1124.4933693403664,0.9669688982613871,-0.2548943894932942,769.188440949583,90,0.99751207037661,0.070495882524931,1263.4744974718583,0.5800647764763589,-0.8145703499952793,1185.0947530732574,0.29703015592167836,0.9548680989922868,693.257099323018
0.99751207037661,0.070495882524931,1263.4744974718583,0.5800647764763589,-0.8145703499952793,1185.0947530732574,0.29703015592167836,0.9548680989922868,693.257099323018,-90,0.06769664608559076,-0.9977059507233392,1283.6061934144304,-0.8081962154041918,-0.5889133021135973,1194.0380914241741,0.9455243344682058,-0.3255514290069334,702.6497703492715
0.06769664608559076,-0.9977059507233392,1283.6061934144304,-0.8081962154041918,-0.5889133021135973,1194.0380914241741,0.9455243344682058,-0.3255514290069334,702.6497703492715,-45,-0.2555110918019198,-0.9668061242907965,1304.9875947844102,-0.950218355377135,-0.3115847831720491,1200.9213057237348,0.7735028208518657,-0.6337928574338831,716.2771408757925
-0.2555110918019198,-0.9668061242907965,1304.9875947844102,-0.950218355377135,-0.3115847831720491,1200.9213057237348,0.7735028208518657,-0.6337928574338831,716.2771408757925,-90,-0.711378327515954,-0.7028092736586535,1316.673429056765,-0.9776145624085907,0.21040381975301622,1196.577602491414,0.3281622953119322,-0.9446213569127072,732.8137817918682
-0.711378327515954,-0.7028092736586535,1316.673429056765,-0.9776145624085907,0.21040381975301622,1196.577602491414,0.3281622953119322,-0.9446213569127072,732.8137817918682,0,-0.7011032440134181,-0.7130597739557755,1332.5264809098578,-0.981806428884595,0.1898845338643427,1192.0933614134465,0.32134495992177037,-0.9469622044901664,753.9949750005036
-0.7011032440134181,-0.7130597739557755,1332.5264809098578,-0.981806428884595,0.1898845338643427,1192.0933614134465,0.32134495992177037,-0.9469622044901664,753.9949750005036,90,-0.18823359308697607,-0.9821242866529504,1352.240815377446,-0.9173682800364866,-0.3980394939988974,1200.6299441429321,0.7778789597161464,-0.6284141341750088,765.7145831004266
-0.18823359308697607,-0.9821242866529504,1352.240815377446,-0.9173682800364866,-0.3980394939988974,1200.6299441429321,0.7778789597161464,-0.6284141341750088,765.7145831004266,45,0.031235782867087954,-0.9995120438837544,1375.9995670691906,-0.7982407965179112,-0.6023384686158196,1215.0875230100094,0.8843098056964899,-0.466900597075048,776.2150788116654
0.031235782867087954,-0.9995120438837544,1375.9995670691906,-0.7982407965179112,-0.6023384686158196,1215.0875230100094,0.8843098056964899,-0.466900597075048,776.2150788116654,0,0.029882070753208007,-0.9995534312119089,1397.8622041265046,-0.790116105443006,-0.6129572088813187,1228.461453088948,0.8721418124886607,-0.489253164434318,786.5861565813436
0.029882070753208007,-0.9995534312119089,1397.8622041265046,-0.790116105443006,-0.6129572088813187,1228.461453088948,0.8721418124886607,-0.489253164434318,786.5861565813436,90,0.5340883972094252,-0.8454286391921362,1414.2559384564063,-0.3561602189047234,-0.9344249025308238,1247.435232570898,0.999987210555327,0.005057541475461547,785.3656597147663
0.5340883972094252,-0.8454286391921362,1414.2559384564063,-0.3561602189047234,-0.9344249025308238,1247.435232570898,0.999987210555327,0.005057541475461547,785.3656597147663,45,0.76726146984794,-0.6413344189163549,1427.658698160327,-0.040811596455897645,-0.9991668597360107,1268.8034356955532,0.954736424961821,0.2974531204259273,778.4848350692774
-0.5818915699118608,0.8132663775575073,1371.1459184802652,0.3469582272432578,0.9378805833090991,1158.0390363735974,-0.9948136135284872,-0.10171467120525748,831.1735858201282,0,-0.6207350198500543,0.7840204303025226,1302.8025054110426,0.3630096415800168,0.9317853830791443,1077.6014328615613,-0.977450588365869,-0.21116426616077047,845.0817523206201
-0.6207350198500543,0.7840204303025226,1302.8025054110426,0.3630096415800168,0.9317853830791443,1077.6014328615613,-0.977450588365869,-0.21116426616077047,845.0817523206201,-90,0.7438609173905418,0.6683344488943402,1268.3590407663005,0.9483924275605023,-0.3170990434326432,1098.3569985635863,-0.31925410128325804,0.947669150502336,790.8849829738898
0.7438609173905418,0.6683344488943402,1268.3590407663005,0.9483924275605023,-0.3170990434326432,1098.3569985635863,-0.31925410128325804,0.947669150502336,790.8849829738898,-45,0.9786968137669749,0.2053108538834984,1265.234151953179,0.6639004743971557,-0.747820941198648,1110.9110582169394,0.19071336026378236,0.9816457681958889,774.7321726046233
0.9786968137669749,0.2053108538834984,1265.234151953179,0.6639004743971557,-0.747820941198648,1110.9110582169394,0.19071336026378236,0.9816457681958889,774.7321726046233,45,0.8524060797152178,0.52288036419867,1253.4923838620361,0.8756329248512177,-0.48297720537982103,1121.0127726302362,-0.17039705452241496,0.9853754836660414,753.3325138344488
0.8524060797152178,0.52288036419867,1253.4923838620361,0.8756329248512177,-0.48297720537982103,1121.0127726302362,-0.17039705452241496,0.9853754836660414,753.3325138344488,45,0.6454996859967094,0.7637605353631134,1235.9542450786842,0.9813439960567575,-0.19226013992337268,1125.021571316755,-0.4941176018206332,0.8693950745035459,733.553717138711
0.6454996859967094,0.7637605353631134,1235.9542450786842,0.9813439960567575,-0.19226013992337268,1125.021571316755,-0.4941176018206332,0.8693950745035459,733.553717138711,-45,0.8197446351677333,0.5727291970152384,1223.015949939134,0.8979856119421158,-0.44002481832840284,1134.9985259045593,-0.27725424245462726,0.9607965887954176,711.7066908534179
0.8197446351677333,0.5727291970152384,1223.015949939134,0.8979856119421158,-0.44002481832840284,1134.9985259045593,-0.27725424245462726,0.9607965887954176,711.7066908534179,90,-0.572103298149304,0.8201815751689918,1175.451258617924,0.4882095633578146,0.872726430358318,1080.128680012924,-0.9468570774821727,-0.3216545893064775,732.8520596863065
-0.572103298149304,0.8201815751689918,1175.451258617924,0.4882095633578146,0.872726430358318,1080.128680012924,-0.9468570774821727,-0.3216545893064775,732.8520596863065,90,-0.8856731420853378,-0.46430925619535635,1200.1800209547107,-0.8062103112843073,0.5916290509929852,1054.1642389584508,0.15136425987630855,-0.9884780527822038,779.3231439517564
-0.8856731420853378,-0.46430925619535635,1200.1800209547107,-0.8062103112843073,0.5916290509929852,1054.1642389584508,0.15136425987630855,-0.9884780527822038,779.3231439517564,45,-0.28974496614187983,-0.9571038891340067,1265.9540023360248,-0.9783016872230389,-0.20718544537818143,1067.3906951208635,0.7594821938004966,-0.6505280910921409,821.2146223921003
-0.28974496614187983,-0.9571038891340067,1265.9540023360248,-0.9783016872230389,-0.20718544537818143,1067.3906951208635,0.7594821938004966,-0.6505280910921409,821.2146223921003,0,-0.2869672197000084,-0.9579404025395563,1282.8593136598456,-0.9750747481629318,-0.22187662223631177,1071.2012783057207,0.7481943365317815,-0.6634796415729478,832.7912215218229
-0.2869672197000084,-0.9579404025395563,1282.8593136598456,-0.9750747481629318,-0.22187662223631177,1071.2012783057207,0.7481943365317815,-0.6634796415729478,832.7912215218229,45,0.04380740409658361,-0.9990399948682328,1304.7476615642888,-0.8383326518452723,-0.5451590271196778,1083.1688605002823,0.9155715832509582,-0.402155039684117,841.1722655660254
0.04380740409658361,-0.9990399948682328,1304.7476615642888,-0.8383326518452723,-0.5451590271196778,1083.1688605002823,0.9155715832509582,-0.402155039684117,841.1722655660254,-45,-0.21100727855846207,-0.9774844901047544,1380.3352134900058,-0.9307739510451927,-0.3655952024517297,1109.2720232659346,0.7315688838435253,-0.681767532368577,891.8517038165594
-0.21100727855846207,-0.9774844901047544,1380.3352134900058,-0.9307739510451927,-0.3655952024517297,1109.2720232659346,0.7315688838435253,-0.681767532368577,891.8517038165594,90,0.9106368632884523,-0.41320757885131865,1384.3150363051216,0.1673857792623908,-0.9858914752145502,1127.3886107906403,0.8218492265866079,0.569705054180665,877.4540670259896
0.9106368632884523,-0.41320757885131865,1384.3150363051216,0.1673857792623908,-0.9858914752145502,1127.3886107906403,0.8218492265866079,0.569705054180665,877.4540670259896,0,0.9139414914594591,-0.4058459685507046,1395.4790158820306,0.18880147597936808,-0.9820152761887221,1154.4240138558623,0.8217167793187296,0.5698960734959088,861.7004141620683
0.9139414914594591,-0.4058459685507046,1395.4790158820306,0.18880147597936808,-0.9820152761887221,1154.4240138558623,0.8217167793187296,0.5698960734959088,861.7004141620683,0,0.8868812626535525,-0.4619974306790465,1430.3584211599064,0.16624603846185915,-0.9860843040509965,1234.020685800307,0.8706414024827569,0.4919182333303555,818.3984439031273
-0.5486714726733138,0.8360380464276115,1375.6422179811798,0.37513274841879835,0.9269711004469118,1183.7481116741772,-0.9981829637926032,-0.06025587767359081,809.0346296001055,-45,0.24485441581918624,0.9695598563543383,1360.070878099171,0.9399521101042068,0.3413063590246294,1178.4453120333799,-0.7313906961036654,0.6819586861775395,797.7130270049813
0.24485441581918624,0.9695598563543383,1360.070878099171,0.9399521101042068,0.3413063590246294,1178.4453120333799,-0.7313906961036654,0.6819586861775395,797.7130270049813,-90,0.7422312655263226,0.6701438267082624,1345.8504827271117,0.9698138577125797,-0.24384642992802744,1184.1233389545193,-0.246907150658709,0.9690391421163531,776.5078247234859
0.7422312655263226,0.6701438267082624,1345.8504827271117,0.9698138577125797,-0.24384642992802744,1184.1233389545193,-0.246907150658709,0.9690391421163531,776.5078247234859,-45,0.999997374975986,0.0022912968243553843,1344.879296420649,0.5744466623153948,-0.818542016120555,1243.5945649370217,0.4551453975079305,0.8904171309714048,711.5525011837848
0.999997374975986,0.0022912968243553843,1344.879296420649,0.5744466623153948,-0.818542016120555,1243.5945649370217,0.4551453975079305,0.8904171309714048,711.5525011837848,0,0.999772934238943,-0.021309152100779192,1345.0717649978944,0.562735363374368,-0.8266371095032681,1270.2061742073806,0.4736962758351328,0.8806882753051307,682.7774256626759
-0.9959061717879323,-0.09039301408131832,1391.9285690822105,-0.6421010759303929,0.7666199894922071,1157.5177672188233,-0.436537119660573,-0.8996862470653036,854.528420491238,90,-0.7560725473473384,-0.654487817417335,1404.7871897023156,-0.9702992269740156,0.24190785463400685,1154.134553833187,0.1564483099599616,-0.9876861476758049,872.4241676797645
-0.7560725473473384,-0.654487817417335,1404.7871897023156,-0.9702992269740156,0.24190785463400685,1154.134553833187,0.1564483099599616,-0.9876861476758049,872.4241676797645,-90,-0.9859543414196023,0.16701507906724614,1401.2460348117206,-0.4267859086870986,0.9043526901304201,1145.5951335771158,-0.6606238079641098,-0.7507171133995807,877.3098711832496
-0.9859543414196023,0.16701507906724614,1401.2460348117206,-0.4267859086870986,0.9043526901304201,1145.5951335771158,-0.6606238079641098,-0.7507171133995807,877.3098711832496,0,-0.9936555251862758,0.11246642728737573,1392.7530641673886,-0.45859269452742635,0.8886465779634076,1088.623781546063,-0.618567599042098,-0.7857315861127732,926.5809288711105
-0.9936555251862758,0.11246642728737573,1392.7530641673886,-0.45859269452742635,0.8886465779634076,1088.623781546063,-0.618567599042098,-0.7857315861127732,926.5809288711105,90,-0.8314942018190886,-0.5555334304443222,1400.6096440311126,-0.9253843841583642,0.3790300008651623,1084.517300439675,0.02613478812141236,-0.9996584280892393,939.4097801028898
-0.8314942018190886,-0.5555334304443222,1400.6096440311126,-0.9253843841583642,0.3790300008651623,1084.517300439675,0.02613478812141236,-0.9996584280892393,939.4097801028898,45,-0.4335063986181666,-0.901150488185579,1412.8554115655184,-0.9883294282405624,-0.15233168177921172,1086.8423317068443,0.520856106873636,-0.8536444903661239,950.6521203836712
-0.4335063986181666,-0.901150488185579,1412.8554115655184,-0.9883294282405624,-0.15233168177921172,1086.8423317068443,0.520856106873636,-0.8536444903661239,950.6521203836712,45,0.48202209870005164,-0.8761590588271045,1426.127554963037,-0.4393585359860873,-0.8983117926734359,1101.9621967312899,0.9966311344573323,-0.08201452206951386,950.2351514361327
-0.894086516486769,-0.44789429672251313,1520.7857434230668,-0.9050861025555424,0.4252283468453369,1053.7832402343709,-0.20738979567805804,-0.9782583874665288,1111.2613362296242,-90,-0.9432268193284582,0.3321493147659951,1515.65327711632,-0.3183534375646805,0.9479720928333023,1042.2282554380492,-0.8464875404196677,-0.532408531030694,1116.4071194834974
-0.9432268193284582,0.3321493147659951,1515.65327711632,-0.3183534375646805,0.9479720928333023,1042.2282554380492,-0.8464875404196677,-0.532408531030694,1116.4071194834974,-90,-0.043206315915812823,0.9990661711142976,1498.456434245754,0.7694784879575844,0.6386727304108964,1032.9156816180594,-0.8166572189525776,0.5771230256476012,1104.6309453082056
