red_sin_t,red_cos_t,red_dist_t,green_sin_t,green_cos_t,green_dist_t,blue_sin_t,blue_cos_t,blue_dist_t,action,red_sin_t1,red_cos_t1,red_dist_t1,green_sin_t1,green_cos_t1,green_dist_t1,blue_sin_t1,blue_cos_t1,blue_dist_t1
-0.9447477936980174,-0.32779811821108484,728.9713837204522,0.054780634248734986,0.9984984136749073,716.1255218767942,0.2646183637004462,-0.9643532141246268,1002.6195281777185,45,-0.8147785865786725,-0.5797722439483117,742.0916903745941,-0.20937927338641604,0.9778345053618104,693.7173177332554,0.4928779974597989,-0.8700984309950331,1022.4527749109112
-0.8147785865786725,-0.5797722439483117,742.0916903745941,-0.20937927338641604,0.9778345053618104,693.7173177332554,0.4928779974597989,-0.8700984309950331,1022.4527749109112,-45,-0.9521027130544961,-0.30577839000535645,747.178840497872,0.12265146505050768,0.9924498063483936,676.1114787427769,0.1808634088796696,-0.9835082243318688,1039.9386422706602
-0.9521027130544961,-0.30577839000535645,747.178840497872,0.12265146505050768,0.9924498063483936,676.1114787427769,0.1808634088796696,-0.9835082243318688,1039.9386422706602,0,-0.9338038090940266,-0.3577854750007143,755.6746921514324,0.10331193567087057,0.9946490054023771,651.0496942309105,0.19939068298450544,-0.9799200760975215,1064.6608475745513
-0.9338038090940266,-0.3577854750007143,755.6746921514324,0.10331193567087057,0.9946490054023771,651.0496942309105,0.19939068298450544,-0.9799200760975215,1064.6608475745513,0,-0.9042134093390441,-0.42708091782642565,781.2067494342583,0.11676038607964398,0.9931601141017155,586.6535479835096,0.18604819187623997,-0.9825406201779048,1128.2118885039458
-0.9042134093390441,-0.42708091782642565,781.2067494342583,0.11676038607964398,0.9931601141017155,586.6535479835096,0.18604819187623997,-0.9825406201779048,1128.2118885039458,0,-0.893213240374656,-0.4496333030586224,791.0261995861135,0.12127516656209997,0.9926189268673729,564.6427972016024,0.18225922153332164,-0.9832505154669727,1149.965272706811
-0.893213240374656,-0.4496333030586224,791.0261995861135,0.12127516656209997,0.9926189268673729,564.6427972016024,0.18225922153332164,-0.9832505154669727,1149.965272706811,0,-0.8796196699490675,-0.47567766001641665,800.342407748165,0.118028786084505,0.9930101739939113,544.8951180182569,0.18623278027295725,-0.9825056496284408,1169.4744330852768
-0.8796196699490675,-0.47567766001641665,800.342407748165,0.118028786084505,0.9930101739939113,544.8951180182569,0.18623278027295725,-0.9825056496284408,1169.4744330852768,45,-0.6634886455077362,-0.748186351975435,816.7902230306262,-0.22047117511383563,0.9753934903124607,523.403886533545,0.48772103149074875,-0.872999539198962,1188.5995576469059
-0.6634886455077362,-0.748186351975435,816.7902230306262,-0.22047117511383563,0.9753934903124607,523.403886533545,0.48772103149074875,-0.872999539198962,1188.5995576469059,45,-0.4883424674520837,-0.8726520695459391,832.1498878324386,-0.427824586859053,0.9038617830613709,507.61394368116015,0.6479100113147357,-0.7617168878514766,1201.7348442229427
-0.4883424674520837,-0.8726520695459391,832.1498878324386,-0.427824586859053,0.9038617830613709,507.61394368116015,0.6479100113147357,-0.7617168878514766,1201.7348442229427,0,-0.46480202339991455,-0.8854146367907779,854.3047954400408,-0.45953147129821714,0.8881614869417024,485.1400246442773,0.6472862276846326,-0.7622470330869107,1220.8108631200207
-0.46480202339991455,-0.8854146367907779,854.3047954400408,-0.45953147129821714,0.8881614869417024,485.1400246442773,0.6472862276846326,-0.7622470330869107,1220.8108631200207,0,-0.45419724809975187,-0.8909011504194012,872.805046175078,-0.4783631527482304,0.8781621115106101,466.72168219258896,0.6395763485303089,-0.7687275813971012,1236.7791106857683
-0.45419724809975187,-0.8909011504194012,872.805046175078,-0.4783631527482304,0.8781621115106101,466.72168219258896,0.6395763485303089,-0.7687275813971012,1236.7791106857683,-90,-0.9920961328303919,0.1254801307896252,866.9167755892719,0.7047327236628821,0.7094728946187415,455.0488059517353,-0.5161502262352425,-0.8564980700254425,1251.5751898300398
-0.9920961328303919,0.1254801307896252,866.9167755892719,0.7047327236628821,0.7094728946187415,455.0488059517353,-0.5161502262352425,-0.8564980700254425,1251.5751898300398,0,-0.9966296283928524,0.08203282153824118,864.4516066977319,0.7226186533194509,0.6912469036999611,437.2356119099747,-0.4948850466371338,-0.8689584516045412,1273.4547735676717
-0.9966296283928524,0.08203282153824118,864.4516066977319,0.7226186533194509,0.6912469036999611,437.2356119099747,-0.4948850466371338,-0.8689584516045412,1273.4547735676717,90,-0.8658663550644684,-0.5002753793335946,875.6142407573897,0.2299211290727586,0.9732092654747528,416.2551844928061,0.06564145531853469,-0.9978432739381795,1294.7113572596556
-0.8658663550644684,-0.5002753793335946,875.6142407573897,0.2299211290727586,0.9732092654747528,416.2551844928061,0.06564145531853469,-0.9978432739381795,1294.7113572596556,90,-0.38284287371621967,-0.9238134736215459,892.4775533583855,-0.4220865835377004,0.9065555228431802,400.45177393610084,0.6468800531407585,-0.7625917629037239,1307.5621680243619
-0.38284287371621967,-0.9238134736215459,892.4775533583855,-0.4220865835377004,0.9065555228431802,400.45177393610084,0.6468800531407585,-0.7625917629037239,1307.5621680243619,90,0.27011230762639543,-0.9628288224127607,910.8273855940928,-0.9142733750789116,0.40509776057368646,392.9549164321144,0.9782807153351373,-0.20728444708509144,1310.6480406074584
0.27011230762639543,-0.9628288224127607,910.8273855940928,-0.9142733750789116,0.40509776057368646,392.9549164321144,0.9782807153351373,-0.20728444708509144,1310.6480406074584,45,0.5538418884197488,-0.8326218605295242,922.9825627064143,-0.998414523609315,0.056288889187694945,392.2063883468753,0.994722189862057,0.10260489752460149,1308.6656146854705
0.5538418884197488,-0.8326218605295242,922.9825627064143,-0.998414523609315,0.056288889187694945,392.2063883468753,0.994722189862057,0.10260489752460149,1308.6656146854705,0,0.5457872556520456,-0.8379237862525497,943.348732176924,-0.9999428848116301,-0.010687708575515042,391.67674235242765,0.9960448292213439,0.088852114107791,1306.3025799943173
0.5457872556520456,-0.8379237862525497,943.348732176924,-0.9999428848116301,-0.010687708575515042,391.67674235242765,0.9960448292213439,0.088852114107791,1306.3025799943173,0,0.5352741225996117,-0.8446784084343673,958.2925604530852,-0.9985639657068467,-0.053572440599767485,392.2521528554432,0.9973356310596801,0.07294956489787645,1304.8609701495902
0.5352741225996117,-0.8446784084343673,958.2925604530852,-0.9985639657068467,-0.053572440599767485,392.2521528554432,0.9973356310596801,0.07294956489787645,1304.8609701495902,0,0.5247581008500817,-0.8512513938856227,976.4812348895701,-0.9942425593130999,-0.1071528499412733,393.98477393353664,0.9984347476267783,0.05592901511247607,1303.4711205437043
0.5247581008500817,-0.8512513938856227,976.4812348895701,-0.9942425593130999,-0.1071528499412733,393.98477393353664,0.9984347476267783,0.05592901511247607,1303.4711205437043,-90,-0.022850316764442182,-0.9997388974246049,991.894802145898,-0.9077035207895725,0.4196121046230842,387.15084724697425,0.8628196318732334,-0.505511901792765,1311.3098560310032
-0.022850316764442182,-0.9997388974246049,991.894802145898,-0.9077035207895725,0.4196121046230842,387.15084724697425,0.8628196318732334,-0.505511901792765,1311.3098560310032,90,0.5737301179746207,-0.8190444137706012,1006.0565927785822,-0.9674197517579125,-0.25317785035160334,391.9722794704365,0.9948690065257946,0.1011714379376835,1308.6861609542793
0.5737301179746207,-0.8190444137706012,1006.0565927785822,-0.9674197517579125,-0.25317785035160334,391.9722794704365,0.9948690065257946,0.1011714379376835,1308.6861609542793,-45,0.2790127433909927,-0.9602873991808036,1025.314010375363,-0.9998770378508253,0.015681491595484987,391.06677162859285,0.972202330201216,-0.2341423266975148,1313.3113034890127
0.2790127433909927,-0.9602873991808036,1025.314010375363,-0.9998770378508253,0.015681491595484987,391.06677162859285,0.972202330201216,-0.2341423266975148,1313.3113034890127,0,0.27196810986983766,-0.9623062647690848,1042.9343959273997,-0.999589113703981,-0.028663631390488914,391.1423196337236,0.9683340104196532,-0.24965825494982327,1317.7845932505243
0.27196810986983766,-0.9623062647690848,1042.9343959273997,-0.999589113703981,-0.028663631390488914,391.1423196337236,0.9683340104196532,-0.24965825494982327,1317.7845932505243,-90,-0.21698861270713293,-0.97617413505759,1063.2743917722837,-0.9122695505493823,0.4095903650483347,381.60475914055365,0.7230536095437834,-0.690791920715425,1332.5763738708263
-0.21698861270713293,-0.97617413505759,1063.2743917722837,-0.9122695505493823,0.4095903650483347,381.60475914055365,0.7230536095437834,-0.690791920715425,1332.5763738708263,0,-0.20993908032510192,-0.9777144688262778,1085.1653226918238,-0.934369963316702,0.35630432449178195,373.068489118084,0.7166377478000469,-0.697445580979675,1348.0857604666144
-0.20993908032510192,-0.9777144688262778,1085.1653226918238,-0.934369963316702,0.35630432449178195,373.068489118084,0.7166377478000469,-0.697445580979675,1348.0857604666144,90,0.40986038271085656,-0.9121482701206587,1104.9828668706361,-0.9447173329232568,-0.3278858961199283,380.6379067797241,0.9894702527488198,-0.14473637733889352,1350.2084639334958
0.40986038271085656,-0.9121482701206587,1104.9828668706361,-0.9447173329232568,-0.3278858961199283,380.6379067797241,0.9894702527488198,-0.14473637733889352,1350.2084639334958,-45,0.1453723590651633,-0.9893770147015895,1125.3625142126245,-0.9934990399689666,-0.11384049183283464,382.3560492459352,0.9077790105572809,-0.419448766825752,1358.785335656431
0.1453723590651633,-0.9893770147015895,1125.3625142126245,-0.9934990399689666,-0.11384049183283464,382.3560492459352,0.9077790105572809,-0.419448766825752,1358.785335656431,0,0.13981778774334,-0.9901772499055703,1147.958486541848,-0.9855471602916269,-0.16940128346948913,385.61458326086426,0.9001383705800338,-0.4356040791929316,1368.5271377738368
0.13981778774334,-0.9901772499055703,1147.958486541848,-0.9855471602916269,-0.16940128346948913,385.61458326086426,0.9001383705800338,-0.4356040791929316,1368.5271377738368,0,0.13564340264129313,-0.9907577238255032,1166.0887455802751,-0.9770726797415319,-0.2129060320956218,389.07768192095006,0.8939447276727026,-0.448177223725367,1376.6474067708768
0.13564340264129313,-0.9907577238255032,1166.0887455802751,-0.9770726797415319,-0.2129060320956218,389.07768192095006,0.8939447276727026,-0.448177223725367,1376.6474067708768,-45,-0.1840254354997834,-0.9829214816500427,1181.685271498384,-0.9976547663292873,0.06844682038236057,387.4731485873699,0.6991981988196094,-0.7149278836130354,1388.1114079482993
-0.1840254354997834,-0.9829214816500427,1181.685271498384,-0.9976547663292873,0.06844682038236057,387.4731485873699,0.6991981988196094,-0.7149278836130354,1388.1114079482993,90,0.42374620122236534,-0.9057809652170963,1201.668131787662,-0.8201132161766906,-0.5722012868321118,400.41026329759575,0.9836108974839878,-0.18030419393553818,1391.3379384441619
-0.9431804068612231,-0.3322810859996364,1288.3734867209585,-0.6581470581511248,0.7528894008066656,387.7324867553917,-0.33597644028072793,-0.9418703900093104,1473.7545525919572,-90,-0.9764474198869734,0.21575550096364324,1283.5568576585028,-0.15308714623205974,0.9882126925204533,369.5818811064336,-0.7848667650506193,-0.6196645553192276,1484.3726105133342
0.9080021186297388,-0.4189655744376927,1306.1027207762377,-0.023847857550997005,-0.9997155994032639,462.0082220254202,0.890438968816653,0.455102672825304,1427.6995192333331,0,0.8905982680858805,-0.4547908583980445,1332.151397046618,-0.02035767054765982,-0.9997927611509662,521.5820401943081,0.9066896156638699,0.4217984599868804,1401.568998177848
0.8905982680858805,-0.4547908583980445,1332.151397046618,-0.02035767054765982,-0.9997927611509662,521.5820401943081,0.9066896156638699,0.4217984599868804,1401.568998177848,45,0.9955990324851118,-0.09371534834118322,1333.9745296129852,0.3516790214644457,-0.936120647065222,543.1294925302666,0.6823462238806797,0.7310291586221287,1384.462716600265
0.9955990324851118,-0.09371534834118322,1333.9745296129852,0.3516790214644457,-0.936120647065222,543.1294925302666,0.6823462238806797,0.7310291586221287,1384.462716600265,0,0.9939894399518917,-0.10947599400838852,1336.116453473773,0.3391931405015412,-0.9407167551589063,562.9912763474518,0.6900672460176775,0.7237452562701727,1369.0593213017955
0.9939894399518917,-0.10947599400838852,1336.116453473773,0.3391931405015412,-0.9407167551589063,562.9912763474518,0.6900672460176775,0.7237452562701727,1369.0593213017955,90,0.28637938381963635,0.9581163021904415,1319.2463868436487,0.9904865105805418,0.13760985559901653,555.6081255705518,-0.5958118031038503,0.8031240846109265,1359.0354274999686
0.28637938381963635,0.9581163021904415,1319.2463868436487,0.9904865105805418,0.13760985559901653,555.6081255705518,-0.5958118031038503,0.8031240846109265,1359.0354274999686,45,-0.41384271600563627,0.9103483983668441,1302.2854728904422,0.6774259706451654,0.7355909558276633,539.7778921940787,-0.9783299440716381,0.20705197543801765,1356.821514017773
-0.8645839642266975,0.5024883767830344,1213.9685533590439,0.34347856508374286,0.9391605162739823,319.0990575740549,-0.9272449316584573,-0.37445538681357327,1466.6001938308375,90,-0.5912195193810349,-0.8065106818281195,1257.1725722644205,-0.9483830700472137,0.31712702888246824,302.8585089673725,0.24204619614032793,-0.9702647262134174,1515.0114707334528
-0.23752540593065222,0.9713813265332409,1064.622620085601,0.9856356259660358,-0.16888579817894936,273.4318986474146,-0.9335793238568768,0.35837082200834464,1428.0609942148585,-45,0.46035399255346593,0.8877354344285708,1019.7818963832659,0.5685040248102577,-0.8226804809733471,314.84598804979237,-0.5024262928825731,0.8646200438460092,1382.9959060644576
0.46035399255346593,0.8877354344285708,1019.7818963832659,0.5685040248102577,-0.8226804809733471,314.84598804979237,-0.5024262928825731,0.8646200438460092,1382.9959060644576,0,0.4862314631915623,0.873830054531539,965.8868185549744,0.48753557510784673,-0.8731031227777514,366.7366170131502,-0.5220215084252758,0.8529323213135962,1330.5491145606952
0.4862314631915623,0.873830054531539,965.8868185549744,0.48753557510784673,-0.8731031227777514,366.7366170131502,-0.5220215084252758,0.8529323213135962,1330.5491145606952,-90,0.9035409540152636,-0.4285017437738,993.6878893533371,-0.73330718738125,-0.6798974694282957,398.3532370239885,0.8092890840117272,0.5874105706398717,1300.889088834052
0.9035409540152636,-0.4285017437738,993.6878893533371,-0.73330718738125,-0.6798974694282957,398.3532370239885,0.8092890840117272,0.5874105706398717,1300.889088834052,-90,-0.3175921355236206,-0.9482274175816402,1044.076195027092,-0.8132176337897856,0.5819596894058403,359.7198646478256,0.6446479551690804,-0.7644795706206434,1346.1203738976133
-0.3175921355236206,-0.9482274175816402,1044.076195027092,-0.8132176337897856,0.5819596894058403,359.7198646478256,0.6446479551690804,-0.7644795706206434,1346.1203738976133,0,-0.3134705131438078,-0.9495979345961941,1095.8195244882345,-0.8778638411932898,0.47891030091799286,330.3741367746876,0.6158930908041281,-0.7878297409337489,1388.7157341405837
-0.3134705131438078,-0.9495979345961941,1095.8195244882345,-0.8778638411932898,0.47891030091799286,330.3741367746876,0.6158930908041281,-0.7878297409337489,1388.7157341405837,-45,-0.8291894075654775,-0.5589677328622935,1122.241255467442,-0.4224636363606221,0.9063798739783226,284.28899991582506,-0.03168655190990986,-0.9994978551392998,1438.4677665742602
-0.8291894075654775,-0.5589677328622935,1122.241255467442,-0.4224636363606221,0.9063798739783226,284.28899991582506,-0.03168655190990986,-0.9994978551392998,1438.4677665742602,-45,-0.9939035695244457,0.11025286611496896,1114.4267826272032,0.37415426464748847,0.9273664789316558,236.49358096324727,-0.68574884744435,-0.7278382500451219,1474.5708846429934
-0.9939035695244457,0.11025286611496896,1114.4267826272032,0.37415426464748847,0.9273664789316558,236.49358096324727,-0.68574884744435,-0.7278382500451219,1474.5708846429934,-45,-0.688979167440704,0.7247811440929699,1069.9969558024172,0.9807050910819939,0.19549302884209993,217.02618603855157,-0.9930281825609564,-0.11787717607613399,1480.614698504118
0.782745874907368,0.622341461992931,952.1034558915749,0.1595539152343002,-0.9871892159730098,400.3876505596545,-0.18702890217085583,0.9823544114792606,1296.7876737232968,45,0.261779262036144,0.9651277728714535,894.3747093849032,0.6525184394605645,-0.7577728460191415,442.82551957552084,-0.766454327932354,0.6422988114528654,1258.5463204774508
0.261779262036144,0.9651277728714535,894.3747093849032,0.6525184394605645,-0.7577728460191415,442.82551957552084,-0.766454327932354,0.6422988114528654,1258.5463204774508,-45,0.8186959407824699,0.5742272690723653,860.2669185123533,0.06355029171465149,-0.9979786372578237,500.90067986252524,-0.24094288457958193,0.9705392966647307,1201.8610448328625
0.8186959407824699,0.5742272690723653,860.2669185123533,0.06355029171465149,-0.9979786372578237,500.90067986252524,-0.24094288457958193,0.9705392966647307,1201.8610448328625,-45,0.9958843914127824,-0.09063265934745572,864.1283256417244,-0.5029805206308683,-0.8642977472294491,544.0283110063023,0.4057073042237495,0.914003054316285,1155.2360811437504
0.9958843914127824,-0.09063265934745572,864.1283256417244,-0.5029805206308683,-0.8642977472294491,544.0283110063023,0.4057073042237495,0.914003054316285,1155.2360811437504,-45,0.711059796786031,-0.7031315420279538,882.3993943678395,-0.9143796652123513,-0.40485778718723997,552.3421142559474,0.8944567064995392,0.44715455963010947,1145.121465688566
0.711059796786031,-0.7031315420279538,882.3993943678395,-0.9143796652123513,-0.40485778718723997,552.3421142559474,0.8944567064995392,0.44715455963010947,1145.121465688566,-90,-0.7303855375615133,-0.6830351136808264,888.0647390694893,-0.35538897792335084,0.934718500068655,537.9202364464085,0.3973682290072207,-0.9176592453496368,1159.513320655938
-0.7303855375615133,-0.6830351136808264,888.0647390694893,-0.35538897792335084,0.934718500068655,537.9202364464085,0.3973682290072207,-0.9176592453496368,1159.513320655938,45,0.0433551887709685,-0.9990597217417153,934.4473048664061,-0.9673332276645601,0.2535082378465527,525.9567335552326,0.9447369315184175,-0.32782942245192814,1172.1952762113017
0.0433551887709685,-0.9990597217417153,934.4473048664061,-0.9673332276645601,0.2535082378465527,525.9567335552326,0.9447369315184175,-0.32782942245192814,1172.1952762113017,-90,-0.9426702790428105,-0.33372555342578997,947.3801126078275,0.02967369345738641,0.9995596389993932,469.75146382403113,-0.08743368778732603,-0.9961703419796779,1227.8736245089801
-0.9426702790428105,-0.33372555342578997,947.3801126078275,0.02967369345738641,0.9995596389993932,469.75146382403113,-0.08743368778732603,-0.9961703419796779,1227.8736245089801,-45,-0.9770417167845634,0.21304807828908698,938.4120952654649,0.6194777176523378,0.7850142402098516,442.38967047222064,-0.6133153793555931,-0.7898381134421819,1254.6766199067072
-0.9770417167845634,0.21304807828908698,938.4120952654649,0.6194777176523378,0.7850142402098516,442.38967047222064,-0.6133153793555931,-0.7898381134421819,1254.6766199067072,-90,-0.7524167951523788,0.658687305458837,905.6563988135732,0.9677643583300839,0.2518573936694356,428.3785156984066,-0.9197157844801066,-0.39258486442824325,1272.2247257116055
-0.7524167951523788,0.658687305458837,905.6563988135732,0.9677643583300839,0.2518573936694356,428.3785156984066,-0.9197157844801066,-0.39258486442824325,1272.2247257116055,-90,0.45022288179453807,0.8929162092316509,845.8781189878835,0.4567618568758945,-0.8895890096574287,488.1736086501195,-0.6630104010216986,0.7486101843663673,1219.797570165837
0.45022288179453807,0.8929162092316509,845.8781189878835,0.4567618568758945,-0.8895890096574287,488.1736086501195,-0.6630104010216986,0.7486101843663673,1219.797570165837,-90,0.9989666656536157,-0.04544888241637129,849.1883133819318,-0.5821119362925774,-0.813108660405057,503.34456546629167,0.39745802208747677,0.9176203575980161,1201.7159695969967
0.9989666656536157,-0.04544888241637129,849.1883133819318,-0.5821119362925774,-0.813108660405057,503.34456546629167,0.39745802208747677,0.9176203575980161,1201.7159695969967,-90,0.35188608237017016,-0.9360428329057243,915.8351313568016,-0.9986998048133969,0.05097744467588427,491.6963166704933,0.9993355523254627,-0.03644796096302901,1205.3968922422732
0.35188608237017016,-0.9360428329057243,915.8351313568016,-0.9986998048133969,0.05097744467588427,491.6963166704933,0.9993355523254627,-0.03644796096302901,1205.3968922422732,0,0.320748050097651,-0.9471645518908289,976.0359138847813,-0.9976190840337669,-0.06896494161259033,492.47678645079304,0.9950580989592018,-0.09929440918651626,1209.5420394483608
0.320748050097651,-0.9471645518908289,976.0359138847813,-0.9976190840337669,-0.06896494161259033,492.47678645079304,0.9950580989592018,-0.09929440918651626,1209.5420394483608,90,0.7365654773274184,-0.676366245173007,1018.3256907258404,-0.752416938840151,-0.6586871413246326,533.7269080646581,0.9200871280584124,0.3917137689451605,1181.6985454811477
0.7365654773274184,-0.676366245173007,1018.3256907258404,-0.752416938840151,-0.6586871413246326,533.7269080646581,0.9200871280584124,0.3917137689451605,1181.6985454811477,0,0.7067134055585625,-0.7074999380945689,1050.484190425977,-0.7176998387490487,-0.6963525985157156,564.9998887919537,0.9377021035463253,0.3474403042319596,1164.7298374880418
0.7067134055585625,-0.7074999380945689,1050.484190425977,-0.7176998387490487,-0.6963525985157156,564.9998887919537,0.9377021035463253,0.3474403042319596,1164.7298374880418,45,0.8580491836481772,-0.5135675208195088,1078.2435054319003,-0.44692893327710975,-0.8945694654971098,614.8815308708438,0.8208785669318872,0.5711027738961273,1131.571219590739
0.8580491836481772,-0.5135675208195088,1078.2435054319003,-0.44692893327710975,-0.8945694654971098,614.8815308708438,0.8208785669318872,0.5711027738961273,1131.571219590739,45,0.9956883845175314,0.09276120383473141,1071.1290512062499,0.19825240090512009,-0.9801510013948644,666.9438989435326,0.29019353000539616,0.9569679802078057,1080.1267827148815
0.9956883845175314,0.09276120383473141,1071.1290512062499,0.19825240090512009,-0.9801510013948644,666.9438989435326,0.29019353000539616,0.9569679802078057,1080.1267827148815,0,0.9993182680768995,0.0369188175296289,1067.190877669008,0.1814235850417213,-0.9834050451317653,724.8648214529021,0.3069320599371849,0.9517314277582286,1023.7711626041962
0.9993182680768995,0.0369188175296289,1067.190877669008,0.1814235850417213,-0.9834050451317653,724.8648214529021,0.3069320599371849,0.9517314277582286,1023.7711626041962,45,0.5266672158913744,0.8500715521091318,1048.934258013932,0.9098414397056459,-0.414956087549463,730.397178003337,-0.6358958425982854,0.7717748877530395,1010.0909610699614
0.5266672158913744,0.8500715521091318,1048.934258013932,0.9098414397056459,-0.414956087549463,730.397178003337,-0.6358958425982854,0.7717748877530395,1010.0909610699614,-45,0.6993299759898901,0.7147989820096134,1033.1080795756961,0.7920360649511772,-0.6104743007012291,743.8583091453526,-0.47461992900162286,0.8801908446436457,990.4504793701616
0.6993299759898901,0.7147989820096134,1033.1080795756961,0.7920360649511772,-0.6104743007012291,743.8583091453526,-0.47461992900162286,0.8801908446436457,990.4504793701616,-90,0.9837775296009882,-0.17939278762585947,1037.403935964947,-0.0427594214089032,-0.9990853976916967,762.0033899895485,0.4569075315062133,0.8895141975555526,974.7508514259242
0.9837775296009882,-0.17939278762585947,1037.403935964947,-0.0427594214089032,-0.9990853976916967,762.0033899895485,0.4569075315062133,0.8895141975555526,974.7508514259242,0,0.9741836329903285,-0.22575705794894876,1047.5882821476666,-0.04003791529791134,-0.9991981611965652,812.5076300522346,0.4786728507517633,0.8779933382168569,930.0458058037243
0.9741836329903285,-0.22575705794894876,1047.5882821476666,-0.04003791529791134,-0.9991981611965652,812.5076300522346,0.4786728507517633,0.8779933382168569,930.0458058037243,-90,0.08837723967337169,-0.9960870762677907,1068.3842721986598,-0.9551017947829221,-0.29627784527777445,816.0781782902053,0.9791215332183383,-0.20327573192137463,936.389103461515
0.08837723967337169,-0.9960870762677907,1068.3842721986598,-0.9551017947829221,-0.29627784527777445,816.0781782902053,0.9791215332183383,-0.20327573192137463,936.389103461515,-90,-0.6492801666805406,-0.7605493180295999,1122.8859859140864,-0.8962697558971261,0.44350932872275195,779.2350462872226,0.4695895243959906,-0.8828848614499782,1002.0252977656053
-0.6492801666805406,-0.7605493180295999,1122.8859859140864,-0.8962697558971261,0.44350932872275195,779.2350462872226,0.4695895243959906,-0.8828848614499782,1002.0252977656053,90,0.6604742144826156,-0.7508487277764889,1158.0454820377522,-0.5146200753614558,-0.8574183214948053,823.927799305285,0.945568232415799,0.3254239048472953,981.3415197921925
0.6604742144826156,-0.7508487277764889,1158.0454820377522,-0.5146200753614558,-0.8574183214948053,823.927799305285,0.945568232415799,0.3254239048472953,981.3415197921925,0,0.6349600889602852,-0.7725449407170736,1190.137252806961,-0.5016293631723261,-0.8650826446087834,860.0312788026375,0.9610766082126048,0.27628201741437214,968.8364364116886
0.6349600889602852,-0.7725449407170736,1190.137252806961,-0.5016293631723261,-0.8650826446087834,860.0312788026375,0.9610766082126048,0.27628201741437214,968.8364364116886,0,0.6116954303589031,-0.7910933576247726,1236.8727723615877,-0.4720873422187083,-0.8815517802811563,912.3226704458461,0.9757507706972822,0.21888452088637925,953.9439894508691
0.6116954303589031,-0.7910933576247726,1236.8727723615877,-0.4720873422187083,-0.8815517802811563,912.3226704458461,0.9757507706972822,0.21888452088637925,953.9439894508691,0,0.6076546697837868,-0.7942013612994863,1266.307005146181,-0.4442969808378063,-0.8958795637910322,945.2116330654686,0.9809744285787886,0.194136988939561,946.3899361691723
0.6076546697837868,-0.7942013612994863,1266.307005146181,-0.4442969808378063,-0.8958795637910322,945.2116330654686,0.9809744285787886,0.194136988939561,946.3899361691723,-45,-0.08522555460684487,-0.9963616837484045,1327.7783052762422,-0.9101378965001575,-0.41430545416910514,968.79241737446,0.8247124163822263,-0.5655523231894548,980.2335782670629
-0.08522555460684487,-0.9963616837484045,1327.7783052762422,-0.9101378965001575,-0.41430545416910514,968.79241737446,0.8247124163822263,-0.5655523231894548,980.2335782670629,90,0.9425201894394182,-0.33414920694067696,1336.185277066594,0.18696558720426396,-0.982366463801246,1004.1996886324603,0.7548121085430477,0.6559410650331312,953.0514228778686
0.9425201894394182,-0.33414920694067696,1336.185277066594,0.18696558720426396,-0.982366463801246,1004.1996886324603,0.7548121085430477,0.6559410650331312,953.0514228778686,-45,0.8430015055466948,-0.5379112023801009,1344.4058875516018,-0.029091745589636345,-0.9995767455971292,1019.3282054782013,0.8853658068484026,0.46489502908041186,946.0613883271054
0.8430015055466948,-0.5379112023801009,1344.4058875516018,-0.029091745589636345,-0.9995767455971292,1019.3282054782013,0.8853658068484026,0.46489502908041186,946.0613883271054,-90,-0.47006292488857304,-0.8826329059383633,1389.9647406785,-0.9967196606549289,-0.08093156407683769,1017.4876413644786,0.4932782176763961,-0.8698715997007823,995.6062175024069
-0.47006292488857304,-0.8826329059383633,1389.9647406785,-0.9967196606549289,-0.08093156407683769,1017.4876413644786,0.4932782176763961,-0.8698715997007823,995.6062175024069,-45,-0.9236868502770942,-0.3831482775965213,1409.0207865062957,-0.825061019024108,0.5650436398074936,982.4484397701591,-0.19643465537795807,-0.9805169178380059,1051.2597285194654
-0.9236868502770942,-0.3831482775965213,1409.0207865062957,-0.825061019024108,0.5650436398074936,982.4484397701591,-0.19643465537795807,-0.9805169178380059,1051.2597285194654,-45,-0.9411395944638872,0.33801814112906725,1389.295535016337,-0.2055409614549967,0.978648513596253,929.1319409084643,-0.8017422918131916,-0.5976698900882754,1082.4357734370803
-0.9411395944638872,0.33801814112906725,1389.295535016337,-0.2055409614549967,0.978648513596253,929.1319409084643,-0.8017422918131916,-0.5976698900882754,1082.4357734370803,45,-0.9999998422891353,0.0005616241665681621,1388.360166607707,-0.5154596808298519,0.8569138331470599,876.1821912267903,-0.5634474929260608,-0.8261518763008027,1132.8953491929342
-0.9999998422891353,0.0005616241665681621,1388.360166607707,-0.5154596808298519,0.8569138331470599,876.1821912267903,-0.5634474929260608,-0.8261518763008027,1132.8953491929342,-90,-0.027234640325393463,0.9996290683880429,1342.4729511556238,0.8657827835451809,0.500419995320689,857.2303917760323,-0.8600790193486241,0.5101608378504854,1104.0398654869714
-0.027234640325393463,0.9996290683880429,1342.4729511556238,0.8657827835451809,0.500419995320689,857.2303917760323,-0.8600790193486241,0.5101608378504854,1104.0398654869714,-90,0.9547346905769422,0.2974586872305977,1326.5006926807991,0.7139382225584492,-0.7002086934408072,901.0758501273019,0.23037249374339955,0.9731025198438484,1045.853721933732
0.9547346905769422,0.2974586872305977,1326.5006926807991,0.7139382225584492,-0.7002086934408072,901.0758501273019,0.23037249374339955,0.9731025198438484,1045.853721933732,0,0.9636481036703628,0.26717472240560786,1309.0036159516137,0.690082891091518,-0.7237303388851211,945.4826844392232,0.23080607838875913,0.9729997709037768,985.2932490250807
0.9636481036703628,0.26717472240560786,1309.0036159516137,0.690082891091518,-0.7237303388851211,945.4826844392232,0.23080607838875913,0.9729997709037768,985.2932490250807,90,0.7132269387703154,0.7009331878377032,1264.3510725547474,0.9454615275625592,-0.32573378685526644,963.1837387904449,-0.3218076316946179,0.9468050740163474,926.6339270015641
0.7132269387703154,0.7009331878377032,1264.3510725547474,0.9454615275625592,-0.32573378685526644,963.1837387904449,-0.3218076316946179,0.9468050740163474,926.6339270015641,-90,0.995866578729413,-0.09082817497766821,1267.1028811095373,0.3709022577353473,-0.9286719093451798,981.07314269431,0.5113625530906754,0.8593650791698405,911.0150554826688
0.995866578729413,-0.09082817497766821,1267.1028811095373,0.3709022577353473,-0.9286719093451798,981.07314269431,0.5113625530906754,0.8593650791698405,911.0150554826688,90,0.15578910383671615,0.9877903396600682,1245.0379627756336,0.9572551816030351,0.28924473598345785,969.1697522892985,-0.8359311283425654,0.5488343544895175,903.8374681061302
0.15578910383671615,0.9877903396600682,1245.0379627756336,0.9572551816030351,0.28924473598345785,969.1697522892985,-0.8359311283425654,0.5488343544895175,903.8374681061302,90,-0.7836367456367965,0.6212193259129747,1205.8541305912627,0.2739675745411156,0.9617389292838563,907.5865712228283,-0.8794311093241662,-0.4760261799028141,933.7742897852831
-0.7836367456367965,0.6212193259129747,1205.8541305912627,0.2739675745411156,0.9617389292838563,907.5865712228283,-0.8794311093241662,-0.4760261799028141,933.7742897852831,-45,-0.5591089577035558,0.8290941885067362,1185.7582150586095,0.573758322304056,0.8190246562752767,887.876243954629,-0.9794343322130852,-0.2017632000199935,938.1749434828133
-0.5591089577035558,0.8290941885067362,1185.7582150586095,0.573758322304056,0.8190246562752767,887.876243954629,-0.9794343322130852,-0.2017632000199935,938.1749434828133,-90,0.097455426424173,0.9952398906095367,1154.0663272149395,0.9720355605938209,0.2348337048659248,880.8538855062059,-0.8986360135344555,0.4386950138523367,922.7858947834974
0.097455426424173,0.9952398906095367,1154.0663272149395,0.9720355605938209,0.2348337048659248,880.8538855062059,-0.8986360135344555,0.4386950138523367,922.7858947834974,0,0.07663800755795346,0.9970589831085958,1128.397508810614,0.9733650292208248,0.22926081193684808,874.8018163504235,-0.9187896819695227,0.39474741329911633,912.1162085447226
0.07663800755795346,0.9970589831085958,1128.397508810614,0.9733650292208248,0.22926081193684808,874.8018163504235,-0.9187896819695227,0.39474741329911633,912.1162085447226,90,-0.9957864011126687,0.09170301717544134,1128.008407305779,-0.18412378589397965,0.982903063108498,821.0962957854091,-0.4350015706433512,-0.9004296938339037,964.684200633824
-0.9957864011126687,0.09170301717544134,1128.008407305779,-0.18412378589397965,0.982903063108498,821.0962957854091,-0.4350015706433512,-0.9004296938339037,964.684200633824,90,-0.18886902296343022,-0.9820022872503095,1183.0205371356576,-0.9889748413820683,-0.14808363553516987,834.4982152675582,0.8241605145902385,-0.5663562890887266,988.5421545309739
-0.18886902296343022,-0.9820022872503095,1183.0205371356576,-0.9889748413820683,-0.14808363553516987,834.4982152675582,0.8241605145902385,-0.5663562890887266,988.5421545309739,-45,-0.803260818811376,-0.5956274481271642,1214.0549364082417,-0.8378294396491582,0.5459320745817904,802.2613219003019,0.17825949230970337,-0.9839835127691352,1042.872201478791
-0.803260818811376,-0.5956274481271642,1214.0549364082417,-0.8378294396491582,0.5459320745817904,802.2613219003019,0.17825949230970337,-0.9839835127691352,1042.872201478791,-90,-0.9995060052922583,-0.031428416834326234,1213.8640989900516,-0.3702617681823616,0.9289274584285208,784.9388070524542,-0.42102301050679763,-0.9070499570717111,1059.237636612734
-0.9995060052922583,-0.031428416834326234,1213.8640989900516,-0.3702617681823616,0.9289274584285208,784.9388070524542,-0.42102301050679763,-0.9070499570717111,1059.237636612734,-45,-0.7727338758831419,0.634730145071602,1176.1562578981502,0.39438546859522783,0.9189451029092666,732.526766059084,-0.9087085092017932,-0.4174312462002029,1080.9249849055113
-0.7727338758831419,0.634730145071602,1176.1562578981502,0.39438546859522783,0.9189451029092666,732.526766059084,-0.9087085092017932,-0.4174312462002029,1080.9249849055113,45,-0.9974364326553062,-0.0715581079393297,1179.0271830357967,-0.328902669701491,0.9443638249441959,686.8728400055763,-0.3936476203923099,-0.9192614160071507,1125.3157078515017
-0.9974364326553062,-0.0715581079393297,1179.0271830357967,-0.328902669701491,0.9443638249441959,686.8728400055763,-0.3936476203923099,-0.9192614160071507,1125.3157078515017,0,-0.993061698391594,-0.11759448621258944,1184.3659895550163,-0.3557135390963254,0.934595034281462,635.1069809210359,-0.3768830127432816,-0.9262608675235867,1176.2423496944127
-0.993061698391594,-0.11759448621258944,1184.3659895550163,-0.3557135390963254,0.934595034281462,635.1069809210359,-0.3768830127432816,-0.9262608675235867,1176.2423496944127,90,-0.6853677214688128,-0.7281971480091417,1200.5784372446044,-0.8820740455842419,0.47111079175354154,625.6435598459368,0.28933950910182277,-0.9572265397870643,1196.4059795808012
-0.6853677214688128,-0.7281971480091417,1200.5784372446044,-0.8820740455842419,0.47111079175354154,625.6435598459368,0.28933950910182277,-0.9572265397870643,1196.4059795808012,90,-0.17401864285799282,-0.9847423581515433,1260.8846599623591,-0.9842943422968469,-0.1765351175330778,634.0095628051631,0.7361194983095919,-0.6768515968869651,1236.6255010019786
-0.17401864285799282,-0.9847423581515433,1260.8846599623591,-0.9842943422968469,-0.1765351175330778,634.0095628051631,0.7361194983095919,-0.6768515968869651,1236.6255010019786,90,0.9368057872247728,-0.3498498492527524,1275.785327380138,0.029165880469612136,-0.9995745852193484,690.1285398811197,0.7939710085680702,0.6079556213683703,1198.6098020450384
0.9368057872247728,-0.3498498492527524,1275.785327380138,0.029165880469612136,-0.9995745852193484,690.1285398811197,0.7939710085680702,0.6079556213683703,1198.6098020450384,-45,0.489901942858929,-0.8717775440919814,1327.3290525712755,-0.5653247424017441,-0.8248684353449353,737.2788982466269,0.9971912621277756,-0.07489717441942513,1202.616486582385
0.489901942858929,-0.8717775440919814,1327.3290525712755,-0.5653247424017441,-0.8248684353449353,737.2788982466269,0.9971912621277756,-0.07489717441942513,1202.616486582385,-90,-0.8109559261274367,-0.5851072430578785,1354.7558614326642,-0.8962952970725178,0.4434577098728661,707.8294173642122,0.0063031459619824134,-0.9999801349781814,1256.9255523244644
-0.8109559261274367,-0.5851072430578785,1354.7558614326642,-0.8962952970725178,0.4434577098728661,707.8294173642122,0.0063031459619824134,-0.9999801349781814,1256.9255523244644,-90,-0.9997992462886214,0.02003664444722918,1352.968436447911,-0.4460169073423575,0.8950245350630109,685.4174129859155,-0.6007173035043947,-0.799461519568271,1275.7088312088715
-0.9997992462886214,0.02003664444722918,1352.968436447911,-0.4460169073423575,0.8950245350630109,685.4174129859155,-0.6007173035043947,-0.799461519568271,1275.7088312088715,90,-0.8632234729389634,-0.5048219842352298,1362.5311929231252,-0.8538043454391793,0.5205940258101073,677.7442376652972,-0.10484110318171226,-0.9944889859036357,1292.4664342599056
-0.8632234729389634,-0.5048219842352298,1362.5311929231252,-0.8538043454391793,0.5205940258101073,677.7442376652972,-0.10484110318171226,-0.9944889859036357,1292.4664342599056,90,0.5798458809166578,-0.8147261836862647,1407.6423082321337,-0.3914327041715811,-0.9202067366113571,734.2616345180306,0.9994371105566354,-0.03354790667394426,1288.1112016922646
0.5798458809166578,-0.8147261836862647,1407.6423082321337,-0.3914327041715811,-0.9202067366113571,734.2616345180306,0.9994371105566354,-0.03354790667394426,1288.1112016922646,0,0.5662664040559793,-0.8242222756256412,1441.3496726760304,-0.37218661006874615,-0.9281579215228059,772.3164111446163,0.9978598597421345,-0.06538883937957266,1290.1098243650808
0.5662664040559793,-0.8242222756256412,1441.3496726760304,-0.37218661006874615,-0.9281579215228059,772.3164111446163,0.9978598597421345,-0.06538883937957266,1290.1098243650808,90,0.9998612727635744,-0.01665638699133654,1438.794536964288,0.5381907582591801,-0.8428230583725204,826.0627334520544,0.6198964085949159,0.7846836576679325,1236.2312888769156
0.9998612727635744,-0.01665638699133654,1438.794536964288,0.5381907582591801,-0.8428230583725204,826.0627334520544,0.6198964085949159,0.7846836576679325,1236.2312888769156,45,0.9507381550083895,0.3099950977213084,1431.2300588740093,0.779164008856406,-0.6268201076088853,839.5561931309304,0.3216931106388851,0.9468439906169749,1214.8224732134734
0.9507381550083895,0.3099950977213084,1431.2300588740093,0.779164008856406,-0.6268201076088853,839.5561931309304,0.3216931106388851,0.9468439906169749,1214.8224732134734,-45,0.9197932650374903,-0.3924032996697062,1451.31156584968,0.19542491400075723,-0.9807186665847636,890.8015161465825,0.8674063655532352,0.49760043910523954,1188.347718964887
0.9197932650374903,-0.3924032996697062,1451.31156584968,0.19542491400075723,-0.9807186665847636,890.8015161465825,0.8674063655532352,0.49760043910523954,1188.347718964887,-45,0.404983033488413,-0.9143241999348606,1490.2758537833088,-0.49534251096946663,-0.8686977591927263,927.368298126246,0.9682364220931339,-0.25003645920602613,1198.6008010883231
0.404983033488413,-0.9143241999348606,1490.2758537833088,-0.49534251096946663,-0.8686977591927263,927.368298126246,0.9682364220931339,-0.25003645920602613,1198.6008010883231,0,0.3989054001655796,-0.9169920837819369,1512.1058745283842,-0.4847024423386359,-0.8746791082396798,948.2355486814708,0.9632039535770671,-0.26877154576611545,1204.7027914731707
-0.6388505256904407,0.7693308818870119,1502.9460738687367,0.2288736495716947,0.9734561379598636,865.1188709983444,-0.9999988907482934,-0.0014894637232247677,1274.2668562579229,0,-0.6526353985115831,0.7576721168220637,1453.535699161359,0.25707884832249833,0.9663904313191319,802.5962052841392,-0.9991147276512097,-0.0420685273149545,1275.4401392211632
0.2675979961051275,0.9635306494764555,1321.0783963850783,0.9824280480810607,0.18664171651492395,776.81676693759,-0.6677582514960406,0.7443782086808765,1159.6939119420133,0,0.2873025218978931,0.9578398931507868,1257.2918565491984,0.9953738543835239,0.0960775208344149,766.9519493064282,-0.6922297535758878,0.7216771911764052,1111.4436074515565
0.2873025218978931,0.9578398931507868,1257.2918565491984,0.9953738543835239,0.0960775208344149,766.9519493064282,-0.6922297535758878,0.7216771911764052,1111.4436074515565,90,-0.8308331322490226,0.5565216135580704,1215.610050679897,0.27457553158906356,0.9615655346634379,691.8990933033383,-0.8899043595137516,-0.45614715927912963,1147.5121347131724
-0.8308331322490226,0.5565216135580704,1215.610050679897,0.27457553158906356,0.9615655346634379,691.8990933033383,-0.8899043595137516,-0.45614715927912963,1147.5121347131724,-90,0.3109403086117299,0.9504294421367859,1161.8878145537385,0.9976337686966436,-0.06875218946427755,697.9700377584,-0.7168942009267061,0.6971819738616738,1103.3728533947456
0.3109403086117299,0.9504294421367859,1161.8878145537385,0.9976337686966436,-0.06875218946427755,697.9700377584,-0.7168942009267061,0.6971819738616738,1103.3728533947456,-45,0.5532936008375525,0.8329863091745356,1108.6939877135542,0.9239338901110368,-0.3825521751399233,719.8035554178535,-0.5574546791158902,0.8302073721256635,1050.230739595915
0.5532936008375525,0.8329863091745356,1108.6939877135542,0.9239338901110368,-0.3825521751399233,719.8035554178535,-0.5574546791158902,0.8302073721256635,1050.230739595915,-45,0.9662204104967668,0.2577171285333195,1100.525893183118,0.44701587434840045,-0.8945260242611922,748.8447913730184,0.10790398063722306,0.9941613203915357,1018.1742373319508
0.9662204104967668,0.2577171285333195,1100.525893183118,0.44701587434840045,-0.8945260242611922,748.8447913730184,0.10790398063722306,0.9941613203915357,1018.1742373319508,0,0.9714531521975855,0.23723147574758013,1094.7418104963765,0.43421839123483336,-0.9008076313583457,769.5527737906506,0.11109693595290161,0.9938095747284169,995.2043687850671
0.9714531521975855,0.23723147574758013,1094.7418104963765,0.43421839123483336,-0.9008076313583457,769.5527737906506,0.11109693595290161,0.9938095747284169,995.2043687850671,45,0.6606490238779407,0.7506949228875364,1054.1694344239454,0.8575267206975365,-0.5144394262590388,794.1481451679534,-0.5294086337816011,0.848366959798352,950.9945974997445
0.6606490238779407,0.7506949228875364,1054.1694344239454,0.8575267206975365,-0.5144394262590388,794.1481451679534,-0.5294086337816011,0.848366959798352,950.9945974997445,90,-0.48005677535761015,0.8772374207894081,969.0152997517638,0.8615971381403613,0.5075927221191603,739.1675392987713,-0.9658983837101395,-0.25892144049139737,973.2315477588056
-0.48005677535761015,0.8772374207894081,969.0152997517638,0.8615971381403613,0.5075927221191603,739.1675392987713,-0.9658983837101395,-0.25892144049139737,973.2315477588056,-90,0.6416365729721535,0.7670088058324691,953.9738287935969,0.7836791319457219,-0.621165853981688,753.58358927402,-0.6151441218280977,0.7884146811040105,955.3894801718905
0.6416365729721535,0.7670088058324691,953.9738287935969,0.7836791319457219,-0.621165853981688,753.58358927402,-0.6151441218280977,0.7884146811040105,955.3894801718905,-90,0.9694216119538919,0.24540117823009305,949.726327023322,0.28310726718416884,-0.9590882520746001,771.561025610554,-0.05590838362968305,0.9984359031204337,936.7798675469121
0.9694216119538919,0.24540117823009305,949.726327023322,0.28310726718416884,-0.9590882520746001,771.561025610554,-0.05590838362968305,0.9984359031204337,936.7798675469121,90,0.760527693559648,0.6493054961486482,887.8195327100266,0.6726375906449212,-0.739972074913233,835.402228068282,-0.6015651606522306,0.7988237336793743,863.4627048468567
0.760527693559648,0.6493054961486482,887.8195327100266,0.6726375906449212,-0.739972074913233,835.402228068282,-0.6015651606522306,0.7988237336793743,863.4627048468567,0,0.7890523285863734,0.6143259906209584,845.8003861209639,0.644536050061142,-0.7645739206718871,884.7624614337859,-0.6508399506819983,0.7592149620471491,812.308309179693
0.7890523285863734,0.6143259906209584,845.8003861209639,0.644536050061142,-0.7645739206718871,884.7624614337859,-0.6508399506819983,0.7592149620471491,812.308309179693,-90,0.8963554725828677,-0.44333606527187003,868.6865856110974,-0.34100164867455685,-0.9400626976969324,930.0013849563163,0.3772775799425905,0.926100225500816,767.3725457824684
0.8963554725828677,-0.44333606527187003,868.6865856110974,-0.34100164867455685,-0.9400626976969324,930.0013849563163,0.3772775799425905,0.926100225500816,767.3725457824684,-90,-0.3646918415721746,-0.9311282729520654,911.9164807463949,-0.9716635300289317,0.2363683236216635,911.9987154513377,0.9273016858943621,-0.3743148184850203,789.5060860163715
-0.3646918415721746,-0.9311282729520654,911.9164807463949,-0.9716635300289317,0.2363683236216635,911.9987154513377,0.9273016858943621,-0.3743148184850203,789.5060860163715,-90,-0.9998516661403651,-0.017223406060818885,908.4038614940054,-0.0834288590690297,0.9965137357178977,846.5843700288945,-0.0573194031194969,-0.9983558914665774,854.6905589610898
-0.9998516661403651,-0.017223406060818885,908.4038614940054,-0.0834288590690297,0.9965137357178977,846.5843700288945,-0.0573194031194969,-0.9983558914665774,854.6905589610898,90,-0.41449969867116737,-0.9100494490968671,964.8627874666686,-0.9503194729128667,0.31127624291392897,828.1541635697725,0.831850776343123,-0.5549993566639005,884.6805833960353
-0.41449969867116737,-0.9100494490968671,964.8627874666686,-0.9503194729128667,0.31127624291392897,828.1541635697725,0.831850776343123,-0.5549993566639005,884.6805833960353,45,-0.03694659049108408,-0.9993172416460572,1048.8674997542873,-0.9852771319082424,-0.17096483070698446,839.5766028426531,0.9578477599803255,-0.28727629331476856,903.9653931654741
-0.03694659049108408,-0.9993172416460572,1048.8674997542873,-0.9852771319082424,-0.17096483070698446,839.5766028426531,0.9578477599803255,-0.28727629331476856,903.9653931654741,90,0.7993749945905303,-0.6008324375592496,1097.6255106023184,-0.3280788987485626,-0.944650324827092,924.6397793330115,0.7863159107712875,0.6178246421663032,843.7348407675245
0.7993749945905303,-0.6008324375592496,1097.6255106023184,-0.3280788987485626,-0.944650324827092,924.6397793330115,0.7863159107712875,0.6178246421663032,843.7348407675245,0,0.7648901212975904,-0.6441607736748315,1147.9742642143594,-0.30205766538895257,-0.9532896552358971,1001.4031112886058,0.8325574893019672,0.5539386491365311,796.2536475888196
0.7648901212975904,-0.6441607736748315,1147.9742642143594,-0.30205766538895257,-0.9532896552358971,1001.4031112886058,0.8325574893019672,0.5539386491365311,796.2536475888196,90,0.8900214997792795,0.4559185562473215,1117.681008672766,0.7599238910466717,-0.6500120612853935,1033.9527751052133,-0.25170391586339047,0.9678042874150926,742.5119239094895
0.8900214997792795,0.4559185562473215,1117.681008672766,0.7599238910466717,-0.6500120612853935,1033.9527751052133,-0.25170391586339047,0.9678042874150926,742.5119239094895,-90,0.5444921042855086,-0.8387659675801938,1134.499580813298,-0.5541832939734828,-0.8323946640150334,1045.735772968272,0.9434022632040299,0.33165067432694045,740.7665346555208
0.5444921042855086,-0.8387659675801938,1134.499580813298,-0.5541832939734828,-0.8323946640150334,1045.735772968272,0.9434022632040299,0.33165067432694045,740.7665346555208,90,0.8890042751618468,0.4578988957662591,1108.3094353027689,0.7706681355319407,-0.637236710238607,1069.7322676170625,-0.2917580822426691,0.9564921439541885,698.779310212561
0.8890042751618468,0.4578988957662591,1108.3094353027689,0.7706681355319407,-0.637236710238607,1069.7322676170625,-0.2917580822426691,0.9564921439541885,698.779310212561,90,0.13812539274393004,0.9904147494253784,1085.8703437298268,0.9696507798614299,0.2444941003666977,1062.3344762323832,-0.9595414441387319,0.2815674288339417,693.8118501380126
0.13812539274393004,0.9904147494253784,1085.8703437298268,0.9696507798614299,0.2444941003666977,1062.3344762323832,-0.9595414441387319,0.2815674288339417,693.8118501380126,-45,0.7876490220170227,0.6161241904970358,1056.3508945873698,0.865654841266775,-0.5006412845455261,1087.0086570471904,-0.5565483071352314,0.8308152513193942,652.254254486344
0.7876490220170227,0.6161241904970358,1056.3508945873698,0.865654841266775,-0.5006412845455261,1087.0086570471904,-0.5565483071352314,0.8308152513193942,652.254254486344,-90,0.97579433478302,0.2186902288749169,1053.6846996158015,0.5722120467875729,-0.8201057087419746,1098.8136976778374,-0.16198762185207752,0.9867927899851662,638.2856462466013
0.97579433478302,0.2186902288749169,1053.6846996158015,0.5722120467875729,-0.8201057087419746,1098.8136976778374,-0.16198762185207752,0.9867927899851662,638.2856462466013,-90,0.9384359779059173,-0.34545320286800746,1059.8568999269005,0.05121763237311756,-0.9986875157596055,1116.7719589614792,0.39473298542897456,0.9187958806037002,621.7686453357551
0.9384359779059173,-0.34545320286800746,1059.8568999269005,0.05121763237311756,-0.9986875157596055,1116.7719589614792,0.39473298542897456,0.9187958806037002,621.7686453357551,-90,0.6186796947839555,-0.785643325728687,1073.8602335768321,-0.463804847133498,-0.8859373926951456,1131.9809509252743,0.8252527964746481,0.5647635097195755,612.1547200321896
0.6186796947839555,-0.785643325728687,1073.8602335768321,-0.463804847133498,-0.8859373926951456,1131.9809509252743,0.8252527964746481,0.5647635097195755,612.1547200321896,-45,0.36165954692310087,-0.9323102338381669,1092.6240706102317,-0.6891625747534669,-0.7246067523554912,1146.350958335567,0.9615693099889878,0.2745623100268895,606.4761822832554
0.36165954692310087,-0.9323102338381669,1092.6240706102317,-0.6891625747534669,-0.7246067523554912,1146.350958335567,0.9615693099889878,0.2745623100268895,606.4761822832554,45,0.5215156272287088,-0.8532417304353125,1105.5378129311835,-0.5373870409146628,-0.8433357387523563,1159.2272183746654,0.9041420075121749,0.4272320566762919,599.7160793414367
0.5215156272287088,-0.8532417304353125,1105.5378129311835,-0.5373870409146628,-0.8433357387523563,1159.2272183746654,0.9041420075121749,0.4272320566762919,599.7160793414367,-45,0.24909876343545811,-0.9684780875450542,1126.444835891817,-0.7482684912847579,-0.6633960091456929,1173.3632925515196,0.9935584368490967,0.11332092730815169,596.9740767465057
0.24909876343545811,-0.9684780875450542,1126.444835891817,-0.7482684912847579,-0.6633960091456929,1173.3632925515196,0.9935584368490967,0.11332092730815169,596.9740767465057,90,0.690723026313981,-0.7231194236913123,1140.32620596083,-0.3119368492075345,-0.950102837647839,1192.6025993603323,0.8194956269142664,0.5730854364476501,584.6846124202531
0.690723026313981,-0.7231194236913123,1140.32620596083,-0.3119368492075345,-0.950102837647839,1192.6025993603323,0.8194956269142664,0.5730854364476501,584.6846124202531,90,0.9988326042542743,0.0483055760614052,1134.177347462177,0.5333965146106323,-0.8458653310079741,1239.7633062388722,0.05575647787145974,0.9984443976383309,527.1750520428105
0.9988326042542743,0.0483055760614052,1134.177347462177,0.5333965146106323,-0.8458653310079741,1239.7633062388722,0.05575647787145974,0.9984443976383309,527.1750520428105,-45,0.9580655851925484,-0.2865490088443158,1150.256612790624,0.25981500861614115,-0.9656584081846926,1299.2006909129013,0.37706865513369214,0.9261853104620418,469.5221776109836
0.9580655851925484,-0.2865490088443158,1150.256612790624,0.25981500861614115,-0.9656584081846926,1299.2006909129013,0.37706865513369214,0.9261853104620418,469.5221776109836,90,0.37143456270517555,0.9284591351416684,1093.6405769566388,0.9898245908936599,0.14229293468826495,1283.2387897683152,-0.9423825228253278,0.33453726350493534,452.6705994054065
0.37143456270517555,0.9284591351416684,1093.6405769566388,0.9898245908936599,0.14229293468826495,1283.2387897683152,-0.9423825228253278,0.33453726350493534,452.6705994054065,45,-0.4287859830907233,0.9034060995504303,1078.8954014901444,0.5804377239670558,0.8143046411484733,1267.9905391431673,-0.875023653685303,-0.4840801643232482,462.57644487866
-0.4287859830907233,0.9034060995504303,1078.8954014901444,0.5804377239670558,0.8143046411484733,1267.9905391431673,-0.875023653685303,-0.4840801643232482,462.57644487866,-45,0.17769093011402645,0.9840863444613039,1017.1641334650618,0.9570656758293045,0.28987116474288493,1250.4544751440294,-0.9994600668610364,-0.032856882842604886,458.0130941444033
0.17769093011402645,0.9840863444613039,1017.1641334650618,0.9570656758293045,0.28987116474288493,1250.4544751440294,-0.9994600668610364,-0.032856882842604886,458.0130941444033,-45,0.40667272930045206,0.913573911209882,996.2388760176398,0.9989936337472316,0.04485219874768833,1249.3166044237505,-0.9889758440801973,0.1480769388725376,453.9646440956498
0.40667272930045206,0.913573911209882,996.2388760176398,0.9989936337472316,0.04485219874768833,1249.3166044237505,-0.9889758440801973,0.1480769388725376,453.9646440956498,45,-0.3021567686636398,0.9532582478797378,984.3244396427684,0.7256506787746159,0.6880632909797901,1239.6310590163712,-0.82858754792715,-0.5598595140033552,461.98021870860447
-0.3021567686636398,0.9532582478797378,984.3244396427684,0.7256506787746159,0.6880632909797901,1239.6310590163712,-0.82858754792715,-0.5598595140033552,461.98021870860447,-90,0.34450127610550213,0.9387858492551326,973.110847125095,0.9954806609982408,0.09496448588027835,1238.9244047933353,-0.999437637282808,0.0335322111194353,460.9101439462143
0.34450127610550213,0.9387858492551326,973.110847125095,0.9954806609982408,0.09496448588027835,1238.9244047933353,-0.999437637282808,0.0335322111194353,460.9101439462143,0,0.3651434064664321,0.9309512837490961,918.2560613095783,0.9988679985538063,0.04756807190872141,1234.5702548384113,-0.9956696808661579,-0.09296174806813381,462.83460775073854
0.3651434064664321,0.9309512837490961,918.2560613095783,0.9988679985538063,0.04756807190872141,1234.5702548384113,-0.9956696808661579,-0.09296174806813381,462.83460775073854,0,0.37647193190605643,0.9264280244503195,897.865407136515,0.9996475112028866,0.026549074294118083,1233.7290339991273,-0.9906575340458085,-0.13637320205332779,465.3799838115301
0.37647193190605643,0.9264280244503195,897.865407136515,0.9996475112028866,0.026549074294118083,1233.7290339991273,-0.9906575340458085,-0.13637320205332779,465.3799838115301,-90,0.8183440086941899,0.5747287042025339,883.8157387936978,0.8575825445219223,-0.5143463612501843,1246.5465976606931,-0.9345052070818941,0.3559494598069033,455.6910577786775
0.8183440086941899,0.5747287042025339,883.8157387936978,0.8575825445219223,-0.5143463612501843,1246.5465976606931,-0.9345052070818941,0.3559494598069033,455.6910577786775,45,0.647066233514975,0.7624337934829121,848.4997658622246,0.9589374056661376,-0.28361779213282357,1258.2735206099865,-0.999726138882475,-0.02340186392444988,454.88268011460934
0.647066233514975,0.7624337934829121,848.4997658622246,0.9589374056661376,-0.28361779213282357,1258.2735206099865,-0.999726138882475,-0.02340186392444988,454.88268011460934,90,-0.5293736153323877,0.8483888114478627,793.0325848276665,0.6226742999364008,0.7824811283339127,1203.8503730108862,-0.2902372218878822,-0.9569547298753501,518.9558368478478
-0.5293736153323877,0.8483888114478627,793.0325848276665,0.6226742999364008,0.7824811283339127,1203.8503730108862,-0.2902372218878822,-0.9569547298753501,518.9558368478478,90,-0.786611751628554,-0.6174479348089668,825.5158017892632,-0.8401679118707754,0.5423263591811678,1180.7113529579403,0.9485791377902563,-0.3165400754234667,527.8246858605327
-0.786611751628554,-0.6174479348089668,825.5158017892632,-0.8401679118707754,0.5423263591811678,1180.7113529579403,0.9485791377902563,-0.3165400754234667,527.8246858605327,-90,-0.9918169767584673,0.12766786836825517,811.7738364069206,-0.1260934399088074,0.9920183689891856,1111.4013323164634,0.3262795523839823,-0.9452733222174993,593.8528112881255
-0.9918169767584673,0.12766786836825517,811.7738364069206,-0.1260934399088074,0.9920183689891856,1111.4013323164634,0.3262795523839823,-0.9452733222174993,593.8528112881255,-45,-0.9370644698348325,0.3491563824035932,802.843429581061,0.13345188985968384,0.9910552926516657,1086.7626660966414,0.07178493805779836,-0.9974201334783843,618.6246458244935
-0.9370644698348325,0.3491563824035932,802.843429581061,0.13345188985968384,0.9910552926516657,1086.7626660966414,0.07178493805779836,-0.9974201334783843,618.6246458244935,45,-0.9232952478443529,-0.38409098571566985,832.2734384357605,-0.5352195741421879,0.8447129734146712,1017.1940013221094,0.6025439366007745,-0.7980857124805842,681.2309596059795
-0.9232952478443529,-0.38409098571566985,832.2734384357605,-0.5352195741421879,0.8447129734146712,1017.1940013221094,0.6025439366007745,-0.7980857124805842,681.2309596059795,0,-0.9121150192394004,-0.40993437484298406,842.2138214222974,-0.5472384038220057,0.8369767794761952,996.2570958315678,0.5859514833392666,-0.8103461354091306,701.2535810922819
-0.9121150192394004,-0.40993437484298406,842.2138214222974,-0.5472384038220057,0.8369767794761952,996.2570958315678,0.5859514833392666,-0.8103461354091306,701.2535810922819,0,-0.8843265719264918,-0.4668688404517262,868.4748583883461,-0.5763528648054357,0.8172009393231062,946.8499499142712,0.5479557490344965,-0.8365073204103141,750.4531615315227
-0.8843265719264918,-0.4668688404517262,868.4748583883461,-0.5763528648054357,0.8172009393231062,946.8499499142712,0.5479557490344965,-0.8365073204103141,750.4531615315227,-90,-0.7545881401656083,0.6561987036876927,858.184308669548,0.5689363619919526,0.8223815513515377,938.7744711306492,-0.5785023103509457,-0.8156807444819438,758.3104137796277
-0.7545881401656083,0.6561987036876927,858.184308669548,0.5689363619919526,0.8223815513515377,938.7744711306492,-0.5785023103509457,-0.8156807444819438,758.3104137796277,45,-0.9149026793628904,0.40367448184719856,848.8528804182683,0.3313621834729241,0.9435036318764524,916.723454807605,-0.32594278215687883,-0.9453894979106936,780.339759716491
-0.9149026793628904,0.40367448184719856,848.8528804182683,0.3313621834729241,0.9435036318764524,916.723454807605,-0.32594278215687883,-0.9453894979106936,780.339759716491,0,-0.9531361212872376,0.3025417893407791,816.4658430411857,0.3643682683071426,0.9312549409537939,827.5307013355784,-0.29236105241936833,-0.95630801263413,870.7591773004485
-0.9531361212872376,0.3025417893407791,816.4658430411857,0.3643682683071426,0.9312549409537939,827.5307013355784,-0.29236105241936833,-0.95630801263413,870.7591773004485,45,-0.9998883052579691,0.014945802365425311,816.0725826389535,0.11127285366897667,0.9937898933056034,804.6225401609202,-0.03194606446015841,-0.9994895942257265,893.7734053634688
-0.9998883052579691,0.014945802365425311,816.0725826389535,0.11127285366897667,0.9937898933056034,804.6225401609202,-0.03194606446015841,-0.9994895942257265,893.7734053634688,90,-0.5564603545485948,-0.8308741624431778,862.385263119603,-0.78656417368088,0.6175085430030214,771.9625522302665,0.7709964215994353,-0.6368394757557557,925.2233535994792
-0.5564603545485948,-0.8308741624431778,862.385263119603,-0.78656417368088,0.6175085430030214,771.9625522302665,0.7709964215994353,-0.6368394757557557,925.2233535994792,45,-0.2376475578207373,-0.971351449405332,924.1611330396872,-0.9682389666946576,0.25002660533243615,753.7529832917402,0.9128796289124924,-0.4082288367038642,949.2148712600316
-0.2376475578207373,-0.971351449405332,924.1611330396872,-0.9682389666946576,0.25002660533243615,753.7529832917402,0.9128796289124924,-0.4082288367038642,949.2148712600316,45,0.046690557383377886,-0.9989094012227683,947.21923315749,-0.9978143342943515,-0.06607990826809641,755.3571047282625,0.9878027205593873,-0.15571058170680904,952.1116344544181
0.046690557383377886,-0.9989094012227683,947.21923315749,-0.9978143342943515,-0.06607990826809641,755.3571047282625,0.9878027205593873,-0.15571058170680904,952.1116344544181,0,0.04446388062019511,-0.9990109925922702,1010.6658635336886,-0.9887307375452293,-0.1497048049772176,762.4211222889201,0.9757663647499497,-0.2188149935965726,963.8232699578779
0.04446388062019511,-0.9990109925922702,1010.6658635336886,-0.9887307375452293,-0.1497048049772176,762.4211222889201,0.9757663647499497,-0.2188149935965726,963.8232699578779,-45,-0.1644348072656341,-0.98638795317031,1031.901338212436,-0.9993954622185875,0.03476650826435825,761.2367120709671,0.8987257954537575,-0.43851105412065816,973.2001663607629
-0.1644348072656341,-0.98638795317031,1031.901338212436,-0.9993954622185875,0.03476650826435825,761.2367120709671,0.8987257954537575,-0.43851105412065816,973.2001663607629,0,-0.15626872768903913,-0.9877145765586579,1083.8024867014606,-0.9993889402986146,-0.03495348350039163,761.7350130985641,0.8772269203182542,-0.4800759630193448,996.8889076423056
-0.15626872768903913,-0.9877145765586579,1083.8024867014606,-0.9993889402986146,-0.03495348350039163,761.7350130985641,0.8772269203182542,-0.4800759630193448,996.8889076423056,90,0.7142426119139897,-0.6998982006879871,1095.1413194917309,-0.5300493057200499,-0.8479668233520066,779.4639886858722,0.9004297333451353,0.4350014888572319,985.8897370690546
0.7142426119139897,-0.6998982006879871,1095.1413194917309,-0.5300493057200499,-0.8479668233520066,779.4639886858722,0.9004297333451353,0.4350014888572319,985.8897370690546,-90,-0.18861781687042956,-0.9820505685345501,1153.8522652878053,-0.9957509270111814,-0.09208741149784205,781.1741995930229,0.8272468007271726,-0.5618387052230004,1019.7293808211078
-0.18861781687042956,-0.9820505685345501,1153.8522652878053,-0.9957509270111814,-0.09208741149784205,781.1741995930229,0.8272468007271726,-0.5618387052230004,1019.7293808211078,90,0.9326993825066358,-0.36065476826425064,1154.8843476643883,-0.07860299449244423,-0.9969059982048563,794.7890893062133,0.6962169226394651,0.7178314541941117,1007.3648477489176
0.9326993825066358,-0.36065476826425064,1154.8843476643883,-0.07860299449244423,-0.9969059982048563,794.7890893062133,0.6962169226394651,0.7178314541941117,1007.3648477489176,90,0.6879279846468412,0.7257789525328875,1137.585863540445,0.885536607269192,-0.4645696042426461,801.0131065888123,-0.4193198715610658,0.9078385568557943,990.1392613804686
0.6879279846468412,0.7257789525328875,1137.585863540445,0.885536607269192,-0.4645696042426461,801.0131065888123,-0.4193198715610658,0.9078385568557943,990.1392613804686,45,0.43794416513848206,0.8990021736465146,1079.289134301189,0.9733321838484499,-0.22940021770871846,813.2681202534684,-0.7242580421311281,0.6895290337675312,944.6616301198064
0.43794416513848206,0.8990021736465146,1079.289134301189,0.9733321838484499,-0.22940021770871846,813.2681202534684,-0.7242580421311281,0.6895290337675312,944.6616301198064,-45,0.9262145974343359,0.3769967101972525,1064.7862996466943,0.5773163548034987,-0.8165205609636543,845.4117244959996,-0.11647580226668633,0.9931935297243593,905.73639869186
0.9262145974343359,0.3769967101972525,1064.7862996466943,0.5773163548034987,-0.8165205609636543,845.4117244959996,-0.11647580226668633,0.9931935297243593,905.73639869186,45,0.8380049996982258,0.5456625518402161,1052.7207497851698,0.7203387214139545,-0.693622466787019,859.9022834184417,-0.3259955056810788,0.9453713187291741,885.5722765693662
0.8380049996982258,0.5456625518402161,1052.7207497851698,0.7203387214139545,-0.693622466787019,859.9022834184417,-0.3259955056810788,0.9453713187291741,885.5722765693662,-90,0.8102617994637762,-0.5860680987135568,1063.5773118210636,-0.3702287070511828,-0.9289406356033788,873.4903194772796,0.7679773068761484,0.6404770535493509,877.2188200332457
0.8102617994637762,-0.5860680987135568,1063.5773118210636,-0.3702287070511828,-0.9289406356033788,873.4903194772796,0.7679773068761484,0.6404770535493509,877.2188200332457,-45,0.5952965930864238,-0.8035060461873929,1112.6188101433484,-0.5737209643792347,-0.8190508256706424,923.3226828605481,0.9370818849019931,0.34910964035461384,853.8057722250418
0.5952965930864238,-0.8035060461873929,1112.6188101433484,-0.5737209643792347,-0.8190508256706424,923.3226828605481,0.9370818849019931,0.34910964035461384,853.8057722250418,45,0.9919124255226142,-0.12692415094789686,1113.8938819613518,0.20673362763013262,-0.9783972645131862,944.4456894236587,0.3867777914799215,0.9221729447440509,833.0936923725505
0.9919124255226142,-0.12692415094789686,1113.8938819613518,0.20673362763013262,-0.9783972645131862,944.4456894236587,0.3867777914799215,0.9221729447440509,833.0936923725505,-45,0.5564104273972468,-0.8309075979214615,1156.6719336279584,-0.555328412656791,-0.8316311406483579,987.1757908511736,0.959298568842721,0.28239379564060385,816.9570135831138
0.5564104273972468,-0.8309075979214615,1156.6719336279584,-0.555328412656791,-0.8316311406483579,987.1757908511736,0.959298568842721,0.28239379564060385,816.9570135831138,90,0.7587413756204147,0.6513919902191313,1118.4549555145436,0.8840480563743569,-0.4673960141258395,1007.1158262657975,-0.45470908405374205,0.8906400220510007,771.1666275942184
0.7587413756204147,0.6513919902191313,1118.4549555145436,0.8840480563743569,-0.4673960141258395,1007.1158262657975,-0.45470908405374205,0.8906400220510007,771.1666275942184,-90,0.6415291259526373,-0.7670986771950824,1160.4963508097558,-0.43234740035761815,-0.9017071173080589,1050.4389655009757,0.9123937127950914,0.40931370958225705,753.5333968994074
0.6415291259526373,-0.7670986771950824,1160.4963508097558,-0.43234740035761815,-0.9017071173080589,1050.4389655009757,0.9123937127950914,0.40931370958225705,753.5333968994074,-45,-0.22600144955777557,-0.9741269654402265,1221.7685040937379,-0.9701825715821879,-0.2423752829769835,1063.1176593375965,0.8336379735636895,-0.5523112610047213,787.347469415791
-0.22600144955777557,-0.9741269654402265,1221.7685040937379,-0.9701825715821879,-0.2423752829769835,1063.1176593375965,0.8336379735636895,-0.5523112610047213,787.347469415791,-90,-0.6503572313009415,-0.7596285090059309,1269.3425474143771,-0.9777204555056263,0.2099111976190661,1045.7182903040475,0.4230029124801951,-0.9061283220566899,846.8278825572645
-0.6503572313009415,-0.7596285090059309,1269.3425474143771,-0.9777204555056263,0.2099111976190661,1045.7182903040475,0.4230029124801951,-0.9061283220566899,846.8278825572645,90,0.7260910616529448,-0.687598553072721,1273.1577156757683,-0.25197629410314515,-0.9677334070962132,1057.366657779949,0.9264897507236417,0.37631999920817955,838.2184494418743
0.7260910616529448,-0.687598553072721,1273.1577156757683,-0.25197629410314515,-0.9677334070962132,1057.366657779949,0.9264897507236417,0.37631999920817955,838.2184494418743,-90,-0.35359327340726315,-0.9353992714350041,1287.96590087361,-0.9885275415688936,-0.15104072152820033,1057.32946701261,0.692083668434194,-0.7218172870516948,851.9872779643896
-0.35359327340726315,-0.9353992714350041,1287.96590087361,-0.9885275415688936,-0.15104072152820033,1057.32946701261,0.692083668434194,-0.7218172870516948,851.9872779643896,90,0.9488137630071827,-0.3158361016859059,1296.9305078241086,0.21338937945372094,-0.9769672321712515,1106.8773473718306,0.6908810504357218,0.7229684461640311,808.7934854614618
0.9488137630071827,-0.3158361016859059,1296.9305078241086,0.21338937945372094,-0.9769672321712515,1106.8773473718306,0.6908810504357218,0.7229684461640311,808.7934854614618,45,0.9934379607469712,-0.1143722787518864,1298.3953008093993,0.4147799996570891,-0.9099217284384769,1120.976126937559,0.526028427193632,0.8504669857109056,795.3468910883666
0.9934379607469712,-0.1143722787518864,1298.3953008093993,0.4147799996570891,-0.9099217284384769,1120.976126937559,0.526028427193632,0.8504669857109056,795.3468910883666,45,0.9914866371048869,0.1302084806855617,1285.8503909247063,0.6347913063244242,-0.7726836334586952,1178.8183014532901,0.272576699439396,0.9621340566276225,721.3428226864256
0.9914866371048869,0.1302084806855617,1285.8503909247063,0.6347913063244242,-0.7726836334586952,1178.8183014532901,0.272576699439396,0.9621340566276225,721.3428226864256,-90,0.07484016935694845,-0.9971955420330675,1363.322967597704,-0.7734412457736606,-0.6338679983530389,1223.4755714681885,0.9106864788831919,-0.4130982173519196,753.2876701363231
0.07484016935694845,-0.9971955420330675,1363.322967597704,-0.7734412457736606,-0.6338679983530389,1223.4755714681885,0.9106864788831919,-0.4130982173519196,753.2876701363231,0,0.06422994847983814,-0.9979351250047657,1400.7009430887415,-0.764148069386779,-0.6450408731642192,1247.3254314611283,0.8875162235160952,-0.460776467493435,769.7884462433104
-0.7391272727713795,0.6735657908812938,1318.0566643164398,0.19067936782619768,0.981652371608912,1101.6498946348518,-0.93483996372981,-0.35506934845695615,834.979574809456,90,-0.9175074188051083,-0.3977186649348853,1343.6598887234893,-0.8198069187521372,0.5726400404845323,1066.75435624347,-0.09761008273017384,-0.9952247342934201,896.9671881202901
-0.9175074188051083,-0.3977186649348853,1343.6598887234893,-0.8198069187521372,0.5726400404845323,1066.75435624347,-0.09761008273017384,-0.9952247342934201,896.9671881202901,90,0.13054002574283283,-0.9914430400578041,1397.504018159719,-0.7472594024467729,-0.6645324562840342,1104.250279951316,0.9108644572430236,-0.4127056342374939,915.7956326454937
0.13054002574283283,-0.9914430400578041,1397.504018159719,-0.7472594024467729,-0.6645324562840342,1104.250279951316,0.9108644572430236,-0.4127056342374939,915.7956326454937,90,0.964138481789116,-0.26539967583510454,1416.105003705548,0.35140187510325765,-0.9362247177755534,1186.9919045721792,0.7400729766279618,0.6725265714193218,851.0836043068213
0.964138481789116,-0.26539967583510454,1416.105003705548,0.35140187510325765,-0.9362247177755534,1186.9919045721792,0.7400729766279618,0.6725265714193218,851.0836043068213,0,0.9516120090788094,-0.3073021057151937,1433.8552221201205,0.33313475631127354,-0.9428792256367877,1245.4833270667016,0.7782588281634023,0.6279436251652912,810.476155109538
-0.9991680893166478,0.04078148221091767,1423.7697511532403,-0.5363877296212777,0.8439716840698692,1080.990723502732,-0.586576269395152,-0.8098939931759379,968.8819867759747,0,-0.9997195467383835,-0.023681804601866984,1423.5595304054552,-0.5806840974313134,0.8141289695069086,1026.5910074650956,-0.5409874940860883,-0.8410306363281035,1023.4439000786512
-0.9997195467383835,-0.023681804601866984,1423.5595304054552,-0.5806840974313134,0.8141289695069086,1026.5910074650956,-0.5409874940860883,-0.8410306363281035,1023.4439000786512,0,-0.9961703128874032,-0.08743401924773504,1428.433720216423,-0.6262383832640636,0.7796316356631585,965.804956008888,-0.5004386871858958,-0.865771979430876,1089.2392634546966
-0.9961703128874032,-0.08743401924773504,1428.433720216423,-0.6262383832640636,0.7796316356631585,965.804956008888,-0.5004386871858958,-0.865771979430876,1089.2392634546966,-90,-0.23818023260518606,0.9712209721768468,1411.7524643746438,0.6857963002623658,0.7277935384066356,956.2296275831868,-0.9363887268857553,0.3509646024334569,1080.1469069843602
-0.23818023260518606,0.9712209721768468,1411.7524643746438,0.6857963002623658,0.7277935384066356,956.2296275831868,-0.9363887268857553,0.3509646024334569,1080.1469069843602,-45,0.04883794929397118,0.9988067153902999,1346.5997212873506,0.8929065768145517,0.4502419850272953,924.9785777904102,-0.8277467479502297,0.5611018813529491,1042.3036838518658
0.04883794929397118,0.9988067153902999,1346.5997212873506,0.8929065768145517,0.4502419850272953,924.9785777904102,-0.8277467479502297,0.5611018813529491,1042.3036838518658,-90,0.8971725821843984,0.4416801532518513,1341.4203230680905,0.8260957160892382,-0.5635298287216116,937.0947887701116,0.08088807029517764,0.9967231913043473,1025.1936417770548
0.8971725821843984,0.4416801532518513,1341.4203230680905,0.8260957160892382,-0.5635298287216116,937.0947887701116,0.08088807029517764,0.9967231913043473,1025.1936417770548,-90,0.8722442808495048,-0.48907045967358337,1370.8167310143833,0.04075202685071722,-0.9991692911151535,996.5188759019871,0.8736953185306661,0.4864735248475481,996.2534366459972
0.8722442808495048,-0.48907045967358337,1370.8167310143833,0.04075202685071722,-0.9991692911151535,996.5188759019871,0.8736953185306661,0.4864735248475481,996.2534366459972,0,0.852084434995694,-0.5234043519479648,1403.4760716897526,0.038561920829225244,-0.9992562125210733,1061.0389077718592,0.9004403160949568,0.4349795824528025,966.4337141292723
0.852084434995694,-0.5234043519479648,1403.4760716897526,0.038561920829225244,-0.9992562125210733,1061.0389077718592,0.9004403160949568,0.4349795824528025,966.4337141292723,0,0.8264843555214675,-0.5629596877914657,1447.1759133783632,0.03609763566042664,-0.9993482679725457,1141.4656386692068,0.9313485631835354,0.364128897309681,934.1811196242942
0.8264843555214675,-0.5629596877914657,1447.1759133783632,0.03609763566042664,-0.9993482679725457,1141.4656386692068,0.9313485631835354,0.364128897309681,934.1811196242942,-45,0.6835650047615561,-0.7298896384148317,1465.6017444536562,-0.16761314988683446,-0.985852844995141,1166.3181012680889,0.9905541362140914,0.13712222004166705,930.5332628904783
0.29923082374953136,0.9541807554746516,1306.2387148389762,0.9705777498784678,0.24078793873624654,1121.563328637389,-0.7296493372836893,0.6838215005405087,802.3882228349192,-90,0.999729600441833,-0.023253515872074824,1307.474304831877,0.5232376517885413,-0.8521868103595673,1193.9822183749638,0.44063421534914776,0.8976867428360746,726.290036965674
0.999729600441833,-0.023253515872074824,1307.474304831877,0.5232376517885413,-0.8521868103595673,1193.9822183749638,0.44063421534914776,0.8976867428360746,726.290036965674,-45,0.5894791764200337,-0.8077835728505246,1381.0720890591083,-0.29766567525648624,-0.9546701764348251,1280.3943592417493,0.9937224739230046,0.1118733427602103,711.8348370079185
0.5894791764200337,-0.8077835728505246,1381.0720890591083,-0.29766567525648624,-0.9546701764348251,1280.3943592417493,0.9937224739230046,0.1118733427602103,711.8348370079185,90,0.9813739629307809,0.19210711824795595,1366.7476376568143,0.7431241141824314,-0.6691536078663678,1317.1617034519652,0.3010824077218685,0.9535981248725285,655.4520768450451
0.9813739629307809,0.19210711824795595,1366.7476376568143,0.7431241141824314,-0.6691536078663678,1317.1617034519652,0.3010824077218685,0.9535981248725285,655.4520768450451,0,0.9895542757666405,0.14416079672351856,1355.6081370570098,0.7184320357403702,-0.6955971607345357,1364.0684820254357,0.33377308439186115,0.9426534507100388,590.7609848789754
0.9895542757666405,0.14416079672351856,1355.6081370570098,0.7184320357403702,-0.6955971607345357,1364.0684820254357,0.33377308439186115,0.9426534507100388,590.7609848789754,90,0.8229842163774427,0.5680642389673959,1343.6846417651502,0.9517132125158472,-0.306988535816512,1369.3049391992786,-0.13623800118683013,0.9906761362991526,571.2712985224621
0.8229842163774427,0.5680642389673959,1343.6846417651502,0.9517132125158472,-0.306988535816512,1369.3049391992786,-0.13623800118683013,0.9906761362991526,571.2712985224621,0,0.8465955644310307,0.5322367427054474,1311.9018086680846,0.9365043645506563,-0.35065592134964935,1388.0704922973443,-0.14450508808543464,0.9895040573526825,514.3571867745138
0.8465955644310307,0.5322367427054474,1311.9018086680846,0.9365043645506563,-0.35065592134964935,1388.0704922973443,-0.14450508808543464,0.9895040573526825,514.3571867745138,45,0.6872297536046434,0.7264401322617722,1266.061902006442,0.9929961204853618,-0.11814696230128308,1393.7512330800537,-0.46699021622204173,0.884262482497641,458.91805337355163
0.6872297536046434,0.7264401322617722,1266.061902006442,0.9929961204853618,-0.11814696230128308,1393.7512330800537,-0.46699021622204173,0.884262482497641,458.91805337355163,45,0.2512620435448742,0.9679191006864436,1244.1980041850936,0.9307925384431919,0.3655478769990044,1384.3804800769801,-0.8604632368461054,0.5095125298128822,448.13760567282236
0.2512620435448742,0.9679191006864436,1244.1980041850936,0.9307925384431919,0.3655478769990044,1384.3804800769801,-0.8604632368461054,0.5095125298128822,448.13760567282236,90,-0.8357235651899987,0.5491503642775065,1213.3898475032663,-0.008166947902187992,0.9999666499248677,1324.7936148789365,-0.7259720608725772,-0.6877241938687508,489.8846007214352
-0.8357235651899987,0.5491503642775065,1213.3898475032663,-0.008166947902187992,0.9999666499248677,1324.7936148789365,-0.7259720608725772,-0.6877241938687508,489.8846007214352,-45,-0.4064109524609195,0.9136903948930448,1194.6702795960564,0.5461337721225342,0.8376979783592723,1308.2235729989427,-0.9755377436066203,-0.21983200585652662,493.25575206997837
-0.4064109524609195,0.9136903948930448,1194.6702795960564,0.5461337721225342,0.8376979783592723,1308.2235729989427,-0.9755377436066203,-0.21983200585652662,493.25575206997837,-90,0.1329502651335258,0.9911227103648292,1173.7025536672397,0.9093563932530744,0.4160179684217497,1299.720310099446,-0.9592524360137517,0.2825504627525555,486.3497553047601
0.1329502651335258,0.9911227103648292,1173.7025536672397,0.9093563932530744,0.4160179684217497,1299.720310099446,-0.9592524360137517,0.2825504627525555,486.3497553047601,0,0.13154562286778848,0.9913101175234346,1103.3245085315561,0.9256172974676201,0.37846085481690095,1271.6621607669233,-0.9913685733767813,0.13110435431703032,471.3936901639647
0.13154562286778848,0.9913101175234346,1103.3245085315561,0.9256172974676201,0.37846085481690095,1271.6621607669233,-0.9913685733767813,0.13110435431703032,471.3936901639647,90,-0.35768366689633274,0.933842810346363,1084.1017247707753,0.6461575859883117,0.7632040186409906,1255.1076087933536,-0.9215051758607617,-0.3883660784129152,479.91364811908613
-0.35768366689633274,0.933842810346363,1084.1017247707753,0.6461575859883117,0.7632040186409906,1255.1076087933536,-0.9215051758607617,-0.3883660784129152,479.91364811908613,-45,0.4747573657719386,0.8801167216030438,1066.8033852190197,0.9999988352768112,0.0015262519519853022,1256.168660138741,-0.9154814463906434,0.4023601885307434,470.2678627279989
0.4747573657719386,0.8801167216030438,1066.8033852190197,0.9999988352768112,0.0015262519519853022,1256.168660138741,-0.9154814463906434,0.4023601885307434,470.2678627279989,45,0.2752431817126777,0.9613746360918213,1043.0083990434018,0.9791936867337242,0.2029278784711881,1250.7206084793997,-0.9902093549628908,0.1395902336984066,466.40115831232663
0.2752431817126777,0.9613746360918213,1043.0083990434018,0.9791936867337242,0.2029278784711881,1250.7206084793997,-0.9902093549628908,0.1395902336984066,466.40115831232663,-90,0.9999016820508055,0.014022347591250262,1043.3322693519501,0.5055885216718367,-0.8627747369700197,1299.997778563906,-0.22615298033371015,0.9740917972584414,411.250464159118
0.9999016820508055,0.014022347591250262,1043.3322693519501,0.5055885216718367,-0.8627747369700197,1299.997778563906,-0.22615298033371015,0.9740917972584414,411.250464159118,45,0.7703411410546854,0.6376319678298488,1004.3601194021595,0.934949551552484,-0.35478068725877526,1319.2319771160492,-0.879980592420737,0.47500963881046526,380.40637408634467
0.7703411410546854,0.6376319678298488,1004.3601194021595,0.934949551552484,-0.35478068725877526,1319.2319771160492,-0.879980592420737,0.47500963881046526,380.40637408634467,-45,0.9999341698839556,0.011474140424656658,1003.9240149833303,0.5264211801559905,-0.8502239358446539,1356.000968974672,-0.4699941121129633,0.8826695500464187,341.6334700527014
0.9999341698839556,0.011474140424656658,1003.9240149833303,0.5264211801559905,-0.8502239358446539,1356.000968974672,-0.4699941121129633,0.8826695500464187,341.6334700527014,45,0.784225636912601,0.6204757452221845,973.8582342412267,0.9377657880181306,-0.34726837866804766,1371.2239278832033,-0.9680101094221,0.2509111955585364,327.17998166061443
0.784225636912601,0.6204757452221845,973.8582342412267,0.9377657880181306,-0.34726837866804766,1371.2239278832033,-0.9680101094221,0.2509111955585364,327.17998166061443,45,0.43174222149391106,0.9019970366800008,954.1496415658552,0.9956016117880292,0.09368794268783136,1368.519264935737,-0.9628243919627731,-0.2701280996888629,332.85374941594097
0.43174222149391106,0.9019970366800008,954.1496415658552,0.9956016117880292,0.09368794268783136,1368.519264935737,-0.9628243919627731,-0.2701280996888629,332.85374941594097,45,0.20915231412786126,0.9778830755744576,930.4289261252791,0.9499125584650484,0.3125158096327065,1360.5150445954796,-0.8392692361234614,-0.5437160557650854,345.6183828598242
0.20915231412786126,0.9778830755744576,930.4289261252791,0.9499125584650484,0.3125158096327065,1360.5150445954796,-0.8392692361234614,-0.5437160557650854,345.6183828598242,45,-0.10453105072102478,0.9945216234125623,913.6554182810169,0.8131802305468502,0.582011952323809,1350.5147105286414,-0.607708832891152,-0.7941599174134099,358.9543471728125
-0.10453105072102478,0.9945216234125623,913.6554182810169,0.8131802305468502,0.582011952323809,1350.5147105286414,-0.607708832891152,-0.7941599174134099,358.9543471728125,-90,0.42613357031817967,0.9046602568079803,894.3639262916857,0.9974922757945524,0.0707754175558489,1349.2685843270347,-0.9056471892914741,-0.424032037148672,367.1208420287249
0.42613357031817967,0.9046602568079803,894.3639262916857,0.9974922757945524,0.0707754175558489,1349.2685843270347,-0.9056471892914741,-0.424032037148672,367.1208420287249,45,0.20903782879336588,0.977907555003721,872.2590751594907,0.9584118401716688,0.28538876049829903,1342.330173317314,-0.7531480782966068,-0.6578510258091328,381.8208666352456
0.20903782879336588,0.977907555003721,872.2590751594907,0.9584118401716688,0.28538876049829903,1342.330173317314,-0.7531480782966068,-0.6578510258091328,381.8208666352456,90,-0.3526464879215133,0.935756621433491,854.7333025288532,0.6654330268016877,0.7464575586338077,1327.3789731843276,-0.2757456822119929,-0.9612306272385637,400.4014715905525
-0.3526464879215133,0.935756621433491,854.7333025288532,0.6654330268016877,0.7464575586338077,1327.3789731843276,-0.2757456822119929,-0.9612306272385637,400.4014715905525,0,-0.3817884247024912,0.9242497491280104,793.4474146266405,0.6891464368350109,0.7246221005445586,1278.9473170454287,-0.23599418306699008,-0.9717544677327417,464.0755108575543
-0.3817884247024912,0.9242497491280104,793.4474146266405,0.6891464368350109,0.7246221005445586,1278.9473170454287,-0.23599418306699008,-0.9717544677327417,464.0755108575543,-45,-0.12146390952005359,0.9925958486131726,771.9618338983606,0.866442899807087,0.4992761774548093,1268.213906640248,-0.46967496076056753,-0.8828394141827602,482.93530932798853
-0.12146390952005359,0.9925958486131726,771.9618338983606,0.866442899807087,0.4992761774548093,1268.213906640248,-0.46967496076056753,-0.8828394141827602,482.93530932798853,0,-0.13441928429510794,0.9909245460728031,694.8050153665653,0.8927836800301165,0.4504856275974657,1231.1049709015608,-0.4111115021919095,-0.9115850661158901,552.8900083909392
-0.13441928429510794,0.9909245460728031,694.8050153665653,0.8927836800301165,0.4504856275974657,1231.1049709015608,-0.4111115021919095,-0.9115850661158901,552.8900083909392,90,-0.9942605736619073,0.10698556753831273,684.4283302564314,-0.1189327855686152,0.9929023076400265,1151.2163216605325,0.6376249073264615,-0.770346985167672,610.5804216134079
-0.9942605736619073,0.10698556753831273,684.4283302564314,-0.1189327855686152,0.9929023076400265,1151.2163216605325,0.6376249073264615,-0.770346985167672,610.5804216134079,0,-0.9998416616743854,0.01779470652199476,680.7102953463607,-0.12286833204065839,0.9924229808814116,1088.511105221499,0.5868257170422793,-0.8097132688907938,660.4139385192666
-0.9998416616743854,0.01779470652199476,680.7102953463607,-0.12286833204065839,0.9924229808814116,1088.511105221499,0.5868257170422793,-0.8097132688907938,660.4139385192666,90,-0.42646779676229657,-0.9045027464439854,696.0835475125327,-0.9582993621436674,0.2857662200384088,1087.6133435728125,0.9841959864749277,0.17708263666052623,653.8894961059035
-0.42646779676229657,-0.9045027464439854,696.0835475125327,-0.9582993621436674,0.2857662200384088,1087.6133435728125,0.9841959864749277,0.17708263666052623,653.8894961059035,45,0.3940704564705011,-0.9190802333513277,770.0899650851516,-0.7886839092669208,-0.6147989031085266,1136.7000634841409,0.5358848701624146,0.8442910670681125,582.9651741955518
0.3940704564705011,-0.9190802333513277,770.0899650851516,-0.7886839092669208,-0.6147989031085266,1136.7000634841409,0.5358848701624146,0.8442910670681125,582.9651741955518,-45,-0.47045158319009256,-0.8824258087079816,824.3035641115292,-0.9760702122776834,0.21745560628366886,1119.8259712147108,0.9992791112424203,-0.03796390172991347,583.5249144697851
-0.47045158319009256,-0.8824258087079816,824.3035641115292,-0.9760702122776834,0.21745560628366886,1119.8259712147108,0.9992791112424203,-0.03796390172991347,583.5249144697851,-45,-0.9998186272700802,-0.019045014144717945,821.5969646279921,-0.2713493638681057,0.9624809207087559,1106.8249600934785,0.43525534246519676,-0.9003070514305129,596.1955151508018
-0.9998186272700802,-0.019045014144717945,821.5969646279921,-0.2713493638681057,0.9624809207087559,1106.8249600934785,0.43525534246519676,-0.9003070514305129,596.1955151508018,90,-0.7997044395069508,-0.6003938785771167,857.3820139437612,-0.773104314384162,0.6342788969220045,1067.4839192391892,0.8034191758412124,-0.5954138291059647,630.0537102773541
-0.7997044395069508,-0.6003938785771167,857.3820139437612,-0.773104314384162,0.6342788969220045,1067.4839192391892,0.8034191758412124,-0.5954138291059647,630.0537102773541,0,-0.7629569609841094,-0.6464492831505749,903.4371894849708,-0.8035504176811443,0.595236697662752,1022.5345506849649,0.7443236770434027,-0.6678190352128248,676.308890481637
-0.7629569609841094,-0.6464492831505749,903.4371894849708,-0.8035504176811443,0.595236697662752,1022.5345506849649,0.7443236770434027,-0.6678190352128248,676.308890481637,45,-0.09650359744604875,-0.9953326356952087,917.5430025278806,-0.9891984208921208,-0.1465826869194805,1025.9195336320868,0.9998133297358504,0.019321120115352315,674.4581539931728
-0.09650359744604875,-0.9953326356952087,917.5430025278806,-0.9891984208921208,-0.1465826869194805,1025.9195336320868,0.9998133297358504,0.019321120115352315,674.4581539931728,0,-0.09532358616405785,-0.9954463390463714,942.027754993016,-0.9856749288799768,-0.16865626160167504,1029.8830007225004,0.9998307740611189,-0.01839628332962869,674.3585182802851
-0.09532358616405785,-0.9954463390463714,942.027754993016,-0.9856749288799768,-0.16865626160167504,1029.8830007225004,0.9998307740611189,-0.01839628332962869,674.3585182802851,0,-0.08923210628201067,-0.996010858981204,1005.2485496063433,-0.9737210397836326,-0.22774401569016364,1042.647176414753,0.9937546705947969,-0.11158698253392517,678.3176884658521
-0.08923210628201067,-0.996010858981204,1005.2485496063433,-0.9737210397836326,-0.22774401569016364,1042.647176414753,0.9937546705947969,-0.11158698253392517,678.3176884658521,-45,-0.8127331822804021,-0.5826360565742311,1038.3309809437044,-0.8056685391856565,0.5923666136493939,1003.6210649381148,0.48552766598627495,-0.8742213023954062,732.3880023508821
-0.8127331822804021,-0.5826360565742311,1038.3309809437044,-0.8056685391856565,0.5923666136493939,1003.6210649381148,0.48552766598627495,-0.8742213023954062,732.3880023508821,-90,-0.858239362423316,0.5132496437282934,1005.1495690882451,0.28479471518291644,0.9585885301858569,949.9898021759417,-0.6040519373621772,-0.7969449522827786,774.6060006469644
-0.858239362423316,0.5132496437282934,1005.1495690882451,0.28479471518291644,0.9585885301858569,949.9898021759417,-0.6040519373621772,-0.7969449522827786,774.6060006469644,0,-0.8842438220490505,0.46702554873163754,973.9712640589911,0.3070944905394485,0.9516790288118766,889.3429210448965,-0.5686579280583124,-0.8225741066046434,826.0300377181625
-0.8842438220490505,0.46702554873163754,973.9712640589911,0.3070944905394485,0.9516790288118766,889.3429210448965,-0.5686579280583124,-0.8225741066046434,826.0300377181625,-45,-0.8008487408087478,0.5988666749327792,927.9259408386654,0.5429620574970127,0.8397572292743961,826.673192792244,-0.6888480886045273,-0.7249057254746228,877.7369991525494
-0.8008487408087478,0.5988666749327792,927.9259408386654,0.5429620574970127,0.8397572292743961,826.673192792244,-0.6888480886045273,-0.7249057254746228,877.7369991525494,90,-0.8645498881589883,-0.502547003656654,941.0059457651055,-0.559454385760321,0.8288611405136218,810.5017544492304,0.36941215203942146,-0.9292656573475657,896.4148581796715
-0.8645498881589883,-0.502547003656654,941.0059457651055,-0.559454385760321,0.8288611405136218,810.5017544492304,0.36941215203942146,-0.9292656573475657,896.4148581796715,45,-0.7134874103416052,-0.7006680492815622,981.3971347427605,-0.753878444077149,0.6570139203668495,770.8216499822122,0.5221045064493384,-0.8528815183513433,945.9019484498908
-0.7134874103416052,-0.7006680492815622,981.3971347427605,-0.753878444077149,0.6570139203668495,770.8216499822122,0.5221045064493384,-0.8528815183513433,945.9019484498908,-90,-0.8347203213928001,0.550674118743473,945.6561427010312,0.5628456029359356,0.8265620528766628,725.0122897083835,-0.7242954643738108,-0.6894897245699357,981.4214651352358
-0.8347203213928001,0.550674118743473,945.6561427010312,0.5628456029359356,0.8265620528766628,725.0122897083835,-0.7242954643738108,-0.6894897245699357,981.4214651352358,0,-0.8423637692079808,0.538909343327543,937.004931702834,0.5732456758023495,0.8193835458281473,711.9738773546628,-0.7163192858149713,-0.6977726569374365,992.4066717003834
-0.8423637692079808,0.538909343327543,937.004931702834,0.5732456758023495,0.8193835458281473,711.9738773546628,-0.7163192858149713,-0.6977726569374365,992.4066717003834,45,-0.9906718267125805,-0.1362693353545062,940.5023076411361,-0.07528357274342672,0.9971621651842719,689.8614575973223,-0.11400274057291589,-0.9934804352083962,1014.5700836700745
-0.9906718267125805,-0.1362693353545062,940.5023076411361,-0.07528357274342672,0.9971621651842719,689.8614575973223,-0.11400274057291589,-0.9934804352083962,1014.5700836700745,0,-0.9874251476880858,-0.15808724715536648,943.830366200485,-0.07681192519418877,0.9970455998338101,667.8969981682367,-0.11271937273888014,-0.9936268630674965,1036.4725100851163
-0.9874251476880858,-0.15808724715536648,943.830366200485,-0.07681192519418877,0.9970455998338101,667.8969981682367,-0.11271937273888014,-0.9936268630674965,1036.4725100851163,45,-0.9028164953408918,-0.4300260175156725,963.4081651394491,-0.3358212834491865,0.9419257219030284,623.9930229236221,0.12216985612592118,-0.992509207138237,1082.6309863741014
-0.9028164953408918,-0.4300260175156725,963.4081651394491,-0.3358212834491865,0.9419257219030284,623.9930229236221,0.12216985612592118,-0.992509207138237,1082.6309863741014,-45,-0.9464862125324222,0.32274424779696803,944.9096801306673,0.49745057089693673,0.8674923224526611,581.021087056778,-0.6206313974389426,-0.7841024604686464,1120.2733521800114
-0.9464862125324222,0.32274424779696803,944.9096801306673,0.49745057089693673,0.8674923224526611,581.021087056778,-0.6206313974389426,-0.7841024604686464,1120.2733521800114,0,-0.9577808188477377,0.287499396603466,937.1822531782226,0.5070443694348175,0.8619199541862622,559.0071338294441,-0.6008538775901582,-0.799358879218134,1140.4355377101374
-0.9577808188477377,0.287499396603466,937.1822531782226,0.5070443694348175,0.8619199541862622,559.0071338294441,-0.6008538775901582,-0.799358879218134,1140.4355377101374,45,-0.9697608720907612,-0.24405706496999047,942.7320786911464,0.01376594046993195,0.9999052449522297,538.4658319646011,-0.12553136191055864,-0.9920896517839909,1160.9007245209773
-0.9697608720907612,-0.24405706496999047,942.7320786911464,0.01376594046993195,0.9999052449522297,538.4658319646011,-0.12553136191055864,-0.9920896517839909,1160.9007245209773,45,-0.863876039498169,-0.5037044653176681,953.5561678525131,-0.25601808859122643,0.9666719910673397,517.9204622811982,0.13301128915353258,-0.9911145226247647,1181.970187969887
-0.863876039498169,-0.5037044653176681,953.5561678525131,-0.25601808859122643,0.9666719910673397,517.9204622811982,0.13301128915353258,-0.9911145226247647,1181.970187969887,90,0.16923623050111614,-0.985575516277557,1009.8728556190279,-0.9996257324574565,-0.027356809186997177,520.2994373590366,0.9668382864642081,-0.2553893651406688,1191.4911936376743
0.16923623050111614,-0.985575516277557,1009.8728556190279,-0.9996257324574565,-0.027356809186997177,520.2994373590366,0.9668382864642081,-0.2553893651406688,1191.4911936376743,90,0.9100665545840785,-0.41446214088558747,1031.5485574896657,-0.44717217315398966,-0.8944479009739685,576.8667319745609,0.7416030486337621,0.6708389659650891,1146.6220765618505
0.9100665545840785,-0.41446214088558747,1031.5485574896657,-0.44717217315398966,-0.8944479009739685,576.8667319745609,0.7416030486337621,0.6708389659650891,1146.6220765618505,45,0.9423694170621836,0.3345741797955727,1022.943469968476,0.3052976930333716,-0.9522569603990833,596.5542244852068,0.04768749109911951,0.9988623044207201,1125.3948421559194
0.9423694170621836,0.3345741797955727,1022.943469968476,0.3052976930333716,-0.9522569603990833,596.5542244852068,0.04768749109911951,0.9988623044207201,1125.3948421559194,45,0.8290310673979028,0.559202547641813,984.6274426263578,0.5286212071005675,-0.8488578322684777,650.9943170050884,-0.27010764255572395,0.9628301311409969,1062.2470977945393
0.8290310673979028,0.559202547641813,984.6274426263578,0.5286212071005675,-0.8488578322684777,650.9943170050884,-0.27010764255572395,0.9628301311409969,1062.2470977945393,-90,0.7958528663989639,-0.6054900618875201,994.3074073107211,-0.6151439266850722,-0.7884148333602499,659.8198695348364,0.8263017131231786,0.5632277327064962,1056.7010420326878
0.7958528663989639,-0.6054900618875201,994.3074073107211,-0.6151439266850722,-0.7884148333602499,659.8198695348364,0.8263017131231786,0.5632277327064962,1056.7010420326878,90,0.6578692258728666,0.753132180728878,983.4222966175187,0.7372763990151855,-0.6755912310378229,664.676743601335,-0.5174353514749181,0.8557223013595169,1048.8914059541507
0.6578692258728666,0.753132180728878,983.4222966175187,0.7372763990151855,-0.6755912310378229,664.676743601335,-0.5174353514749181,0.8557223013595169,1048.8914059541507,-45,0.9951466809933062,-0.0984026590494735,988.3558342585764,-0.05872704956845141,-0.9982740774201164,721.0160990664261,0.3623628602163927,0.9320371009438385,996.3609100687191
0.9951466809933062,-0.0984026590494735,988.3558342585764,-0.05872704956845141,-0.9982740774201164,721.0160990664261,0.3623628602163927,0.9320371009438385,996.3609100687191,-90,0.0843172377178991,-0.9964389612131911,1006.2616310417341,-0.9893760287909752,-0.14537906882972992,718.5283780803449,0.9785543216897644,-0.20598893053337858,1004.6090310696849
0.0843172377178991,-0.9964389612131911,1006.2616310417341,-0.9893760287909752,-0.14537906882972992,718.5283780803449,0.9785543216897644,-0.20598893053337858,1004.6090310696849,-90,-0.8812027861810896,-0.47273845795184133,1035.427828650496,-0.5120225945433157,0.8589719801466934,655.0612096162318,0.12991954881090476,-0.9915245386962296,1075.618666788505
-0.8812027861810896,-0.47273845795184133,1035.427828650496,-0.5120225945433157,0.8589719801466934,655.0612096162318,0.12991954881090476,-0.9915245386962296,1075.618666788505,45,-0.6846107622849711,-0.7289088448932355,1052.9000043758633,-0.767272327972861,0.6413214285575575,639.7613455146325,0.416490206180266,-0.9091402026947876,1097.1064976631453
-0.6846107622849711,-0.7289088448932355,1052.9000043758633,-0.767272327972861,0.6413214285575575,639.7613455146325,0.416490206180266,-0.9091402026947876,1097.1064976631453,0,-0.6651752691282738,-0.7466872580539515,1098.3085612082855,-0.8076260371694751,0.5896949924205984,601.4396192664847,0.3849650758663664,-0.922931140640082,1153.8481666248008
-0.6651752691282738,-0.7466872580539515,1098.3085612082855,-0.8076260371694751,0.5896949924205984,601.4396192664847,0.3849650758663664,-0.922931140640082,1153.8481666248008,-45,-0.9841888859648518,-0.1771220955817316,1106.3665327839099,-0.2435131707926259,0.969897590290089,545.827541320782,-0.3009437986350738,-0.9536418772595361,1207.916133208051
-0.9841888859648518,-0.1771220955817316,1106.3665327839099,-0.2435131707926259,0.969897590290089,545.827541320782,-0.3009437986350738,-0.9536418772595361,1207.916133208051,-45,-0.9318458455059271,0.36285440635789984,1098.3223024881174,0.3271945475585764,0.9449569979887649,526.931988156726,-0.7571128325777579,-0.6532841332422548,1220.518332571371
-0.9318458455059271,0.36285440635789984,1098.3223024881174,0.3271945475585764,0.9449569979887649,526.931988156726,-0.7571128325777579,-0.6532841332422548,1220.518332571371,45,-0.9992313267061539,0.039201476108171714,1097.1907281445874,0.023019086308606388,0.9997350257270758,504.06354155646886,-0.5123985178762065,-0.8587477853702256,1240.106759084253
-0.9992313267061539,0.039201476108171714,1097.1907281445874,0.023019086308606388,0.9997350257270758,504.06354155646886,-0.5123985178762065,-0.8587477853702256,1240.106759084253,45,-0.6573904955598366,-0.7535500888113492,1112.206074680021,-0.7777758129936119,0.6285417923432985,494.3867641383009,0.33250183806679273,-0.9431026071866223,1256.2096769867442
-0.6573904955598366,-0.7535500888113492,1112.206074680021,-0.7777758129936119,0.6285417923432985,494.3867641383009,0.33250183806679273,-0.9431026071866223,1256.2096769867442,90,0.7108059667069836,-0.7033881415646346,1149.293944117595,-0.5967193643191787,-0.8024499985958722,542.1677323350934,0.9632212211154305,0.26870965593535895,1235.710138335596
0.7108059667069836,-0.7033881415646346,1149.293944117595,-0.5967193643191787,-0.8024499985958722,542.1677323350934,0.9632212211154305,0.26870965593535895,1235.710138335596,-90,-0.5930268770063742,-0.8051826644607214,1181.727122159666,-0.9004763835403682,0.43490491223491573,518.4202457927025,0.3727283868177908,-0.927940488210428,1277.5355365890086
-0.5930268770063742,-0.8051826644607214,1181.727122159666,-0.9004763835403682,0.43490491223491573,518.4202457927025,0.3727283868177908,-0.927940488210428,1277.5355365890086,0,-0.5942564962908643,-0.8042755849931701,1199.8895793491167,-0.9118897684075822,0.4104351961924879,508.7782646994661,0.35484708820538496,-0.934924352015798,1298.64450972181
-0.5942564962908643,-0.8042755849931701,1199.8895793491167,-0.9118897684075822,0.4104351961924879,508.7782646994661,0.35484708820538496,-0.934924352015798,1298.64450972181,45,-0.35027165567741647,-0.9366481555146529,1250.0422222874424,-0.9985146801042386,0.05448333338122872,503.1470138054365,0.5664399045579193,-0.8241030484863014,1342.4345695419677
-0.35027165567741647,-0.9366481555146529,1250.0422222874424,-0.9985146801042386,0.05448333338122872,503.1470138054365,0.5664399045579193,-0.8241030484863014,1342.4345695419677,-90,-0.7918192293241454,0.6107555223430374,1209.6986119380315,0.4314359130903748,0.9021435877374924,455.2082729090059,-0.9515836908062836,-0.30738978413651163,1351.4623234573726
-0.7918192293241454,0.6107555223430374,1209.6986119380315,0.4314359130903748,0.9021435877374924,455.2082729090059,-0.9515836908062836,-0.30738978413651163,1351.4623234573726,90,-0.6357187142570282,-0.7719207966776066,1255.8948117913897,-0.9266505700416728,0.3759238234555544,435.8007093667127,0.23843262166938353,-0.9711590420337262,1404.5198817690443
-0.6357187142570282,-0.7719207966776066,1255.8948117913897,-0.9266505700416728,0.3759238234555544,435.8007093667127,0.23843262166938353,-0.9711590420337262,1404.5198817690443,-45,-0.99971008964158,0.024077721420933913,1250.779399154915,-0.2591760795250982,0.9658300884741581,369.79019098717316,-0.634622277192403,-0.7728224668648866,1455.004407330208
-0.99971008964158,0.024077721420933913,1250.779399154915,-0.2591760795250982,0.9658300884741581,369.79019098717316,-0.634622277192403,-0.7728224668648866,1455.004407330208,-90,-0.8200747482181977,0.5722564174693541,1240.636866357767,0.3435920672294279,0.9391189974316398,354.75117218413806,-0.9557114885228666,-0.29430519992926846,1458.8333675118693
0.46027896725491907,0.8877743363618623,1124.7312905456706,0.8877027181621876,-0.460417076320442,418.1305967428478,-0.5069023862770761,0.8620034633263407,1328.3265245911978,-45,0.9696250462899644,0.2445961357159683,1121.555384065883,0.25272076019622164,-0.9675392588240768,436.25891340713025,0.29823921746792037,0.9544911571953522,1311.237522162621
0.9696250462899644,0.2445961357159683,1121.555384065883,0.25272076019622164,-0.9675392588240768,436.25891340713025,0.29823921746792037,0.9544911571953522,1311.237522162621,0,0.9816120509919941,0.19088682863752204,1111.115143326289,0.2144984917925408,-0.9767243198665247,480.81686922257626,0.32266738969038633,0.9465124170502954,1267.4390169664969
0.9816120509919941,0.19088682863752204,1111.115143326289,0.2144984917925408,-0.9767243198665247,480.81686922257626,0.32266738969038633,0.9465124170502954,1267.4390169664969,45,0.5026188472623235,0.8645081227939349,1060.7971912653802,0.836911375449162,-0.5473384233212498,508.0256302555216,-0.5424834424023909,0.840066494224863,1220.227241540083
0.5026188472623235,0.8645081227939349,1060.7971912653802,0.836911375449162,-0.5473384233212498,508.0256302555216,-0.5424834424023909,0.840066494224863,1220.227241540083,45,-0.22473159305460752,0.9744207053850704,1006.5209793709467,0.9986256504056786,0.052410021482873076,501.800280902522,-0.9777232960528692,0.2098979665349654,1207.573336039617
-0.22473159305460752,0.9744207053850704,1006.5209793709467,0.9986256504056786,0.052410021482873076,501.800280902522,-0.9777232960528692,0.2098979665349654,1207.573336039617,-90,0.36959733142978257,0.9291920213820087,994.6265743001239,0.8429264558770971,-0.538028800328083,509.63714768843136,-0.6938573117468559,0.7201125126918893,1197.345907540507
0.36959733142978257,0.9291920213820087,994.6265743001239,0.8429264558770971,-0.538028800328083,509.63714768843136,-0.6938573117468559,0.7201125126918893,1197.345907540507,90,-0.30744217105064553,0.9515667666851684,975.0265017460807,0.9971596207288789,0.07531726752769477,507.02350942259073,-0.9947416749585736,0.1024158195817987,1195.6666588590651
-0.30744217105064553,0.9515667666851684,975.0265017460807,0.9971596207288789,0.07531726752769477,507.02350942259073,-0.9947416749585736,0.1024158195817987,1195.6666588590651,-90,0.23529167839929838,0.9719248047436804,952.8268917727974,0.8737105057654844,-0.4864462479195636,518.015487881791,-0.8071437461411822,0.5903549551457824,1181.7852113160877
0.23529167839929838,0.9719248047436804,952.8268917727974,0.8737105057654844,-0.4864462479195636,518.015487881791,-0.8071437461411822,0.5903549551457824,1181.7852113160877,90,-0.4813888185826068,0.8765071621747549,933.213642632945,0.9845067503528844,0.17534668091983788,512.5828155491072,-0.9934025980044153,-0.11467902283363726,1185.1462453200659
-0.4813888185826068,0.8765071621747549,933.213642632945,0.9845067503528844,0.17534668091983788,512.5828155491072,-0.9934025980044153,-0.11467902283363726,1185.1462453200659,90,-0.9367307773784838,0.35005064021067217,927.6330488013566,0.6651664253645039,0.746695136295803,496.38448125268786,-0.6853851617910119,-0.7281807330578778,1200.8037779872695
-0.9367307773784838,0.35005064021067217,927.6330488013566,0.6651664253645039,0.746695136295803,496.38448125268786,-0.6853851617910119,-0.7281807330578778,1200.8037779872695,-90,-0.4933138882207278,0.8698513710333204,908.5609006128868,0.9958764403367149,0.09071998447020165,494.1822640711623,-0.9921931007038944,-0.12471106973958465,1203.078763058554
-0.4933138882207278,0.8698513710333204,908.5609006128868,0.9958764403367149,0.09071998447020165,494.1822640711623,-0.9921931007038944,-0.12471106973958465,1203.078763058554,0,-0.4857275731647325,0.8741102474330681,889.1430662594462,0.9996925498262688,0.02479527821689124,492.81935055073683,-0.9925077029441581,-0.12218207559421629,1205.9057808457715
-0.4857275731647325,0.8741102474330681,889.1430662594462,0.9996925498262688,0.02479527821689124,492.81935055073683,-0.9925077029441581,-0.12218207559421629,1205.9057808457715,-90,0.10909344169861655,0.9940314989870042,865.4068564552803,0.8096304677557388,-0.586939950660733,506.7597332067831,-0.8901239986447564,0.4557184076122771,1194.5178387951391
0.10909344169861655,0.9940314989870042,865.4068564552803,0.8096304677557388,-0.586939950660733,506.7597332067831,-0.8901239986447564,0.4557184076122771,1194.5178387951391,-45,0.3220242852306516,0.9467314084373075,841.4359162251633,0.6460531479535422,-0.7632924275920197,525.8962645937694,-0.7865604238652294,0.6175133193777691,1178.6299169432618
0.3220242852306516,0.9467314084373075,841.4359162251633,0.6460531479535422,-0.7632924275920197,525.8962645937694,-0.7865604238652294,0.6175133193777691,1178.6299169432618,90,-0.3146308924288049,0.9492140967818872,821.8263503489529,0.9641845217858058,-0.26523236595234184,530.0570442206008,-0.9999607806660975,0.008856473883481875,1179.2956500080377
-0.3146308924288049,0.9492140967818872,821.8263503489529,0.9641845217858058,-0.26523236595234184,530.0570442206008,-0.9999607806660975,0.008856473883481875,1179.2956500080377,45,-0.5683068048417875,0.8228167326753378,801.6778917528225,0.9988814653605537,-0.04728443886896676,530.4702085181127,-0.9615156362251884,-0.27475021618639567,1185.9567623337919
-0.5683068048417875,0.8228167326753378,801.6778917528225,0.9988814653605537,-0.04728443886896676,530.4702085181127,-0.9615156362251884,-0.27475021618639567,1185.9567623337919,45,-0.8180924791487866,0.5750866852572681,788.4658001238926,0.9712565262489481,0.23803520793955316,524.1395977838442,-0.8116907486682834,-0.5840874322619187,1199.6076683503695
-0.8180924791487866,0.5750866852572681,788.4658001238926,0.9712565262489481,0.23803520793955316,524.1395977838442,-0.8116907486682834,-0.5840874322619187,1199.6076683503695,0,-0.8291803796423634,0.5589811249193896,774.0011965235777,0.9828685491620325,0.18430793544533383,518.7993178676414,-0.8059159353094122,-0.5920299867526606,1214.5433430799947
-0.8291803796423634,0.5589811249193896,774.0011965235777,0.9828685491620325,0.18430793544533383,518.7993178676414,-0.8059159353094122,-0.5920299867526606,1214.5433430799947,0,-0.8500467270692544,0.5267072828420436,760.3531139383728,0.9891346831368824,0.1470121716583334,514.4466326799894,-0.7896123038842694,-0.613606070337131,1229.9571284706553
-0.8500467270692544,0.5267072828420436,760.3531139383728,0.9891346831368824,0.1470121716583334,514.4466326799894,-0.7896123038842694,-0.613606070337131,1229.9571284706553,-45,-0.665605107922757,0.7463041205213429,741.9779194882958,0.9785150624235293,-0.2061753443316552,518.9929797291867,-0.9322905208425387,-0.36171036029833026,1238.4648372110448
-0.665605107922757,0.7463041205213429,741.9779194882958,0.9785150624235293,-0.2061753443316552,518.9929797291867,-0.9322905208425387,-0.36171036029833026,1238.4648372110448,-45,0.18507832246388622,0.9827237732719982,724.526212432637,0.4266964305689087,-0.904394911606513,535.4663318099304,-0.8644822689814512,0.5026633133785297,1228.6984953608362
0.18507832246388622,0.9827237732719982,724.526212432637,0.4266964305689087,-0.904394911606513,535.4663318099304,-0.8644822689814512,0.5026633133785297,1228.6984953608362,45,-0.11901392763633971,0.9928925848391518,701.1374823051793,0.6540933740846484,-0.7564138139792003,552.9261732756423,-0.9787360368837522,0.20512379214778198,1223.864538702403
-0.11901392763633971,0.9928925848391518,701.1374823051793,0.6540933740846484,-0.7564138139792003,552.9261732756423,-0.9787360368837522,0.20512379214778198,1223.864538702403,-90,0.5492790138746914,0.8356390159134784,687.277816991237,0.027888868020380708,-0.9996110298713904,570.1259911004237,-0.6337118297194729,0.7735692062599169,1209.876587808955
0.5492790138746914,0.8356390159134784,687.277816991237,0.027888868020380708,-0.9996110298713904,570.1259911004237,-0.6337118297194729,0.7735692062599169,1209.876587808955,45,0.2507965497043398,0.9680398187349519,667.1693950314464,0.3436080102717035,-0.9391131642550438,589.5304450718606,-0.8606740376268533,0.5091563619901943,1199.2444461687642
0.2507965497043398,0.9680398187349519,667.1693950314464,0.3436080102717035,-0.9391131642550438,589.5304450718606,-0.8606740376268533,0.5091563619901943,1199.2444461687642,-45,0.4688656989524562,0.8832694698368243,647.4820376669469,0.12699613488001238,-0.9919032118737885,611.5938890320452,-0.7389328566088799,0.6737790687041566,1184.0872050239127
0.4688656989524562,0.8832694698368243,647.4820376669469,0.12699613488001238,-0.9919032118737885,611.5938890320452,-0.7389328566088799,0.6737790687041566,1184.0872050239127,-45,0.7565120507103811,0.653979752844057,638.6668709201527,-0.21961244165050128,-0.9755871952174778,624.7789561204338,-0.46421135282068327,0.8857244604911796,1171.9712675705575
0.7565120507103811,0.653979752844057,638.6668709201527,-0.21961244165050128,-0.9755871952174778,624.7789561204338,-0.46421135282068327,0.8857244604911796,1171.9712675705575,0,0.7788244873131724,0.6272419134284428,622.1327218929836,-0.21404718674315676,-0.9768233217155189,650.0377555573003,-0.47053511597424025,0.8823812694267191,1149.048268633643
0.7788244873131724,0.6272419134284428,622.1327218929836,-0.21404718674315676,-0.9768233217155189,650.0377555573003,-0.47053511597424025,0.8823812694267191,1149.048268633643,-45,0.9438549753231927,0.33036008469192407,615.9234314176872,-0.49223622241166853,-0.8704616598942715,665.9992502768591,-0.17850990714186535,0.9839381144422664,1130.8108212116376
0.9438549753231927,0.33036008469192407,615.9234314176872,-0.49223622241166853,-0.8704616598942715,665.9992502768591,-0.17850990714186535,0.9839381144422664,1130.8108212116376,90,0.6325928515288055,0.7744845280537594,599.5771089543863,0.05188139731436433,-0.9986532534432104,686.2925247896118,-0.6900665166303015,0.7237459517162924,1116.4768110364407
0.6325928515288055,0.7744845280537594,599.5771089543863,0.05188139731436433,-0.9986532534432104,686.2925247896118,-0.6900665166303015,0.7237459517162924,1116.4768110364407,45,0.38281159939668363,0.9238264335725369,579.9676261365581,0.339356114568238,-0.9406579758366741,705.9761577889684,-0.8835847741178223,0.46827123224383205,1106.6885954804425
0.38281159939668363,0.9238264335725369,579.9676261365581,0.339356114568238,-0.9406579758366741,705.9761577889684,-0.8835847741178223,0.46827123224383205,1106.6885954804425,-90,0.8685065790979942,0.4956776392611426,572.1358973169808,-0.27548320574958673,-0.9613058843832856,722.0193716228858,-0.44065459893212405,0.8976767371609721,1091.041944655982
0.8685065790979942,0.4956776392611426,572.1358973169808,-0.27548320574958673,-0.9613058843832856,722.0193716228858,-0.44065459893212405,0.8976767371609721,1091.041944655982,-45,0.9834263873275847,0.18130786168232038,568.8573002500385,-0.5423235348424273,-0.84016973496789,736.2480207428489,-0.15107534567903794,0.9885222505983157,1074.1813943872621
0.9834263873275847,0.18130786168232038,568.8573002500385,-0.5423235348424273,-0.84016973496789,736.2480207428489,-0.15107534567903794,0.9885222505983157,1074.1813943872621,-45,0.9931926056035826,-0.1164836820089685,571.3721189790416,-0.719928421978485,-0.6940483176462345,753.3673860385782,0.10595155992794136,0.9943712922992276,1049.203287426512
0.9931926056035826,-0.1164836820089685,571.3721189790416,-0.719928421978485,-0.6940483176462345,753.3673860385782,0.10595155992794136,0.9943712922992276,1049.203287426512,-45,0.8867218660655436,-0.4623032903205861,581.8697691354828,-0.8935063354750469,-0.44905058564259,763.0404630383504,0.42997881276290467,0.9028389782098484,1028.6860105171936
0.8867218660655436,-0.4623032903205861,581.8697691354828,-0.8935063354750469,-0.44905058564259,763.0404630383504,0.42997881276290467,0.9028389782098484,1028.6860105171936,-45,0.7394822263651946,-0.6731760816383594,599.0732284147297,-0.9627112494070779,-0.2705310523120463,769.7419340293517,0.6327872876064903,0.7743256735015448,1008.3114662658791
0.7394822263651946,-0.6731760816383594,599.0732284147297,-0.9627112494070779,-0.2705310523120463,769.7419340293517,0.6327872876064903,0.7743256735015448,1008.3114662658791,0,0.7113167199994901,-0.7028716268630901,616.5841064380207,-0.9568876246440494,-0.29045838566491566,776.7808959494129,0.653569167439652,0.7568667936778837,988.9443464179228
0.7113167199994901,-0.7028716268630901,616.5841064380207,-0.9568876246440494,-0.29045838566491566,776.7808959494129,0.653569167439652,0.7568667936778837,988.9443464179228,45,0.8767049185587132,-0.48102857064311677,627.2310286588191,-0.8078493678964385,-0.5893890046389777,790.7383962552979,0.39865432610474477,0.917101263916898,967.1538260857992
0.8767049185587132,-0.48102857064311677,627.2310286588191,-0.8078493678964385,-0.5893890046389777,790.7383962552979,0.39865432610474477,0.917101263916898,967.1538260857992,90,0.9979817397297791,0.06350155246860802,624.4347995987412,-0.3255043230668318,-0.9455405520995932,812.2025972317006,-0.19510709774930254,0.9807819433532838,945.3707521125878
0.9979817397297791,0.06350155246860802,624.4347995987412,-0.3255043230668318,-0.9455405520995932,812.2025972317006,-0.19510709774930254,0.9807819433532838,945.3707521125878,90,0.7400978161700843,0.672499236059248,610.4735672338484,0.3454447637850521,-0.9384390844234322,829.0364384580572,-0.7878198415803204,0.615905753514577,935.154220592101
0.7400978161700843,0.672499236059248,610.4735672338484,0.3454447637850521,-0.9384390844234322,829.0364384580572,-0.7878198415803204,0.615905753514577,935.154220592101,-45,0.9290665740191955,0.3699125586408695,602.3313401067721,0.026898460968448924,-0.9996381709386296,850.7780458349991,-0.5602148572903956,0.8283473387843422,916.9235972941366
0.9290665740191955,0.3699125586408695,602.3313401067721,0.026898460968448924,-0.9996381709386296,850.7780458349991,-0.5602148572903956,0.8283473387843422,916.9235972941366,0,0.9412615707463403,0.33767833130974234,596.395930756381,0.018292996920778553,-0.9998326691320185,867.6035651279736,-0.5620093687118908,0.827130865994047,902.9810331467489
0.9412615707463403,0.33767833130974234,596.395930756381,0.018292996920778553,-0.9998326691320185,867.6035651279736,-0.5620093687118908,0.827130865994047,902.9810331467489,-90,0.9407179246119906,-0.3391898971280088,604.8728092535488,-0.5772158499333246,-0.8165916131002997,887.9114794698173,0.05596232325381855,0.9984328812574409,877.740050000158
0.9407179246119906,-0.3391898971280088,604.8728092535488,-0.5772158499333246,-0.8165916131002997,887.9114794698173,0.05596232325381855,0.9984328812574409,877.740050000158,0,0.9289884290465295,-0.3701087660373113,612.6055305339154,-0.5652370751081727,-0.8249285114015383,905.9555927531658,0.056653421560426125,0.9983939051424026,855.8270012337423
0.9289884290465295,-0.3701087660373113,612.6055305339154,-0.5652370751081727,-0.8249285114015383,905.9555927531658,0.056653421560426125,0.9983939051424026,855.8270012337423,90,0.9668334331547624,0.25540773781186726,606.1437385557983,0.06521338636528995,-0.9978713415259362,925.898305317814,-0.5864668161236827,0.8099732548583012,840.11770115288
0.9668334331547624,0.25540773781186726,606.1437385557983,0.06521338636528995,-0.9978713415259362,925.898305317814,-0.5864668161236827,0.8099732548583012,840.11770115288,45,0.8487536773069952,0.5287884220156991,596.9134174079604,0.3713987536241212,-0.9284734599364967,941.3769637513178,-0.8223245761953325,0.5690187091697133,830.6354843622141
0.8487536773069952,0.5287884220156991,596.9134174079604,0.3713987536241212,-0.9284734599364967,941.3769637513178,-0.8223245761953325,0.5690187091697133,830.6354843622141,0,0.8607076466424259,0.5090995452868298,584.0267099382528,0.3737739412144785,-0.9275198331405079,964.0782944975475,-0.842942686534714,0.5380033710095494,817.200537151867
0.8607076466424259,0.5090995452868298,584.0267099382528,0.3737739412144785,-0.9275198331405079,964.0782944975475,-0.842942686534714,0.5380033710095494,817.200537151867,45,0.4830491586600858,0.8755932333668318,568.0886309776055,0.7923965616187947,-0.6100063025368769,974.5229256646608,-0.9999998923433313,-0.00046401866967110136,817.4650406262092
0.4830491586600858,0.8755932333668318,568.0886309776055,0.7923965616187947,-0.6100063025368769,974.5229256646608,-0.9999998923433313,-0.00046401866967110136,817.4650406262092,90,-0.029213381101096995,0.9995731981023911,552.1896311054111,0.9900330884535152,-0.1408349522213651,975.8123327260882,-0.8537571505228264,-0.5206714203133718,826.3635209157832
-0.029213381101096995,0.9995731981023911,552.1896311054111,0.9900330884535152,-0.1408349522213651,975.8123327260882,-0.8537571505228264,-0.5206714203133718,826.3635209157832,0,-0.019686692001395112,0.9998061982994716,526.8849787389748,0.9842822177938226,-0.1766027059103964,979.8338740933435,-0.8457697386735794,-0.533548075757026,839.7046747641517
-0.019686692001395112,0.9998061982994716,526.8849787389748,0.9842822177938226,-0.1766027059103964,979.8338740933435,-0.8457697386735794,-0.533548075757026,839.7046747641517,0,-0.03019337644050993,0.9995440760762487,504.6845505554732,0.9818783971917456,-0.18951203953355744,983.7492442535242,-0.8288097580981384,-0.5595305039774912,851.9746566473559
-0.03019337644050993,0.9995440760762487,504.6845505554732,0.9818783971917456,-0.18951203953355744,983.7492442535242,-0.8288097580981384,-0.5595305039774912,851.9746566473559,-90,0.5340332487998647,0.8454634759563904,484.55723460150716,0.713785628609795,-0.7003642455109482,1000.3503154418755,-0.9985697814329794,-0.05346392810944345,852.734960937254
0.5340332487998647,0.8454634759563904,484.55723460150716,0.713785628609795,-0.7003642455109482,1000.3503154418755,-0.9985697814329794,-0.05346392810944345,852.734960937254,-45,0.7951723449461048,0.6063834940307272,470.53104213456527,0.45046965343060114,-0.8927917401825098,1021.0732890504188,-0.9718359201294271,0.23565853336170473,846.6190297957163
0.7951723449461048,0.6063834940307272,470.53104213456527,0.45046965343060114,-0.8927917401825098,1021.0732890504188,-0.9718359201294271,0.23565853336170473,846.6190297957163,-90,0.9982770527843676,0.05867645084833334,469.7948566615539,-0.08911181584752464,-0.996021628417956,1037.136792976534,-0.7086735171582775,0.705536566081813,834.786587904747
0.9982770527843676,0.05867645084833334,469.7948566615539,-0.08911181584752464,-0.996021628417956,1037.136792976534,-0.7086735171582775,0.705536566081813,834.786587904747,-45,0.9571341367227696,-0.2896450315816905,474.0591628395764,-0.3929870638007519,-0.9195439998636628,1051.5683952421546,-0.45797534355588115,0.8889648950857805,820.8221792033644
0.9571341367227696,-0.2896450315816905,474.0591628395764,-0.3929870638007519,-0.9195439998636628,1051.5683952421546,-0.45797534355588115,0.8889648950857805,820.8221792033644,-45,0.7986477900860112,-0.6017987266443248,489.80041705863215,-0.6403641697586043,-0.76807143553798,1071.6550790953263,-0.172626709001279,0.9849873193799947,794.5952734259184
0.7986477900860112,-0.6017987266443248,489.80041705863215,-0.6403641697586043,-0.76807143553798,1071.6550790953263,-0.172626709001279,0.9849873193799947,794.5952734259184,-90,0.2217101554899354,-0.9751126124467002,505.9744174328283,-0.9812324746695141,-0.19282850062670037,1073.2792884876192,0.5101999048026822,0.8600558453608312,781.2680148940503
0.2217101554899354,-0.9751126124467002,505.9744174328283,-0.9812324746695141,-0.19282850062670037,1073.2792884876192,0.5101999048026822,0.8600558453608312,781.2680148940503,45,0.5067195125359208,-0.8621109763918788,523.7998046265004,-0.8577255206795896,-0.5141078983782752,1084.1549683171497,0.20983673915581535,0.9777364383618186,760.689052982071
0.5067195125359208,-0.8621109763918788,523.7998046265004,-0.8577255206795896,-0.5141078983782752,1084.1549683171497,0.20983673915581535,0.9777364383618186,760.689052982071,90,0.9217164008664122,-0.38786450775221415,530.8882415156132,-0.3393442437268994,-0.9406622583315537,1104.1758578141164,-0.46262209823823053,0.8865555787550248,742.3239218693817
0.9217164008664122,-0.38786450775221415,530.8882415156132,-0.3393442437268994,-0.9406622583315537,1104.1758578141164,-0.46262209823823053,0.8865555787550248,742.3239218693817,-45,0.8021047490509631,-0.5971833650981008,546.3711887813998,-0.5105525838623134,-0.8598465323018495,1126.7149577113105,-0.284925992527343,0.9585495181691494,716.927357498931
0.8021047490509631,-0.5971833650981008,546.3711887813998,-0.5105525838623134,-0.8598465323018495,1126.7149577113105,-0.284925992527343,0.9585495181691494,716.927357498931,90,0.9999901815894441,0.004431334416480548,545.0486581584091,0.1455457952894412,-0.9893515156270617,1148.7794739462759,-0.8421744228558784,0.5392051942325558,705.2205383851795
0.9999901815894441,0.004431334416480548,545.0486581584091,0.1455457952894412,-0.9893515156270617,1148.7794739462759,-0.8421744228558784,0.5392051942325558,705.2205383851795,-90,0.7765447798948064,-0.6300620642588527,559.5090106914544,-0.4791901637274053,-0.8777111067924926,1167.6081590349265,-0.34761500479733587,0.9376373544392033,684.1288278131027
0.7765447798948064,-0.6300620642588527,559.5090106914544,-0.4791901637274053,-0.8777111067924926,1167.6081590349265,-0.34761500479733587,0.9376373544392033,684.1288278131027,-90,0.2559355585005681,-0.9666938449659241,578.1792695389474,-0.8948133185928006,-0.4464405054079873,1175.1426754758722,0.2736696518386348,0.961823747711877,666.0135101667165
0.2559355585005681,-0.9666938449659241,578.1792695389474,-0.8948133185928006,-0.4464405054079873,1175.1426754758722,0.2736696518386348,0.961823747711877,666.0135101667165,0,0.2568405295887656,-0.966453797323267,600.1586981625396,-0.8819097600304859,-0.4714182592591961,1185.688113704508,0.27204017316332296,0.9622858952438559,644.0802550770785
0.2568405295887656,-0.966453797323267,600.1586981625396,-0.8819097600304859,-0.4714182592591961,1185.688113704508,0.27204017316332296,0.9622858952438559,644.0802550770785,-90,-0.39765409738453183,-0.9175354046756415,618.91957637822,-0.9845561925593294,0.17506885414909423,1180.8553179895475,0.8347439211429871,0.5506383442104542,633.1231561269857
-0.39765409738453183,-0.9175354046756415,618.91957637822,-0.9845561925593294,0.17506885414909423,1180.8553179895475,0.8347439211429871,0.5506383442104542,633.1231561269857,-90,-0.862380567688717,-0.5062605618383544,626.4222871276578,-0.6818920643704854,0.7314528095158004,1168.9698378530757,0.9954881950339038,-0.09488547595991832,634.8289881615724
-0.862380567688717,-0.5062605618383544,626.4222871276578,-0.6818920643704854,0.7314528095158004,1168.9698378530757,0.9954881950339038,-0.09488547595991832,634.8289881615724,0,-0.8487410186430484,-0.5288087397847737,639.63331863783,-0.6867692320888217,0.7268755201931966,1150.2004270176758,0.9897282831352162,-0.14296127294556848,637.9661965901043
-0.8487410186430484,-0.5288087397847737,639.63331863783,-0.6867692320888217,0.7268755201931966,1150.2004270176758,0.9897282831352162,-0.14296127294556848,637.9661965901043,-90,-0.9964594987812159,0.08407417730009616,637.2638578605205,-0.0892904324220776,0.9960056318504823,1132.809226893599,0.6752584846851335,-0.7375811676424076,651.1570321629596
-0.9964594987812159,0.08407417730009616,637.2638578605205,-0.0892904324220776,0.9960056318504823,1132.809226893599,0.6752584846851335,-0.7375811676424076,651.1570321629596,45,-0.9638544963913527,-0.2664291834356212,643.2332123331544,-0.4040172311085415,0.9147513744003818,1111.0835816663068,0.8562878805708521,-0.5164988534231978,663.0458305791757
-0.9638544963913527,-0.2664291834356212,643.2332123331544,-0.4040172311085415,0.9147513744003818,1111.0835816663068,0.8562878805708521,-0.5164988534231978,663.0458305791757,-45,-0.9992641066560392,-0.038356813591693316,643.5932545370662,-0.1521029657935745,0.9883646532514195,1088.8910125837263,0.6736862446364533,-0.7390174854410636,679.5269157918713
-0.9992641066560392,-0.038356813591693316,643.5932545370662,-0.1521029657935745,0.9883646532514195,1088.8910125837263,0.6736862446364533,-0.7390174854410636,679.5269157918713,-45,-0.969371194170323,0.24560026040866073,637.2960397920166,0.17227044264714825,0.9850496914319377,1065.662274050549,0.39280388465938654,-0.9196222638651673,701.1992714874906
-0.969371194170323,0.24560026040866073,637.2960397920166,0.17227044264714825,0.9850496914319377,1065.662274050549,0.39280388465938654,-0.9196222638651673,701.1992714874906,45,-0.9937563066898696,-0.11157241107957543,639.739696881668,-0.15547997455680265,0.9878390443345596,1043.982030384742,0.6507455672292768,-0.7592958624485233,717.5126143603667
-0.9937563066898696,-0.11157241107957543,639.739696881668,-0.15547997455680265,0.9878390443345596,1043.982030384742,0.6507455672292768,-0.7592958624485233,717.5126143603667,-45,-0.7364030852223682,0.6765430482053434,623.2334620987956,0.6743403086547982,0.7384207121440672,1027.3291333743296,-0.1648128088485326,-0.9863248643522362,740.1985384203692
-0.7364030852223682,0.6765430482053434,623.2334620987956,0.6743403086547982,0.7384207121440672,1027.3291333743296,-0.1648128088485326,-0.9863248643522362,740.1985384203692,-45,-0.5458998528156129,0.8378504345620954,608.2715693141835,0.8522962730381487,0.5230593302535398,1018.1041115897428,-0.40882852410980247,-0.9126112194544842,756.2268429750029
-0.5458998528156129,0.8378504345620954,608.2715693141835,0.8522962730381487,0.5230593302535398,1018.1041115897428,-0.40882852410980247,-0.9126112194544842,756.2268429750029,0,-0.5749743092155943,0.8181714635344172,587.134031315721,0.8578025380629619,0.5139793825560913,1004.743654236766,-0.3867213491947828,-0.9221966157371034,779.7494794669951
-0.5749743092155943,0.8181714635344172,587.134031315721,0.8578025380629619,0.5139793825560913,1004.743654236766,-0.3867213491947828,-0.9221966157371034,779.7494794669951,45,-0.7787319707555996,0.6273567706840343,576.2798703579538,0.7075043122312304,0.7067090265266275,992.3875094839616,-0.13675459042030433,-0.9906049575885307,796.8392616957199
-0.7787319707555996,0.6273567706840343,576.2798703579538,0.7075043122312304,0.7067090265266275,992.3875094839616,-0.13675459042030433,-0.9906049575885307,796.8392616957199,0,-0.80205838728652,0.5972456306942284,561.1943076657585,0.7174974710829705,0.6965611093002121,974.9707744114435,-0.12924144838269733,-0.9916131544205848,821.3675005479886
-0.80205838728652,0.5972456306942284,561.1943076657585,0.7174974710829705,0.6965611093002121,974.9707744114435,-0.12924144838269733,-0.9916131544205848,821.3675005479886,90,-0.9951384957519841,-0.09848540131653143,563.847952223168,0.09877781158653656,0.9951095135401805,954.3635120991686,0.5298299190665868,-0.8481039186691063,838.231634589306
-0.9951384957519841,-0.09848540131653143,563.847952223168,0.09877781158653656,0.9951095135401805,954.3635120991686,0.5298299190665868,-0.8481039186691063,838.231634589306,-45,-0.9850048063641377,0.17252690062580894,559.4636349322446,0.40660810577026785,0.9136026753036107,934.3763903329321,0.23972342810119535,-0.9708412218377478,859.5399925609047
-0.9850048063641377,0.17252690062580894,559.4636349322446,0.40660810577026785,0.9136026753036107,934.3763903329321,0.23972342810119535,-0.9708412218377478,859.5399925609047,-90,-0.7559427664007756,0.6546377119646731,544.3708677151084,0.8459502176741257,0.5332618767707844,922.9580497600635,-0.3132192950657532,-0.9496808270142726,880.2158153639936
-0.7559427664007756,0.6546377119646731,544.3708677151084,0.8459502176741257,0.5332618767707844,922.9580497600635,-0.3132192950657532,-0.9496808270142726,880.2158153639936,0,-0.7768930959962465,0.6296325256793577,529.6758851666272,0.8571317765184546,0.5150971924620809,910.9432821680227,-0.30574379295873505,-0.9521138235879186,901.9917423829611
-0.7768930959962465,0.6296325256793577,529.6758851666272,0.8571317765184546,0.5150971924620809,910.9432821680227,-0.30574379295873505,-0.9521138235879186,901.9917423829611,90,-0.9993576661086798,0.035836506384027404,529.6137272353313,0.41853732643244745,0.908199596114631,891.7278845455603,0.28392022541261325,-0.9588479053539466,921.434392713936
-0.9993576661086798,0.035836506384027404,529.6137272353313,0.41853732643244745,0.908199596114631,891.7278845455603,0.28392022541261325,-0.9588479053539466,921.434392713936,-90,-0.836708071013047,0.5476491613265063,516.185420448602,0.8581653088854193,0.513373453370539,881.016383663607,-0.2782969396529098,-0.9604950876396113,942.4990335717591
-0.836708071013047,0.5476491613265063,516.185420448602,0.8581653088854193,0.513373453370539,881.016383663607,-0.2782969396529098,-0.9604950876396113,942.4990335717591,0,-0.8475064387808365,0.5307851130401305,502.2580849342796,0.8818928479494222,0.47144989631524714,868.3664110741789,-0.29246817374228984,-0.9562752571032306,967.171289835389
-0.8475064387808365,0.5307851130401305,502.2580849342796,0.8818928479494222,0.47144989631524714,868.3664110741789,-0.29246817374228984,-0.9562752571032306,967.171289835389,-90,-0.3467155517795536,0.9379703226404339,480.34110119148664,0.9786234003185114,-0.20566049778466108,873.3517352669827,-0.8129576236821171,-0.5823228503992655,980.003578306656
-0.3467155517795536,0.9379703226404339,480.34110119148664,0.9786234003185114,-0.20566049778466108,873.3517352669827,-0.8129576236821171,-0.5823228503992655,980.003578306656,0,-0.3687565761284534,0.9295260015524149,458.0464690295516,0.9740312597410153,-0.22641357081087413,878.4972668087477,-0.7982380145758757,-0.6023421553286503,994.1614395008689
-0.3687565761284534,0.9295260015524149,458.0464690295516,0.9740312597410153,-0.22641357081087413,878.4972668087477,-0.7982380145758757,-0.6023421553286503,994.1614395008689,-45,-0.06340284987483383,0.9979880152726031,434.53427134918826,0.8430616149805363,-0.5378169887112251,891.1277534545594,-0.9387711848108354,-0.34454123493256994,1001.8142507356192
-0.06340284987483383,0.9979880152726031,434.53427134918826,0.8430616149805363,-0.5378169887112251,891.1277534545594,-0.9387711848108354,-0.34454123493256994,1001.8142507356192,90,-0.6769175365171409,0.736058862289943,420.7287866111612,0.998315952514986,0.05801085203732372,888.6054646935837,-0.5328467937118171,-0.8462117314425724,1018.9253122203314
-0.6769175365171409,0.736058862289943,420.7287866111612,0.998315952514986,0.05801085203732372,888.6054646935837,-0.5328467937118171,-0.8462117314425724,1018.9253122203314,0,-0.7068670537576551,0.707346427369201,401.453875690147,0.9996844417369973,0.025120050736173866,887.6285339637523,-0.5237505813895563,-0.851871661985596,1041.4197685403517
-0.7068670537576551,0.707346427369201,401.453875690147,0.9996844417369973,0.025120050736173866,887.6285339637523,-0.5237505813895563,-0.851871661985596,1041.4197685403517,0,-0.7326681839617198,0.680586021168695,384.15473755445214,0.999938209414051,-0.011116535153616384,887.5226095066706,-0.520220328476884,-0.8540320894670193,1062.5776124055737
-0.7326681839617198,0.680586021168695,384.15473755445214,0.999938209414051,-0.011116535153616384,887.5226095066706,-0.520220328476884,-0.8540320894670193,1062.5776124055737,90,-0.9917175189142161,0.12843816675206587,380.94869566356306,0.8641814601322079,0.5031802897210553,875.4222231173767,0.0126887725857259,-0.9999194942845487,1085.476185242113
-0.9917175189142161,0.12843816675206587,380.94869566356306,0.8641814601322079,0.5031802897210553,875.4222231173767,0.0126887725857259,-0.9999194942845487,1085.476185242113,90,-0.8726508768491229,-0.4883445987563055,393.2172651145547,0.45499673456307443,0.8904931058334697,852.870715632897,0.5502336056276449,-0.8350107659413747,1105.638809731356
-0.8726508768491229,-0.4883445987563055,393.2172651145547,0.45499673456307443,0.8904931058334697,852.870715632897,0.5502336056276449,-0.8350107659413747,1105.638809731356,-45,-0.9384583923206626,-0.34539230721444447,400.7626648331903,0.647430661655162,0.7621243588475303,834.7247651317169,0.3533619529801267,-0.93548668092393,1127.6973324098094
-0.9384583923206626,-0.34539230721444447,400.7626648331903,0.647430661655162,0.7621243588475303,834.7247651317169,0.3533619529801267,-0.93548668092393,1127.6973324098094,-90,-0.9834332309033259,0.18127073772411723,397.459115182694,0.9607012381669775,0.27758445738988424,831.2530229970956,-0.20343776982187858,-0.9790878784919668,1141.2791719127315
-0.9834332309033259,0.18127073772411723,397.459115182694,0.9607012381669775,0.27758445738988424,831.2530229970956,-0.20343776982187858,-0.9790878784919668,1141.2791719127315,0,-0.9926082261894911,0.12136271792009301,393.8795878794686,0.9682530194261008,0.24997217919648365,824.7199341280044,-0.1996408794064221,-0.9798691337468644,1165.1590491208055
-0.9926082261894911,0.12136271792009301,393.8795878794686,0.9682530194261008,0.24997217919648365,824.7199341280044,-0.1996408794064221,-0.9798691337468644,1165.1590491208055,0,-0.998644755532139,0.05204471393094837,391.7306194482377,0.9737347819086741,0.22768525314843466,818.7635545218778,-0.18928339051118312,-0.9819225010542283,1189.5753184280936
-0.998644755532139,0.05204471393094837,391.7306194482377,0.9737347819086741,0.22768525314843466,818.7635545218778,-0.18928339051118312,-0.9819225010542283,1189.5753184280936,-45,-0.9388969467748607,0.34419837788235486,383.35900406676245,0.9885006213028656,-0.15121680357635034,821.8416672322352,-0.5095847531017368,-0.8604204666360755,1209.1460978719902
-0.9388969467748607,0.34419837788235486,383.35900406676245,0.9885006213028656,-0.15121680357635034,821.8416672322352,-0.5095847531017368,-0.8604204666360755,1209.1460978719902,0,-0.9505852445736198,0.31046367387974955,377.0849968652956,0.9827928414245737,-0.18471120930959442,825.0975547539213,-0.5124296601981085,-0.8587292025715971,1225.3923677177445
-0.9505852445736198,0.31046367387974955,377.0849968652956,0.9827928414245737,-0.18471120930959442,825.0975547539213,-0.5124296601981085,-0.8587292025715971,1225.3923677177445,90,-0.9336720776352067,-0.35812909885173605,385.99730738659304,0.9166396791284439,0.3997145214366166,814.267131419229,0.08269934635403284,-0.9965745421756547,1249.300764952019
-0.5199745588884372,0.8541817477028967,331.4839156504128,0.3967674372021017,-0.917919168977354,870.8282875142091,-0.9829507546340417,-0.18386901306192932,1276.6262046248817,-90,0.03441293863828873,0.9994076994171485,310.6799228923556,-0.16367692613734214,-0.9865139957700707,891.2654904619611,-0.9297095798345648,0.3682934932412423,1268.1921362665832
0.8628985205480018,-0.5053772286481355,278.71853362308,-0.9855014622758402,0.1696669321116539,935.0730564961221,0.4674811074745674,0.8840030622991936,1155.1585263438956,45,0.9663275886797194,-0.25731496527881753,283.0456841710539,-0.9823719914714201,-0.186936541030576,938.6343586977093,0.15046369815745322,0.9886155347438067,1135.7004091431243
