red_sin_t,red_cos_t,red_dist_t,green_sin_t,green_cos_t,green_dist_t,blue_sin_t,blue_cos_t,blue_dist_t,action,red_sin_t1,red_cos_t1,red_dist_t1,green_sin_t1,green_cos_t1,green_dist_t1,blue_sin_t1,blue_cos_t1,blue_dist_t1
0.9663262209024089,-0.25732010181186554,283.0461401589677,-0.9823713874721516,-0.18693971508494345,938.6347518917515,0.150462691627581,0.9886156879334778,1135.6985152138263,90,0.939451795038819,0.34268108322220053,274.2709544096859,-0.6333084489346315,-0.7738994821732416,955.9012064187386,-0.5157296375330899,0.8567513880759037,1117.04764286614
0.939451795038819,0.34268108322220053,274.2709544096859,-0.6333084489346315,-0.7738994821732416,955.9012064187386,-0.5157296375330899,0.8567513880759037,1117.04764286614,0,0.9597689761693768,0.2807908694790236,268.67949595354315,-0.6259199324311002,-0.7798873240317777,969.8487467362372,-0.5209743521243525,0.8535723311053441,1101.676591176308
0.9597689761693768,0.2807908694790236,268.67949595354315,-0.6259199324311002,-0.7798873240317777,969.8487467362372,-0.5209743521243525,0.8535723311053441,1101.676591176308,-45,0.991193979310206,-0.1324178816444319,271.228905275673,-0.8272063017585072,-0.5618983309558887,984.1004009027941,-0.23067727911424427,0.9730303144817478,1075.9982895232872
0.991193979310206,-0.1324178816444319,271.228905275673,-0.8272063017585072,-0.5618983309558887,984.1004009027941,-0.23067727911424427,0.9730303144817478,1075.9982895232872,45,0.9999850852852158,0.005461612135588353,269.83227305689365,-0.6663883326762959,-0.7456048484773328,1002.2723859226343,-0.45428865583809547,0.8908545432206183,1054.2737858749265
0.9999850852852158,0.005461612135588353,269.83227305689365,-0.6663883326762959,-0.7456048484773328,1002.2723859226343,-0.45428865583809547,0.8908545432206183,1054.2737858749265,-45,0.9591600140248773,-0.28286404419048594,275.23885910187175,-0.8015054212671899,-0.5979875079625864,1014.5712934829666,-0.2561816778460336,0.9666286504837269,1033.8275434325108
0.9591600140248773,-0.28286404419048594,275.23885910187175,-0.8015054212671899,-0.5979875079625864,1014.5712934829666,-0.2561816778460336,0.9666286504837269,1033.8275434325108,-45,0.7735186501787126,-0.633773538281382,289.04892628959897,-0.9475623129846891,-0.3195710609725264,1021.3979840342206,0.0794588907545626,0.9968381436723087,1011.4294052424865
0.7735186501787126,-0.633773538281382,289.04892628959897,-0.9475623129846891,-0.3195710609725264,1021.3979840342206,0.0794588907545626,0.9968381436723087,1011.4294052424865,-45,0.5432298042542169,-0.8395840516410047,308.97009956520066,-0.9965752295950403,-0.08269106213849685,1022.8580558539537,0.3464614143142045,0.9380642240227484,989.0478463781872
0.5432298042542169,-0.8395840516410047,308.97009956520066,-0.9965752295950403,-0.08269106213849685,1022.8580558539537,0.3464614143142045,0.9380642240227484,989.0478463781872,-45,0.32311530329707155,-0.9463596043657196,332.4206533674615,-0.9936677102088334,0.11235871879090602,1019.68138689752,0.5541326054260952,0.8324284086957193,968.3057217559184
0.32311530329707155,-0.9463596043657196,332.4206533674615,-0.9936677102088334,0.11235871879090602,1019.68138689752,0.5541326054260952,0.8324284086957193,968.3057217559184,45,0.5655577151351983,-0.824708718791704,352.44541996651054,-0.9746284168702839,-0.2238290620739946,1025.118341488128,0.27587419400079005,0.9611937521043374,944.4223705818123
0.5655577151351983,-0.824708718791704,352.44541996651054,-0.9746284168702839,-0.2238290620739946,1025.118341488128,0.27587419400079005,0.9611937521043374,944.4223705818123,-45,0.3491921241414085,-0.9370511514520492,377.2367110505683,-0.9994442665511281,-0.033334037530392366,1025.5809749426176,0.4896045910806328,0.8719445764455253,921.2156838462153
0.3491921241414085,-0.9370511514520492,377.2367110505683,-0.9994442665511281,-0.033334037530392366,1025.5809749426176,0.4896045910806328,0.8719445764455253,921.2156838462153,-90,-0.30099415487565356,-0.95362598471869,395.7805283625257,-0.8070440855863927,0.5904911886895716,1013.1939925951594,0.9363578941920115,0.35104685440023775,914.8009546512947
-0.30099415487565356,-0.95362598471869,395.7805283625257,-0.8070440855863927,0.5904911886895716,1013.1939925951594,0.9363578941920115,0.35104685440023775,914.8009546512947,45,0.005161124017650018,-0.9999866813107435,418.04824068561754,-0.9558318476038739,0.29391406755404675,1006.8126000107169,0.7949788752189703,0.6066371138955982,900.7996067607602
0.005161124017650018,-0.9999866813107435,418.04824068561754,-0.9558318476038739,0.29391406755404675,1006.8126000107169,0.7949788752189703,0.6066371138955982,900.7996067607602,-90,-0.5824079727605296,-0.8128966436546348,432.3742876566089,-0.5876740204152293,0.8090977973823688,991.2857129135676,0.9997355596099845,-0.022995887704350407,901.9429719370067
-0.5824079727605296,-0.8128966436546348,432.3742876566089,-0.5876740204152293,0.8090977973823688,991.2857129135676,0.9997355596099845,-0.022995887704350407,901.9429719370067,45,-0.27753524831538184,-0.9607154552428723,456.13862570469735,-0.8276839493818209,0.5611945116763984,977.7193287747614,0.9619292495803665,0.27329858909579624,894.3647387166883
-0.27753524831538184,-0.9607154552428723,456.13862570469735,-0.8276839493818209,0.5611945116763984,977.7193287747614,0.9619292495803665,0.27329858909579624,894.3647387166883,0,-0.26910430975905175,-0.9631110374557569,473.12038171199094,-0.8351761148985678,0.5499825970909754,967.9170706167446,0.9673785066770121,0.25333539985433184,889.7099390201843
-0.26910430975905175,-0.9631110374557569,473.12038171199094,-0.8351761148985678,0.5499825970909754,967.9170706167446,0.9673785066770121,0.25333539985433184,889.7099390201843,0,-0.24784444572870948,-0.9687998403805756,492.66029304129023,-0.8508602154321693,0.5253921333582399,957.1472636640248,0.9700119542023544,0.24305721282144543,884.5908909431128
-0.24784444572870948,-0.9687998403805756,492.66029304129023,-0.8508602154321693,0.5253921333582399,957.1472636640248,0.9700119542023544,0.24305721282144543,884.5908909431128,0,-0.23572424627482433,-0.971819983185243,516.192599814236,-0.8627364569310977,0.5056538399755076,944.7762063594638,0.9759047669907083,0.21819689678089238,878.8735518281228
-0.23572424627482433,-0.971819983185243,516.192599814236,-0.8627364569310977,0.5056538399755076,944.7762063594638,0.9759047669907083,0.21819689678089238,878.8735518281228,-90,-0.7073589946093647,-0.7068544777712232,531.7249686866322,-0.4536089641090319,0.8912008234286652,923.8976146331368,0.9270561443199835,-0.3749225323697762,887.875082612864
-0.7073589946093647,-0.7068544777712232,531.7249686866322,-0.4536089641090319,0.8912008234286652,923.8976146331368,0.9270561443199835,-0.3749225323697762,887.875082612864,45,-0.48963917856044337,-0.8719251543674229,549.4750682395882,-0.6752616726990978,0.7375782489903132,908.8367348522505,0.9885402271337895,-0.1509576739959778,890.6009042309018
-0.48963917856044337,-0.8719251543674229,549.4750682395882,-0.6752616726990978,0.7375782489903132,908.8367348522505,0.9885402271337895,-0.1509576739959778,890.6009042309018,90,0.06339494130365089,-0.9979885176779875,572.2336899027267,-0.9748853569925916,0.2227072983119935,904.6759618005167,0.9189372281498634,0.39440381681754283,880.1877730687299
0.06339494130365089,-0.9979885176779875,572.2336899027267,-0.9748853569925916,0.2227072983119935,904.6759618005167,0.9189372281498634,0.39440381681754283,880.1877730687299,-45,-0.16990923529363627,-0.9854597159508509,664.2653535362657,-0.9247836162143191,0.380493446962713,865.0985030091429,0.9993019756392929,0.03735721460984639,871.5145781389202
-0.16990923529363627,-0.9854597159508509,664.2653535362657,-0.9247836162143191,0.380493446962713,865.0985030091429,0.9993019756392929,0.03735721460984639,871.5145781389202,-45,-0.819251459590404,-0.5734344303919958,673.4435361237199,-0.36612103782504657,0.9305672386571058,848.236969453006,0.7051030992208694,-0.7091048014709284,884.689977532706
-0.819251459590404,-0.5734344303919958,673.4435361237199,-0.36612103782504657,0.9305672386571058,848.236969453006,0.7051030992208694,-0.7091048014709284,884.689977532706,-90,-0.9892065302248355,0.14652795146504125,669.6235015927458,0.4093646214235787,0.9123708712616433,830.583237180555,-0.003001846973377402,-0.9999954944472242,904.2928474146692
-0.9892065302248355,0.14652795146504125,669.6235015927458,0.4093646214235787,0.9123708712616433,830.583237180555,-0.003001846973377402,-0.9999954944472242,904.2928474146692,45,-0.7173467411927659,-0.6967163360364955,682.6516443241751,-0.47247578677698826,0.8813436508589972,816.8094438107947,0.7729302005219597,-0.6344910599221104,913.1567595426867
-0.7173467411927659,-0.6967163360364955,682.6516443241751,-0.47247578677698826,0.8813436508589972,816.8094438107947,0.7729302005219597,-0.6344910599221104,913.1567595426867,90,0.20597270346511715,-0.9785577374009522,704.7434319401823,-0.999468755265263,0.032591521113714036,818.0454124697641,0.953232717097726,0.30223730255295567,903.7157212657232
0.20597270346511715,-0.9785577374009522,704.7434319401823,-0.999468755265263,0.032591521113714036,818.0454124697641,0.953232717097726,0.30223730255295567,903.7157212657232,0,0.18698730294126212,-0.9823623305780574,733.6297944451888,-0.999968472785303,0.007940619335336685,817.4182988517507,0.9652871938981988,0.2611907986437139,895.4439096323622
0.18698730294126212,-0.9823623305780574,733.6297944451888,-0.999968472785303,0.007940619335336685,817.4182988517507,0.9652871938981988,0.2611907986437139,895.4439096323622,-90,-0.4668711692745065,-0.8843253424505345,748.4242012173335,-0.7791795333891418,0.6268008094661965,806.195659234037,0.9055553181431208,-0.42422820012666673,903.0446638831347
-0.4668711692745065,-0.8843253424505345,748.4242012173335,-0.7791795333891418,0.6268008094661965,806.195659234037,0.9055553181431208,-0.42422820012666673,903.0446638831347,-90,-0.971591425654322,-0.23666453387654438,749.932222175186,-0.027043988456321458,0.9996342444556281,792.2743324484345,0.26267253119997125,-0.9648850404856529,916.8800236980913
-0.971591425654322,-0.23666453387654438,749.932222175186,-0.027043988456321458,0.9996342444556281,792.2743324484345,0.26267253119997125,-0.9648850404856529,916.8800236980913,-45,-0.9175277203618672,0.3976718274753129,743.8019589489796,0.6050845970872604,0.7961611836605372,780.8024655034969,-0.38336571746869014,-0.9235966255188011,930.1911169949644
-0.9175277203618672,0.3976718274753129,743.8019589489796,0.6050845970872604,0.7961611836605372,780.8024655034969,-0.38336571746869014,-0.9235966255188011,930.1911169949644,-45,-0.20578234382104463,0.9785977861059759,724.2946669284953,0.9980826744095009,-0.06189487089879194,783.3313248817898,-0.9712660259658834,-0.2379964428398874,933.1371413361811
-0.20578234382104463,0.9785977861059759,724.2946669284953,0.9980826744095009,-0.06189487089879194,783.3313248817898,-0.9712660259658834,-0.2379964428398874,933.1371413361811,45,-0.7586982147382124,0.6514422606440646,711.2823599792534,0.853887525892208,0.520457580524757,771.47986857575,-0.6332907521398453,-0.7739139637286234,949.7778032875144
-0.7586982147382124,0.6514422606440646,711.2823599792534,0.853887525892208,0.520457580524757,771.47986857575,-0.6332907521398453,-0.7739139637286234,949.7778032875144,0,-0.7927747781472915,0.6095146849203167,680.3983937670047,0.8818923635572495,0.4714508024167611,747.2250894079508,-0.6090866573868928,-0.7931036778336499,988.0952455308749
-0.7927747781472915,0.6095146849203167,680.3983937670047,0.8818923635572495,0.4714508024167611,747.2250894079508,-0.6090866573868928,-0.7931036778336499,988.0952455308749,-90,-0.3025610262572418,0.9531300149455816,660.5487641794654,0.98846040614617,-0.151479455641181,750.8604916088068,-0.9492649329130731,-0.31447748272577297,993.5952243539714
-0.3025610262572418,0.9531300149455816,660.5487641794654,0.98846040614617,-0.151479455641181,750.8604916088068,-0.9492649329130731,-0.31447748272577297,993.5952243539714,-45,0.5850033030846332,0.8110309090164621,646.9270053300341,0.4748318929628252,-0.8800765156651665,767.2502161780641,-0.836172671893851,0.5484662822616339,982.4074461369305
0.5850033030846332,0.8110309090164621,646.9270053300341,0.4748318929628252,-0.8800765156651665,767.2502161780641,-0.836172671893851,0.5484662822616339,982.4074461369305,90,-0.22881793220615446,0.9734692362375401,628.4268610631026,0.968000292673936,-0.25094906531639916,770.6592137291451,-0.9596557841671968,-0.2811774811652646,988.8397239723049
-0.22881793220615446,0.9734692362375401,628.4268610631026,0.968000292673936,-0.25094906531639916,770.6592137291451,-0.9596557841671968,-0.2811774811652646,988.8397239723049,-45,0.6462476045097194,0.7631277964177752,616.0989568509673,0.38742398629825997,-0.9219016513927967,787.7541777946024,-0.8171341383950964,0.5764475690548998,976.8795650605298
0.6462476045097194,0.7631277964177752,616.0989568509673,0.38742398629825997,-0.9219016513927967,787.7541777946024,-0.8171341383950964,0.5764475690548998,976.8795650605298,0,0.7147566422170784,0.699373249707599,562.9666166590342,0.3495793106514354,-0.9369067752794124,855.8268349803715,-0.8474227649088654,0.5309186919992683,935.9786597313638
0.7147566422170784,0.699373249707599,562.9666166590342,0.3495793106514354,-0.9369067752794124,855.8268349803715,-0.8474227649088654,0.5309186919992683,935.9786597313638,0,0.7461649871739898,0.6657610772008526,545.7512895594933,0.32850821922220125,-0.9445011116475502,879.6382836460963,-0.8529512990182206,0.5219904994376142,922.6069531798738
0.7461649871739898,0.6657610772008526,545.7512895594933,0.32850821922220125,-0.9445011116475502,879.6382836460963,-0.8529512990182206,0.5219904994376142,922.6069531798738,90,0.28195771156428007,0.9594268335258475,528.537417946251,0.772333863211309,-0.6352168163210851,890.026585091305,-0.9994267949260703,-0.03385382672317207,923.9572512672272
0.28195771156428007,0.9594268335258475,528.537417946251,0.772333863211309,-0.6352168163210851,890.026585091305,-0.9994267949260703,-0.03385382672317207,923.9572512672272,90,-0.8793007372072382,0.476266956177738,522.327438387397,0.8142752815138308,0.5804789108275784,874.9033963200395,-0.21197538325710386,-0.9772750057650118,944.389047422904
-0.8793007372072382,0.476266956177738,522.327438387397,0.8142752815138308,0.5804789108275784,874.9033963200395,-0.21197538325710386,-0.9772750057650118,944.389047422904,90,-0.9793310053552042,-0.20226413906069696,526.6337045677669,0.2862422039490984,0.9581572943303008,857.107238790322,0.42897195357514006,-0.9033178084405996,960.4682705778313
-0.9793310053552042,-0.20226413906069696,526.6337045677669,0.2862422039490984,0.9581572943303008,857.107238790322,0.42897195357514006,-0.9033178084405996,960.4682705778313,0,-0.9455193710166693,-0.3255658443882622,542.5075857853142,0.2892406662995611,0.9572564112914501,799.007684965927,0.4219760362646416,-0.9066069847615238,1015.5215018081153
-0.9455193710166693,-0.3255658443882622,542.5075857853142,0.2892406662995611,0.9572564112914501,799.007684965927,0.4219760362646416,-0.9066069847615238,1015.5215018081153,-90,-0.5739931306156435,0.8188601138204576,499.0941406567102,0.9922833874211601,-0.12399064096934044,806.5899585525846,-0.7608731315937496,-0.6489006685300306,1045.081585924209
-0.5739931306156435,0.8188601138204576,499.0941406567102,0.9922833874211601,-0.12399064096934044,806.5899585525846,-0.7608731315937496,-0.6489006685300306,1045.081585924209,0,-0.6266778539917818,0.7792784273391988,450.8255015436128,0.9785477917336423,-0.20601994877489996,816.6836063262504,-0.7393932306323949,-0.6732738302466463,1084.800383868871
-0.6266778539917818,0.7792784273391988,450.8255015436128,0.9785477917336423,-0.20601994877489996,816.6836063262504,-0.7393932306323949,-0.6732738302466463,1084.800383868871,-90,0.9029335361589459,0.42978021043261355,446.98449346698817,-0.37293617601456347,-0.9278569979364463,832.3965505694626,-0.5262957183837731,0.8503016034389845,1065.6608923104666
0.9029335361589459,0.42978021043261355,446.98449346698817,-0.37293617601456347,-0.9278569979364463,832.3965505694626,-0.5262957183837731,0.8503016034389845,1065.6608923104666,-45,0.9910462252707153,0.13351920976648549,443.45900343577426,-0.587802932705032,-0.8090041485081294,850.1065625721577,-0.29431631952991094,0.9557080642426156,1044.6639879541412
0.9910462252707153,0.13351920976648549,443.45900343577426,-0.587802932705032,-0.8090041485081294,850.1065625721577,-0.29431631952991094,0.9557080642426156,1044.6639879541412,90,0.793988508436668,0.6079327664063807,413.2305639331147,-0.025529325195085956,-0.9996740736635534,896.5975568606465,-0.8057962420080934,0.5921928878039943,1016.9089531361597
0.793988508436668,0.6079327664063807,413.2305639331147,-0.025529325195085956,-0.9996740736635534,896.5975568606465,-0.8057962420080934,0.5921928878039943,1016.9089531361597,-45,0.9357178141105996,-0.3527494469961383,427.29014491534906,-0.7916352568044649,-0.6109939608409636,919.1644836163874,-0.01131711797343092,0.9999359593697865,976.8022051274147
0.9357178141105996,-0.3527494469961383,427.29014491534906,-0.7916352568044649,-0.6109939608409636,919.1644836163874,-0.01131711797343092,0.9999359593697865,976.8022051274147,-90,0.5707485257760349,-0.8211249115235044,445.70800216717,-0.9942741365026929,-0.10685944732135022,920.6665537510581,0.5446340937367605,0.8386737768283551,958.418167187919
0.5707485257760349,-0.8211249115235044,445.70800216717,-0.9942741365026929,-0.10685944732135022,920.6665537510581,0.5446340937367605,0.8386737768283551,958.418167187919,90,0.9053465158507993,-0.4246736231941166,453.81393225210707,-0.7691915941037573,-0.6390182247480276,934.6231995334377,0.006766268136087428,0.999977108545746,937.0618149866741
0.9053465158507993,-0.4246736231941166,453.81393225210707,-0.7691915941037573,-0.6390182247480276,934.6231995334377,0.006766268136087428,0.999977108545746,937.0618149866741,0,0.8913642818187718,-0.45328767587229324,462.03351191021846,-0.7562444783359876,-0.6542891478439252,946.715462072998,0.002012958838236171,0.9999979739963054,918.3562740723722
0.8913642818187718,-0.45328767587229324,462.03351191021846,-0.7562444783359876,-0.6542891478439252,946.715462072998,0.002012958838236171,0.9999979739963054,918.3562740723722,45,0.8576505533003941,0.5142329515147079,434.40877289044244,0.2203015482916333,-0.9754318160795808,991.0046730284273,-0.9078145126534759,0.41937192397170814,900.4855701032527
0.8576505533003941,0.5142329515147079,434.40877289044244,0.2203015482916333,-0.9754318160795808,991.0046730284273,-0.9078145126534759,0.41937192397170814,900.4855701032527,-90,0.9858001630055779,-0.1679227162065213,438.0777268867478,-0.4149959433670462,-0.9098232614023976,1010.5181318483404,-0.4699017605549288,0.8827187181811533,880.9769206933063
0.9858001630055779,-0.1679227162065213,438.0777268867478,-0.4149959433670462,-0.9098232614023976,1010.5181318483404,-0.4699017605549288,0.8827187181811533,880.9769206933063,-90,0.15756716674596505,-0.9875082723520088,449.72890426928313,-0.9956385918116678,0.0932941289432462,1006.1749784879617,0.6957642200460349,0.7182702486555689,875.0719326633954
0.15756716674596505,-0.9875082723520088,449.72890426928313,-0.9956385918116678,0.0932941289432462,1006.1749784879617,0.6957642200460349,0.7182702486555689,875.0719326633954,-90,-0.4946554939331538,-0.869089145209942,460.96956407152305,-0.7131981700894393,0.700962459894305,996.0183427027285,0.9956258673738014,0.09342982508902413,874.5995992454433
-0.4946554939331538,-0.869089145209942,460.96956407152305,-0.7131981700894393,0.700962459894305,996.0183427027285,0.9956258673738014,0.09342982508902413,874.5995992454433,-90,-0.8450315858619903,-0.5347163910855638,472.65097457453743,-0.2632634967100228,0.9647239663758809,973.0090974735334,0.8944388270708156,-0.44719032260122044,885.4875175666001
-0.8450315858619903,-0.5347163910855638,472.65097457453743,-0.2632634967100228,0.9647239663758809,973.0090974735334,0.8944388270708156,-0.44719032260122044,885.4875175666001,-45,-0.954868281761891,0.29702956836835964,464.3241519981488,0.6097566062168497,0.7925887213270889,957.1493290645927,0.19561088817607816,-0.9806815897257202,906.592454264208
-0.954868281761891,0.29702956836835964,464.3241519981488,0.6097566062168497,0.7925887213270889,957.1493290645927,0.19561088817607816,-0.9806815897257202,906.592454264208,-45,-0.2999633215108019,0.9539507354932997,446.5818305850116,0.9971887642315502,-0.07493042433053303,960.5322958696704,-0.6884424031514115,-0.7252910157606458,917.9392852518406
-0.2999633215108019,0.9539507354932997,446.5818305850116,0.9971887642315502,-0.07493042433053303,960.5322958696704,-0.6884424031514115,-0.7252910157606458,917.9392852518406,-90,0.773171518528049,0.634196974872185,435.3148398014706,0.3324690817990584,-0.9431141551517986,979.6006787213757,-0.948956978043107,0.3154055386693363,909.8174156122644
0.773171518528049,0.634196974872185,435.3148398014706,0.3324690817990584,-0.9431141551517986,979.6006787213757,-0.948956978043107,0.3154055386693363,909.8174156122644,90,0.29238894592381165,0.9562994846289328,375.41201332045836,0.7924939072510417,-0.6098798299419134,1015.4179138390853,-0.9326629774519517,-0.36074890227200995,931.2290909036938
0.29238894592381165,0.9562994846289328,375.41201332045836,0.7924939072510417,-0.6098798299419134,1015.4179138390853,-0.9326629774519517,-0.36074890227200995,931.2290909036938,-90,0.7341557101153158,0.678981143556341,363.8767479748741,0.40462544843570564,-0.9144825020076678,1031.7123861410068,-0.9945558071020171,0.1042053096519336,928.4609026322917
0.7341557101153158,0.678981143556341,363.8767479748741,0.40462544843570564,-0.9144825020076678,1031.7123861410068,-0.9945558071020171,0.1042053096519336,928.4609026322917,45,0.5931940190657907,0.8050595355280095,350.74998158028467,0.583211393364667,-0.8123204236319826,1044.6349168865504,-0.9918156079985183,-0.12767850144221368,930.5057278590874
0.5931940190657907,0.8050595355280095,350.74998158028467,0.583211393364667,-0.8123204236319826,1044.6349168865504,-0.9918156079985183,-0.12767850144221368,930.5057278590874,-45,0.8023309803051246,0.5968793831609681,339.68643140339003,0.35485222949482287,-0.9349224006421889,1061.811806150021,-0.9943522193657964,0.10613040960212562,928.1645929896108
0.8023309803051246,0.5968793831609681,339.68643140339003,0.35485222949482287,-0.9349224006421889,1061.811806150021,-0.9943522193657964,0.10613040960212562,928.1645929896108,90,-0.23140359038809905,0.9728578407740244,318.8764488397505,0.9962025975490756,-0.08706540436059883,1060.6971432150885,-0.5022096429491306,-0.8647459017126977,948.5294458395322
-0.23140359038809905,0.9728578407740244,318.8764488397505,0.9962025975490756,-0.08706540436059883,1060.6971432150885,-0.5022096429491306,-0.8647459017126977,948.5294458395322,90,-0.9069120677404269,0.42131995132770944,311.9988908044546,0.7331641665744522,0.68005169277871,1046.6702765738646,0.30791077249697396,-0.9514152385684795,965.8089396268861
-0.9069120677404269,0.42131995132770944,311.9988908044546,0.7331641665744522,0.68005169277871,1046.6702765738646,0.30791077249697396,-0.9514152385684795,965.8089396268861,45,-0.8702140727830785,-0.4926737942394409,318.64999677922486,-0.10458009671380954,0.9945164671192379,1036.7530373465997,0.941549429862167,-0.33687485974205333,967.3042439932743
-0.8702140727830785,-0.4926737942394409,318.64999677922486,-0.10458009671380954,0.9945164671192379,1036.7530373465997,0.941549429862167,-0.33687485974205333,967.3042439932743,45,-0.24972716309217285,-0.9683162417381707,331.813866037723,-0.7901520992839345,0.6129108091698101,1029.2263704816837,0.9048117581767869,0.42581179206902164,960.7100924289804
-0.24972716309217285,-0.9683162417381707,331.813866037723,-0.7901520992839345,0.6129108091698101,1029.2263704816837,0.9048117581767869,0.42581179206902164,960.7100924289804,0,-0.20680052518616027,-0.9783831267876242,365.3225946212744,-0.819363642867587,0.5732741235628531,1008.9491752020118,0.9092943068100657,0.41615365383810116,946.0974358599752
-0.20680052518616027,-0.9783831267876242,365.3225946212744,-0.819363642867587,0.5732741235628531,1008.9491752020118,0.9092943068100657,0.41615365383810116,946.0974358599752,45,0.006654846062984212,-0.9999778562667665,381.0478961361288,-0.9286641753802864,0.3709216215930969,1003.2397814828566,0.8069188678629103,0.5906622898804689,936.5236458038686
0.006654846062984212,-0.9999778562667665,381.0478961361288,-0.9286641753802864,0.3709216215930969,1003.2397814828566,0.8069188678629103,0.5906622898804689,936.5236458038686,0,0.002861265295109545,-0.9999959065720774,445.8793021245212,-0.948923066744096,0.31550754888113197,981.1984672139729,0.8411725798191046,0.5407667620707397,899.6118007579993
0.002861265295109545,-0.9999959065720774,445.8793021245212,-0.948923066744096,0.31550754888113197,981.1984672139729,0.8411725798191046,0.5407667620707397,899.6118007579993,-90,-0.5782604558952579,-0.8158522201647848,461.5850279631695,-0.5764422057166886,0.8171379219375875,964.4475817999441,0.995278131871344,-0.09706410365674688,902.0146883725121
-0.5782604558952579,-0.8158522201647848,461.5850279631695,-0.5764422057166886,0.8171379219375875,964.4475817999441,0.995278131871344,-0.09706410365674688,902.0146883725121,-45,-0.792786699828898,-0.6094991784854222,474.86421261680687,-0.27894422694320914,0.9603073040725325,942.602323583058,0.89709255268558,-0.4418426777893575,912.0031252272001
-0.792786699828898,-0.6094991784854222,474.86421261680687,-0.27894422694320914,0.9603073040725325,942.602323583058,0.89709255268558,-0.4418426777893575,912.0031252272001,-45,-0.9967515029608991,-0.08053844637928388,475.04575832407977,0.322359209941012,0.9466174199570841,929.1779982875724,0.4803599402491201,-0.8770714496572453,925.0000175684863
-0.9967515029608991,-0.08053844637928388,475.04575832407977,0.322359209941012,0.9466174199570841,929.1779982875724,0.4803599402491201,-0.8770714496572453,925.0000175684863,90,-0.38079153466123156,-0.9246609146764797,494.8723728366739,-0.6987918441799945,0.7153250719131283,914.9327982955906,0.9999738097625186,-0.00723738827438482,923.6444908063925
-0.38079153466123156,-0.9246609146764797,494.8723728366739,-0.6987918441799945,0.7153250719131283,914.9327982955906,0.9999738097625186,-0.00723738827438482,923.6444908063925,0,-0.33515036619336214,-0.9421646522983418,541.9836842456883,-0.7365502563499541,0.6763828205024258,879.7462327219878,0.9988524286036229,-0.047893902249079856,925.0986941881011
-0.33515036619336214,-0.9421646522983418,541.9836842456883,-0.7365502563499541,0.6763828205024258,879.7462327219878,0.9988524286036229,-0.047893902249079856,925.0986941881011,-90,-0.7400677778752782,-0.6725322922735739,553.6970557321124,-0.31024202744062696,0.9506576062965726,861.6514547811139,0.8351577364727665,-0.5500105046357615,936.0403140497796
-0.7400677778752782,-0.6725322922735739,553.6970557321124,-0.31024202744062696,0.9506576062965726,861.6514547811139,0.8351577364727665,-0.5500105046357615,936.0403140497796,0,-0.6887524260144935,-0.7249966176880757,594.974881205064,-0.33172732558504225,0.9433753131496474,805.7825942926416,0.8061177684828926,-0.5917551379888151,969.7339786070096
-0.6887524260144935,-0.7249966176880757,594.974881205064,-0.33172732558504225,0.9433753131496474,805.7825942926416,0.8061177684828926,-0.5917551379888151,969.7339786070096,-45,-0.8510348429852246,-0.5251092229480587,603.2734979911598,-0.057686677392385276,0.9983347370754094,789.5678016348501,0.602048159254617,-0.7984597760301564,982.6965927378044
-0.8510348429852246,-0.5251092229480587,603.2734979911598,-0.057686677392385276,0.9983347370754094,789.5678016348501,0.602048159254617,-0.7984597760301564,982.6965927378044,90,0.16215543046920844,-0.9867652285976365,623.9000920028739,-0.9567210191525591,0.29100668636938326,785.6066679969019,0.9699550895242425,0.24328404038493495,974.7136834995158
0.16215543046920844,-0.9867652285976365,623.9000920028739,-0.9567210191525591,0.29100668636938326,785.6066679969019,0.9699550895242425,0.24328404038493495,974.7136834995158,45,0.6325517518933933,-0.7745180960936929,641.3515925332664,-0.9611872816596406,-0.2758967371603924,792.3925499681056,0.7139750537626147,0.7001711380831628,957.747704379894
0.6325517518933933,-0.7745180960936929,641.3515925332664,-0.9611872816596406,-0.2758967371603924,792.3925499681056,0.7139750537626147,0.7001711380831628,957.747704379894,-90,-0.04213916500026726,-0.9991117508933024,659.5849397098258,-0.9091451540428304,0.4164793979063528,783.7875864620556,0.9996377497160069,0.026914110476063957,957.9831171226424
-0.04213916500026726,-0.9991117508933024,659.5849397098258,-0.9091451540428304,0.4164793979063528,783.7875864620556,0.9996377497160069,0.026914110476063957,957.9831171226424,90,0.4758045560558141,-0.8795510357202302,724.701989424205,-0.9672167790161909,-0.2539521655539583,800.0941328840003,0.8507517003371542,0.5255678304210037,915.7116650318486
0.4758045560558141,-0.8795510357202302,724.701989424205,-0.9672167790161909,-0.2539521655539583,800.0941328840003,0.8507517003371542,0.5255678304210037,915.7116650318486,-45,-0.21882951780438875,-0.9757631075919496,780.3792297735375,-0.915924980060192,0.40134951214837306,774.5245529109711,0.9707873145413104,-0.23994163858253298,928.6795261347909
-0.21882951780438875,-0.9757631075919496,780.3792297735375,-0.915924980060192,0.40134951214837306,774.5245529109711,0.9707873145413104,-0.23994163858253298,928.6795261347909,0,-0.2036867122010414,-0.979036119493418,836.5844419791815,-0.941947545273994,0.3357600660476122,753.397202385049,0.9550706937622895,-0.2963780860934545,944.0201144899501
-0.2036867122010414,-0.979036119493418,836.5844419791815,-0.941947545273994,0.3357600660476122,753.397202385049,0.9550706937622895,-0.2963780860934545,944.0201144899501,-45,-0.4840274123324548,-0.8750528350395466,852.7749308583963,-0.805822284107903,0.5921574507131714,742.0360548521496,0.8092531686760377,-0.5874600488439979,955.0272847937606
-0.4840274123324548,-0.8750528350395466,852.7749308583963,-0.805822284107903,0.5921574507131714,742.0360548521496,0.8092531686760377,-0.5874600488439979,955.0272847937606,-90,-0.9193898387661732,0.39334758722217933,845.2738372187184,0.524255724639516,0.8515608816653664,736.5041343308646,-0.50218540162963,-0.8647599796418005,960.6899957251853
-0.9193898387661732,0.39334758722217933,845.2738372187184,0.524255724639516,0.8515608816653664,736.5041343308646,-0.50218540162963,-0.8647599796418005,960.6899957251853,0,-0.9445270185234957,0.32843372433280343,823.6167940184797,0.560809014178868,0.8279451972296996,685.8742095962488,-0.47426860582010405,-0.8803801960138896,1013.2772490238192
-0.9445270185234957,0.32843372433280343,823.6167940184797,0.560809014178868,0.8279451972296996,685.8742095962488,-0.47426860582010405,-0.8803801960138896,1013.2772490238192,-90,-0.6262634684840422,0.7796114853196668,804.899591401172,0.9334356718649006,0.3587448208547708,677.8249746341409,-0.8675665286002727,-0.49732114217321616,1024.0390189039545
-0.6262634684840422,0.7796114853196668,804.899591401172,0.9334356718649006,0.3587448208547708,677.8249746341409,-0.8675665286002727,-0.49732114217321616,1024.0390189039545,0,-0.6693137266204955,0.7429799023912993,762.0516209346636,0.9564123421491034,0.2920195743180008,658.9826165910206,-0.8385959644790617,-0.5447538970575907,1053.9101825910727
-0.6693137266204955,0.7429799023912993,762.0516209346636,0.9564123421491034,0.2920195743180008,658.9826165910206,-0.8385959644790617,-0.5447538970575907,1053.9101825910727,0,-0.7002888911444497,0.7138595582743689,719.3695336483208,0.9804399856676753,0.19681827787065032,644.8639592514087,-0.8195664535319064,-0.5729841431009531,1086.3967074422687
-0.7002888911444497,0.7138595582743689,719.3695336483208,0.9804399856676753,0.19681827787065032,644.8639592514087,-0.8195664535319064,-0.5729841431009531,1086.3967074422687,90,-0.7110177952649057,-0.7031740146056541,739.7261940715905,-0.19958426503014554,0.9798806667918174,623.1933842681904,0.5486337556799177,-0.8360627979575149,1102.4711706868532
-0.7110177952649057,-0.7031740146056541,739.7261940715905,-0.19958426503014554,0.9798806667918174,623.1933842681904,0.5486337556799177,-0.8360627979575149,1102.4711706868532,90,-0.24187657635140933,-0.9703070245095213,761.3472499341627,-0.6929728118345767,0.7209637175739707,607.1186333677401,0.8922491620215233,-0.45154338979979486,1112.1322021155186
-0.24187657635140933,-0.9703070245095213,761.3472499341627,-0.6929728118345767,0.7209637175739707,607.1186333677401,0.8922491620215233,-0.45154338979979486,1112.1322021155186,45,-0.008785114586798043,-0.9999614101362596,785.9017930600298,-0.8603286199265522,0.5097398019924224,594.3428878475539,0.9677910493246547,-0.2517548109710792,1117.9349660579412
-0.008785114586798043,-0.9999614101362596,785.9017930600298,-0.8603286199265522,0.5097398019924224,594.3428878475539,0.9677910493246547,-0.2517548109710792,1117.9349660579412,90,0.6054273761512199,-0.7959005542193379,799.5386018474217,-0.9858117169969471,-0.16785487371992217,598.082649676556,0.9190951765857939,0.3940356029304056,1109.813991551796
0.6054273761512199,-0.7959005542193379,799.5386018474217,-0.9858117169969471,-0.16785487371992217,598.082649676556,0.9190951765857939,0.3940356029304056,1109.813991551796,-90,0.09196396952161826,-0.9957623352536623,813.5027712717947,-0.9334263392878764,0.358769102799606,592.5092057233288,0.9864998792630961,-0.1637619864739577,1112.4607134037992
0.09196396952161826,-0.9957623352536623,813.5027712717947,-0.9334263392878764,0.358769102799606,592.5092057233288,0.9864998792630961,-0.1637619864739577,1112.4607134037992,0,0.09982116723016274,-0.9950053942430703,835.7270651908553,-0.94905791832625,0.3151016782916986,585.0726172814107,0.9849575810775825,-0.17279630631989093,1116.1227385429079
0.09982116723016274,-0.9950053942430703,835.7270651908553,-0.94905791832625,0.3151016782916986,585.0726172814107,0.9849575810775825,-0.17279630631989093,1116.1227385429079,-45,-0.21043567464423835,-0.9776077060032947,856.7163845917271,-0.8209077986906931,0.5710607551292599,572.5574238693617,0.8737748892117523,-0.4863305902192356,1126.3930058500541
-0.21043567464423835,-0.9776077060032947,856.7163845917271,-0.8209077986906931,0.5710607551292599,572.5574238693617,0.8737748892117523,-0.4863305902192356,1126.3930058500541,-90,-0.7729609627027417,-0.6344535839111091,867.9058017538999,-0.2784855456804864,0.9604404202484617,554.4712803365744,0.3604297848245573,-0.9327863475691115,1143.9822379381944
-0.7729609627027417,-0.6344535839111091,867.9058017538999,-0.2784855456804864,0.9604404202484617,554.4712803365744,0.3604297848245573,-0.9327863475691115,1143.9822379381944,45,-0.5373978039992363,-0.8433288802458969,882.8389938720933,-0.5695564953668735,0.8219521875300319,539.949450505406,0.6166346022671845,-0.7872494949422268,1157.7367097492806
-0.5373978039992363,-0.8433288802458969,882.8389938720933,-0.5695564953668735,0.8219521875300319,539.949450505406,0.6166346022671845,-0.7872494949422268,1157.7367097492806,-45,-0.7152184971751387,-0.6989009238071846,892.6872002952098,-0.3657721625939453,0.9307044241172105,526.7152148655856,0.40629800489474566,-0.9137406257896982,1170.6916748533322
-0.7152184971751387,-0.6989009238071846,892.6872002952098,-0.3657721625939453,0.9307044241172105,526.7152148655856,0.40629800489474566,-0.9137406257896982,1170.6916748533322,-90,-0.9867232451697135,-0.1624107060564338,896.3090236803655,0.2701992129599017,0.9628044377316972,504.25980003451593,-0.21227521366362895,-0.9772099230278316,1193.4280480744744
-0.9867232451697135,-0.1624107060564338,896.3090236803655,0.2701992129599017,0.9628044377316972,504.25980003451593,-0.21227521366362895,-0.9772099230278316,1193.4280480744744,45,-0.9004378913000624,-0.4349846019241337,904.9085154022644,0.006328737533233482,0.9999799733400841,484.4955121025684,0.052172422675938405,-0.9986380917590332,1213.1536346430034
-0.9004378913000624,-0.4349846019241337,904.9085154022644,0.006328737533233482,0.9999799733400841,484.4955121025684,0.052172422675938405,-0.9986380917590332,1213.1536346430034,-45,-0.9785552377539427,-0.20598457870511708,909.4102748906292,0.28244996440738057,0.9592820323587165,462.69247678847125,-0.20944478965184615,-0.9778204743651535,1235.318941843219
-0.9785552377539427,-0.20598457870511708,909.4102748906292,0.28244996440738057,0.9592820323587165,462.69247678847125,-0.20944478965184615,-0.9778204743651535,1235.318941843219,-90,-0.9533282507900668,0.3019358313376396,901.5256242737086,0.759104263095575,0.650969060516799,448.40808558956655,-0.671117085991856,-0.7413513720833055,1251.2763608500322
-0.9533282507900668,0.3019358313376396,901.5256242737086,0.759104263095575,0.650969060516799,448.40808558956655,-0.671117085991856,-0.7413513720833055,1251.2763608500322,0,-0.9599859270282315,0.2800482456787526,894.3090520399141,0.7895208097606352,0.613723790442338,432.3928313010404,-0.664206252356223,-0.7475493658153296,1270.0934613486245
-0.9599859270282315,0.2800482456787526,894.3090520399141,0.7895208097606352,0.613723790442338,432.3928313010404,-0.664206252356223,-0.7475493658153296,1270.0934613486245,0,-0.9673622797277495,0.2533973554714639,887.3466004967844,0.8191953045381285,0.5735146493531642,416.90880227359077,-0.6545222195848188,-0.7560427660322941,1289.694347282797
-0.9673622797277495,0.2533973554714639,887.3466004967844,0.8191953045381285,0.5735146493531642,416.90880227359077,-0.6545222195848188,-0.7560427660322941,1289.694347282797,-45,-0.8973044207723639,0.44141225227939984,876.8077125687079,0.9443406103510579,0.32896931717379274,409.1586548271587,-0.7975186484546016,-0.603294294160939,1303.0371924162296
-0.8973044207723639,0.44141225227939984,876.8077125687079,0.9443406103510579,0.32896931717379274,409.1586548271587,-0.7975186484546016,-0.603294294160939,1303.0371924162296,45,-0.9933435357720185,0.1151894957882213,873.9916114683538,0.823253274757069,0.5676742425033584,395.2983391276139,-0.562959091598596,-0.8264847616178314,1322.3836269846395
-0.9933435357720185,0.1151894957882213,873.9916114683538,0.823253274757069,0.5676742425033584,395.2983391276139,-0.562959091598596,-0.8264847616178314,1322.3836269846395,-45,-0.9194129808656472,0.3932934917027551,863.9816093899221,0.9737429004070378,0.22765053021438297,389.28352310880047,-0.7818918596764399,-0.6234140837129991,1337.184467963938
-0.9194129808656472,0.3932934917027551,863.9816093899221,0.9737429004070378,0.22765053021438297,389.28352310880047,-0.7818918596764399,-0.6234140837129991,1337.184467963938,90,-0.9825394982301313,-0.1860541169060276,868.1562056990492,0.7315284429274272,0.6818109248084646,372.78390187046705,-0.32167161235557856,-0.9468512944515429,1359.4783402076584
-0.9825394982301313,-0.1860541169060276,868.1562056990492,0.7315284429274272,0.6818109248084646,372.78390187046705,-0.32167161235557856,-0.9468512944515429,1359.4783402076584,45,-0.8545437810415576,-0.5193793664395983,875.6662152973415,0.47270896510907123,0.8812186075574613,360.1632416185333,0.017393070693582487,-0.9998487291044821,1373.5582552673804
-0.8545437810415576,-0.5193793664395983,875.6662152973415,0.47270896510907123,0.8812186075574613,360.1632416185333,0.017393070693582487,-0.9998487291044821,1373.5582552673804,90,-0.3352776139394516,-0.9421193775690361,895.0073768567777,-0.19392732897489065,0.9810158974637794,340.1981255504651,0.6312673426962725,-0.7755653048229961,1389.0590644850383
-0.3352776139394516,-0.9421193775690361,895.0073768567777,-0.19392732897489065,0.9810158974637794,340.1981255504651,0.6312673426962725,-0.7755653048229961,1389.0590644850383,90,0.16651997669258353,-0.9860380810913448,920.2512237744485,-0.6912376637478231,0.7226274920153892,321.5190116592952,0.9248008453452798,-0.38045156912366085,1398.118791397344
0.16651997669258353,-0.9860380810913448,920.2512237744485,-0.6912376637478231,0.7226274920153892,321.5190116592952,0.9248008453452798,-0.38045156912366085,1398.118791397344,-90,-0.41106649247290605,-0.9116053635022242,938.6093549595432,-0.17031667653354807,0.9853893797350196,301.18579185872966,0.5414986583568162,-0.840701613533463,1415.6927919635566
-0.41106649247290605,-0.9116053635022242,938.6093549595432,-0.17031667653354807,0.9853893797350196,301.18579185872966,0.5414986583568162,-0.840701613533463,1415.6927919635566,-90,-0.8027163882940147,-0.5963609644872915,949.0648743956443,0.36940880113327074,0.9292669894305294,284.0133373833349,0.04746372453980199,-0.9988729623194382,1434.3487636595294
-0.851792549506844,0.5238792347522763,911.7245191230353,0.9301710076854114,-0.3671265401213951,291.6739254203742,-0.9223394827679965,-0.38638048414388726,1475.9369630069334,-90,-0.4535170503522081,0.8912476002996209,893.0346809770156,0.561282688951147,-0.8276241556913199,308.7633097175246,-0.9890222712186797,0.14776652879946947,1472.6275501387715
-0.4535170503522081,0.8912476002996209,893.0346809770156,0.561282688951147,-0.8276241556913199,308.7633097175246,-0.9890222712186797,0.14776652879946947,1472.6275501387715,90,-0.8775730467911222,0.47944295546576415,884.2248250417593,0.8978461570799783,-0.44030929835368576,316.0012993962683,-0.9033532006840981,-0.4288974175881636,1482.3056436579232
0.18811328810612385,0.9821473366241454,807.9157871142388,-0.09812317127506168,-0.9951742778322422,393.1780246509461,-0.7239841427199768,0.6898166141011829,1426.541327501037,90,-0.46049669098383084,0.887661420583852,790.9176835841073,0.5054852494429519,-0.8628352464958746,409.43852066708376,-0.9957762598255097,0.09181307296850022,1425.5813628853493
-0.46049669098383084,0.887661420583852,790.9176835841073,0.5054852494429519,-0.8628352464958746,409.43852066708376,-0.9957762598255097,0.09181307296850022,1425.5813628853493,0,-0.47140157535224947,0.8819186780851268,771.5507676647403,0.48223287788868063,-0.8760430648565176,428.4701472495488,-0.9970049176437652,0.07733818070105476,1423.7779135399066
0.3743530795051983,0.9272862405239143,680.8225502137916,-0.3166748604179491,-0.9485341495061063,519.7343714625875,-0.6374939820527618,0.7704553347511542,1363.8327408005757,45,0.06721211273452124,0.9977387092329143,658.1473762786703,-0.003554682786021144,-0.9999936820951875,542.4560303863324,-0.8542462858478679,0.5198685248359655,1351.9242171447695
0.06721211273452124,0.9977387092329143,658.1473762786703,-0.003554682786021144,-0.9999936820951875,542.4560303863324,-0.8542462858478679,0.5198685248359655,1351.9242171447695,45,-0.16656402531281997,0.9860306412437649,633.9478989300704,0.21350645171117658,-0.9769416538758612,566.3940912102199,-0.9550469313059907,0.29645464915060815,1344.4563877485393
-0.16656402531281997,0.9860306412437649,633.9478989300704,0.21350645171117658,-0.9769416538758612,566.3940912102199,-0.9550469313059907,0.29645464915060815,1344.4563877485393,-45,0.14188194782527094,0.9898835855196848,611.7953836442193,-0.08595545329499867,-0.9962989812545485,588.6800620442123,-0.8299166267725885,0.5578874372186634,1331.8263518373471
0.14188194782527094,0.9898835855196848,611.7953836442193,-0.08595545329499867,-0.9962989812545485,588.6800620442123,-0.8299166267725885,0.5578874372186634,1331.8263518373471,45,-0.21844728884656767,0.9758487495486092,592.0860354815732,0.25765177901070696,-0.9662378386156371,608.1583996067857,-0.9755395780539736,0.21982386506081417,1327.2159256926836
0.2180903207447935,0.975928589599379,521.2599168821874,-0.13326288159229308,-0.9910807254657505,679.8359603228008,-0.8318865405843673,0.5549457483345321,1284.7942329213752,45,0.0019920614241743604,0.9999980158436728,501.03261349002025,0.08142590616183987,-0.9966793977030544,699.9854282630746,-0.9373806180178118,0.34830672827917813,1277.7035962149594
0.0019920614241743604,0.9999980158436728,501.03261349002025,0.08142590616183987,-0.9966793977030544,699.9854282630746,-0.9373806180178118,0.34830672827917813,1277.7035962149594,-45,0.3706958216152857,0.928754331261485,482.6020039020974,-0.2704212894889923,-0.9627420870571259,719.01770087413,-0.7602830614639358,0.6495919230186172,1264.7246871040036
0.3706958216152857,0.928754331261485,482.6020039020974,-0.2704212894889923,-0.9627420870571259,719.01770087413,-0.7602830614639358,0.6495919230186172,1264.7246871040036,0,0.38879562902464004,0.9213240248964175,460.4837635555134,-0.26238315172860627,-0.9649637722158088,742.0599008828398,-0.7694304412189902,0.6387306131113101,1249.3417853006638
0.38879562902464004,0.9213240248964175,460.4837635555134,-0.26238315172860627,-0.9649637722158088,742.0599008828398,-0.7694304412189902,0.6387306131113101,1249.3417853006638,0,0.4108053491316902,0.9117230748011098,437.4129827160255,-0.2558221265096659,-0.9667238693588115,766.3585306164015,-0.7782635668805505,0.6279377520633417,1233.4703066748423
0.4108053491316902,0.9117230748011098,437.4129827160255,-0.2558221265096659,-0.9667238693588115,766.3585306164015,-0.7782635668805505,0.6279377520633417,1233.4703066748423,-45,0.7633107408010639,0.6460315108241479,387.8551935477079,-0.5071023583417331,-0.86188583824324,827.053306118735,-0.5683772218027826,0.8227680923174832,1174.111396402373
0.7633107408010639,0.6460315108241479,387.8551935477079,-0.5071023583417331,-0.86188583824324,827.053306118735,-0.5683772218027826,0.8227680923174832,1174.111396402373,-45,0.9608842530161062,0.2769502704560507,382.48233474973716,-0.7764476713762829,-0.6301817306256566,838.5536216579176,-0.23088370675553493,0.972981353343847,1155.770191861518
0.9608842530161062,0.2769502704560507,382.48233474973716,-0.7764476713762829,-0.6301817306256566,838.5536216579176,-0.23088370675553493,0.972981353343847,1155.770191861518,-45,0.9954334443913568,-0.09545814678255314,384.0699008279873,-0.9271295040227199,-0.3747410876466384,846.1181056578449,0.08980651031180728,0.9959592314475605,1134.699541165863
0.9954334443913568,-0.09545814678255314,384.0699008279873,-0.9271295040227199,-0.3747410876466384,846.1181056578449,0.08980651031180728,0.9959592314475605,1134.699541165863,45,0.9799727328223096,0.19913172254759987,379.7436493673331,-0.7374632320526068,-0.6753872825057657,858.4455016102188,-0.25351800742245184,0.9673306673069709,1117.3319109534195
0.9799727328223096,0.19913172254759987,379.7436493673331,-0.7374632320526068,-0.6753872825057657,858.4455016102188,-0.25351800742245184,0.9673306673069709,1117.3319109534195,45,0.8910468581868217,0.4539113311158844,370.978225750151,-0.486206441119288,-0.8738439772717532,874.1466490130417,-0.5457036054868319,0.8379782663999539,1102.613243154974
0.8910468581868217,0.4539113311158844,370.978225750151,-0.486206441119288,-0.8738439772717532,874.1466490130417,-0.5457036054868319,0.8379782663999539,1102.613243154974,45,0.7207521100404833,0.6931928994675227,357.0485477704257,-0.1713095005852884,-0.9852172628457233,893.3488822766669,-0.7977244268966514,0.6030221710123179,1090.9817163751966
0.7207521100404833,0.6931928994675227,357.0485477704257,-0.1713095005852884,-0.9852172628457233,893.3488822766669,-0.7977244268966514,0.6030221710123179,1090.9817163751966,45,0.48755969428856,0.8730896543341043,337.37096252648956,0.1491847680309151,-0.9888093370248695,915.3633411689863,-0.9547449180888371,0.2974258586329367,1084.254456461236
0.48755969428856,0.8730896543341043,337.37096252648956,0.1491847680309151,-0.9888093370248695,915.3633411689863,-0.9547449180888371,0.2974258586329367,1084.254456461236,-45,0.7229526447212665,0.6908975853847849,320.4352387353176,-0.0942676219395767,-0.9955468926443681,939.2850165010406,-0.8629219977125596,0.5053371407919323,1071.7431139145986
0.7229526447212665,0.6908975853847849,320.4352387353176,-0.0942676219395767,-0.9955468926443681,939.2850165010406,-0.8629219977125596,0.5053371407919323,1071.7431139145986,-90,0.99858069909208,0.0532596226119998,319.15465950264615,-0.661219413997901,-0.7501925663136582,954.6867217481607,-0.3939875991462302,0.9191157553425953,1052.051527579448
0.99858069909208,0.0532596226119998,319.15465950264615,-0.661219413997901,-0.7501925663136582,954.6867217481607,-0.3939875991462302,0.9191157553425953,1052.051527579448,-45,0.643756379043691,-0.7652305041231404,334.73297175851974,-0.9997311888716774,0.023185124481496136,952.0708809654301,0.4764075400971615,0.8792245763959123,1036.3149339762938
0.643756379043691,-0.7652305041231404,334.73297175851974,-0.9997311888716774,0.023185124481496136,952.0708809654301,0.4764075400971615,0.8792245763959123,1036.3149339762938,90,0.9413723131418288,-0.3373694829856469,341.1364674370068,-0.8292846807455204,-0.5588263757919809,966.0891933022541,-0.10236803405527323,0.9947465936627571,1012.5295894024035
0.9413723131418288,-0.3373694829856469,341.1364674370068,-0.8292846807455204,-0.5588263757919809,966.0891933022541,-0.10236803405527323,0.9947465936627571,1012.5295894024035,-45,0.797625253292156,-0.6031533431148535,353.0850770255945,-0.9374334735124285,-0.34816444783812023,972.6257819008142,0.15709704247869197,0.9875831707985145,992.7640765147427
0.797625253292156,-0.6031533431148535,353.0850770255945,-0.9374334735124285,-0.34816444783812023,972.6257819008142,0.15709704247869197,0.9875831707985145,992.7640765147427,90,0.9999997678270983,0.0006814291962139077,351.5510026068053,-0.506240404139521,-0.8623924009502023,982.9264201525209,-0.5045389175557801,0.8633889509784346,983.7832014391433
0.9999997678270983,0.0006814291962139077,351.5510026068053,-0.506240404139521,-0.8623924009502023,982.9264201525209,-0.5045389175557801,0.8633889509784346,983.7832014391433,0,0.9976710667260886,-0.06820881627493947,352.27397001908895,-0.4954260106662277,-0.868650141285516,1004.0720641233925,-0.5158577080050559,0.8566742817966292,962.873278242267
0.9976710667260886,-0.06820881627493947,352.27397001908895,-0.4954260106662277,-0.868650141285516,1004.0720641233925,-0.5158577080050559,0.8566742817966292,962.873278242267,45,0.9930959311429203,0.1173050363257104,347.84009992469237,-0.24750245583989564,-0.9688872660703207,1030.2353979142922,-0.7342593177950685,0.6788690994817195,944.5528969388744
0.9930959311429203,0.1173050363257104,347.84009992469237,-0.24750245583989564,-0.9688872660703207,1030.2353979142922,-0.7342593177950685,0.6788690994817195,944.5528969388744,90,0.8070191407582638,0.5905252801106772,334.3424527112583,0.2996279703090121,-0.954056119632646,1049.966092635843,-0.9867754337698429,0.16209331666770976,941.7983625410378
0.8070191407582638,0.5905252801106772,334.3424527112583,0.2996279703090121,-0.954056119632646,1049.966092635843,-0.9867754337698429,0.16209331666770976,941.7983625410378,0,0.8377797401552649,0.546008339666508,321.79425648393726,0.2946038767188398,-0.9556194618268459,1070.9482636925325,-0.9903920761260812,0.13828787201584447,938.5461222050038
0.8377797401552649,0.546008339666508,321.79425648393726,0.2946038767188398,-0.9556194618268459,1070.9482636925325,-0.9903920761260812,0.13828787201584447,938.5461222050038,0,0.8663384594283542,0.49945737927805806,308.65296806313074,0.29995828282031006,-0.9539523198606369,1094.6996732867785,-0.9950279304974806,0.09959627267072199,935.7047476069467
0.8663384594283542,0.49945737927805806,308.65296806313074,0.29995828282031006,-0.9539523198606369,1094.6996732867785,-0.9950279304974806,0.09959627267072199,935.7047476069467,0,0.8909272140503485,0.4541461210496954,299.59041520115426,0.297992317245436,-0.9545682683091322,1112.7521273313298,-0.9970759148321982,0.07641740679671842,934.0737534479812
0.8909272140503485,0.4541461210496954,299.59041520115426,0.297992317245436,-0.9545682683091322,1112.7521273313298,-0.9970759148321982,0.07641740679671842,934.0737534479812,0,0.9216648467384481,0.38798699757413646,288.80058212978037,0.29662109544535586,-0.9549952490650396,1137.012830287548,-0.9990347802389252,0.043926163877151134,932.6155565068062
0.9216648467384481,0.38798699757413646,288.80058212978037,0.29662109544535586,-0.9549952490650396,1137.012830287548,-0.9990347802389252,0.043926163877151134,932.6155565068062,-90,0.9509734118836635,-0.3092726465278561,294.905961566005,-0.3398961846259148,-0.9404629624162485,1153.690637115154,-0.7751663896793691,0.6317571276301143,920.2530555054789
0.9509734118836635,-0.3092726465278561,294.905961566005,-0.3398961846259148,-0.9404629624162485,1153.690637115154,-0.7751663896793691,0.6317571276301143,920.2530555054789,45,0.9989483373207062,-0.04584996580365701,294.76059012427356,-0.004807176358999885,-0.9999884454609731,1175.3972798549478,-0.9495184415224865,0.3137112194498441,913.5350050711851
0.9989483373207062,-0.04584996580365701,294.76059012427356,-0.004807176358999885,-0.9999884454609731,1175.3972798549478,-0.9495184415224865,0.3137112194498441,913.5350050711851,-45,0.9304474118584277,-0.3664254545824475,302.371822580511,-0.2543328406481392,-0.9671167489852754,1197.4246360797242,-0.8497915877578632,0.5271188266187897,901.2934700144343
0.9304474118584277,-0.3664254545824475,302.371822580511,-0.2543328406481392,-0.9671167489852754,1197.4246360797242,-0.8497915877578632,0.5271188266187897,901.2934700144343,0,0.8965641803035096,-0.4429138410534219,312.53162825115794,-0.25807425981686716,-0.9661250832164415,1221.6358944699193,-0.8574539042766965,0.5145607855643974,888.2388072232152
-0.20679462099554988,-0.9783843747358739,396.0444206699673,-0.9982159928788849,-0.059706210404129545,1242.4962869738524,0.28749632526583774,0.9577817407732514,804.876626038929,-90,-0.7248573695099068,-0.6888989721774728,410.08394381654347,-0.8427283907516675,0.5383389818888327,1230.460060699302,0.8169595221213767,0.5766950140370661,792.7671290966408
-0.7248573695099068,-0.6888989721774728,410.08394381654347,-0.8427283907516675,0.5383389818888327,1230.460060699302,0.8169595221213767,0.5766950140370661,792.7671290966408,-45,-0.8437673129528548,-0.536709159221565,422.58908939737194,-0.6985191055163769,0.7155914052227016,1213.2428027718524,0.9415902928611498,0.33676062773081744,784.2335484265514
-0.8437673129528548,-0.536709159221565,422.58908939737194,-0.6985191055163769,0.7155914052227016,1213.2428027718524,0.9415902928611498,0.33676062773081744,784.2335484265514,-90,-0.9917126063405991,-0.1284760928154958,424.0836224576587,-0.2829792716539542,0.9591260249905628,1191.3032018914455,0.9845864025672203,-0.1748988732946543,788.6818616126593
-0.9917126063405991,-0.1284760928154958,424.0836224576587,-0.2829792716539542,0.9591260249905628,1191.3032018914455,0.9845864025672203,-0.1748988732946543,788.6818616126593,90,-0.7499702937983782,-0.6614715099080037,439.1718329047299,-0.7558926291469373,0.6546956034687652,1177.0709319394903,0.9382269906575489,0.34602039535507095,779.9359837941189
-0.7499702937983782,-0.6614715099080037,439.1718329047299,-0.7558926291469373,0.6546956034687652,1177.0709319394903,0.9382269906575489,0.34602039535507095,779.9359837941189,90,-0.24432331932677484,-0.9696938257167295,500.89972773761815,-0.9958153315714617,0.09138832205057582,1170.6877881175749,0.6446914355414322,0.7644429036491394,729.5351788965492
-0.24432331932677484,-0.9696938257167295,500.89972773761815,-0.9958153315714617,0.09138832205057582,1170.6877881175749,0.6446914355414322,0.7644429036491394,729.5351788965492,45,0.07659997306388218,-0.9970619058647324,516.800411333892,-0.969459444855521,-0.24525167640696133,1174.5779604414854,0.37331677230366755,0.9277039331148551,714.6790784365246
0.07659997306388218,-0.9970619058647324,516.800411333892,-0.969459444855521,-0.24525167640696133,1174.5779604414854,0.37331677230366755,0.9277039331148551,714.6790784365246,45,0.3679817337641471,-0.9298330192114778,537.4749542207246,-0.8364594835704967,-0.5480287696325604,1186.8180848026248,0.06807603441433593,0.9976801358844518,692.3504072466268
0.3679817337641471,-0.9298330192114778,537.4749542207246,-0.8364594835704967,-0.5480287696325604,1186.8180848026248,0.06807603441433593,0.9976801358844518,692.3504072466268,-90,-0.16725073444808786,-0.985914393761738,560.4002956371647,-0.9989107593914717,-0.04666149131728845,1187.2118982516229,0.5986872205782164,0.8009829036354834,673.7780015333103
-0.16725073444808786,-0.985914393761738,560.4002956371647,-0.9989107593914717,-0.04666149131728845,1187.2118982516229,0.5986872205782164,0.8009829036354834,673.7780015333103,-45,-0.45380658947771674,-0.8911002072419257,580.5211712783286,-0.9673306987077691,0.2535178876086247,1181.1870090304762,0.836919857185342,0.5473254540480158,661.1269093769837
-0.45380658947771674,-0.8911002072419257,580.5211712783286,-0.9673306987077691,0.2535178876086247,1181.1870090304762,0.836919857185342,0.5473254540480158,661.1269093769837,-45,-0.6796183682716764,-0.7335658617382246,598.9461841046175,-0.8553489686570733,0.518052257805408,1167.3628276819004,0.9726688605017138,0.23219665762085737,654.9676048885796
-0.6796183682716764,-0.7335658617382246,598.9461841046175,-0.8553489686570733,0.518052257805408,1167.3628276819004,0.9726688605017138,0.23219665762085737,654.9676048885796,90,-0.1689539304448251,-0.9856239492764192,621.797489706101,-0.998851048397761,-0.04792267850082899,1169.3914478072809,0.7083826016750352,0.705828654592677,637.738696806779
-0.1689539304448251,-0.9856239492764192,621.797489706101,-0.998851048397761,-0.04792267850082899,1169.3914478072809,0.7083826016750352,0.705828654592677,637.738696806779,90,0.47370957988672235,-0.8806811193181928,636.7688069557911,-0.7407741646336533,-0.6717541492326735,1181.8621381159064,0.11047938893636673,0.9938784154111845,620.1424106702441
0.47370957988672235,-0.8806811193181928,636.7688069557911,-0.7407741646336533,-0.6717541492326735,1181.8621381159064,0.11047938893636673,0.9938784154111845,620.1424106702441,45,0.6334422810674817,-0.7737899434316948,650.5987922320118,-0.5766333347051722,-0.8170030583215664,1196.8321805724277,-0.10343279201166664,0.9946364449067163,602.0524532412043
0.6334422810674817,-0.7737899434316948,650.5987922320118,-0.5766333347051722,-0.8170030583215664,1196.8321805724277,-0.10343279201166664,0.9946364449067163,602.0524532412043,90,0.9499090040995194,-0.3125266131558388,657.5674854887831,-0.01060003380705117,-0.9999438180634397,1222.1811805015004,-0.6719014795203259,0.7406405348199605,583.3830010996558
0.9499090040995194,-0.3125266131558388,657.5674854887831,-0.01060003380705117,-0.9999438180634397,1222.1811805015004,-0.6719014795203259,0.7406405348199605,583.3830010996558,-45,0.7877909191517116,-0.6159427470975702,671.9690277699225,-0.3158978780836449,-0.9487931969730025,1244.9315701202436,-0.42361839465400386,0.9058407452255416,561.6306101718948
0.7877909191517116,-0.6159427470975702,671.9690277699225,-0.3158978780836449,-0.9487931969730025,1244.9315701202436,-0.42361839465400386,0.9058407452255416,561.6306101718948,-45,0.6250220051263178,-0.7806071310895624,690.2420096385616,-0.4990295460875418,-0.8665849710972733,1264.986684463469,-0.23383678252786277,0.9722758657587963,538.8124496240599
0.6250220051263178,-0.7806071310895624,690.2420096385616,-0.4990295460875418,-0.8665849710972733,1264.986684463469,-0.23383678252786277,0.9722758657587963,538.8124496240599,90,0.941606750418963,-0.3367146084823774,697.2203365070875,0.06103754255764465,-0.9981354709650007,1288.8823210980343,-0.7551595163375336,0.6555410779538245,523.3430897977505
0.941606750418963,-0.3367146084823774,697.2203365070875,0.06103754255764465,-0.9981354709650007,1288.8823210980343,-0.7551595163375336,0.6555410779538245,523.3430897977505,0,0.9334555407680248,-0.35869311870939813,703.3916304427405,0.06066294855036095,-0.99815830742081,1306.7093731112886,-0.77252688348382,0.6349820582463542,511.84790101835614
0.9334555407680248,-0.35869311870939813,703.3916304427405,0.06066294855036095,-0.99815830742081,1306.7093731112886,-0.77252688348382,0.6349820582463542,511.84790101835614,-45,0.7569660771069784,-0.6534541744524034,719.6105355324504,-0.24962020417197925,-0.9683438199674429,1331.3813739305879,-0.5590146230039016,0.8291577963619505,490.6520180833867
0.7569660771069784,-0.6534541744524034,719.6105355324504,-0.24962020417197925,-0.9683438199674429,1331.3813739305879,-0.5590146230039016,0.8291577963619505,490.6520180833867,45,0.91318774225597,-0.4075391360267675,727.4503412737463,0.06544241845068444,-0.9978563473102355,1352.1902525233977,-0.811927359500084,0.5837584799343144,478.52606932046035
0.91318774225597,-0.4075391360267675,727.4503412737463,0.06544241845068444,-0.9978563473102355,1352.1902525233977,-0.811927359500084,0.5837584799343144,478.52606932046035,45,0.9895897842747956,-0.14391684702967747,730.3068233444968,0.3585063591978314,-0.9335272842368966,1374.1926124905235,-0.9643091865841644,0.2647787617415474,471.88046815218996
0.9895897842747956,-0.14391684702967747,730.3068233444968,0.3585063591978314,-0.9335272842368966,1374.1926124905235,-0.9643091865841644,0.2647787617415474,471.88046815218996,45,0.9913842983220601,0.13098539246983398,726.7872062549051,0.6160581167037663,-0.7877007025789736,1392.5507686170045,-0.9960260314801099,-0.08906258818372124,473.46784809088143
-0.3483526842763693,-0.9373635406593581,862.4429438111255,-0.9651063111824051,-0.2618583741565099,1475.2130664177294,0.3604842472622354,0.9327653013892506,337.57747455895213,90,0.17066596471995613,-0.9853289443055079,883.4812787198152,-0.6915587790141817,-0.7223201888140841,1491.2587333686934,-0.17650048434536153,0.9843005531979817,316.5228109448038
-0.9625283441326831,-0.27118109584039074,961.2444991415035,-0.7816462254148538,0.6237220360823493,1471.8175250790432,0.9903564313664954,-0.1385429133915557,255.91925900525737,45,-0.8509498827856082,-0.5252468914588257,971.5922441959385,-0.9210763861668223,0.38938193441127544,1464.3480627848353,0.9989432674412929,0.04596029192371936,254.00860021207941
-0.8509498827856082,-0.5252468914588257,971.5922441959385,-0.9210763861668223,0.38938193441127544,1464.3480627848353,0.9989432674412929,0.04596029192371936,254.00860021207941,45,-0.6255711217548252,-0.7801671433907029,989.6903622817897,-0.9983868923484557,0.056776871935614044,1463.2810438167578,0.9591023478982794,0.28305951009638913,246.1496560904768
-0.6255711217548252,-0.7801671433907029,989.6903622817897,-0.9983868923484557,0.056776871935614044,1463.2810438167578,0.9591023478982794,0.28305951009638913,246.1496560904768,0,-0.6176168056192314,-0.7864791678211805,1002.1504724784647,-0.998956679528435,0.04566784892595231,1462.5174903189397,0.9749214869357395,0.22254908292555747,242.08669828970366
-0.6176168056192314,-0.7864791678211805,1002.1504724784647,-0.998956679528435,0.04566784892595231,1462.5174903189397,0.9749214869357395,0.22254908292555747,242.08669828970366,-45,-0.8278113857610339,-0.5610065147611004,1010.0258280395111,-0.9366180629625986,0.3503521144965298,1457.2934135948396,0.9879212821958895,-0.15495657515713757,244.03363150783127
-0.8278113857610339,-0.5610065147611004,1010.0258280395111,-0.9366180629625986,0.3503521144965298,1457.2934135948396,0.9879212821958895,-0.15495657515713757,244.03363150783127,-90,-0.9963663798759262,-0.08517063492155882,1011.1150983634702,-0.6367767789910601,0.7710482045486978,1440.2173385078274,0.7312125104872396,-0.6821497375994133,258.68432913218766
-0.9963663798759262,-0.08517063492155882,1011.1150983634702,-0.6367767789910601,0.7710482045486978,1440.2173385078274,0.7312125104872396,-0.6821497375994133,258.68432913218766,90,-0.7844134190616314,-0.6202383316081338,1021.3732838000512,-0.9559187239267545,0.2936313900901016,1436.013964020023,0.9715061775798993,-0.23701423358965854,261.42368840734383
-0.7844134190616314,-0.6202383316081338,1021.3732838000512,-0.9559187239267545,0.2936313900901016,1436.013964020023,0.9715061775798993,-0.23701423358965854,261.42368840734383,-45,-0.9027248764763735,-0.43021831363938506,1028.831004110782,-0.8640273262600281,0.5034449120568674,1426.6718596157984,0.8584426134387148,-0.512909621115172,270.3981416718687
-0.9027248764763735,-0.43021831363938506,1028.831004110782,-0.8640273262600281,0.5034449120568674,1426.6718596157984,0.8584426134387148,-0.512909621115172,270.3981416718687,-45,-0.9899860586374647,-0.14116516462448606,1031.6267942328805,-0.665664920194603,0.7462507715388392,1409.004330220177,0.6089476485523474,-0.7932104142802002,288.70164976877084
-0.9899860586374647,-0.14116516462448606,1031.6267942328805,-0.665664920194603,0.7462507715388392,1409.004330220177,0.6089476485523474,-0.7932104142802002,288.70164976877084,-45,-0.9960589009422305,0.08869422672167546,1029.6944765030546,-0.46703098137621596,0.8842409527016766,1392.2623585161311,0.37279703878548415,-0.9279129096379543,306.1480604885486
-0.9960589009422305,0.08869422672167546,1029.6944765030546,-0.46703098137621596,0.8842409527016766,1392.2623585161311,0.37279703878548415,-0.9279129096379543,306.1480604885486,90,-0.8237420431115083,-0.5669647664630297,1037.7937993837552,-0.9232688049104564,0.3841545442646979,1388.005262972504,0.8550380517256708,-0.5185652611785416,311.9471269932936
-0.8237420431115083,-0.5669647664630297,1037.7937993837552,-0.9232688049104564,0.3841545442646979,1388.005262972504,0.8550380517256708,-0.5185652611785416,311.9471269932936,45,-0.5900646932656055,-0.8073559671925185,1052.4095606168019,-0.998520851313849,0.05437011579412069,1387.3646828709639,0.9628032805684026,-0.27020333626127163,315.85953092735707
-0.5900646932656055,-0.8073559671925185,1052.4095606168019,-0.998520851313849,0.05437011579412069,1387.3646828709639,0.9628032805684026,-0.27020333626127163,315.85953092735707,-45,-0.8106807622747922,-0.585488430011697,1065.6766831291563,-0.9320160008811434,0.3624171272187896,1378.8434258338254,0.7882548402976807,-0.6153489308898472,329.5054369280726
-0.8106807622747922,-0.585488430011697,1065.6766831291563,-0.9320160008811434,0.3624171272187896,1378.8434258338254,0.7882548402976807,-0.6153489308898472,329.5054369280726,-90,-0.9982549851308188,-0.05905069568996404,1065.7799992674895,-0.5823946397521904,0.8129061960570336,1360.459263204382,0.2993133165194448,-0.9541548818478741,350.6045733281441
-0.9982549851308188,-0.05905069568996404,1065.7799992674895,-0.5823946397521904,0.8129061960570336,1360.459263204382,0.2993133165194448,-0.9541548818478741,350.6045733281441,-90,-0.8561303659346108,0.5167599022028214,1053.574803469597,-0.001457252909890129,0.9999989382064146,1338.1182707466482,-0.29140532319351903,-0.956599674688676,371.73564061843734
-0.8561303659346108,0.5167599022028214,1053.574803469597,-0.001457252909890129,0.9999989382064146,1338.1182707466482,-0.29140532319351903,-0.956599674688676,371.73564061843734,0,-0.8642855455489554,0.5030014868319422,1044.5847180262833,-0.0029551472419888343,0.9999956335428561,1320.384532298849,-0.2774715062485488,-0.9607338670100901,388.7547724903837
-0.8642855455489554,0.5030014868319422,1044.5847180262833,-0.0029551472419888343,0.9999956335428561,1320.384532298849,-0.2774715062485488,-0.9607338670100901,388.7547724903837,0,-0.8914800037132399,0.4530600434594092,1031.7427171659851,-0.03747925274960241,0.9992974059874925,1293.478903741785,-0.22818006725769097,-0.9736189485143948,414.8008611671991
-0.8914800037132399,0.4530600434594092,1031.7427171659851,-0.03747925274960241,0.9992974059874925,1293.478903741785,-0.22818006725769097,-0.9736189485143948,414.8008611671991,0,-0.8998116299158184,0.4362786158732035,1022.171799829559,-0.037973619674305105,0.9992787419978628,1271.821303629877,-0.21747898165241422,-0.9760650042591573,435.94915800675653
-0.8998116299158184,0.4362786158732035,1022.171799829559,-0.037973619674305105,0.9992787419978628,1271.821303629877,-0.21747898165241422,-0.9760650042591573,435.94915800675653,-45,-0.7104614464669005,0.7037361246121727,1006.7962203113995,0.3064692914901999,0.9518805457479919,1251.1873038171861,-0.5123825127655796,-0.8587573351139604,454.4025409626579
-0.7104614464669005,0.7037361246121727,1006.7962203113995,0.3064692914901999,0.9518805457479919,1251.1873038171861,-0.5123825127655796,-0.8587573351139604,454.4025409626579,-90,-0.14311860134737284,0.9897055450730645,988.5267070663543,0.8261295835572923,0.5634801781531049,1241.5715567712762,-0.9121459600246971,-0.40986552381314506,460.7003479306804
-0.14311860134737284,0.9897055450730645,988.5267070663543,0.8261295835572923,0.5634801781531049,1241.5715567712762,-0.9121459600246971,-0.40986552381314506,460.7003479306804,90,-0.7427244788145589,0.6695971539438036,980.4400548540486,0.2874626424474364,0.9577918506633565,1228.5867251285968,-0.4396404669135755,-0.8981738472322679,473.0373147672496
-0.7427244788145589,0.6695971539438036,980.4400548540486,0.2874626424474364,0.9577918506633565,1228.5867251285968,-0.4396404669135755,-0.8981738472322679,473.0373147672496,0,-0.7593174288119721,0.6507204025557949,963.9802801450504,0.2876000925280175,0.9577505869368474,1204.5439221998217,-0.41471375286442785,-0.9099519235570098,495.75403226653634
-0.7593174288119721,0.6507204025557949,963.9802801450504,0.2876000925280175,0.9577505869368474,1204.5439221998217,-0.41471375286442785,-0.9099519235570098,495.75403226653634,45,-0.8957403823354515,0.4445775156860041,953.7350359797264,0.06660660534834265,0.9977793143395839,1181.313895141867,-0.19207821679115492,-0.9813796200422801,518.6302332637869
-0.8957403823354515,0.4445775156860041,953.7350359797264,0.06660660534834265,0.9977793143395839,1181.313895141867,-0.19207821679115492,-0.9813796200422801,518.6302332637869,-45,-0.7424036209383464,0.6699528816399196,937.1774395302631,0.35815345461028364,0.9336627351194432,1158.7799243879313,-0.4475970858138743,-0.894235343056249,540.0370664727561
-0.7424036209383464,0.6699528816399196,937.1774395302631,0.35815345461028364,0.9336627351194432,1158.7799243879313,-0.4475970858138743,-0.894235343056249,540.0370664727561,90,-0.6828966725716,-0.7305149790323515,980.6899900899622,-0.9310816217518902,0.36481092861353526,1142.8650911908414,0.8213253445194726,-0.5704600585930357,564.4882077268311
-0.6828966725716,-0.7305149790323515,980.6899900899622,-0.9310816217518902,0.36481092861353526,1142.8650911908414,0.8213253445194726,-0.5704600585930357,564.4882077268311,-45,-0.9999610325938932,0.008827983561083906,976.2424430950429,-0.318647366914489,0.9478733330769797,1086.6067787843854,0.07246295400402845,-0.9973711046030008,622.979508250615
-0.9999610325938932,0.008827983561083906,976.2424430950429,-0.318647366914489,0.9478733330769797,1086.6067787843854,0.07246295400402845,-0.9973711046030008,622.979508250615,90,-0.19510953013119892,-0.9807814594760561,1021.6310226732236,-0.9850357780375231,-0.1723499811024407,1098.7408513786756,0.9816827729125588,-0.19052278962557095,624.7424001045046
-0.19510953013119892,-0.9807814594760561,1021.6310226732236,-0.9850357780375231,-0.1723499811024407,1098.7408513786756,0.9816827729125588,-0.19052278962557095,624.7424001045046,0,-0.19128438350270854,-0.9815346578842689,1041.1847026355422,-0.9817761145574083,-0.19004120838533592,1102.3741764946521,0.9753214372658641,-0.22078970539780446,628.8183084184672
-0.19128438350270854,-0.9815346578842689,1041.1847026355422,-0.9817761145574083,-0.19004120838533592,1102.3741764946521,0.9753214372658641,-0.22078970539780446,628.8183084184672,-45,-0.4852812570765361,-0.8743581082887131,1060.2793917687272,-0.9935633457170957,0.11327787977999479,1099.6113261555022,0.8384761316750512,-0.5449383236763976,640.557061165875
-0.4852812570765361,-0.8743581082887131,1060.2793917687272,-0.9935633457170957,0.11327787977999479,1099.6113261555022,0.8384761316750512,-0.5449383236763976,640.557061165875,90,0.09782222967904172,-0.9952039044239229,1077.496130256846,-0.874159276829667,-0.48563932988652553,1108.862562592172,0.9999929681006643,0.0037501665594669477,639.2286529235672
0.09782222967904172,-0.9952039044239229,1077.496130256846,-0.874159276829667,-0.48563932988652553,1108.862562592172,0.9999929681006643,0.0037501665594669477,639.2286529235672,0,0.09866972836305311,-0.9951202363055237,1100.4445574789258,-0.8637953466641686,-0.5038428317256571,1120.3314759860086,0.9995697085250326,-0.029332538232845522,639.4593842340488
0.09866972836305311,-0.9951202363055237,1100.4445574789258,-0.8637953466641686,-0.5038428317256571,1120.3314759860086,0.9995697085250326,-0.029332538232845522,639.4593842340488,-90,-0.44088317290857787,-0.8975644978752585,1117.8498086029826,-0.9998360822508597,0.01810548616447414,1119.304890096405,0.8152251111628106,-0.579144211858828,651.0676421031268
-0.44088317290857787,-0.8975644978752585,1117.8498086029826,-0.9998360822508597,0.01810548616447414,1119.304890096405,0.8152251111628106,-0.579144211858828,651.0676421031268,90,0.15186229324571185,-0.9884016612137767,1176.1607841309774,-0.8010899060145686,-0.5985440355408862,1154.5294306026137,0.9959038083405021,-0.09041904961281433,652.7709170356746
0.15186229324571185,-0.9884016612137767,1176.1607841309774,-0.8010899060145686,-0.5985440355408862,1154.5294306026137,0.9959038083405021,-0.09041904961281433,652.7709170356746,-45,-0.352187744224643,-0.9359293738407602,1259.591381675932,-0.9840406718155811,-0.17794368831947913,1167.0239898100997,0.7438183244208387,-0.6683818521292869,709.3282799890919
-0.352187744224643,-0.9359293738407602,1259.591381675932,-0.9840406718155811,-0.17794368831947913,1167.0239898100997,0.7438183244208387,-0.6683818521292869,709.3282799890919,0,-0.3431109969983476,-0.9392948651721673,1317.4741828180809,-0.9751255282931491,-0.221653342115581,1179.436468145771,0.6967893290184428,-0.7172758402218969,752.0649322978502
-0.3431109969983476,-0.9392948651721673,1317.4741828180809,-0.9751255282931491,-0.221653342115581,1179.436468145771,0.6967893290184428,-0.7172758402218969,752.0649322978502,45,0.2633730892420685,-0.9646940529842036,1331.677133075225,-0.6587049738037138,-0.7524013274086169,1191.2696028840196,0.9802161451278609,-0.1979300604523634,753.9929885320222
0.2633730892420685,-0.9646940529842036,1331.677133075225,-0.6587049738037138,-0.7524013274086169,1191.2696028840196,0.9802161451278609,-0.1979300604523634,753.9929885320222,-90,-0.9980971519601521,-0.06166097022455055,1329.9059750706665,-0.5872034704309951,0.8094393641983293,1137.1011135904582,-0.4013137469004803,-0.9159406512152942,809.7347112040214
-0.9980971519601521,-0.06166097022455055,1329.9059750706665,-0.5872034704309951,0.8094393641983293,1137.1011135904582,-0.4013137469004803,-0.9159406512152942,809.7347112040214,45,-0.400758949945104,-0.9161835318531422,1374.7039415701477,-0.983516662515748,-0.18081751727607656,1146.9957135789566,0.5919732045260735,-0.805957644745139,846.591168728153
-0.400758949945104,-0.9161835318531422,1374.7039415701477,-0.983516662515748,-0.18081751727607656,1146.9957135789566,0.5919732045260735,-0.805957644745139,846.591168728153,45,0.4761758197460436,-0.8793500944954651,1390.1042735363703,-0.4501254581997081,-0.892965325127747,1164.2806411274216,0.9990736532401416,-0.04303295715375985,845.4432986925143
0.4761758197460436,-0.8793500944954651,1390.1042735363703,-0.4501254581997081,-0.892965325127747,1164.2806411274216,0.9990736532401416,-0.04303295715375985,845.4432986925143,-45,-0.4841326521565722,-0.874994614335336,1429.5916891257027,-0.9922525723956535,-0.1242370016307887,1166.9553880150174,0.46626927803316154,-0.8846428433907293,887.4570849439876
-0.11647648492300632,0.9931934496662675,1354.4575580471947,0.776776622265796,0.6297762135086882,1085.9929633985525,-0.9220249865877342,0.38713037094483893,888.3363307617053,45,-0.8700752331591876,0.4929189473361574,1346.3526654663553,-0.03792110665292374,0.9992807361648766,1065.3780079428896,-0.8549812664441202,-0.5186588802185964,901.1415315078758
-0.8700752331591876,0.4929189473361574,1346.3526654663553,-0.03792110665292374,0.9992807361648766,1065.3780079428896,-0.8549812664441202,-0.5186588802185964,901.1415315078758,90,-0.7299755513978583,-0.6834732579709266,1409.2583076983224,-0.973981339626308,0.22662821991036908,1044.6945284707583,0.1730700062461841,-0.9849095252549576,989.3309748596472
-0.7299755513978583,-0.6834732579709266,1409.2583076983224,-0.973981339626308,0.22662821991036908,1044.6945284707583,0.1730700062461841,-0.9849095252549576,989.3309748596472,0,-0.7196950604780719,-0.6942902994594297,1421.9726468441543,-0.9788893353081228,0.2043909714738432,1040.7970255400282,0.1753032121079839,-0.984514491424389,1007.4238672837615
-0.7196950604780719,-0.6942902994594297,1421.9726468441543,-0.9788893353081228,0.2043909714738432,1040.7970255400282,0.1753032121079839,-0.984514491424389,1007.4238672837615,-90,-0.7552423584352579,0.6554456346831136,1392.2559971283479,0.1456355429297392,0.9893383084847974,1001.9737529196311,-0.9596951318507012,-0.28104315309586403,1013.6008492201702
-0.7552423584352579,0.6554456346831136,1392.2559971283479,0.1456355429297392,0.9893383084847974,1001.9737529196311,-0.9596951318507012,-0.28104315309586403,1013.6008492201702,45,-0.9709240760711111,0.23938763231516208,1381.5733287793958,-0.30511846682931054,0.9523144024951691,960.4444714790023,-0.7259524548335319,-0.6877448897092358,1043.4419882267437
-0.9709240760711111,0.23938763231516208,1381.5733287793958,-0.30511846682931054,0.9523144024951691,960.4444714790023,-0.7259524548335319,-0.6877448897092358,1043.4419882267437,-90,0.1341023559501623,0.990967485908905,1319.7651240552655,0.9345077523288557,0.35594277747591674,941.1808660786778,-0.7959511426100688,0.6053608664075717,999.8781839167259
0.1341023559501623,0.990967485908905,1319.7651240552655,0.9345077523288557,0.35594277747591674,941.1808660786778,-0.7959511426100688,0.6053608664075717,999.8781839167259,-90,0.6419825844125803,0.7667192193436553,1272.323112506273,0.973268295592463,-0.2296711231185629,954.5304723358234,-0.40102850723500316,0.916065574282139,942.4102835907777
0.6419825844125803,0.7667192193436553,1272.323112506273,0.973268295592463,-0.2296711231185629,954.5304723358234,-0.40102850723500316,0.916065574282139,942.4102835907777,-90,0.9279670740055088,-0.3726621922890147,1282.386951993668,0.09768831402702056,-0.9952170583860378,973.6784554685444,0.7496609828721794,0.6618220385867473,932.2728649079141
0.9279670740055088,-0.3726621922890147,1282.386951993668,0.09768831402702056,-0.9952170583860378,973.6784554685444,0.7496609828721794,0.6618220385867473,932.2728649079141,90,0.45228598720023905,0.8918729650473239,1228.9606556178476,0.9994850591082949,-0.03208763966526981,968.1082858113807,-0.6408740891600034,0.7676460133703138,891.4378346562647
0.45228598720023905,0.8918729650473239,1228.9606556178476,0.9994850591082949,-0.03208763966526981,968.1082858113807,-0.6408740891600034,0.7676460133703138,891.4378346562647,0,0.4536413433255184,0.8911843421121239,1210.4798494146444,0.9988795653359461,-0.047324559736686665,968.8391950364622,-0.6571276070859451,0.7537793496809924,875.7612150802865
0.4536413433255184,0.8911843421121239,1210.4798494146444,0.9988795653359461,-0.047324559736686665,968.8391950364622,-0.6571276070859451,0.7537793496809924,875.7612150802865,-90,0.9384293869150281,-0.34547110700358785,1232.7628468623518,0.11063394278758268,-0.9938612230604803,1024.7348908884533,0.6745294204829818,0.7382479670834812,836.5840523247919
0.9384293869150281,-0.34547110700358785,1232.7628468623518,0.11063394278758268,-0.9938612230604803,1024.7348908884533,0.6745294204829818,0.7382479670834812,836.5840523247919,-45,0.8364982034369063,-0.5479696667214601,1244.660873871823,-0.0992358490966492,-0.9950639407867552,1046.3557955816798,0.8273804631154601,0.5616418514096387,824.2907563156158
0.8364982034369063,-0.5479696667214601,1244.660873871823,-0.0992358490966492,-0.9950639407867552,1046.3557955816798,0.8273804631154601,0.5616418514096387,824.2907563156158,45,0.9678105509918453,0.2516798311125878,1227.5552531239357,0.6743179820778363,-0.7384411005939978,1084.2568604681135,0.10187547222288702,0.994797159304028,769.863403125626
0.9678105509918453,0.2516798311125878,1227.5552531239357,0.6743179820778363,-0.7384411005939978,1084.2568604681135,0.10187547222288702,0.994797159304028,769.863403125626,45,0.5419502202666004,0.8404105893865113,1181.9120929030792,0.9935695207327363,-0.11322370542832758,1087.5252104436645,-0.6520802945873284,0.7581499122277223,729.7990102422289
0.5419502202666004,0.8404105893865113,1181.9120929030792,0.9935695207327363,-0.11322370542832758,1087.5252104436645,-0.6520802945873284,0.7581499122277223,729.7990102422289,90,-0.9775427933446441,0.21073700951648355,1183.070086665452,-0.23193513679204186,0.9727312539037989,1059.5795156393879,-0.49333220308296843,-0.8698409839742577,760.4048066409101
-0.9775427933446441,0.21073700951648355,1183.070086665452,-0.23193513679204186,0.9727312539037989,1059.5795156393879,-0.49333220308296843,-0.8698409839742577,760.4048066409101,45,-0.6433551439426454,-0.76556786685606,1201.9845976094202,-0.9709599337477313,0.23924215150470726,1056.8803588345656,0.5138897024931057,-0.8578562663241129,777.8870437861013
-0.6433551439426454,-0.76556786685606,1201.9845976094202,-0.9709599337477313,0.23924215150470726,1056.8803588345656,0.5138897024931057,-0.8578562663241129,777.8870437861013,0,-0.6347055364529363,-0.772754088954559,1219.1166486125107,-0.9755640012134942,0.21971545129170508,1051.7981379163018,0.501090995684427,-0.8653946001934548,797.0480305001701
-0.6347055364529363,-0.772754088954559,1219.1166486125107,-0.9755640012134942,0.21971545129170508,1051.7981379163018,0.501090995684427,-0.8653946001934548,797.0480305001701,-45,-0.9802260506675843,-0.19788099856386057,1229.1804281102593,-0.6056182804526515,0.7957553005676893,1001.5048101977943,-0.19205000829329522,-0.9813851406632084,857.5394829681721
-0.9802260506675843,-0.19788099856386057,1229.1804281102593,-0.6056182804526515,0.7957553005676893,1001.5048101977943,-0.19205000829329522,-0.9813851406632084,857.5394829681721,45,-0.685017972948799,-0.7285261675033496,1277.0149406908597,-0.962207329586396,0.272317929799374,982.5935267177776,0.35185513916722877,-0.9360544647837593,918.3849077307837
-0.685017972948799,-0.7285261675033496,1277.0149406908597,-0.962207329586396,0.272317929799374,982.5935267177776,0.35185513916722877,-0.9360544647837593,918.3849077307837,45,0.029300285020154665,-0.9995706544800811,1336.445005593006,-0.8467150911132753,-0.5320465717219105,1013.8081342021724,0.8855734837114903,-0.46449930564759184,943.6103289888734
0.029300285020154665,-0.9995706544800811,1336.445005593006,-0.8467150911132753,-0.5320465717219105,1013.8081342021724,0.8855734837114903,-0.46449930564759184,943.6103289888734,90,0.9999927829170484,0.0037992254232883916,1327.7305354147318,0.5161936607126033,-0.8564718936661738,1056.4714736672686,0.4687359686162279,0.8833383223462042,891.4154444885337
0.9999927829170484,0.0037992254232883916,1327.7305354147318,0.5161936607126033,-0.8564718936661738,1056.4714736672686,0.4687359686162279,0.8833383223462042,891.4154444885337,-45,0.44707198935806663,-0.8944979800600004,1373.5421223449282,-0.503438399787439,-0.8640311207470843,1098.157712651425,0.9976258726372308,-0.06886667005746552,895.9876125571212
0.44707198935806663,-0.8944979800600004,1373.5421223449282,-0.503438399787439,-0.8640311207470843,1098.157712651425,0.9976258726372308,-0.06886667005746552,895.9876125571212,45,0.9970523039181021,0.07672485419735064,1367.4484950477256,0.6143873779247808,-0.7890045309418143,1128.969382493737,0.42881987239315866,0.9033900138039579,857.5592029756838
0.9970523039181021,0.07672485419735064,1367.4484950477256,0.6143873779247808,-0.7890045309418143,1128.969382493737,0.42881987239315866,0.9033900138039579,857.5592029756838,-45,0.5863316659140038,-0.8100710941309467,1408.6856477060026,-0.31766160901908225,-0.9482041458227272,1176.6397809240004,0.9976401567428276,0.06865943237565011,853.411725987451
0.5863316659140038,-0.8100710941309467,1408.6856477060026,-0.31766160901908225,-0.9482041458227272,1176.6397809240004,0.9976401567428276,0.06865943237565011,853.411725987451,-90,-0.8539609103958212,-0.5203371633046597,1427.7506032923607,-0.9217663918069678,0.38774568848043095,1152.1574307366595,-0.03285225251482264,-0.9994602190706253,900.6210441699105
-0.8627713787384547,0.5055942523701649,1392.3501986206845,-0.05870817278895934,0.9982751877352165,1088.4180610404533,-0.8837944388883742,-0.46787539985554255,926.3504928476369,0,-0.8780195635866825,0.47862474440740255,1379.9601576274006,-0.07536200686801427,0.9971562404762984,1063.0990718832559,-0.8650085763170369,-0.5017570755833674,938.7643562891809
-0.8780195635866825,0.47862474440740255,1379.9601576274006,-0.07536200686801427,0.9971562404762984,1063.0990718832559,-0.8650085763170369,-0.5017570755833674,938.7643562891809,-90,-0.4100136278232617,0.9120793962146102,1361.1753019523237,0.5566960811082555,0.8307162411309355,1047.0257889111424,-0.9942066599118113,0.10748542871943102,935.23719058055
-0.4100136278232617,0.9120793962146102,1361.1753019523237,0.5566960811082555,0.8307162411309355,1047.0257889111424,-0.9942066599118113,0.10748542871943102,935.23719058055,0,-0.44723033656128014,0.8944188202734131,1275.9413959617189,0.5922504008733985,0.8057539715479526,969.1623424012822,-0.9999933290655018,-0.0036526462318579324,930.9655020078562
-0.44723033656128014,0.8944188202734131,1275.9413959617189,0.5922504008733985,0.8057539715479526,969.1623424012822,-0.9999933290655018,-0.0036526462318579324,930.9655020078562,45,-0.6787137867693228,0.7344028837424634,1201.8240917072555,0.43324730303324144,0.9012750825438495,879.1942830842169,-0.9448597015585861,-0.32747541032972177,958.7897096902792
-0.6787137867693228,0.7344028837424634,1201.8240917072555,0.43324730303324144,0.9012750825438495,879.1942830842169,-0.9448597015585861,-0.32747541032972177,958.7897096902792,-90,-0.18088452045625356,0.9835043417592579,1143.7674034604152,0.8821085398180086,0.4710462015345636,849.844099360924,-0.9840559224858547,0.17785933042861024,946.5663173906939
-0.18088452045625356,0.9835043417592579,1143.7674034604152,0.8821085398180086,0.4710462015345636,849.844099360924,-0.9840559224858547,0.17785933042861024,946.5663173906939,-90,0.9815954528038324,0.19097216298413516,1132.3234993416677,0.5004574398553706,-0.8657611396299837,911.2824519112391,0.12104028947625699,0.9926475952338292,878.1241069241637
0.9815954528038324,0.19097216298413516,1132.3234993416677,0.5004574398553706,-0.8657611396299837,911.2824519112391,0.12104028947625699,0.9926475952338292,878.1241069241637,90,-0.14314126936088148,0.9897022668488517,1077.8357415316307,0.9174141656189287,0.3979337240316845,881.5562408167955,-0.9929743236888038,0.11833001518956496,876.3754251021877
-0.14314126936088148,0.9897022668488517,1077.8357415316307,0.9174141656189287,0.3979337240316845,881.5562408167955,-0.9929743236888038,0.11833001518956496,876.3754251021877,0,-0.15303858566464348,0.9882202139694196,1025.0546300900162,0.9377217664535543,0.3473872316583121,861.4537217221712,-0.9984643825748555,0.05539744334725752,871.9335494571706
-0.15303858566464348,0.9882202139694196,1025.0546300900162,0.9377217664535543,0.3473872316583121,861.4537217221712,-0.9984643825748555,0.05539744334725752,871.9335494571706,45,-0.7228249646847009,0.6910311645856219,988.0606500783502,0.5938808919607041,0.8045529728762167,817.5793589818985,-0.8194786280726623,-0.5731097435327261,902.0243811745069
-0.7228249646847009,0.6910311645856219,988.0606500783502,0.5938808919607041,0.8045529728762167,817.5793589818985,-0.8194786280726623,-0.5731097435327261,902.0243811745069,45,-0.9992094174555795,-0.03975600669183813,989.5987843148761,-0.10370541626470599,0.9946080567929078,745.1158795230983,-0.21405889108364887,-0.976820756919118,973.4502072101482
-0.9992094174555795,-0.03975600669183813,989.5987843148761,-0.10370541626470599,0.9946080567929078,745.1158795230983,-0.21405889108364887,-0.976820756919118,973.4502072101482,45,-0.9282586023127138,-0.37193543422541364,1010.1412428647574,-0.41142560184329663,0.9114433466474376,692.5718233774436,0.06720715004567523,-0.9977390435292878,1030.7683631817367
-0.9282586023127138,-0.37193543422541364,1010.1412428647574,-0.41142560184329663,0.9114433466474376,692.5718233774436,0.06720715004567523,-0.9977390435292878,1030.7683631817367,45,-0.48619743432283075,-0.8738489885889305,1060.7205360021258,-0.91518474722897,0.40303458715034146,668.0993155936002,0.6334544440674588,-0.7737799863599386,1074.2005248074668
-0.48619743432283075,-0.8738489885889305,1060.7205360021258,-0.91518474722897,0.40303458715034146,668.0993155936002,0.6334544440674588,-0.7737799863599386,1074.2005248074668,-45,-0.9747708075865696,-0.22320813756901142,1071.9681260203995,-0.281757351749066,0.9594856928247305,608.056891420274,-0.19582397313323277,-0.9806390628290895,1134.8423569834213
-0.9747708075865696,-0.22320813756901142,1071.9681260203995,-0.281757351749066,0.9594856928247305,608.056891420274,-0.19582397313323277,-0.9806390628290895,1134.8423569834213,-90,-0.37438337393906507,0.9272740098363602,1024.0791124951784,0.9389588845305905,0.3440293783400905,593.0911807209011,-0.9999659587686428,0.00825113955214167,1128.9977806217832
-0.37438337393906507,0.9272740098363602,1024.0791124951784,0.9389588845305905,0.3440293783400905,593.0911807209011,-0.9999659587686428,0.00825113955214167,1128.9977806217832,-45,0.4212299158310162,0.9069538896818267,969.3789691778609,0.8633344805633979,-0.5046321181517561,622.0323350794009,-0.7227049368512076,0.6911566929798857,1085.8485391086238
0.4212299158310162,0.9069538896818267,969.3789691778609,0.8633344805633979,-0.5046321181517561,622.0323350794009,-0.7227049368512076,0.6911566929798857,1085.8485391086238,45,-0.5393649253932792,0.8420721330476995,926.4415720896003,0.9331203070071971,0.3595643094785607,599.2292937564467,-0.9673829764499592,-0.2533183311069645,1100.246002717506
-0.5393649253932792,0.8420721330476995,926.4415720896003,0.9331203070071971,0.3595643094785607,599.2292937564467,-0.9673829764499592,-0.2533183311069645,1100.246002717506,45,-0.9741670129546715,0.22582876448976333,909.7604140389161,0.5289589458682771,0.8486474141750042,541.6408505202132,-0.5469897546628452,-0.8371393004117537,1155.4997927097434
-0.9741670129546715,0.22582876448976333,909.7604140389161,0.5289589458682771,0.8486474141750042,541.6408505202132,-0.5469897546628452,-0.8371393004117537,1155.4997927097434,-90,0.3105233533616322,0.9505657510225407,858.5948893667606,0.7711956921049947,-0.6365981499177469,581.2487798238548,-0.8230749379486251,0.5679327834531716,1117.2239453425261
0.3105233533616322,0.9505657510225407,858.5948893667606,0.7711956921049947,-0.6365981499177469,581.2487798238548,-0.8230749379486251,0.5679327834531716,1117.2239453425261,-45,0.8590332883472673,0.511919729558532,831.0352970353064,0.19855985585102132,-0.9800887631456763,633.1562721149969,-0.31134819499623484,0.9502959020602932,1066.6055995158472
0.8590332883472673,0.511919729558532,831.0352970353064,0.19855985585102132,-0.9800887631456763,633.1562721149969,-0.31134819499623484,0.9502959020602932,1066.6055995158472,90,-0.513302530232474,0.8582077326946782,779.6835349529788,0.9982611960998499,0.05894560510586982,620.6120903404742,-0.9469187615016819,-0.3214729523865436,1090.6549292405793
-0.513302530232474,0.8582077326946782,779.6835349529788,0.9982611960998499,0.05894560510586982,620.6120903404742,-0.9469187615016819,-0.3214729523865436,1090.6549292405793,-45,0.3446259905023039,0.9387400740728532,722.4313933161612,0.6483657274124298,-0.7613290244808422,666.8914739661394,-0.8842821654266093,0.46695294399802934,1059.5379361064568
0.3446259905023039,0.9387400740728532,722.4313933161612,0.6483657274124298,-0.7613290244808422,666.8914739661394,-0.8842821654266093,0.46695294399802934,1059.5379361064568,-90,0.9683618997278837,-0.24955005741414704,738.0646665748429,-0.5975878180658748,-0.8018034670037707,707.154548911505,0.32885649190783517,0.9443799064624744,1009.2512135470703
0.9683618997278837,-0.24955005741414704,738.0646665748429,-0.5975878180658748,-0.8018034670037707,707.154548911505,0.32885649190783517,0.9443799064624744,1009.2512135470703,-90,-0.08628174800650205,-0.9962707764262397,791.1655234008086,-0.9124152143637092,0.40926577745717585,678.7453877692839,0.9728888377392888,-0.2312732353781904,1025.5428637643947
-0.08628174800650205,-0.9962707764262397,791.1655234008086,-0.9124152143637092,0.40926577745717585,678.7453877692839,0.9728888377392888,-0.2312732353781904,1025.5428637643947,-90,-0.993359813598354,-0.11504903618824197,790.5789932089639,0.3108267104318011,0.9504665991407301,630.8273555445253,-0.08805370648247242,-0.9961157286052151,1076.5443346668537
-0.993359813598354,-0.11504903618824197,790.5789932089639,0.3108267104318011,0.9504665991407301,630.8273555445253,-0.08805370648247242,-0.9961157286052151,1076.5443346668537,-45,-0.7881182083958078,0.6155239147222324,751.0288483389919,0.947465724165462,0.3198573143319011,610.0324278572348,-0.7718626840227896,-0.6357892709169723,1112.9601300304482
-0.7881182083958078,0.6155239147222324,751.0288483389919,0.947465724165462,0.3198573143319011,610.0324278572348,-0.7718626840227896,-0.6357892709169723,1112.9601300304482,90,-0.714664987977105,-0.6994669076944844,807.2625206762234,-0.1424458160560027,0.9898026012736779,531.0469445242388,0.43390970568857135,-0.9009563625999083,1183.1097570760414
-0.714664987977105,-0.6994669076944844,807.2625206762234,-0.1424458160560027,0.9898026012736779,531.0469445242388,0.43390970568857135,-0.9009563625999083,1183.1097570760414,-45,-0.9707618934401652,-0.2400444672231907,817.7216056810349,0.4782855919066912,0.8782043569548411,485.29708879980933,-0.13882551220835604,-0.9903168569503842,1234.1637105334
-0.9707618934401652,-0.2400444672231907,817.7216056810349,0.4782855919066912,0.8782043569548411,485.29708879980933,-0.13882551220835604,-0.9903168569503842,1234.1637105334,-90,-0.5181241350507518,0.8553054312220344,768.4167158455105,0.9454429508809408,-0.32578770177761324,504.12039156415796,-0.9844645470968911,-0.1755834716290604,1238.8485335951284
-0.5181241350507518,0.8553054312220344,768.4167158455105,0.9454429508809408,-0.32578770177761324,504.12039156415796,-0.9844645470968911,-0.1755834716290604,1238.8485335951284,45,-0.9647013571389801,0.26334633381577593,750.9676375424177,0.9731602714051314,0.23012841232383952,485.48210331179047,-0.6299809954676024,-0.7766105493422355,1286.5480918473434
-0.9647013571389801,0.26334633381577593,750.9676375424177,0.9731602714051314,0.23012841232383952,485.48210331179047,-0.6299809954676024,-0.7766105493422355,1286.5480918473434,-45,-0.562879159291565,0.8265392017534444,702.6158426143636,0.8189658513440012,-0.5738422556176874,516.8105632557176,-0.9829630768344392,-0.1838031272317545,1294.8554445546006
-0.562879159291565,0.8265392017534444,702.6158426143636,0.8189658513440012,-0.5738422556176874,516.8105632557176,-0.9829630768344392,-0.1838031272317545,1294.8554445546006,-45,0.17492748831537797,0.9845813190547916,646.8024733572109,0.18132114739048302,-0.9834239378360681,572.6261044879159,-0.8595614386311473,0.511032418950454,1264.389338590375
0.17492748831537797,0.9845813190547916,646.8024733572109,0.18132114739048302,-0.9834239378360681,572.6261044879159,-0.8595614386311473,0.511032418950454,1264.389338590375,0,0.20595387128138457,0.9785617011227299,591.1757914507621,0.15294166961810282,-0.9882352177970724,628.6202227079837,-0.872350532604874,0.4888809141948503,1235.70932520453
0.20595387128138457,0.9785617011227299,591.1757914507621,0.15294166961810282,-0.9882352177970724,628.6202227079837,-0.872350532604874,0.4888809141948503,1235.70932520453,-45,0.8164521516382414,0.5774130965654365,558.5267946650256,-0.463071227394391,-0.8863210695675987,675.6256036880097,-0.39219526231600554,0.9198819903753305,1186.42812692501
0.8164521516382414,0.5774130965654365,558.5267946650256,-0.463071227394391,-0.8863210695675987,675.6256036880097,-0.39219526231600554,0.9198819903753305,1186.42812692501,45,0.14531521483191231,0.9893854094024003,510.3349530356117,0.30811094409874984,-0.951350432872439,720.9981444427302,-0.9525250589764657,0.3044601977629926,1172.3370523402646
0.14531521483191231,0.9893854094024003,510.3349530356117,0.30811094409874984,-0.951350432872439,720.9981444427302,-0.9525250589764657,0.3044601977629926,1172.3370523402646,-45,0.874941499071673,0.4842286373214761,476.76336715274175,-0.4396757374383106,-0.8981565820657764,777.7410547597575,-0.45957101960931396,0.8881410236754383,1114.6387523582787
0.874941499071673,0.4842286373214761,476.76336715274175,-0.4396757374383106,-0.8981565820657764,777.7410547597575,-0.45957101960931396,0.8881410236754383,1114.6387523582787,0,0.918767747720569,0.3947984621911195,453.91589962635146,-0.4150220589323629,-0.9098113489067623,824.4524752425698,-0.47913738693338087,0.8777399184511615,1069.1259813200688
0.918767747720569,0.3947984621911195,453.91589962635146,-0.4150220589323629,-0.9098113489067623,824.4524752425698,-0.47913738693338087,0.8777399184511615,1069.1259813200688,-90,0.31042715458870224,-0.9505971710950764,507.1630011248159,-0.9082009899445916,0.41853430189610963,796.1344042998833,0.9254020301515509,0.37898691612163626,1051.1695532643296
0.31042715458870224,-0.9505971710950764,507.1630011248159,-0.9082009899445916,0.41853430189610963,796.1344042998833,0.9254020301515509,0.37898691612163626,1051.1695532643296,-90,-0.8732444904750253,-0.48728232048270903,524.8307588632739,0.34204703158310584,0.9396828338248953,752.8023149864778,0.4610865145026948,-0.8873551860127692,1094.8717392685776
-0.8732444904750253,-0.48728232048270903,524.8307588632739,0.34204703158310584,0.9396828338248953,752.8023149864778,0.4610865145026948,-0.8873551860127692,1094.8717392685776,90,0.33250471678793814,-0.9431015922549241,577.2549328400288,-0.9226617217944532,0.38561035662348997,733.9405980650928,0.9528270491145839,0.30351377971287274,1069.8322754002825
0.33250471678793814,-0.9431015922549241,577.2549328400288,-0.9226617217944532,0.38561035662348997,733.9405980650928,0.9528270491145839,0.30351377971287274,1069.8322754002825,-90,-0.8414444903327237,-0.5403435663433986,600.747415935435,0.266793199554964,0.963753800859548,683.4624040524119,0.42678944813853603,-0.9043510197692066,1119.530695315275
-0.8414444903327237,-0.5403435663433986,600.747415935435,0.266793199554964,0.963753800859548,683.4624040524119,0.42678944813853603,-0.9043510197692066,1119.530695315275,0,-0.7926538297218175,-0.6096719660828567,632.3807717278754,0.2774033572951484,0.9607535466296131,630.5568304055895,0.419107351071626,-0.9079366873729273,1169.3793911520518
-0.7926538297218175,-0.6096719660828567,632.3807717278754,0.2774033572951484,0.9607535466296131,630.5568304055895,0.419107351071626,-0.9079366873729273,1169.3793911520518,45,-0.26291098632323423,-0.9648200937327871,689.8459228430986,-0.3714936235192048,0.9284355053985017,575.1483193605336,0.84915520344796,-0.5281433900535476,1199.0708558143035
-0.26291098632323423,-0.9648200937327871,689.8459228430986,-0.3714936235192048,0.9284355053985017,575.1483193605336,0.84915520344796,-0.5281433900535476,1199.0708558143035,45,0.47255124045612634,-0.8813031970572762,740.984348123078,-0.9585438303816833,0.28494512671251404,556.7692988692739,0.9808327592137659,0.19485147793411958,1184.5379707562704
0.47255124045612634,-0.8813031970572762,740.984348123078,-0.9585438303816833,0.28494512671251404,556.7692988692739,0.9808327592137659,0.19485147793411958,1184.5379707562704,90,0.9476820628958382,0.3192157697631628,716.3312460717598,-0.3593373983628227,-0.9332077122151521,608.5131174417853,-0.10392817632763474,0.9945848049136946,1132.311712426715
0.9476820628958382,0.3192157697631628,716.3312460717598,-0.3593373983628227,-0.9332077122151521,608.5131174417853,-0.10392817632763474,0.9945848049136946,1132.311712426715,0,0.9748747044613968,0.22275392387409101,696.2590328044946,-0.32381908832563333,-0.946119018959008,677.2903312183413,-0.11053076125831991,0.9938727035267928,1059.6722138292814
0.9748747044613968,0.22275392387409101,696.2590328044946,-0.32381908832563333,-0.946119018959008,677.2903312183413,-0.11053076125831991,0.9938727035267928,1059.6722138292814,-90,0.25960355507983485,-0.9657152759431277,751.3276783915251,-0.980486502454226,0.1965864148538222,659.5911523945715,0.993935468231301,0.10996492618932845,1056.6909483463928
0.25960355507983485,-0.9657152759431277,751.3276783915251,-0.980486502454226,0.1965864148538222,659.5911523945715,0.993935468231301,0.10996492618932845,1056.6909483463928,0,0.241902200004162,-0.9703006367271674,808.4943818212029,-0.994161886421012,0.10789876546010503,650.5560371224365,0.9984863298528722,0.055000446334017974,1051.8455235615393
0.241902200004162,-0.9703006367271674,808.4943818212029,-0.994161886421012,0.10789876546010503,650.5560371224365,0.9984863298528722,0.055000446334017974,1051.8455235615393,45,0.7378793984608084,-0.6749325842831383,848.6804698396801,-0.8171930117251593,-0.5763641050478105,685.9918803362763,0.7946165629768978,0.6071116189324512,1011.3618046412965
0.7378793984608084,-0.6749325842831383,848.6804698396801,-0.8171930117251593,-0.5763641050478105,685.9918803362763,0.7946165629768978,0.6071116189324512,1011.3618046412965,-90,-0.6051535154891736,-0.7961088007873638,887.7981781840285,-0.6500388201671882,0.7599010016282713,641.0663656649598,0.6217005333596887,-0.7832550330641219,1056.2589101100546
-0.6051535154891736,-0.7961088007873638,887.7981781840285,-0.6500388201671882,0.7599010016282713,641.0663656649598,0.6217005333596887,-0.7832550330641219,1056.2589101100546,90,0.7420457453260385,-0.6703492461721158,922.2566838269436,-0.7396157194367603,-0.6730294106218861,682.9458769649839,0.8278225750112763,0.5609900037448972,1018.2714092340366
0.7420457453260385,-0.6703492461721158,922.2566838269436,-0.7396157194367603,-0.6730294106218861,682.9458769649839,0.8278225750112763,0.5609900037448972,1018.2714092340366,90,0.7305776571678042,0.6828296177284655,879.7480575150377,0.5987788771909814,-0.8009143875782901,725.499720676364,-0.5544898551996342,0.8321904832913488,972.1673254648513
0.7305776571678042,0.6828296177284655,879.7480575150377,0.5987788771909814,-0.8009143875782901,725.499720676364,-0.5544898551996342,0.8321904832913488,972.1673254648513,-45,0.9981942377276349,-0.060068825253586464,881.5221487221487,-0.09736882942200756,-0.995248366518121,781.8883671520598,0.16884758278422948,0.9856421733001905,916.2654651833791
0.9981942377276349,-0.060068825253586464,881.5221487221487,-0.09736882942200756,-0.995248366518121,781.8883671520598,0.16884758278422948,0.9856421733001905,916.2654651833791,-45,0.6040674840826346,-0.7969331682607245,932.2567097272266,-0.7546508438105028,-0.6561265913953618,820.6453538718382,0.8678308091401018,0.4968598260145775,884.5560812246075
0.6040674840826346,-0.7969331682607245,932.2567097272266,-0.7546508438105028,-0.6561265913953618,820.6453538718382,0.8678308091401018,0.4968598260145775,884.5560812246075,-45,0.0035195854377277963,-0.9999938062399919,991.6767582611785,-0.9899235236464742,-0.14160302726759932,826.4157264206677,0.9817527730339234,-0.1901617538839021,894.4593410968438
0.0035195854377277963,-0.9999938062399919,991.6767582611785,-0.9899235236464742,-0.14160302726759932,826.4157264206677,0.9817527730339234,-0.1901617538839021,894.4593410968438,45,0.7113929553361508,-0.7027944671794858,1023.4932644637775,-0.5448253109121011,-0.8385495695482363,866.1012772203492,0.8320967510760484,0.5546305047945747,866.656969280649
0.7113929553361508,-0.7027944671794858,1023.4932644637775,-0.5448253109121011,-0.8385495695482363,866.1012772203492,0.8320967510760484,0.5546305047945747,866.656969280649,-45,-0.017032463054794847,-0.9998549370795181,1084.4847022699812,-0.9682543666951113,-0.2499669605684897,878.3155864822222,0.9583005194736892,-0.2857623389749907,883.1322151623787
-0.017032463054794847,-0.9998549370795181,1084.4847022699812,-0.9682543666951113,-0.2499669605684897,878.3155864822222,0.9583005194736892,-0.2857623389749907,883.1322151623787,-90,-0.9924430186964295,-0.12270637571340168,1085.56760034423,-0.35239773750387376,0.9358503270299963,826.4608247927605,-0.1825736952782831,-0.9831921713441542,935.043172755745
-0.9924430186964295,-0.12270637571340168,1085.56760034423,-0.35239773750387376,0.9358503270299963,826.4608247927605,-0.1825736952782831,-0.9831921713441542,935.043172755745,-90,-0.19564367100101346,0.9806750501553749,1039.0415026158068,0.9308100965024071,0.3655031658538398,810.8803389885055,-0.9978434069155261,0.06563943384289554,927.8656692421126
-0.19564367100101346,0.9806750501553749,1039.0415026158068,0.9308100965024071,0.3655031658538398,810.8803389885055,-0.9978434069155261,0.06563943384289554,927.8656692421126,-45,0.4742081313856909,0.8804127714473997,991.1012221532698,0.9379810539625646,-0.3466865189292432,828.8746301785964,-0.7736310244710196,0.6336363609957375,891.8328680608856
0.4742081313856909,0.8804127714473997,991.1012221532698,0.9379810539625646,-0.3466865189292432,828.8746301785964,-0.7736310244710196,0.6336363609957375,891.8328680608856,90,-0.9257723585992098,0.3780813934242943,978.2184980829592,0.2978715199665646,0.9546059698078619,783.3226091411382,-0.5657564291050514,-0.8245724121787613,932.7148449508459
-0.9257723585992098,0.3780813934242943,978.2184980829592,0.2978715199665646,0.9546059698078619,783.3226091411382,-0.5657564291050514,-0.8245724121787613,932.7148449508459,-45,-0.4362441765378876,0.8998283272029062,922.9612814031664,0.9048377139985984,0.4257566339187104,756.2525550167583,-0.9626093964154867,-0.27089324453114794,946.5559460324439
-0.4362441765378876,0.8998283272029062,922.9612814031664,0.9048377139985984,0.4257566339187104,756.2525550167583,-0.9626093964154867,-0.27089324453114794,946.5559460324439,45,-0.9525943927046651,0.30424319710986214,905.1946036230366,0.39999380489700637,0.9165178427308525,700.7083775924664,-0.49610055703682293,-0.8682650731820059,998.7307336956575
-0.9525943927046651,0.30424319710986214,905.1946036230366,0.39999380489700637,0.9165178427308525,700.7083775924664,-0.49610055703682293,-0.8682650731820059,998.7307336956575,-45,-0.5421846378790067,0.8402593756977724,852.2773224101296,0.9390223044103314,0.3438562371397541,677.6895412315141,-0.9270343995568129,-0.37497629530190224,1019.5931317415688
-0.5421846378790067,0.8402593756977724,852.2773224101296,0.9390223044103314,0.3438562371397541,677.6895412315141,-0.9270343995568129,-0.37497629530190224,1019.5931317415688,-45,-0.005667171519531052,0.9999839414545457,796.753792254286,0.957109169244735,-0.28972752397322077,692.4629589166385,-0.9917542397293039,0.12815431315000875,1010.2118814741717
-0.005667171519531052,0.9999839414545457,796.753792254286,0.957109169244735,-0.28972752397322077,692.4629589166385,-0.9917542397293039,0.12815431315000875,1010.2118814741717,45,-0.6293221428850848,0.7771445428454895,756.8296740522748,0.9644692498127765,0.2641951289588439,675.6208903860747,-0.8540018990150552,-0.5202698881145049,1037.421551504533
-0.6293221428850848,0.7771445428454895,756.8296740522748,0.9644692498127765,0.2641951289588439,675.6208903860747,-0.8540018990150552,-0.5202698881145049,1037.421551504533,0,-0.6731029494927699,0.7395487944579002,703.4735351940814,0.9874004908191304,0.15824117899630402,660.4956371683755,-0.826604837707268,-0.5627827665084826,1075.7806722183004
-0.6731029494927699,0.7395487944579002,703.4735351940814,0.9874004908191304,0.15824117899630402,660.4956371683755,-0.826604837707268,-0.5627827665084826,1075.7806722183004,45,-0.9939294394328961,0.11001940478210578,695.9335206217887,0.7417624603364967,0.6706626964693557,619.4114053882424,-0.31197488258206246,-0.9500903497235977,1131.0490109296934
-0.9939294394328961,0.11001940478210578,695.9335206217887,0.7417624603364967,0.6706626964693557,619.4114053882424,-0.31197488258206246,-0.9500903497235977,1131.0490109296934,45,-0.7529089655368657,-0.6581246763449968,734.5552018227613,0.07538016241238094,0.9971548681697758,560.1092469553396,0.41280320976310314,-0.910820240228158,1184.320659502686
-0.7529089655368657,-0.6581246763449968,734.5552018227613,0.07538016241238094,0.9971548681697758,560.1092469553396,0.41280320976310314,-0.910820240228158,1184.320659502686,45,-0.24916189735453131,-0.9684618469029588,788.3468011380588,-0.5319293780679398,0.8467887202533195,512.6316795366923,0.8244506416077411,-0.565933864998892,1214.321983192518
-0.24916189735453131,-0.9684618469029588,788.3468011380588,-0.5319293780679398,0.8467887202533195,512.6316795366923,0.8244506416077411,-0.565933864998892,1214.321983192518,0,-0.23485557797816084,-0.972030276016413,847.8471166742739,-0.5877534542355629,0.8090400960608591,461.88528148543554,0.7989394514882314,-0.6014114671800695,1250.0260850289806
-0.23485557797816084,-0.972030276016413,847.8471166742739,-0.5877534542355629,0.8090400960608591,461.88528148543554,0.7989394514882314,-0.6014114671800695,1250.0260850289806,-45,-0.81304465166489,-0.5822013349341596,888.9024179965875,0.18820891636950143,0.9821290158624874,387.678718425683,0.13250463965716747,-0.9911823850681186,1324.884443534673
-0.81304465166489,-0.5822013349341596,888.9024179965875,0.18820891636950143,0.9821290158624874,387.678718425683,0.13250463965716747,-0.9911823850681186,1324.884443534673,0,-0.7771783430363154,-0.6292804010259078,926.6797581803813,0.21795423934024633,0.9759589896884062,326.7490998017439,0.1311474304046283,-0.991362875791838,1386.5288219944257
0.6790589067491476,0.7340837834775077,837.6039110499902,0.11838851218033529,-0.9929673510159972,473.40045606889737,-0.41621458983876297,0.9092664159669323,1240.1301189013352,90,-0.6843193796689956,0.729182409695572,791.1565583516389,0.9879704360807994,-0.15464287060939802,472.97262058475434,-0.9401635748752597,-0.34072342519670107,1267.272085947927
-0.6843193796689956,0.729182409695572,791.1565583516389,0.9879704360807994,-0.15464287060939802,472.97262058475434,-0.9401635748752597,-0.34072342519670107,1267.272085947927,90,-0.5800496583256667,-0.8145811155902629,833.265577574503,-0.03773922261833627,0.9992876217967296,426.8467673188705,0.4770097545146929,-0.8788979998258231,1303.8930028075808
-0.5800496583256667,-0.8145811155902629,833.265577574503,-0.03773922261833627,0.9992876217967296,426.8467673188705,0.4770097545146929,-0.8788979998258231,1303.8930028075808,-45,-0.9737893323473866,-0.22745183271723915,837.496605318135,0.6821870561709278,0.7311776941297125,410.03502767373425,-0.24523678771142415,-0.9694632112426865,1326.255572625201
-0.9737893323473866,-0.22745183271723915,837.496605318135,0.6821870561709278,0.7311776941297125,410.03502767373425,-0.24523678771142415,-0.9694632112426865,1326.255572625201,45,-0.4056720691193547,-0.9140186936471384,855.2795413638806,-0.17793751085897894,0.9840417888633138,392.0593499402992,0.6125254288015378,-0.79045088340231,1339.668874713304
-0.4056720691193547,-0.9140186936471384,855.2795413638806,-0.17793751085897894,0.9840417888633138,392.0593499402992,0.6125254288015378,-0.79045088340231,1339.668874713304,45,-0.11610844284500738,-0.9932365425718627,878.8422351388105,-0.48533838935640444,0.8743263966145202,371.20721203093564,0.8093985365255298,-0.5872597458283094,1353.367265107214
-0.11610844284500738,-0.9932365425718627,878.8422351388105,-0.48533838935640444,0.8743263966145202,371.20721203093564,0.8093985365255298,-0.5872597458283094,1353.367265107214,90,0.5038829468559419,-0.8637719466779249,892.970356938622,-0.9335206041131183,0.35852375332225717,365.41316119030256,0.9998933598347245,0.014603730976230715,1352.4287997418164
0.5038829468559419,-0.8637719466779249,892.970356938622,-0.9335206041131183,0.35852375332225717,365.41316119030256,0.9998933598347245,0.014603730976230715,1352.4287997418164,-90,-0.6785481005467823,-0.7345559714850556,901.2050221117335,0.09625924496199646,0.9953562968903881,351.35100950390057,0.2927108281502178,-0.9562010097691874,1367.1992144085696
-0.6785481005467823,-0.7345559714850556,901.2050221117335,0.09625924496199646,0.9953562968903881,351.35100950390057,0.2927108281502178,-0.9562010097691874,1367.1992144085696,90,-0.21112726364313017,-0.9774585814992696,921.8902912849121,-0.44475144010628925,0.8956540384118088,332.6983456006056,0.7273294344779423,-0.6862884916287003,1381.0193442401087
-0.21112726364313017,-0.9774585814992696,921.8902912849121,-0.44475144010628925,0.8956540384118088,332.6983456006056,0.7273294344779423,-0.6862884916287003,1381.0193442401087,0,-0.2051365922086493,-0.9787333541557794,946.266513862601,-0.4771084681599256,0.8788444171809304,310.6107455605488,0.7187901760701046,-0.6952270728223319,1398.1927747122998
-0.2051365922086493,-0.9787333541557794,946.266513862601,-0.4771084681599256,0.8788444171809304,310.6107455605488,0.7187901760701046,-0.6952270728223319,1398.1927747122998,45,0.28865413486314256,-0.9574334391624364,969.870025119294,-0.879786926623562,0.47536824014890516,298.337435842202,0.961460429786488,-0.27494334317233726,1404.491632451009
0.28865413486314256,-0.9574334391624364,969.870025119294,-0.879786926623562,0.47536824014890516,298.337435842202,0.961460429786488,-0.27494334317233726,1404.491632451009,-90,-0.7438434531984415,-0.6683538861515043,980.1816269815508,0.0872450598516044,0.9961868798230029,279.8797275120154,0.14389009103458564,-0.9895936750515631,1423.4407967569991
-0.7438434531984415,-0.6683538861515043,980.1816269815508,0.0872450598516044,0.9961868798230029,279.8797275120154,0.14389009103458564,-0.9895936750515631,1423.4407967569991,-45,-0.9962320215784856,0.0867280760863744,969.8509782175042,0.9403484556783998,0.34021284793971057,248.63475209521695,-0.654396148179567,-0.7561518903287527,1475.7439750679825
0.0082673364036628,0.9999658249904287,851.9228632156377,0.04322133798231418,-0.9990655213463322,348.4050586164472,-0.8163838506731275,0.5775096608370432,1461.2367655070584,0,0.01069155682280829,0.9999428436729295,826.0905662421343,0.03822092851668378,-0.9992693133601784,374.2176153446681,-0.8235079485255814,0.567304731793406,1446.4406049452048
0.01069155682280829,0.9999428436729295,826.0905662421343,0.03822092851668378,-0.9992693133601784,374.2176153446681,-0.8235079485255814,0.567304731793406,1446.4406049452048,45,-0.3258658665418565,0.9454160126753327,802.0743857978885,0.3389482768897913,-0.9408050093369196,397.9512034823616,-0.9678925429023888,0.2513643280060785,1440.3015379957976
0.8727126060133739,0.48823427502106576,767.964104567772,-0.6924665014874958,-0.7214500289816808,444.3250903387969,-0.018692823314920497,0.9998252739136559,1353.0750111891728,0,0.8831183407121781,0.46915029180185874,756.6838698490209,-0.6626295100599717,-0.7489473495498077,461.64670354036974,-0.02444919152360312,0.999701073838496,1329.5380246121922
0.8831183407121781,0.46915029180185874,756.6838698490209,-0.6626295100599717,-0.7489473495498077,461.64670354036974,-0.02444919152360312,0.999701073838496,1329.5380246121922,-90,0.9795355105850104,-0.20127141750125083,761.404831151287,-0.9763007174190811,-0.2164183660574758,464.0102120649071,0.6070111036133351,0.794693349720583,1315.7119581810146
0.9795355105850104,-0.20127141750125083,761.404831151287,-0.9763007174190811,-0.2164183660574758,464.0102120649071,0.6070111036133351,0.794693349720583,1315.7119581810146,45,0.9996847749318631,0.025106787317978264,760.3123341052018,-0.8679923737081114,-0.4965775258552869,475.23792503597605,0.3901808568341403,0.9207382358521754,1294.2490198537917
0.9996847749318631,0.025106787317978264,760.3123341052018,-0.8679923737081114,-0.4965775258552869,475.23792503597605,0.3901808568341403,0.9207382358521754,1294.2490198537917,-45,0.9512299070251454,-0.30848284227965295,767.8415523729163,-0.9655359815226335,-0.2602696071098673,480.974021700185,0.6602311466932617,0.751062469396588,1275.4273674147228
0.9512299070251454,-0.30848284227965295,767.8415523729163,-0.9655359815226335,-0.2602696071098673,480.974021700185,0.6602311466932617,0.751062469396588,1275.4273674147228,-45,0.8175492852535468,-0.5758586338515858,782.4129906407229,-0.9989926153295761,-0.04487487623351843,481.53870864486066,0.8471872925157625,0.531294354759969,1261.3638998811407
0.8175492852535468,-0.5758586338515858,782.4129906407229,-0.9989926153295761,-0.04487487623351843,481.53870864486066,0.8471872925157625,0.531294354759969,1261.3638998811407,-90,0.2111920808539719,-0.9774445789836728,803.7215252865448,-0.7894675267609956,0.6137923298558534,467.19226257391074,0.9807923708421433,-0.1950546725865537,1266.4167600789758
0.2111920808539719,-0.9774445789836728,803.7215252865448,-0.7894675267609956,0.6137923298558534,467.19226257391074,0.9807923708421433,-0.1950546725865537,1266.4167600789758,-90,-0.5021331565310688,-0.8647903174250653,819.8787340498899,-0.16069061811913543,0.9870048253420498,447.69491682087477,0.57611238250616,-0.8173704929363892,1283.1037130907423
-0.5021331565310688,-0.8647903174250653,819.8787340498899,-0.16069061811913543,0.9870048253420498,447.69491682087477,0.57611238250616,-0.8173704929363892,1283.1037130907423,45,-0.1710223806673189,-0.985267144134464,841.3984677809974,-0.5112071249778521,0.8594575471609279,428.908780026954,0.813378289069172,-0.5817351277608277,1295.501980540443
-0.1710223806673189,-0.985267144134464,841.3984677809974,-0.5112071249778521,0.8594575471609279,428.908780026954,0.813378289069172,-0.5817351277608277,1295.501980540443,-90,-0.7443775256358511,-0.6677590129142756,854.0494947333264,0.1587393214926125,0.9873205294189243,409.0835360342066,0.25733233033824876,-0.9663229645220517,1315.266413869924
-0.7443775256358511,-0.6677590129142756,854.0494947333264,0.1587393214926125,0.9873205294189243,409.0835360342066,0.25733233033824876,-0.9663229645220517,1315.266413869924,90,-0.15903003080074646,-0.9872737458797908,876.1063699830804,-0.5220289911992455,0.8529277415745709,390.7710986305538,0.7977910644689769,-0.6029340075443222,1327.3263545657978
-0.15903003080074646,-0.9872737458797908,876.1063699830804,-0.5220289911992455,0.8529277415745709,390.7710986305538,0.7977910644689769,-0.6029340075443222,1327.3263545657978,-90,-0.7128354222787134,-0.7013313487537316,891.7055503747075,0.11155382298525592,0.9937583934626033,367.925194257012,0.26329821138126575,-0.964714492419092,1349.6882560684373
-0.8241960771128612,0.5663045350973012,889.2403282814439,0.9478084904525144,-0.31884018790943847,319.79224731392407,-0.9291815291690726,-0.3696237084536434,1440.4632454325551,-90,-0.2474015102043299,0.9689130470525293,867.9730690531935,0.4716022614685276,-0.881811378344468,339.101000590709,-0.9455500536660417,0.32547672115244364,1432.765399010466
-0.2474015102043299,0.9689130470525293,867.9730690531935,0.4716022614685276,-0.881811378344468,339.101000590709,-0.9455500536660417,0.32547672115244364,1432.765399010466,-45,-0.007508554141637503,0.9999718104100246,843.6635846986522,0.23069776499547545,-0.9730254576454269,362.7640612665207,-0.8474372587640576,0.5308955570151812,1419.5188495214074
-0.007508554141637503,0.9999718104100246,843.6635846986522,0.23069776499547545,-0.9730254576454269,362.7640612665207,-0.8474372587640576,0.5308955570151812,1419.5188495214074,-45,0.3414795925101537,0.9398891891596048,819.1367071790276,-0.10449242934632262,-0.9945256820260118,388.68442861542576,-0.6266766814568716,0.7792793702634522,1399.0243118145231
0.3414795925101537,0.9398891891596048,819.1367071790276,-0.10449242934632262,-0.9945256820260118,388.68442861542576,-0.6266766814568716,0.7792793702634522,1399.0243118145231,0,0.3655061955547114,0.9308089068176781,794.6667398271177,-0.11150995932220242,-0.9937633163746591,414.6994422319133,-0.6247990120882061,0.7807856264645257,1378.5878961413598
0.3655061955547114,0.9308089068176781,794.6667398271177,-0.11150995932220242,-0.9937633163746591,414.6994422319133,-0.6247990120882061,0.7807856264645257,1378.5878961413598,-90,0.8970050210535374,0.4420203527041973,785.3174992654946,-0.7074081658724245,-0.7068052679890072,429.4962335720885,0.03961595433526464,0.9992149799528158,1356.454044430776
0.8970050210535374,0.4420203527041973,785.3174992654946,-0.7074081658724245,-0.7068052679890072,429.4962335720885,0.03961595433526464,0.9992149799528158,1356.454044430776,-45,0.9913745607048876,0.13105907212852938,781.7522083270185,-0.8573412724168725,-0.5147484265256359,441.787228452985,0.3340007328113118,0.9425728144188685,1332.7642984504687
0.9913745607048876,0.13105907212852938,781.7522083270185,-0.8573412724168725,-0.5147484265256359,441.787228452985,0.3340007328113118,0.9425728144188685,1332.7642984504687,45,0.9211756652449039,0.38914700790396506,770.6723027450837,-0.6382292816615569,-0.7698463379335989,462.27355344904817,0.04145529955741347,0.9991403595784754,1305.9885903859995
0.9211756652449039,0.38914700790396506,770.6723027450837,-0.6382292816615569,-0.7698463379335989,462.27355344904817,0.04145529955741347,0.9991403595784754,1305.9885903859995,45,0.7520547319900452,0.659100660059889,752.806374302981,-0.3246705737573629,-0.9458271610268256,486.99371370809297,-0.30484289577327606,0.9524026506139951,1281.4320727963693
0.7520547319900452,0.659100660059889,752.806374302981,-0.3246705737573629,-0.9458271610268256,486.99371370809297,-0.30484289577327606,0.9524026506139951,1281.4320727963693,-90,0.9996316207616613,-0.027140795371803,753.7867826395604,-0.8588111903837247,-0.5122922401048935,493.45495608221427,0.4107568500575024,0.9117449260241806,1268.8147042346648
0.9996316207616613,-0.027140795371803,753.7867826395604,-0.8588111903837247,-0.5122922401048935,493.45495608221427,0.4107568500575024,0.9117449260241806,1268.8147042346648,0,0.9986427317670581,-0.052083531839034615,754.68445356205,-0.8307003284219925,-0.5567198257288793,507.3423148607358,0.40996924604806717,0.9120993461760508,1245.2623115023798
0.9986427317670581,-0.052083531839034615,754.68445356205,-0.8307003284219925,-0.5567198257288793,507.3423148607358,0.40996924604806717,0.9120993461760508,1245.2623115023798,45,0.9759151306198973,0.21815053936937395,748.8709843644698,-0.6059917281882631,-0.7954709456462896,525.9526130964747,0.12199795746150194,0.9925303513622249,1222.0523684453992
0.9759151306198973,0.21815053936937395,748.8709843644698,-0.6059917281882631,-0.7954709456462896,525.9526130964747,0.12199795746150194,0.9925303513622249,1222.0523684453992,45,0.9053080350027816,0.42475564947320293,740.2923449569096,-0.3855277023873108,-0.9226962613406219,543.6560272836125,-0.1212527963067377,0.9926216597414127,1203.107358468811
0.9053080350027816,0.42475564947320293,740.2923449569096,-0.3855277023873108,-0.9226962613406219,543.6560272836125,-0.1212527963067377,0.9926216597414127,1203.107358468811,45,0.708412270671912,0.7057988769907938,724.2251412640544,-0.029656906976303944,-0.9995601371946556,565.7905259360036,-0.47614016470693515,0.8793694010783254,1183.7879097367652
0.708412270671912,0.7057988769907938,724.2251412640544,-0.029656906976303944,-0.9995601371946556,565.7905259360036,-0.47614016470693515,0.8793694010783254,1183.7879097367652,-90,0.9978621866443729,0.06535332023172796,722.8654039226383,-0.6344789826969914,-0.7729401144434095,583.6337757431786,0.19213029779378688,0.9813694251756934,1160.4855846533549
0.9978621866443729,0.06535332023172796,722.8654039226383,-0.6344789826969914,-0.7729401144434095,583.6337757431786,0.19213029779378688,0.9813694251756934,1160.4855846533549,-90,0.7828135083409209,-0.6222563869973365,735.8039506136009,-0.9803248957681846,-0.19739072606659627,585.6848075019383,0.7984887692731906,0.602009705357468,1149.9813971271808
0.7828135083409209,-0.6222563869973365,735.8039506136009,-0.9803248957681846,-0.19739072606659627,585.6848075019383,0.7984887692731906,0.602009705357468,1149.9813971271808,45,0.9391049763835269,-0.3436303876721257,743.8747425819339,-0.8322468045805487,-0.5544053176742321,599.540077602272,0.5509264555999035,0.8345537972594262,1128.655604093356
0.9391049763835269,-0.3436303876721257,743.8747425819339,-0.8322468045805487,-0.5544053176742321,599.540077602272,0.5509264555999035,0.8345537972594262,1128.655604093356,45,0.9991354524039842,-0.04157340194747114,744.2813212337883,-0.5774718717963,-0.8164105813156011,620.2326508154126,0.24296192243750322,0.9700358262690469,1103.9411420621634
0.9991354524039842,-0.04157340194747114,744.2813212337883,-0.5774718717963,-0.8164105813156011,620.2326508154126,0.24296192243750322,0.9700358262690469,1103.9411420621634,-90,0.7462142029749527,-0.6657059135072003,758.5743066393117,-0.949818440544119,-0.3128017423262501,624.6638669663168,0.8010302557011718,0.5986238630820819,1093.155185091903
0.7462142029749527,-0.6657059135072003,758.5743066393117,-0.949818440544119,-0.3128017423262501,624.6638669663168,0.8010302557011718,0.5986238630820819,1093.155185091903,45,0.870890285540281,-0.49147747715594015,769.1888218430323,-0.8316925474737004,-0.5552364419566737,637.1043710792385,0.6453337200660382,0.7639007721855818,1075.6829661421027
0.870890285540281,-0.49147747715594015,769.1888218430323,-0.8316925474737004,-0.5552364419566737,637.1043710792385,0.6453337200660382,0.7639007721855818,1075.6829661421027,-45,0.6757841476458861,-0.7370995765773598,787.3005390613212,-0.9454489839989343,-0.32577019301247134,644.5359778990207,0.8492199594272614,0.5280392603872941,1062.614576789838
0.6757841476458861,-0.7370995765773598,787.3005390613212,-0.9454489839989343,-0.32577019301247134,644.5359778990207,0.8492199594272614,0.5280392603872941,1062.614576789838,90,0.9674019783064213,-0.253245754888058,793.1213777691538,-0.5743386859459766,-0.8186177825003857,665.70282249247,0.40734251270178146,0.9132754663001733,1038.8447814156073
0.9674019783064213,-0.253245754888058,793.1213777691538,-0.5743386859459766,-0.8186177825003857,665.70282249247,0.40734251270178146,0.9132754663001733,1038.8447814156073,-90,0.5601447770620552,-0.8283947300231336,805.7232719154695,-0.9641887418934473,-0.2652170243516267,667.8451369188591,0.9104507152489398,0.4136175710758597,1034.2731123384044
0.5601447770620552,-0.8283947300231336,805.7232719154695,-0.9641887418934473,-0.2652170243516267,667.8451369188591,0.9104507152489398,0.4136175710758597,1034.2731123384044,-45,0.29660252463202813,-0.9550010169533366,829.7385069297736,-0.9997557719860347,-0.02209969186680831,667.9961600803181,0.9930268785966802,0.11788816049347095,1030.92994421641
0.29660252463202813,-0.9550010169533366,829.7385069297736,-0.9997557719860347,-0.02209969186680831,667.9961600803181,0.9930268785966802,0.11788816049347095,1030.92994421641,0,0.2754403268309583,-0.961318171239499,854.7602175763329,-0.9988532503076823,-0.047876762106249006,668.8899980947092,0.9968266128038173,0.07960341705020191,1028.3710952526526
0.2754403268309583,-0.961318171239499,854.7602175763329,-0.9988532503076823,-0.047876762106249006,668.8899980947092,0.9968266128038173,0.07960341705020191,1028.3710952526526,-90,-0.33386239518375344,-0.9426218229397022,874.428139469888,-0.8500359524642211,0.5267246714539242,656.6002825896209,0.8439972692977837,-0.5363474707853896,1040.4819705774676
-0.33386239518375344,-0.9426218229397022,874.428139469888,-0.8500359524642211,0.5267246714539242,656.6002825896209,0.8439972692977837,-0.5363474707853896,1040.4819705774676,0,-0.3248362996209912,-0.9457702566947966,898.6462088697921,-0.8674195823671013,0.49757739913111365,643.4731142138342,0.8328317204394029,-0.5535262644445557,1054.447859647906
-0.3248362996209912,-0.9457702566947966,898.6462088697921,-0.8674195823671013,0.49757739913111365,643.4731142138342,0.8328317204394029,-0.5535262644445557,1054.447859647906,0,-0.3107830103730478,-0.9504808890574634,923.18268888688,-0.8873215766975532,0.4611511894454661,631.1227115707452,0.8247978769224895,-0.5654276808082125,1068.8691393526196
-0.3107830103730478,-0.9504808890574634,923.18268888688,-0.8873215766975532,0.4611511894454661,631.1227115707452,0.8247978769224895,-0.5654276808082125,1068.8691393526196,-45,-0.5540304323973215,-0.8324964143932615,945.1851417284341,-0.7416409904372677,0.6707970194501676,612.9215872721404,0.618848261491848,-0.7855105532381582,1089.6821151804777
-0.5540304323973215,-0.8324964143932615,945.1851417284341,-0.7416409904372677,0.6707970194501676,612.9215872721404,0.618848261491848,-0.7855105532381582,1089.6821151804777,-90,-0.9587639606059777,-0.2842035676115613,950.032323021596,-0.12023539600965716,0.9927454102368849,591.5195810671106,-0.048266653057468835,-0.9988344858897443,1111.0326614397122
-0.9587639606059777,-0.2842035676115613,950.032323021596,-0.12023539600965716,0.9927454102368849,591.5195810671106,-0.048266653057468835,-0.9988344858897443,1111.0326614397122,-45,-0.9998615328949585,0.016640764313690798,949.1177223073912,0.21889134541635294,0.9757492397649198,566.7382912755852,-0.3629319905946181,-0.9318156310145415,1134.6089594208086
-0.9998615328949585,0.016640764313690798,949.1177223073912,0.21889134541635294,0.9757492397649198,566.7382912755852,-0.3629319905946181,-0.9318156310145415,1134.6089594208086,-45,-0.962015590545811,0.27299451193530333,941.4858881702105,0.5058523839263381,0.8626200587025789,544.261920056557,-0.6001321145377105,-0.7999008970494385,1155.167865560521
-0.962015590545811,0.27299451193530333,941.4858881702105,0.5058523839263381,0.8626200587025789,544.261920056557,-0.6001321145377105,-0.7999008970494385,1155.167865560521,-45,-0.8559350097483351,0.5170834159853877,927.4990660341442,0.7560085765896324,0.6545617099425523,527.1866059510712,-0.7931643457335277,-0.6090076523797587,1170.4978246430917
-0.8559350097483351,0.5170834159853877,927.4990660341442,0.7560085765896324,0.6545617099425523,527.1866059510712,-0.7931643457335277,-0.6090076523797587,1170.4978246430917,-90,-0.35256386656527305,0.9357877537094319,912.7196449106374,0.999926989628913,0.01208368369578388,527.5651525696139,-0.9999916014294549,0.004098422935020423,1169.5387253980948
-0.35256386656527305,0.9357877537094319,912.7196449106374,0.999926989628913,0.01208368369578388,527.5651525696139,-0.9999916014294549,0.004098422935020423,1169.5387253980948,45,-0.6466456345420386,0.7627905501038436,896.2282970742276,0.9553051863412182,0.29562138107648844,520.441928054005,-0.942572840524568,-0.33400065913924065,1176.9093934864186
-0.6466456345420386,0.7627905501038436,896.2282970742276,0.9553051863412182,0.29562138107648844,520.441928054005,-0.942572840524568,-0.33400065913924065,1176.9093934864186,-90,0.013381434838749973,0.9999104645925335,876.2327713650523,0.9008100916650523,-0.4342132871693358,529.5820518239643,-0.936207065257704,0.351448902347919,1168.9514744479686
0.013381434838749973,0.9999104645925335,876.2327713650523,0.9008100916650523,-0.4342132871693358,529.5820518239643,-0.936207065257704,0.351448902347919,1168.9514744479686,0,0.003946978590649459,0.9999922106496655,849.6518345794647,0.8851752057578822,-0.4652578372381177,541.4839609852262,-0.9466951233602452,0.3221309413979509,1160.0580675139715
0.003946978590649459,0.9999922106496655,849.6518345794647,0.8851752057578822,-0.4652578372381177,541.4839609852262,-0.9466951233602452,0.3221309413979509,1160.0580675139715,-90,0.6420371672088725,0.7666735132521576,833.6596249869488,0.38713474698924166,-0.9220231492069902,561.8366758528496,-0.5449634298107678,0.8384598142838358,1141.2338455958009
0.6420371672088725,0.7666735132521576,833.6596249869488,0.38713474698924166,-0.9220231492069902,561.8366758528496,-0.5449634298107678,0.8384598142838358,1141.2338455958009,-45,0.8497263191944316,0.5272240344182755,820.8673625017016,0.09962546102668624,-0.9950250084873346,585.7503451305001,-0.28449395547738987,0.958677833944662,1118.1420065539528
0.8497263191944316,0.5272240344182755,820.8673625017016,0.09962546102668624,-0.9950250084873346,585.7503451305001,-0.28449395547738987,0.958677833944662,1118.1420065539528,-90,0.988017263007551,-0.15434340931529203,825.2048286284623,-0.5301169639362393,-0.8479245276243776,605.3814410697854,0.3915979472755558,0.9201364288460548,1096.4402989637556
0.988017263007551,-0.15434340931529203,825.2048286284623,-0.5301169639362393,-0.8479245276243776,605.3814410697854,0.3915979472755558,0.9201364288460548,1096.4402989637556,0,0.9659278577002741,-0.25881146365367785,839.7471365152012,-0.4988887306213076,-0.8666660455210302,667.7810818565317,0.43650853998786077,0.8997001136588048,1030.2848796742967
0.9659278577002741,-0.25881146365367785,839.7471365152012,-0.4988887306213076,-0.8666660455210302,667.7810818565317,0.43650853998786077,0.8997001136588048,1030.2848796742967,-45,0.8082934125770632,-0.5887798902684478,854.891854460434,-0.7424629464059582,-0.6698871346832861,684.421801831882,0.7265999189770675,0.6870608108039047,1012.7460900061772
0.8082934125770632,-0.5887798902684478,854.891854460434,-0.7424629464059582,-0.6698871346832861,684.421801831882,0.7265999189770675,0.6870608108039047,1012.7460900061772,45,0.9541085588110666,-0.29946094570656384,860.0979081539613,-0.4603243551898675,-0.8877508028827868,700.8776295551314,0.45773620347802163,0.8890880541462286,996.180391099333
0.9541085588110666,-0.29946094570656384,860.0979081539613,-0.4603243551898675,-0.8877508028827868,700.8776295551314,0.45773620347802163,0.8890880541462286,996.180391099333,-45,0.7742753562536393,-0.6328488545445113,873.7360008791901,-0.729435161496861,-0.6840499580966644,715.3490051942199,0.7537037315593074,0.6572143372093883,981.9781867395833
0.7742753562536393,-0.6328488545445113,873.7360008791901,-0.729435161496861,-0.6840499580966644,715.3490051942199,0.7537037315593074,0.6572143372093883,981.9781867395833,0,0.7676204760000269,-0.6409046768634881,890.3535400090699,-0.7026249689342373,-0.7115603649938367,733.7705269405977,0.7587491854205175,0.6513828932538075,964.6973547215118
0.7676204760000269,-0.6409046768634881,890.3535400090699,-0.7026249689342373,-0.7115603649938367,733.7705269405977,0.7587491854205175,0.6513828932538075,964.6973547215118,0,0.7556399412094189,-0.6549872359435914,904.3218308219978,-0.6882182112514625,-0.7255037516800567,749.281504977435,0.7699532207050863,0.6381003353124527,950.7777730370278
0.7556399412094189,-0.6549872359435914,904.3218308219978,-0.6882182112514625,-0.7255037516800567,749.281504977435,0.7699532207050863,0.6381003353124527,950.7777730370278,0,0.7420345364715709,-0.6703616536492976,920.7694349583579,-0.6719845063253279,-0.7405652052714232,767.5215908061047,0.7829076538941147,0.622137931229091,935.0929880784764
0.7420345364715709,-0.6703616536492976,920.7694349583579,-0.6719845063253279,-0.7405652052714232,767.5215908061047,0.7829076538941147,0.622137931229091,935.0929880784764,90,0.9994337683298926,-0.03364732859991306,920.5151005540325,-0.016678508344163633,-0.999860904005859,785.6218901914589,0.1803961554128417,0.9835940357242239,917.1710788876853
0.9994337683298926,-0.03364732859991306,920.5151005540325,-0.016678508344163633,-0.999860904005859,785.6218901914589,0.1803961554128417,0.9835940357242239,917.1710788876853,-45,0.9201456810393787,-0.3915762067140673,930.3075746623783,-0.3422708346021855,-0.9396013387499633,808.8710499666784,0.5137875898034223,0.8579174275907853,895.8731112575022
0.9201456810393787,-0.3915762067140673,930.3075746623783,-0.3422708346021855,-0.9396013387499633,808.8710499666784,0.5137875898034223,0.8579174275907853,895.8731112575022,0,0.9127758554065021,-0.4084608154853149,940.6181983801998,-0.3257444985175956,-0.9454578370744621,833.3893754566427,0.5206610856098474,0.8537634531482213,873.5908121792565
