red_sin_t,red_cos_t,red_dist_t,green_sin_t,green_cos_t,green_dist_t,blue_sin_t,blue_cos_t,blue_dist_t,action,red_sin_t1,red_cos_t1,red_dist_t1,green_sin_t1,green_cos_t1,green_dist_t1,blue_sin_t1,blue_cos_t1,blue_dist_t1
0.9127782783199507,-0.4084554010259463,940.6190825342485,-0.3257355137349467,-0.9454609326100314,833.392072453039,0.5206548172936258,0.8537672758011642,873.588316329592,0,0.9057613176496695,-0.4237881964490452,947.9359184269838,-0.31927038165576627,-0.9476636657577314,850.0610998298941,0.5296482791496019,0.8482173662416169,858.5994511086117
0.9057613176496695,-0.4237881964490452,947.9359184269838,-0.31927038165576627,-0.9476636657577314,850.0610998298941,0.5296482791496019,0.8482173662416169,858.5994511086117,-45,0.6867009234272148,-0.726940053762489,963.2835614456425,-0.6214863672128953,-0.7834249774984956,866.176192094542,0.807206586651618,0.5902690288895767,846.3174887424938
0.6867009234272148,-0.726940053762489,963.2835614456425,-0.6214863672128953,-0.7834249774984956,866.176192094542,0.807206586651618,0.5902690288895767,846.3174887424938,-90,0.11838500239804146,-0.9929677694704978,986.3497084838954,-0.9582933736016688,-0.28578630147565237,871.8076412983919,0.9994849184158315,-0.03209202173903358,847.4683164734039
0.11838500239804146,-0.9929677694704978,986.3497084838954,-0.9582933736016688,-0.28578630147565237,871.8076412983919,0.9994849184158315,-0.03209202173903358,847.4683164734039,90,0.6284898659829568,-0.7778177732327316,1005.2958247974822,-0.6333021399886083,-0.7739046449568895,891.6062445694567,0.8677399391257634,0.49701850875597825,834.0482572101268
0.6284898659829568,-0.7778177732327316,1005.2958247974822,-0.6333021399886083,-0.7739046449568895,891.6062445694567,0.8677399391257634,0.49701850875597825,834.0482572101268,-90,0.009214571671067507,-0.9999575449332431,1026.1001258641234,-0.9720797827151739,-0.23465058285974977,895.4598976494536,0.9846842308311982,-0.17434725564909698,838.2295797085485
0.009214571671067507,-0.9999575449332431,1026.1001258641234,-0.9720797827151739,-0.23465058285974977,895.4598976494536,0.9846842308311982,-0.17434725564909698,838.2295797085485,45,0.3332347885907331,-0.9428438766163194,1043.0110939509368,-0.830774824374962,-0.5566086517336495,905.9268304365038,0.9901680155266732,0.13988316920905736,834.9264770653342
0.3332347885907331,-0.9428438766163194,1043.0110939509368,-0.830774824374962,-0.5566086517336495,905.9268304365038,0.9901680155266732,0.13988316920905736,834.9264770653342,45,0.6522705713932384,-0.7579862147126016,1058.966574608552,-0.5506890229447455,-0.8347104887373594,924.0368207696974,0.8763459191408501,0.4816822915627878,824.002892069057
0.6522705713932384,-0.7579862147126016,1058.966574608552,-0.5506890229447455,-0.8347104887373594,924.0368207696974,0.8763459191408501,0.4816822915627878,824.002892069057,45,0.8695324549887692,-0.4938758039438701,1069.5204816634416,-0.21475511394185418,-0.9766679277194584,945.5225754563453,0.6623591835504756,0.7491864333838055,807.3134587615891
0.8695324549887692,-0.4938758039438701,1069.5204816634416,-0.21475511394185418,-0.9766679277194584,945.5225754563453,0.6623591835504756,0.7491864333838055,807.3134587615891,45,0.9301906661318883,0.3670767285474712,1062.0625100680497,0.6266088743815715,-0.7793338941341252,956.5994811267913,-0.18612307587963875,0.9825264376214526,792.208037886543
0.9301906661318883,0.3670767285474712,1062.0625100680497,0.6266088743815715,-0.7793338941341252,956.5994811267913,-0.18612307587963875,0.9825264376214526,792.208037886543,-45,0.9995079326424227,0.03136706210135537,1060.984870904794,0.33911854534451324,-0.9407436485054902,978.0081596228439,0.1392039404689151,0.9902637340415565,769.5748542467212
0.9995079326424227,0.03136706210135537,1060.984870904794,0.33911854534451324,-0.9407436485054902,978.0081596228439,0.1392039404689151,0.9902637340415565,769.5748542467212,-45,0.9529945883985983,-0.3029873173632622,1067.766794062036,0.0266928997278988,-0.9996436810704684,1000.7749989390813,0.45467836862327865,0.8906557028987542,749.2711168205528
0.9529945883985983,-0.3029873173632622,1067.766794062036,0.0266928997278988,-0.9996436810704684,1000.7749989390813,0.45467836862327865,0.8906557028987542,749.2711168205528,-90,0.615638514218032,-0.7880286922513762,1085.8166830497137,-0.5214027707674697,-0.8533106999422927,1019.2632187953623,0.8849998366145337,0.4655913328147858,739.4092433754682
0.615638514218032,-0.7880286922513762,1085.8166830497137,-0.5214027707674697,-0.8533106999422927,1019.2632187953623,0.8849998366145337,0.4655913328147858,739.4092433754682,-45,0.3589226335233455,-0.9333673141612931,1109.0254921002763,-0.7301653395493446,-0.6832705005492263,1036.0142692686525,0.9867220045387338,0.16241824330740354,735.0646924783289
0.3589226335233455,-0.9333673141612931,1109.0254921002763,-0.7301653395493446,-0.6832705005492263,1036.0142692686525,0.9867220045387338,0.16241824330740354,735.0646924783289,0,0.3382823298712837,-0.9410446670040993,1133.539070627087,-0.7271983499434488,-0.6864273886140656,1053.899171950581,0.9935198866169304,0.11365841322437067,731.4819646704353
0.3382823298712837,-0.9410446670040993,1133.539070627087,-0.7271983499434488,-0.6864273886140656,1053.899171950581,0.9935198866169304,0.11365841322437067,731.4819646704353,-90,-0.28382591601402907,-0.9588758258496234,1158.6950759521344,-0.9900058697989511,-0.14102615985561767,1056.730088071558,0.8491870444665665,-0.5280921922450073,745.5959489131646
-0.28382591601402907,-0.9588758258496234,1158.6950759521344,-0.9900058697989511,-0.14102615985561767,1056.730088071558,0.8491870444665665,-0.5280921922450073,745.5959489131646,-45,-0.575730167805946,-0.8176397580096857,1179.4137388295976,-0.9850276036949751,0.17239669358469453,1051.7896972969502,0.609275143499485,-0.7929588889177559,765.8880644976849
-0.575730167805946,-0.8176397580096857,1179.4137388295976,-0.9850276036949751,0.17239669358469453,1051.7896972969502,0.609275143499485,-0.7929588889177559,765.8880644976849,-90,-0.9636295454607492,-0.26724164928975797,1183.1846953841696,-0.6482982399936311,0.7613864931959066,1035.520981627765,-0.045205761274327405,-0.9989776970221149,785.8248808680786
-0.9636295454607492,-0.26724164928975797,1183.1846953841696,-0.6482982399936311,0.7613864931959066,1035.520981627765,-0.045205761274327405,-0.9989776970221149,785.8248808680786,45,-0.8033871385291725,-0.5954570560887731,1196.253770648841,-0.8804113388200653,0.4742107911857976,1025.4240702224472,0.29457204162714296,-0.9556292755517783,806.3562759671248
-0.8033871385291725,-0.5954570560887731,1196.253770648841,-0.8804113388200653,0.4742107911857976,1025.4240702224472,0.29457204162714296,-0.9556292755517783,806.3562759671248,0,-0.79322816717878,-0.6089245230684945,1212.012751003066,-0.8907497900657368,0.45449401700995556,1013.2882455619526,0.28525373157312506,-0.9584520377272968,831.3829133401889
-0.79322816717878,-0.6089245230684945,1212.012751003066,-0.8907497900657368,0.45449401700995556,1013.2882455619526,0.28525373157312506,-0.9584520377272968,831.3829133401889,-90,-0.9973032222857113,0.0733912993381165,1209.2594292792758,-0.3522231819781496,0.9359160379420727,993.2240267436346,-0.42968278401802984,-0.9029799029427594,849.8668409232354
-0.9973032222857113,0.0733912993381165,1209.2594292792758,-0.3522231819781496,0.9359160379420727,993.2240267436346,-0.42968278401802984,-0.9029799029427594,849.8668409232354,45,-0.9717605883920035,-0.23596897857139426,1215.369104670795,-0.6188917718307273,0.785476272563483,973.2048399942788,-0.14834019556916098,-0.9889363914724258,875.2117347181138
-0.9717605883920035,-0.23596897857139426,1215.369104670795,-0.6188917718307273,0.785476272563483,973.2048399942788,-0.14834019556916098,-0.9889363914724258,875.2117347181138,-90,-0.9450097526013486,0.3270421494063694,1206.9111407138223,-0.07825018171837121,0.9969337535970191,947.9485331910905,-0.6600954174368787,-0.7511817622112725,894.130919708708
-0.9450097526013486,0.3270421494063694,1206.9111407138223,-0.07825018171837121,0.9969337535970191,947.9485331910905,-0.6600954174368787,-0.7511817622112725,894.130919708708,90,-0.9202406534421792,-0.39135296057690816,1218.2611924409355,-0.7281817118326364,0.6853841218998958,931.7849177828595,-0.006192010064560574,-0.9999808293219228,919.3724887158686
-0.9202406534421792,-0.39135296057690816,1218.2611924409355,-0.7281817118326364,0.6853841218998958,931.7849177828595,-0.006192010064560574,-0.9999808293219228,919.3724887158686,-90,-0.5114911124285951,0.8592885673081879,1198.419493756677,0.5993973141659731,0.8004516598587436,917.8829135657827,-0.9893853420771673,-0.14531567321815836,917.7902173242041
-0.5114911124285951,0.8592885673081879,1198.419493756677,0.5993973141659731,0.8004516598587436,917.8829135657827,-0.9893853420771673,-0.14531567321815836,917.7902173242041,90,-0.9163285980870733,0.4004271473411596,1189.7639301135036,0.03861118478753137,0.9992543101779963,895.2519921224024,-0.7196702792123894,-0.6943159865784176,933.8221936745399
-0.9163285980870733,0.4004271473411596,1189.7639301135036,0.03861118478753137,0.9992543101779963,895.2519921224024,-0.7196702792123894,-0.6943159865784176,933.8221936745399,45,-0.9987899034812463,0.049180572423698575,1188.5637726580808,-0.3071020324487783,0.9516765951024694,871.7318863476373,-0.4350346607528213,-0.9004137071056157,956.183372410967
-0.9987899034812463,0.049180572423698575,1188.5637726580808,-0.3071020324487783,0.9516765951024694,871.7318863476373,-0.4350346607528213,-0.9004137071056157,956.183372410967,90,-0.7693305177852418,-0.6388509641569714,1203.4906636168018,-0.8740912189679927,0.48576181501127547,861.9199135724908,0.2678096288186279,-0.9634718484273574,977.0255766420908
-0.7693305177852418,-0.6388509641569714,1203.4906636168018,-0.8740912189679927,0.48576181501127547,861.9199135724908,0.2678096288186279,-0.9634718484273574,977.0255766420908,90,-0.087324166865509,-0.9961799485440593,1223.7498126784942,-0.9540308414384471,-0.29970844763577936,868.3439894596207,0.8635436118108285,-0.5042741620395687,986.5883457808784
-0.087324166865509,-0.9961799485440593,1223.7498126784942,-0.9540308414384471,-0.29970844763577936,868.3439894596207,0.8635436118108285,-0.5042741620395687,986.5883457808784,-45,-0.4108041500300407,-0.9117236150929161,1246.3625560695612,-0.9999360118381999,0.011312481121102629,867.5042485038617,0.6303886307743983,-0.7762797010036906,1005.9522956742284
-0.4108041500300407,-0.9117236150929161,1246.3625560695612,-0.9999360118381999,0.011312481121102629,867.5042485038617,0.6303886307743983,-0.7762797010036906,1005.9522956742284,-90,-0.8794320288817603,-0.4760244810688949,1255.0088025925913,-0.7901957835511357,0.6128544881601232,853.8509791438374,0.016566680230737808,-0.9998627631360878,1026.5412873259847
-0.8794320288817603,-0.4760244810688949,1255.0088025925913,-0.7901957835511357,0.6128544881601232,853.8509791438374,0.016566680230737808,-0.9998627631360878,1026.5412873259847,0,-0.8755282744819033,-0.4831668868856195,1266.9928932486284,-0.7988181138590599,0.6015726231891325,838.6404900447689,0.0070220025722598466,-0.9999753454360139,1051.5618248788467
-0.8755282744819033,-0.4831668868856195,1266.9928932486284,-0.7988181138590599,0.6015726231891325,838.6404900447689,0.0070220025722598466,-0.9999753454360139,1051.5618248788467,45,-0.6734862733695978,-0.7391997291549365,1284.2035000376693,-0.9542705272227555,0.2989444110098132,831.5733939400659,0.31016324728114464,-0.950683312168682,1073.5755164444652
-0.6734862733695978,-0.7391997291549365,1284.2035000376693,-0.9542705272227555,0.2989444110098132,831.5733939400659,0.31016324728114464,-0.950683312168682,1073.5755164444652,45,-0.4687851472259342,-0.8833122243806882,1305.5134648307576,-0.9994783682913201,0.0322953761043336,830.608431726051,0.5191872828659877,-0.8546604971041033,1094.0088696415628
-0.4687851472259342,-0.8833122243806882,1305.5134648307576,-0.9994783682913201,0.0322953761043336,830.608431726051,0.5191872828659877,-0.8546604971041033,1094.0088696415628,-90,-0.9323673739671686,-0.3615122127419292,1309.618539942139,-0.7358145379344211,0.6771831109562276,820.3759139322534,-0.17339646017062443,-0.9848521044300494,1107.6223183739935
-0.9323673739671686,-0.3615122127419292,1309.618539942139,-0.7358145379344211,0.6771831109562276,820.3759139322534,-0.17339646017062443,-0.9848521044300494,1107.6223183739935,45,-0.8055031004510647,-0.5925915584647844,1326.7785100097944,-0.8935580996836185,0.44894757209478314,807.0435023118705,0.07023732084327745,-0.9975303096952787,1136.6288112764914
-0.8055031004510647,-0.5925915584647844,1326.7785100097944,-0.8935580996836185,0.44894757209478314,807.0435023118705,0.07023732084327745,-0.9975303096952787,1136.6288112764914,-90,-0.997898445896992,0.06479731226191542,1324.4948205544065,-0.38978417554111117,0.9209062365397122,791.2157036329916,-0.5906530805835426,-0.806925608961056,1149.4049111063732
-0.997898445896992,0.06479731226191542,1324.4948205544065,-0.38978417554111117,0.9209062365397122,791.2157036329916,-0.5906530805835426,-0.806925608961056,1149.4049111063732,-90,-0.7992215328998635,0.6010365557511393,1311.777109335614,0.1959209434248286,0.9806196938301439,771.6352924645813,-0.9345827071327444,-0.35574592552611345,1155.7519044227872
-0.7992215328998635,0.6010365557511393,1311.777109335614,0.1959209434248286,0.9806196938301439,771.6352924645813,-0.9345827071327444,-0.35574592552611345,1155.7519044227872,-45,-0.6422626623001955,0.7664846199468487,1294.034833934736,0.4349268406223125,0.9004657924131785,751.0660100393973,-0.9896937996884874,-0.14319980048227843,1158.5995647489688
-0.6422626623001955,0.7664846199468487,1294.034833934736,0.4349268406223125,0.9004657924131785,751.0660100393973,-0.9896937996884874,-0.14319980048227843,1158.5995647489688,-90,0.02756869590354137,0.9996199112693674,1272.7827547097934,0.9323014392794311,0.36168221730892625,743.7920278455867,-0.844519193867098,0.5355252852947907,1146.4436578771108
0.02756869590354137,0.9996199112693674,1272.7827547097934,0.9323014392794311,0.36168221730892625,743.7920278455867,-0.844519193867098,0.5355252852947907,1146.4436578771108,-90,0.5927166286225204,0.8054110740201883,1255.0661136429626,0.9677271647166268,-0.25200026720128443,750.0804154321388,-0.4051667262494907,0.9142428145412302,1125.3788293791783
0.5927166286225204,0.8054110740201883,1255.0661136429626,0.9677271647166268,-0.25200026720128443,750.0804154321388,-0.4051667262494907,0.9142428145412302,1125.3788293791783,0,0.6009996496954746,0.7992492859339424,1237.758854232439,0.9604006021350703,-0.2786228336274587,755.8138006353153,-0.41238933890765767,0.9110077020285312,1105.6838342088574
0.6009996496954746,0.7992492859339424,1237.758854232439,0.9604006021350703,-0.2786228336274587,755.8138006353153,-0.41238933890765767,0.9110077020285312,1105.6838342088574,45,0.2730358245816327,0.9620038661538881,1216.5509806712498,0.9981141495178013,0.06138521428126043,753.6850592735535,-0.7259507043856728,0.6877467373982559,1090.8449058285873
0.2730358245816327,0.9620038661538881,1216.5509806712498,0.9981141495178013,0.06138521428126043,753.6850592735535,-0.7259507043856728,0.6877467373982559,1090.8449058285873,-45,0.6070164281075997,0.7946892826806532,1197.0399595388785,0.9451899025488942,-0.3265211296679156,761.6859357588532,-0.4429998790811032,0.8965216713131523,1068.5295432194844
0.6070164281075997,0.7946892826806532,1197.0399595388785,0.9451899025488942,-0.3265211296679156,761.6859357588532,-0.4429998790811032,0.8965216713131523,1068.5295432194844,0,0.6079345967817424,0.7939871069707746,1175.1664092594078,0.9381783803891142,-0.34615217256353986,771.047034526202,-0.4651219856393227,0.8852465975506111,1043.903065160578
0.6079345967817424,0.7939871069707746,1175.1664092594078,0.9381783803891142,-0.34615217256353986,771.047034526202,-0.4651219856393227,0.8852465975506111,1043.903065160578,45,0.36864191326252976,0.9295714818055368,1149.432449457492,0.9945309886121984,-0.10444191060126896,773.2740755164691,-0.7082525548967075,0.7059591478848378,1024.3702825960202
0.36864191326252976,0.9295714818055368,1149.432449457492,0.9945309886121984,-0.10444191060126896,773.2740755164691,-0.7082525548967075,0.7059591478848378,1024.3702825960202,-45,0.6189591320539983,0.7854231934740412,1128.4432211091262,0.9164970789801308,-0.40004137813592217,783.7451775080597,-0.5008400842501054,0.8655398373317934,1001.0695196973785
0.6189591320539983,0.7854231934740412,1128.4432211091262,0.9164970789801308,-0.40004137813592217,783.7451775080597,-0.5008400842501054,0.8655398373317934,1001.0695196973785,-90,0.9595069899382613,0.2816848172330509,1123.2397766434956,0.5194165668877959,-0.8545211700376392,801.3959794222392,0.07803838565176341,0.9969503550151666,980.8890231999388
0.9595069899382613,0.2816848172330509,1123.2397766434956,0.5194165668877959,-0.8545211700376392,801.3959794222392,0.07803838565176341,0.9969503550151666,980.8890231999388,90,0.6313904066223229,0.7754651213467294,1107.2924208064733,0.906761668492888,-0.42164354204943544,808.3955128372868,-0.5186973187331744,0.8549579472342577,964.7005468928999
0.6313904066223229,0.7754651213467294,1107.2924208064733,0.906761668492888,-0.42164354204943544,808.3955128372868,-0.5186973187331744,0.8549579472342577,964.7005468928999,-90,0.9841092409446544,0.1775640782572206,1103.1946298432385,0.42309994500032067,-0.9060830185698912,831.7658272103753,0.14488643751145674,0.989448290829409,939.5455025250028
0.9841092409446544,0.1775640782572206,1103.1946298432385,0.42309994500032067,-0.9060830185698912,831.7658272103753,0.14488643751145674,0.989448290829409,939.5455025250028,-45,0.9941061631141317,-0.10841096097027929,1105.6908273475772,0.16680631732896295,-0.9859896817407113,856.8525927372631,0.40839039596808274,0.9128073643880359,916.2685008667328
0.9941061631141317,-0.10841096097027929,1105.6908273475772,0.16680631732896295,-0.9859896817407113,856.8525927372631,0.40839039596808274,0.9128073643880359,916.2685008667328,-45,0.8989655649395554,-0.4380193067125078,1115.899471248777,-0.15343901548360078,-0.9881581191931903,879.581462931831,0.6921943210013367,0.7217111762841826,899.7114370359533
0.8989655649395554,-0.4380193067125078,1115.899471248777,-0.15343901548360078,-0.9881581191931903,879.581462931831,0.6921943210013367,0.7217111762841826,899.7114370359533,0,0.8901405684131838,-0.4556860415516961,1128.180525385091,-0.14662086802147137,-0.9891927623373669,906.9576494292222,0.7060019735336898,0.7082098653411538,879.8550891244422
0.8901405684131838,-0.4556860415516961,1128.180525385091,-0.14662086802147137,-0.9891927623373669,906.9576494292222,0.7060019735336898,0.7082098653411538,879.8550891244422,-90,0.43493874527931087,-0.9004600423421679,1147.9695464051388,-0.696237931192441,-0.7178110776303677,921.3411525996329,0.9925401674697054,0.12191807068359145,878.1994759014719
0.43493874527931087,-0.9004600423421679,1147.9695464051388,-0.696237931192441,-0.7178110776303677,921.3411525996329,0.9925401674697054,0.12191807068359145,878.1994759014719,45,0.6499772593808041,-0.7599536579869979,1162.91509892272,-0.4716166204458311,-0.8818036988577747,938.9721227504253,0.9322746482547418,0.3617512684449047,870.6027379364483
0.6499772593808041,-0.7599536579869979,1162.91509892272,-0.4716166204458311,-0.8818036988577747,938.9721227504253,0.9322746482547418,0.3617512684449047,870.6027379364483,-45,0.3489197886064293,-0.937152592227565,1187.1679375557612,-0.7273529402440018,-0.68626357933261,956.4644227363609,0.9999953865402835,-0.0030375809699507645,870.4012132117005
0.3489197886064293,-0.937152592227565,1187.1679375557612,-0.7273529402440018,-0.68626357933261,956.4644227363609,0.9999953865402835,-0.0030375809699507645,870.4012132117005,90,0.8216704117145724,-0.5699629238054043,1200.5908437379323,-0.1838941155880984,-0.9829460586685675,980.9794972716606,0.825755152760087,0.5640287472196477,855.6196199640118
0.8216704117145724,-0.5699629238054043,1200.5908437379323,-0.1838941155880984,-0.9829460586685675,980.9794972716606,0.825755152760087,0.5640287472196477,855.6196199640118,-90,0.23751665916103412,-0.9713834652808236,1217.4562198931508,-0.7786652382399432,-0.627439596102073,991.1370275378274,0.98990511682977,-0.14173164669275345,858.5715388693711
0.23751665916103412,-0.9713834652808236,1217.4562198931508,-0.7786652382399432,-0.627439596102073,991.1370275378274,0.98990511682977,-0.14173164669275345,858.5715388693711,90,0.7899613961086194,-0.613156580865052,1228.2522250354364,-0.20425917984317563,-0.978916843991252,1010.179908879849,0.8663136740002352,0.4995003686086872,847.8460758324592
0.7899613961086194,-0.613156580865052,1228.2522250354364,-0.20425917984317563,-0.978916843991252,1010.179908879849,0.8663136740002352,0.4995003686086872,847.8460758324592,90,0.9995756610267994,-0.029128986986109738,1228.1887479204488,0.4216281325066589,-0.9067688337602628,1033.9170955731413,0.3959046285226257,0.9182916340217642,823.2277452311723
0.9995756610267994,-0.029128986986109738,1228.1887479204488,0.4216281325066589,-0.9067688337602628,1033.9170955731413,0.3959046285226257,0.9182916340217642,823.2277452311723,0,0.9986919270119303,-0.05113154526510208,1229.1367014109414,0.4113161826093247,-0.9114927305928955,1057.44313830833,0.40843192252902893,0.9127887842536417,799.4596117099162
0.9986919270119303,-0.05113154526510208,1229.1367014109414,0.4113161826093247,-0.9114927305928955,1057.44313830833,0.40843192252902893,0.9127887842536417,799.4596117099162,-45,0.9115892573551277,-0.4111022085500474,1240.0723430669761,0.069825104731273,-0.9975592487412799,1084.8373039491314,0.7154880643318449,0.698624956467109,779.9481880481677
0.9115892573551277,-0.4111022085500474,1240.0723430669761,0.069825104731273,-0.9975592487412799,1084.8373039491314,0.7154880643318449,0.698624956467109,779.9481880481677,90,0.9559180612821276,0.29363354732492397,1233.661867186082,0.7112728342971965,-0.7029160370846812,1093.4005316209839,0.06332542740617772,0.9979929309588444,765.3541941800868
0.9559180612821276,0.29363354732492397,1233.661867186082,0.7112728342971965,-0.7029160370846812,1093.4005316209839,0.06332542740617772,0.9979929309588444,765.3541941800868,0,0.9646135555586692,0.26366776145835924,1226.961843217107,0.6915461027358607,-0.7223323250352585,1110.6715107135503,0.0779245217360048,0.9969592614105227,741.2276335315083
0.9646135555586692,0.26366776145835924,1226.961843217107,0.6915461027358607,-0.7223323250352585,1110.6715107135503,0.0779245217360048,0.9969592614105227,741.2276335315083,0,0.9713354059286229,0.2377131237215931,1221.7545876499132,0.6747564491411948,-0.7380404693120602,1126.0306427640455,0.09058432528742487,0.9958887889780776,720.3255600376884
0.9713354059286229,0.2377131237215931,1221.7545876499132,0.6747564491411948,-0.7380404693120602,1126.0306427640455,0.09058432528742487,0.9958887889780776,720.3255600376884,90,0.6400145920959744,0.768362754110468,1202.4496208062324,0.9794938965310511,-0.2014738361634544,1130.1102718660034,-0.5457428381669459,0.837952716201509,699.9997504121355
0.6400145920959744,0.768362754110468,1202.4496208062324,0.9794938965310511,-0.2014738361634544,1130.1102718660034,-0.5457428381669459,0.837952716201509,699.9997504121355,45,0.43936487705404603,0.898308691270035,1183.484517567658,0.9996693682470621,0.025712918708692505,1129.1536526630698,-0.7493306310594325,0.6621960475237471,686.1044259603289
0.43936487705404603,0.898308691270035,1183.484517567658,0.9996693682470621,0.025712918708692505,1129.1536526630698,-0.7493306310594325,0.6621960475237471,686.1044259603289,0,0.44087366923291227,0.8975691660129088,1160.1612163995962,0.9999418953119033,0.010779888683967684,1128.6674089552648,-0.7734762642018906,0.6338252667070688,669.2816806381234
0.44087366923291227,0.8975691660129088,1160.1612163995962,0.9999418953119033,0.010779888683967684,1128.6674089552648,-0.7734762642018906,0.6338252667070688,669.2816806381234,0,0.44912989951852433,0.8934664701926314,1136.9998365080444,0.9999352959419047,-0.011375584801479106,1128.5980075382554,-0.7929881131066022,0.6092371069391873,653.2873090909694
0.44912989951852433,0.8934664701926314,1136.9998365080444,0.9999352959419047,-0.011375584801479106,1128.5980075382554,-0.7929881131066022,0.6092371069391873,653.2873090909694,0,0.4579708167790702,0.8889672271679712,1115.5043633505627,0.9994561079153005,-0.032977088270483894,1129.0631907267832,-0.810718835739928,0.5854357090035555,638.9534448253207
0.4579708167790702,0.8889672271679712,1115.5043633505627,0.9994561079153005,-0.032977088270483894,1129.0631907267832,-0.810718835739928,0.5854357090035555,638.9534448253207,-90,0.9443059300689688,0.3290688536409664,1108.4269693317958,0.706266705500241,-0.7079458600075544,1146.4344596801293,-0.2106484607558648,0.9775618783387499,615.5666221799798
0.9443059300689688,0.3290688536409664,1108.4269693317958,0.706266705500241,-0.7079458600075544,1146.4344596801293,-0.2106484607558648,0.9775618783387499,615.5666221799798,0,0.9513946425083363,0.30797440511580665,1100.1287458464917,0.6950255194511084,-0.7189850675165076,1164.9033820183436,-0.21973983581960332,0.9755585090367331,590.2572807156002
0.9513946425083363,0.30797440511580665,1100.1287458464917,0.6950255194511084,-0.7189850675165076,1164.9033820183436,-0.21973983581960332,0.9755585090367331,590.2572807156002,45,0.8190086608507203,0.5737811546674478,1086.1226577916711,0.8754071920609281,-0.483386230759629,1176.262798769239,-0.5304371726694239,0.8477242510689829,569.7980938617148
0.8190086608507203,0.5737811546674478,1086.1226577916711,0.8754071920609281,-0.483386230759629,1176.262798769239,-0.5304371726694239,0.8477242510689829,569.7980938617148,90,0.29941027159480904,0.9541244621450194,1068.0841708120913,0.9902546022590379,0.1392688863486553,1172.4091759873565,-0.949093056978445,0.31499582409186005,564.7599454098639
0.29941027159480904,0.9541244621450194,1068.0841708120913,0.9902546022590379,0.1392688863486553,1172.4091759873565,-0.949093056978445,0.31499582409186005,564.7599454098639,45,0.004751391861589428,0.9999887120739802,1043.3880833957805,0.9131951591779284,0.40752251625400787,1161.8509941349278,-0.9997488880375234,-0.022408946154059233,565.0802178207267
0.004751391861589428,0.9999887120739802,1043.3880833957805,0.9131951591779284,0.40752251625400787,1161.8509941349278,-0.9997488880375234,-0.022408946154059233,565.0802178207267,45,-0.3680287414829231,0.9298144145164108,1019.9753687702513,0.7130587913111249,0.7011042434145707,1143.8817740037691,-0.9067507075625386,-0.42166711317677535,575.4477846842492
-0.3680287414829231,0.9298144145164108,1019.9753687702513,0.7130587913111249,0.7011042434145707,1143.8817740037691,-0.9067507075625386,-0.42166711317677535,575.4477846842492,0,-0.3763717099224942,0.9264687452742364,997.6039867293686,0.7236138157515923,0.6902050750707507,1127.0859924328445,-0.8903661728634221,-0.45524507489981997,586.0491739933859
-0.3763717099224942,0.9264687452742364,997.6039867293686,0.7236138157515923,0.6902050750707507,1127.0859924328445,-0.8903661728634221,-0.45524507489981997,586.0491739933859,90,-0.9165325090870626,0.39996019775294334,991.5496434400297,0.0522549774105373,0.9986337753830602,1109.0210346995452,-0.3278492506862664,-0.9447300507681831,603.5152155547116
-0.9165325090870626,0.39996019775294334,991.5496434400297,0.0522549774105373,0.9986337753830602,1109.0210346995452,-0.3278492506862664,-0.9447300507681831,603.5152155547116,-45,-0.8094224395394845,0.5872267997715616,976.3182267420526,0.2914217811628731,0.9565946610053071,1084.958863675829,-0.5213523212283047,-0.85334152433235,624.7373206946629
-0.8094224395394845,0.5872267997715616,976.3182267420526,0.2914217811628731,0.9565946610053071,1084.958863675829,-0.5213523212283047,-0.85334152433235,624.7373206946629,-45,-0.5323177132248832,0.8465446545735381,955.7696551296593,0.6481556626272368,0.7615078706121478,1066.4461625729955,-0.7912289288397691,-0.6115200586792485,639.2178608789558
-0.5323177132248832,0.8465446545735381,955.7696551296593,0.6481556626272368,0.7615078706121478,1066.4461625729955,-0.7912289288397691,-0.6115200586792485,639.2178608789558,0,-0.5557478323823773,0.8313509167627645,932.6111471323619,0.6518765196912955,0.7583251301883408,1045.5585836076045,-0.7627604766668917,-0.6466811078382421,656.4975793980813
-0.5557478323823773,0.8313509167627645,932.6111471323619,0.6518765196912955,0.7583251301883408,1045.5585836076045,-0.7627604766668917,-0.6466811078382421,656.4975793980813,0,-0.5714179084513714,0.8206592312897358,912.4460496331818,0.6604904899571628,0.7508344109563354,1027.1201494913819,-0.7418986113516236,-0.6705120807819441,672.5961295541322
-0.5714179084513714,0.8206592312897358,912.4460496331818,0.6604904899571628,0.7508344109563354,1027.1201494913819,-0.7418986113516236,-0.6705120807819441,672.5961295541322,45,-0.8323937682635039,0.5541846394082789,897.7157258624403,0.3706064246242015,0.9287900074975323,1002.6828553738854,-0.45042326535014116,-0.8928151443783401,695.9485645223562
-0.8323937682635039,0.5541846394082789,897.7157258624403,0.3706064246242015,0.9287900074975323,1002.6828553738854,-0.45042326535014116,-0.8928151443783401,695.9485645223562,0,-0.8511381561465089,0.5249417483412051,883.7435953030486,0.370257465585565,0.9289291733916822,978.4152851622661,-0.4270336596196992,-0.9042357289732622,719.4357943827638
-0.8511381561465089,0.5249417483412051,883.7435953030486,0.370257465585565,0.9289291733916822,978.4152851622661,-0.4270336596196992,-0.9042357289732622,719.4357943827638,45,-0.9696726316069242,0.24440742114858582,877.779297134392,0.10297828543424808,0.9946836043330676,953.5820040655902,-0.15748021184562952,-0.9875221429806299,744.1058731643953
-0.9696726316069242,0.24440742114858582,877.779297134392,0.10297828543424808,0.9946836043330676,953.5820040655902,-0.15748021184562952,-0.9875221429806299,744.1058731643953,0,-0.9742448219852246,0.22549285317938178,873.6553381865657,0.10502876610469225,0.9944691841834647,936.0190606723148,-0.15404773323736362,-0.9880634068137683,761.5503988193311
-0.9742448219852246,0.22549285317938178,873.6553381865657,0.10502876610469225,0.9944691841834647,936.0190606723148,-0.15404773323736362,-0.9880634068137683,761.5503988193311,90,-0.9374859888976413,-0.3480230173718563,882.1997359315887,-0.4484595945607061,0.8938031058608193,915.6430167252765,0.38128580545912244,-0.9244572107758088,782.563867091859
-0.9374859888976413,-0.3480230173718563,882.1997359315887,-0.4484595945607061,0.8938031058608193,915.6430167252765,0.38128580545912244,-0.9244572107758088,782.563867091859,-45,-0.9945651778878,-0.10411583420886991,884.3178284494511,-0.189623298593491,0.9818569165772189,891.1233751358748,0.10839666483840713,-0.994107722056272,807.3626581119248
-0.9945651778878,-0.10411583420886991,884.3178284494511,-0.189623298593491,0.9818569165772189,891.1233751358748,0.10839666483840713,-0.994107722056272,807.3626581119248,-45,-0.9743502050998217,0.22503705877462798,878.3649357629198,0.17211800315782616,0.9850763386605946,866.386816368877,-0.2405205610292739,-0.9706440437782345,831.7067081476489
-0.9743502050998217,0.22503705877462798,878.3649357629198,0.17211800315782616,0.9850763386605946,866.386816368877,-0.2405205610292739,-0.9706440437782345,831.7067081476489,90,-0.9235141324724264,-0.3835643976227481,888.6646358523191,-0.4230162539592192,0.9061220938076222,845.6118891161209,0.3356141975061544,-0.9419995278301895,853.3410777728534
-0.9235141324724264,-0.3835643976227481,888.6646358523191,-0.4230162539592192,0.9061220938076222,845.6118891161209,0.3356141975061544,-0.9419995278301895,853.3410777728534,45,-0.718721909920971,-0.6952976457601101,905.5891785402322,-0.7266339826919805,0.6870247849948286,828.7299827381489,0.6285156698111095,-0.7777969225973399,872.1266698646317
-0.718721909920971,-0.6952976457601101,905.5891785402322,-0.7266339826919805,0.6870247849948286,828.7299827381489,0.6285156698111095,-0.7777969225973399,872.1266698646317,0,-0.7116046470574147,-0.7025801209017319,921.2410875549475,-0.7351450725831085,0.6779098186755936,813.3371978456552,0.6103014347157211,-0.7921692740721091,889.8152243018899
-0.7116046470574147,-0.7025801209017319,921.2410875549475,-0.7351450725831085,0.6779098186755936,813.3371978456552,0.6103014347157211,-0.7921692740721091,889.8152243018899,90,-0.021009913981885196,-0.9997792673957956,942.6949190121675,-0.9986164815164095,-0.05258443537575241,815.0826941675041,0.9860830163371724,-0.16625367632441598,892.2374876294747
-0.021009913981885196,-0.9997792673957956,942.6949190121675,-0.9986164815164095,-0.05258443537575241,815.0826941675041,0.9860830163371724,-0.16625367632441598,892.2374876294747,0,-0.014878418156880993,-0.9998893102104598,968.5010243863381,-0.9959658641637794,-0.08973292272346951,816.9697633556498,0.9820541824049386,-0.1885990000529368,896.7682121024286
-0.014878418156880993,-0.9998893102104598,968.5010243863381,-0.9959658641637794,-0.08973292272346951,816.9697633556498,0.9820541824049386,-0.1885990000529368,896.7682121024286,90,0.6165337862725879,-0.7873284514002952,986.067591896789,-0.6939491332481706,-0.7200240276991545,834.5898728052794,0.885642415352607,0.4643678629367026,884.5311389595804
0.6165337862725879,-0.7873284514002952,986.067591896789,-0.6939491332481706,-0.7200240276991545,834.5898728052794,0.885642415352607,0.4643678629367026,884.5311389595804,45,0.7982371148182508,-0.6023433477067999,1000.229419000781,-0.45652968251515313,-0.8897081819240584,856.3394716084504,0.736508302060387,0.676428503979634,867.6202917374858
0.7982371148182508,-0.6023433477067999,1000.229419000781,-0.45652968251515313,-0.8897081819240584,856.3394716084504,0.736508302060387,0.676428503979634,867.6202917374858,0,0.7762992565267488,-0.6303645487462132,1016.7650070536063,-0.4571173154072344,-0.8894064087664778,880.0389307119998,0.7617893967746496,0.647824756366809,850.017434861615
0.7762992565267488,-0.6303645487462132,1016.7650070536063,-0.4571173154072344,-0.8894064087664778,880.0389307119998,0.7617893967746496,0.647824756366809,850.017434861615,0,0.7658008165870807,-0.6430778407895583,1033.1973060875837,-0.4428062893007016,-0.8966173041804086,903.1869979725351,0.7749430192909668,0.6320311043391775,833.398748083197
0.7658008165870807,-0.6430778407895583,1033.1973060875837,-0.4428062893007016,-0.8966173041804086,903.1869979725351,0.7749430192909668,0.6320311043391775,833.398748083197,45,0.932291182598419,-0.36170865465073027,1041.374431876048,-0.10574282011857397,-0.9943935116408247,927.239345242188,0.5236549162812989,0.8519304717254959,812.5533504731623
0.932291182598419,-0.36170865465073027,1041.374431876048,-0.10574282011857397,-0.9943935116408247,927.239345242188,0.5236549162812989,0.8519304717254959,812.5533504731623,-90,0.4470305846291198,-0.8945186730337983,1059.5208909682149,-0.7308934750639122,-0.6824915590020131,939.2614324021188,0.9649045445888976,0.26260087553489264,808.7447300589229
0.4470305846291198,-0.8945186730337983,1059.5208909682149,-0.7308934750639122,-0.6824915590020131,939.2614324021188,0.9649045445888976,0.26260087553489264,808.7447300589229,45,0.7221884871563249,-0.6916963127116253,1074.6914184604107,-0.4355102428695713,-0.9001837747680675,959.3977845046597,0.824219910503438,0.5662698465658441,795.7288262419866
0.7221884871563249,-0.6916963127116253,1074.6914184604107,-0.4355102428695713,-0.9001837747680675,959.3977845046597,0.824219910503438,0.5662698465658441,795.7288262419866,0,0.7137687189829859,-0.7003814787680976,1092.4513754082031,-0.4208866998172454,-0.9071132156004277,982.6483479003438,0.8364363684688492,0.5480640487229971,781.3111080941285
0.7137687189829859,-0.7003814787680976,1092.4513754082031,-0.4208866998172454,-0.9071132156004277,982.6483479003438,0.8364363684688492,0.5480640487229971,781.3111080941285,-90,-0.5750505788273712,-0.8181178593517595,1103.0861012056719,-0.964154516510046,0.26534141835243025,973.5361455401284,0.6606813545408459,-0.7506664690540487,796.819218313119
-0.5750505788273712,-0.8181178593517595,1103.0861012056719,-0.964154516510046,0.26534141835243025,973.5361455401284,0.6606813545408459,-0.7506664690540487,796.819218313119,-90,-0.9282204480548788,-0.3720306436475362,1109.793776496593,-0.6604575258312724,0.7508634074003301,958.1484156176276,0.12512985021181874,-0.9921403734280587,816.6125068541198
-0.9282204480548788,-0.3720306436475362,1109.793776496593,-0.6604575258312724,0.7508634074003301,958.1484156176276,0.12512985021181874,-0.9921403734280587,816.6125068541198,0,-0.9241986048952612,-0.38191221335491865,1119.2670615848256,-0.6659599958790997,0.7459874555840128,939.3416179158304,0.11142800782656764,-0.9937725087120303,841.5637083125257
-0.9241986048952612,-0.38191221335491865,1119.2670615848256,-0.6659599958790997,0.7459874555840128,939.3416179158304,0.11142800782656764,-0.9937725087120303,841.5637083125257,0,-0.9165172027284201,-0.39999527135063995,1128.4673194247584,-0.6788966082616443,0.7342338832353321,922.1036010176405,0.10888627581447523,-0.9940542132797657,864.770033598355
-0.9165172027284201,-0.39999527135063995,1128.4673194247584,-0.6788966082616443,0.7342338832353321,922.1036010176405,0.10888627581447523,-0.9940542132797657,864.770033598355,90,-0.5116794371322537,-0.8591764391648667,1149.3299489120998,-0.9825558601267436,0.18596769001790353,918.0489156174033,0.6460776053499143,-0.763271726101079,882.4267286671965
-0.5116794371322537,-0.8591764391648667,1149.3299489120998,-0.9825558601267436,0.18596769001790353,918.0489156174033,0.6460776053499143,-0.763271726101079,882.4267286671965,-90,-0.9366757291573243,-0.3501979131970876,1152.8355009889356,-0.6477896397031205,0.7618192585471316,906.3249375033272,0.015998190645753026,-0.999872020758688,896.5604566008976
-0.9366757291573243,-0.3501979131970876,1152.8355009889356,-0.6477896397031205,0.7618192585471316,906.3249375033272,0.015998190645753026,-0.999872020758688,896.5604566008976,-45,-0.9889731378550586,-0.1480950120737334,1155.798191853725,-0.4689287722376219,0.8832359857748757,887.0478342752098,-0.20528602978462848,-0.9787020210336058,917.8064830302409
-0.9889731378550586,-0.1480950120737334,1155.798191853725,-0.4689287722376219,0.8832359857748757,887.0478342752098,-0.20528602978462848,-0.9787020210336058,917.8064830302409,-90,-0.9158917771710542,0.40142527637213876,1147.3800932599668,0.09120263511818279,0.9958323550414997,867.9597907790718,-0.6950149018408723,-0.7189953311525205,931.0892752090157
-0.9158917771710542,0.40142527637213876,1147.3800932599668,0.09120263511818279,0.9958323550414997,867.9597907790718,-0.6950149018408723,-0.7189953311525205,931.0892752090157,0,-0.9243090211505549,0.38164490487847863,1137.117801192229,0.09372799477640545,0.9955978420000688,841.7058000205594,-0.6808862684622856,-0.7323891652799789,950.2658647916645
-0.9243090211505549,0.38164490487847863,1137.117801192229,0.09372799477640545,0.9955978420000688,841.7058000205594,-0.6808862684622856,-0.7323891652799789,950.2658647916645,0,-0.9303521545036871,0.36666724507426,1129.7684753690023,0.09587812157272502,0.9953930810507403,822.1487018402449,-0.6706106353677721,-0.7418095279326311,964.7483443559776
-0.9303521545036871,0.36666724507426,1129.7684753690023,0.09587812157272502,0.9953930810507403,822.1487018402449,-0.6706106353677721,-0.7418095279326311,964.7483443559776,-45,-0.798836761208441,0.6015478608905597,1117.8193125452879,0.37919030059041114,0.9253187104658338,804.0961730410237,-0.8423708057210827,-0.5388983444665737,975.0239871404293
-0.798836761208441,0.6015478608905597,1117.8193125452879,0.37919030059041114,0.9253187104658338,804.0961730410237,-0.8423708057210827,-0.5388983444665737,975.0239871404293,0,-0.8078927202353415,0.5893295789206072,1103.0305654283566,0.3927820676995914,0.9196315823706979,781.3777244516253,-0.832240073562831,-0.5544154218238645,988.4158377268142
-0.8078927202353415,0.5893295789206072,1103.0305654283566,0.3927820676995914,0.9196315823706979,781.3777244516253,-0.832240073562831,-0.5544154218238645,988.4158377268142,-45,-0.6506901908560763,0.7593433186139739,1082.2010280074032,0.6236660950050119,0.7816908608530609,760.0836434368788,-0.9339911322912122,-0.35729618637956273,997.6425296769783
-0.6506901908560763,0.7593433186139739,1082.2010280074032,0.6236660950050119,0.7816908608530609,760.0836434368788,-0.9339911322912122,-0.35729618637956273,997.6425296769783,90,-0.9601168310879692,0.27959912492995387,1075.7937525636269,0.1189874613873983,0.9928957568811453,735.7150793989002,-0.5927192658030574,-0.805409133264507,1017.6660935959937
-0.9601168310879692,0.27959912492995387,1075.7937525636269,0.1189874613873983,0.9928957568811453,735.7150793989002,-0.5927192658030574,-0.805409133264507,1017.6660935959937,-45,-0.8120656259335263,0.5835661223693424,1061.2051575640423,0.47334903082583235,0.8808749599212394,714.461242084218,-0.8262411415624245,-0.5633165859351398,1030.81358277844
-0.8120656259335263,0.5835661223693424,1061.2051575640423,0.47334903082583235,0.8808749599212394,714.461242084218,-0.8262411415624245,-0.5633165859351398,1030.81358277844,0,-0.8311238641270503,0.5560873334994426,1045.4541740690613,0.47929351592048897,0.877654673317801,690.2839633646598,-0.806799142784176,-0.590825814604202,1046.6481007857526
-0.8311238641270503,0.5560873334994426,1045.4541740690613,0.47929351592048897,0.877654673317801,690.2839633646598,-0.806799142784176,-0.590825814604202,1046.6481007857526,-90,-0.26172585954442656,0.9651422560668096,1023.2752412474691,0.949894331763338,0.31257120546186207,683.4698379226885,-0.9977139286763758,0.06757896510861862,1044.1778408633588
-0.26172585954442656,0.9651422560668096,1023.2752412474691,0.949894331763338,0.31257120546186207,683.4698379226885,-0.9977139286763758,0.06757896510861862,1044.1778408633588,0,-0.2662234843343225,0.9639113322235052,998.092560864642,0.9613456737408946,0.27534432185840596,675.715354312257,-0.9989940682046836,0.04484252102475916,1042.7829918316365
-0.2662234843343225,0.9639113322235052,998.092560864642,0.9613456737408946,0.27534432185840596,675.715354312257,-0.9989940682046836,0.04484252102475916,1042.7829918316365,0,-0.26893641105009436,0.9631579345109994,980.5485027645286,0.9687250408345714,0.2481366463464395,670.9649814064508,-0.9995649042856531,0.029495798351849338,1042.0906746889923
-0.26893641105009436,0.9631579345109994,980.5485027645286,0.9687250408345714,0.2481366463464395,670.9649814064508,-0.9995649042856531,0.029495798351849338,1042.0906746889923,90,-0.7950081503737895,0.6065987478055375,965.1130613961374,0.6585514253943344,0.7525357268004558,651.3363042832976,-0.8161145456037263,-0.5778901698887283,1056.9046831561607
-0.7950081503737895,0.6065987478055375,965.1130613961374,0.6585514253943344,0.7525357268004558,651.3363042832976,-0.8161145456037263,-0.5778901698887283,1056.9046831561607,-45,-0.5595994370106966,0.8287632171478844,944.8889419917032,0.8871892908005116,0.46140563746977054,639.7435053974367,-0.9556671730225434,-0.29444906929229714,1063.8298438651739
-0.5595994370106966,0.8287632171478844,944.8889419917032,0.8871892908005116,0.46140563746977054,639.7435053974367,-0.9556671730225434,-0.29444906929229714,1063.8298438651739,-90,0.011676968162077882,0.9999318218831431,921.4090039654106,0.9870383521960955,-0.16048455157433836,643.6810332676658,-0.9597323189914037,0.28091613674437166,1056.4276750391055
0.011676968162077882,0.9999318218831431,921.4090039654106,0.9870383521960955,-0.16048455157433836,643.6810332676658,-0.9597323189914037,0.28091613674437166,1056.4276750391055,0,0.0051286090423215075,0.9999868485981658,895.86439775658,0.9813612897928664,-0.19217184730360928,648.1533608396704,-0.9677615369226366,0.251868234704451,1049.6541426430708
0.0051286090423215075,0.9999868485981658,895.86439775658,0.9813612897928664,-0.19217184730360928,648.1533608396704,-0.9677615369226366,0.251868234704451,1049.6541426430708,90,-0.6875907136590552,0.7260984853928778,879.6474987153946,0.8671625617673869,0.49802519160080927,635.5164529705348,-0.8732769192896225,-0.48722420120107557,1061.5704413727099
-0.6875907136590552,0.7260984853928778,879.6474987153946,0.8671625617673869,0.49802519160080927,635.5164529705348,-0.8732769192896225,-0.48722420120107557,1061.5704413727099,45,-0.8574692649695979,0.514535187943932,867.1072222946191,0.7374124818887311,0.6754426930204381,618.5784145567076,-0.7155626233634637,-0.6985485896093399,1078.6766591316834
-0.8574692649695979,0.514535187943932,867.1072222946191,0.7374124818887311,0.6754426930204381,618.5784145567076,-0.7155626233634637,-0.6985485896093399,1078.6766591316834,-90,-0.2865486540308092,0.9580656913140829,848.1111335425447,0.9993815072747023,-0.03516536530940856,619.8382489317838,-0.9989276609309913,-0.0462982529577372,1078.5246658462754
-0.2865486540308092,0.9580656913140829,848.1111335425447,0.9993815072747023,-0.03516536530940856,619.8382489317838,-0.9989276609309913,-0.0462982529577372,1078.5246658462754,-90,0.8425391101130275,0.5386351714564764,839.7897924486817,0.2586689727134187,-0.9659660255699393,640.0738828455666,-0.3429943807223299,0.9393374552273029,1058.542703673782
0.8425391101130275,0.5386351714564764,839.7897924486817,0.2586689727134187,-0.9659660255699393,640.0738828455666,-0.3429943807223299,0.9393374552273029,1058.542703673782,0,0.86139922242485,0.5079285182049377,828.2886729828255,0.23741726592776324,-0.9714077629087517,661.3764176258857,-0.33693347675546825,0.9415284553540972,1037.861862576928
0.86139922242485,0.5079285182049377,828.2886729828255,0.23741726592776324,-0.9714077629087517,661.3764176258857,-0.33693347675546825,0.9415284553540972,1037.861862576928,-45,0.9524548808481305,0.3046796677636589,820.7991849090727,0.042863411996171066,-0.999080941621872,685.3748506820177,-0.15092450629432644,0.9885452915268039,1014.0936554122594
0.9524548808481305,0.3046796677636589,820.7991849090727,0.042863411996171066,-0.999080941621872,685.3748506820177,-0.15092450629432644,0.9885452915268039,1014.0936554122594,90,0.5656736962424886,0.8246291708273245,800.0980905460685,0.6403624196649553,-0.768072894640114,703.3365641678704,-0.7485869969555478,0.6630365811846844,998.4190675740648
0.5656736962424886,0.8246291708273245,800.0980905460685,0.6403624196649553,-0.768072894640114,703.3365641678704,-0.7485869969555478,0.6630365811846844,998.4190675740648,90,-0.13999361864279528,0.990152405814022,777.8118032652064,0.9854737247755775,-0.16982796523820584,706.1986528581544,-0.9993980713251586,-0.03469142590833192,999.5748702816974
-0.13999361864279528,0.990152405814022,777.8118032652064,0.9854737247755775,-0.16982796523820584,706.1986528581544,-0.9993980713251586,-0.03469142590833192,999.5748702816974,-90,0.916718486130157,0.3995337497474187,774.218455345359,0.12461034542866817,-0.9922057557846296,724.0311875861106,-0.3238802396975464,0.946098087057288,981.7639515674598
0.916718486130157,0.3995337497474187,774.218455345359,0.12461034542866817,-0.9922057557846296,724.0311875861106,-0.3238802396975464,0.946098087057288,981.7639515674598,-90,0.9624453318254537,-0.2714755665753227,781.2167644460313,-0.48976254355011,-0.8718558659178285,745.8088073035382,0.3275111209465097,0.9448473239928029,957.8969636926125
0.9624453318254537,-0.2714755665753227,781.2167644460313,-0.48976254355011,-0.8718558659178285,745.8088073035382,0.3275111209465097,0.9448473239928029,957.8969636926125,0,0.959493758573728,-0.281729883502018,786.3665560218531,-0.46826224277988965,-0.88358953818317,762.4709413673875,0.32165760657267367,0.9468560524884123,939.9604036498932
0.959493758573728,-0.281729883502018,786.3665560218531,-0.46826224277988965,-0.88358953818317,762.4709413673875,0.32165760657267367,0.9468560524884123,939.9604036498932,90,0.923239438745101,0.3842251146731964,777.0330259230509,0.20723452280209498,-0.9782912922841478,782.2200448563899,-0.375943445555513,0.9266426095015537,921.434144893238
0.923239438745101,0.3842251146731964,777.0330259230509,0.20723452280209498,-0.9782912922841478,782.2200448563899,-0.375943445555513,0.9266426095015537,921.434144893238,0,0.9399078034874793,0.3414283540412866,767.9986501552456,0.18585738236775265,-0.9825767315682816,806.7962807551107,-0.37087394130424484,0.9286832181435474,898.169987608292
0.9399078034874793,0.3414283540412866,767.9986501552456,0.18585738236775265,-0.9825767315682816,806.7962807551107,-0.37087394130424484,0.9286832181435474,898.169987608292,-45,0.9998968963418612,-0.014359550338134346,768.2993179551116,-0.14253734393157103,-0.9897894248702261,828.4764872766697,-0.04652311554550666,0.9989172136468264,876.2252735286113
0.9998968963418612,-0.014359550338134346,768.2993179551116,-0.14253734393157103,-0.9897894248702261,828.4764872766697,-0.04652311554550666,0.9989172136468264,876.2252735286113,45,0.9563626212851385,0.2921823687504413,760.9102564232596,0.1888031307467746,-0.9820149580430109,850.4992241796054,-0.38549391220610163,0.9227103790746229,855.5813288811946
0.9563626212851385,0.2921823687504413,760.9102564232596,0.1888031307467746,-0.9820149580430109,850.4992241796054,-0.38549391220610163,0.9227103790746229,855.5813288811946,45,0.8842775076198941,0.4669617645134858,746.9257177160849,0.3885553776525025,-0.9214253732654214,876.6884576551059,-0.5958595677729355,0.8030886473443952,832.5772635531722
0.8842775076198941,0.4669617645134858,746.9257177160849,0.3885553776525025,-0.9214253732654214,876.6884576551059,-0.5958595677729355,0.8030886473443952,832.5772635531722,90,0.4675415032949986,0.8839711209630396,725.828500633785,0.83515482209675,-0.5500149299142214,888.6415994833285,-0.9573230967364932,0.2890198755360102,826.2859579663013
0.4675415032949986,0.8839711209630396,725.828500633785,0.83515482209675,-0.5500149299142214,888.6415994833285,-0.9573230967364932,0.2890198755360102,826.2859579663013,0,0.4845155837122232,0.8747826296515059,702.7122985102741,0.8205426239316721,-0.5715853412320215,903.3952039266052,-0.9652888919768944,0.26118452294502353,819.0427916034622
0.4845155837122232,0.8747826296515059,702.7122985102741,0.8205426239316721,-0.5715853412320215,903.3952039266052,-0.9652888919768944,0.26118452294502353,819.0427916034622,45,0.28848084197546514,0.957485667680267,675.4584582771962,0.9160008335301469,-0.4011763614323208,914.1755897300075,-0.9999867574526116,0.00514635010584111,818.6414458468414
0.28848084197546514,0.957485667680267,675.4584582771962,0.9160008335301469,-0.4011763614323208,914.1755897300075,-0.9999867574526116,0.00514635010584111,818.6414458468414,45,0.07150924106658504,0.9974399372604252,649.4970800484325,0.9764993257235935,-0.21552045578405574,919.1618230711282,-0.9691621601073552,-0.24642383694773753,824.9264070154621
0.07150924106658504,0.9974399372604252,649.4970800484325,0.9764993257235935,-0.21552045578405574,919.1618230711282,-0.9691621601073552,-0.24642383694773753,824.9264070154621,0,0.07608699477011646,0.9971011830435527,629.5142810613593,0.9711813764463033,-0.2383416330477403,923.7229400963256,-0.9637332054318944,-0.2668675865442745,830.0567149660318
0.07608699477011646,0.9971011830435527,629.5142810613593,0.9711813764463033,-0.2383416330477403,923.7229400963256,-0.9637332054318944,-0.2668675865442745,830.0567149660318,90,-0.5750686319274391,0.8181051696286387,612.3282107985063,0.9186430354202657,0.39508856408891474,914.0617909855438,-0.5800350040443717,-0.8145915504614848,848.1285738257496
-0.5750686319274391,0.8181051696286387,612.3282107985063,0.9186430354202657,0.39508856408891474,914.0617909855438,-0.5800350040443717,-0.8145915504614848,848.1285738257496,45,-0.8420871769451521,0.5393414377039317,599.5820747694597,0.7361139719327363,0.676857607126795,897.8573296380945,-0.2532708308044657,-0.9673954136048071,870.8396088745907
-0.8420871769451521,0.5393414377039317,599.5820747694597,0.7361139719327363,0.676857607126795,897.8573296380945,-0.2532708308044657,-0.9673954136048071,870.8396088745907,90,-0.9707332982558755,-0.240160079233143,605.7173039012258,0.050654862707206365,0.9987162183944517,875.5305204533821,0.48544503019180907,-0.874267191802411,889.6696084757364
-0.9707332982558755,-0.240160079233143,605.7173039012258,0.050654862707206365,0.9987162183944517,875.5305204533821,0.48544503019180907,-0.874267191802411,889.6696084757364,90,-0.5699713893223973,-0.8216645394282853,623.3042673271939,-0.6205736730659153,0.7841481469068702,860.1666638903707,0.9280665519088857,-0.3724143864406309,895.8188486900071
-0.5699713893223973,-0.8216645394282853,623.3042673271939,-0.6205736730659153,0.7841481469068702,860.1666638903707,0.9280665519088857,-0.3724143864406309,895.8188486900071,90,0.11622967031682947,-0.9932223636920592,646.9831477394523,-0.989675258534558,0.1433278850906407,857.752454650437,0.948259031539127,0.3174977308650832,886.6107113377607
0.11622967031682947,-0.9932223636920592,646.9831477394523,-0.989675258534558,0.1433278850906407,857.752454650437,0.948259031539127,0.3174977308650832,886.6107113377607,0,0.11158681954841868,-0.9937546888961424,670.8477024045919,-0.9932437917659429,0.11604641363873477,854.7542335791734,0.9562573158013637,0.2925268294983743,879.1639664030367
0.11158681954841868,-0.9937546888961424,670.8477024045919,-0.9932437917659429,0.11604641363873477,854.7542335791734,0.9562573158013637,0.2925268294983743,879.1639664030367,-90,-0.45448346091142017,-0.8907551761050719,690.9403874464382,-0.7673534099555205,0.6412244101947734,839.4037902014942,0.9468181657576156,-0.32176911130713637,886.8481600615937
-0.45448346091142017,-0.8907551761050719,690.9403874464382,-0.7673534099555205,0.6412244101947734,839.4037902014942,0.9468181657576156,-0.32176911130713637,886.8481600615937,90,0.2016748897491511,-0.979452519954218,715.7560658474803,-0.999834862066309,-0.018172743239389017,840.5291106186999,0.9462682054478818,0.3233828742503927,877.2612072794867
0.2016748897491511,-0.979452519954218,715.7560658474803,-0.999834862066309,-0.018172743239389017,840.5291106186999,0.9462682054478818,0.3233828742503927,877.2612072794867,90,0.7171719130959573,-0.6968962957759818,727.8841562547939,-0.7946269961278849,-0.6070979632849829,853.1479080011586,0.5938976588489598,0.8045405961253443,860.9791268821523
0.7171719130959573,-0.6968962957759818,727.8841562547939,-0.7946269961278849,-0.6070979632849829,853.1479080011586,0.5938976588489598,0.8045405961253443,860.9791268821523,90,0.9874266750884918,-0.15807770659927334,730.021887621579,-0.2662232908624482,-0.9639113856586446,875.1418424498816,-0.008725440470623257,0.9999619326197341,838.4579586398911
0.9874266750884918,-0.15807770659927334,730.021887621579,-0.2662232908624482,-0.9639113856586446,875.1418424498816,-0.008725440470623257,0.9999619326197341,838.4579586398911,90,0.9102872092989299,0.4139772899408447,721.1234460709079,0.3253521310957925,-0.9455929308066058,892.8987761628871,-0.5906949834303635,0.8068949352612164,823.4673815477948
0.9102872092989299,0.4139772899408447,721.1234460709079,0.3253521310957925,-0.9455929308066058,892.8987761628871,-0.5906949834303635,0.8068949352612164,823.4673815477948,-90,0.9516691743876087,-0.3071250275057492,729.0385984597798,-0.3568291970859836,-0.9341696441797775,915.5242421936188,0.07816323371260316,0.9969405744053098,799.0279081760535
0.9516691743876087,-0.3071250275057492,729.0385984597798,-0.3568291970859836,-0.9341696441797775,915.5242421936188,0.07816323371260316,0.9969405744053098,799.0279081760535,45,0.9991361001379293,-0.0415578320075742,729.5994901515078,-0.060386152640957313,-0.998175091138435,939.0696971095065,-0.2294489839944726,0.9733206890557213,776.0601729436578
0.9991361001379293,-0.0415578320075742,729.5994901515078,-0.060386152640957313,-0.998175091138435,939.0696971095065,-0.2294489839944726,0.9733206890557213,776.0601729436578,0,0.9982160034391191,-0.05970603384945718,730.8046438618702,-0.04058487695078969,-0.9991760944712845,965.8943148658009,-0.25593538083381556,0.9666938920037975,750.0493713683619
0.9982160034391191,-0.05970603384945718,730.8046438618702,-0.04058487695078969,-0.9991760944712845,965.8943148658009,-0.25593538083381556,0.9666938920037975,750.0493713683619,45,0.9679418789107971,0.2511742802331396,723.7550850183667,0.2933408536032724,-0.956007920263898,989.4066419273438,-0.5850248353243512,0.8110153771992956,730.0824955372805
0.9679418789107971,0.2511742802331396,723.7550850183667,0.2933408536032724,-0.956007920263898,989.4066419273438,-0.5850248353243512,0.8110153771992956,730.0824955372805,90,0.6013297647627218,0.7990009474402453,709.2171668764529,0.8233946857895444,-0.5674691105368973,998.0364070474897,-0.9718259527105865,0.2356996343615341,727.0300061154715
0.6013297647627218,0.7990009474402453,709.2171668764529,0.8233946857895444,-0.5674691105368973,998.0364070474897,-0.9718259527105865,0.2356996343615341,727.0300061154715,0,0.6179345926276886,0.7862295079899079,690.0455803582337,0.8121035223565285,-0.583513383716363,1011.9088610007976,-0.978992729360728,0.2038951589882222,721.7556421476257
0.6179345926276886,0.7862295079899079,690.0455803582337,0.8121035223565285,-0.583513383716363,1011.9088610007976,-0.978992729360728,0.2038951589882222,721.7556421476257,90,0.02703360204994479,0.9996345253942589,667.9239670265474,0.9999761090248822,-0.006912407645451304,1010.4653708705115,-0.8963839260794537,-0.44327853215149543,732.507797725376
0.02703360204994479,0.9996345253942589,667.9239670265474,0.9999761090248822,-0.006912407645451304,1010.4653708705115,-0.8963839260794537,-0.44327853215149543,732.507797725376,45,-0.2441315730381051,0.9697421178055228,645.6581365464783,0.9724274541354803,0.2332055883626901,1004.2585072025385,-0.7342728422832903,-0.6788544712125113,748.4257860928302
-0.2441315730381051,0.9697421178055228,645.6581365464783,0.9724274541354803,0.2332055883626901,1004.2585072025385,-0.7342728422832903,-0.6788544712125113,748.4257860928302,-45,0.09180961010654898,0.9957765791040094,627.2578760158219,0.9929736509287761,-0.11833566056424884,1006.4160387354129,-0.907718115035388,-0.4195805329571454,755.8682550708688
0.09180961010654898,0.9957765791040094,627.2578760158219,0.9929736509287761,-0.11833566056424884,1006.4160387354129,-0.907718115035388,-0.4195805329571454,755.8682550708688,0,0.10839247693653253,0.9941081786926226,602.8260116403874,0.9879409822403933,-0.15483092588332248,1009.7454334188674,-0.900695688032799,-0.4344505467359006,766.3768056969473
0.10839247693653253,0.9941081786926226,602.8260116403874,0.9879409822403933,-0.15483092588332248,1009.7454334188674,-0.900695688032799,-0.4344505467359006,766.3768056969473,90,-0.5128390778423338,0.8584847583025715,589.2254031399614,0.8948668262118488,0.44633324248316164,1001.6944123361425,-0.46207310309932553,-0.8868418389950714,781.1087092751239
-0.5128390778423338,0.8584847583025715,589.2254031399614,0.8948668262118488,0.44633324248316164,1001.6944123361425,-0.46207310309932553,-0.8868418389950714,781.1087092751239,0,-0.5395067434692354,0.8419812787415292,568.5315120411269,0.9005297610555002,0.4347943760599069,990.8817488397746,-0.4416386440422397,-0.8971930160720891,802.895460308358
-0.5395067434692354,0.8419812787415292,568.5315120411269,0.9005297610555002,0.4347943760599069,990.8817488397746,-0.4416386440422397,-0.8971930160720891,802.895460308358,0,-0.550859581105594,0.8345979402707447,547.8966135498649,0.914364077288501,0.40489299100422593,980.6534041848884,-0.438873563110889,-0.8985488276116955,824.9022603553768
-0.550859581105594,0.8345979402707447,547.8966135498649,0.914364077288501,0.40489299100422593,980.6534041848884,-0.438873563110889,-0.8985488276116955,824.9022603553768,-90,0.15050775910170924,0.9886088278233115,534.2957136919966,0.9475307405123687,-0.3196646614564741,985.8234678022429,-0.9197966514338264,-0.3923953618623953,829.4515233994329
0.15050775910170924,0.9886088278233115,534.2957136919966,0.9475307405123687,-0.3196646614564741,985.8234678022429,-0.9197966514338264,-0.3923953618623953,829.4515233994329,0,0.15167893690794532,0.9884298154641409,510.58474744506424,0.9418575539532412,-0.3360124224805048,993.6127537041481,-0.9068485290100353,-0.42145669461088786,839.2784903257916
0.15167893690794532,0.9884298154641409,510.58474744506424,0.9418575539532412,-0.3360124224805048,993.6127537041481,-0.9068485290100353,-0.42145669461088786,839.2784903257916,0,0.16237919387942584,0.9867284314313983,485.8126460147471,0.9325601399306728,-0.3610146609384223,1002.272341745421,-0.8966410052768864,-0.44275829484726154,850.1889713633376
0.16237919387942584,0.9867284314313983,485.8126460147471,0.9325601399306728,-0.3610146609384223,1002.272341745421,-0.8966410052768864,-0.44275829484726154,850.1889713633376,-45,0.5054358732615948,0.8628641712461406,465.28108505530287,0.7460495361237585,-0.6658904486847104,1018.0460147312791,-0.9895740479438789,-0.1440250104529265,853.1061880623304
0.5054358732615948,0.8628641712461406,465.28108505530287,0.7460495361237585,-0.6658904486847104,1018.0460147312791,-0.9895740479438789,-0.1440250104529265,853.1061880623304,45,0.1704710875958178,0.9853626785574431,449.75959377794265,0.9287235075002661,-0.3707730392253504,1023.304965391696,-0.8660940752620576,-0.499881038644157,861.245012871076
0.1704710875958178,0.9853626785574431,449.75959377794265,0.9287235075002661,-0.3707730392253504,1023.304965391696,-0.8660940752620576,-0.499881038644157,861.245012871076,0,0.19003396611948492,0.9817775164062876,427.2593234736019,0.9167697007611468,-0.3994162187071492,1032.1108319822633,-0.8598958101506619,-0.5104695835065365,872.805298732266
0.19003396611948492,0.9817775164062876,427.2593234736019,0.9167697007611468,-0.3994162187071492,1032.1108319822633,-0.8598958101506619,-0.5104695835065365,872.805298732266,45,-0.13050226157383735,0.9914480116093399,403.9841540229146,0.9928717827617756,-0.11918734410772652,1034.2949273305028,-0.6471779406659093,-0.7623389752042282,890.8291849179674
-0.13050226157383735,0.9914480116093399,403.9841540229146,0.9928717827617756,-0.11918734410772652,1034.2949273305028,-0.6471779406659093,-0.7623389752042282,890.8291849179674,45,-0.47619254248741716,0.8793410387781122,382.78489482527914,0.9812829451381239,0.1925714973225523,1028.9664502336313,-0.35108279043581525,-0.9363444207447393,913.5399913010923
-0.47619254248741716,0.8793410387781122,382.78489482527914,0.9812829451381239,0.1925714973225523,1028.9664502336313,-0.35108279043581525,-0.9363444207447393,913.5399913010923,45,-0.7721811666680736,0.6354024282634847,366.9579459446818,0.8738280962600908,0.48623498247911523,1016.1412372755767,-0.023913822958607275,-0.9997140236445142,938.3931660513839
-0.7721811666680736,0.6354024282634847,366.9579459446818,0.8738280962600908,0.48623498247911523,1016.1412372755767,-0.023913822958607275,-0.9997140236445142,938.3931660513839,90,-0.995627579893419,-0.09341157399152253,369.6327058992751,0.32409448837015925,0.9460247156433519,999.7824249657623,0.6444332428658264,-0.7646605753466271,950.184285952162
-0.995627579893419,-0.09341157399152253,369.6327058992751,0.32409448837015925,0.9460247156433519,999.7824249657623,0.6444332428658264,-0.7646605753466271,950.184285952162,45,-0.8853933516074525,-0.4648425678972635,377.5800078042401,-0.01956000778472575,0.9998086847469677,982.5672202416739,0.8591221409827834,-0.511770599852276,958.6386296688914
-0.8853933516074525,-0.4648425678972635,377.5800078042401,-0.01956000778472575,0.9998086847469677,982.5672202416739,0.8591221409827834,-0.511770599852276,958.6386296688914,-45,-0.9742423168304569,-0.2255036764596614,381.7937398505245,0.29358053994425787,0.955934342183624,962.1471300113357,0.6502894977869369,-0.7596864939355006,974.7747123253916
-0.9742423168304569,-0.2255036764596614,381.7937398505245,0.29358053994425787,0.955934342183624,962.1471300113357,0.6502894977869369,-0.7596864939355006,974.7747123253916,-45,-0.9994245629741519,0.033919653947607833,380.0719164393102,0.6012861368820885,0.799033780007713,940.8279872887764,0.3592316044473517,-0.9332484419307548,999.3781775013151
-0.9994245629741519,0.033919653947607833,380.0719164393102,0.6012861368820885,0.799033780007713,940.8279872887764,0.3592316044473517,-0.9332484419307548,999.3781775013151,90,-0.35298701927692605,-0.9356282190175707,401.14729038927834,-0.5715846605148004,0.8205430981150109,926.4934476760535,0.9999190869102665,0.012720834584997655,994.033172779792
-0.35298701927692605,-0.9356282190175707,401.14729038927834,-0.5715846605148004,0.8205430981150109,926.4934476760535,0.9999190869102665,0.012720834584997655,994.033172779792,90,0.8081022276466702,-0.5890422647590656,424.880837681155,-0.8789914246096218,-0.47683757765380397,954.5397457563723,0.14693247612250532,0.9891465247679483,942.3342327585473
0.8081022276466702,-0.5890422647590656,424.880837681155,-0.8789914246096218,-0.47683757765380397,954.5397457563723,0.14693247612250532,0.9891465247679483,942.3342327585473,0,0.7447268726570919,-0.6673693768389344,459.9629056279322,-0.855196426246493,-0.5183040348436685,982.5561940946125,0.15811299198957082,0.9874210255833658,887.0178997932849
0.7447268726570919,-0.6673693768389344,459.9629056279322,-0.855196426246493,-0.5183040348436685,982.5561940946125,0.15811299198957082,0.9874210255833658,887.0178997932849,45,0.9942289635084776,-0.10727892673241247,461.1702675870269,-0.25372318727192206,-0.9672768705187658,1041.4806842694156,-0.5957585182441671,0.8031636121859071,838.2884561451924
0.9942289635084776,-0.10727892673241247,461.1702675870269,-0.25372318727192206,-0.9672768705187658,1041.4806842694156,-0.5957585182441671,0.8031636121859071,838.2884561451924,45,0.9813220492691636,0.1923721279660058,455.4730260097737,0.09528257175531632,-0.9954502657188319,1066.4633502481463,-0.8512213653024173,0.5248068094572408,825.0096226241849
0.9813220492691636,0.1923721279660058,455.4730260097737,0.09528257175531632,-0.9954502657188319,1066.4633502481463,-0.8512213653024173,0.5248068094572408,825.0096226241849,45,0.9255730793108384,0.37856898295429914,445.1260040366548,0.3275952521539403,-0.9448181575129663,1090.408675437627,-0.9620042092498492,0.2730346157276992,817.826118114138
0.9255730793108384,0.37856898295429914,445.1260040366548,0.3275952521539403,-0.9448181575129663,1090.408675437627,-0.9620042092498492,0.2730346157276992,817.826118114138,0,0.941717801163588,0.3364038985678033,437.4184891251169,0.3218755557181307,-0.9467819847415478,1110.7273178546118,-0.9687219088542187,0.24814887327134663,812.2466464249021
0.941717801163588,0.3364038985678033,437.4184891251169,0.3218755557181307,-0.9467819847415478,1110.7273178546118,-0.9687219088542187,0.24814887327134663,812.2466464249021,-90,0.9113053279357372,-0.41173122212911983,446.8412540919314,-0.37544698881719335,-0.9268438695854347,1131.4759504109886,-0.5767459193176991,0.8169235855025745,793.2682688463279
0.9113053279357372,-0.41173122212911983,446.8412540919314,-0.37544698881719335,-0.9268438695854347,1131.4759504109886,-0.5767459193176991,0.8169235855025745,793.2682688463279,-45,0.7300392115332502,-0.6834052601669892,459.54226617477747,-0.6224161683900111,-0.7826864719200769,1146.1340124091291,-0.3192346823333313,0.9476756922046365,775.3734934862359
0.7300392115332502,-0.6834052601669892,459.54226617477747,-0.6224161683900111,-0.7826864719200769,1146.1340124091291,-0.3192346823333313,0.9476756922046365,775.3734934862359,-45,0.3998275535117158,-0.9165903814970109,510.7674123087337,-0.8353544652962072,-0.5497116674309248,1176.0922368065185,0.03598427789638644,0.9993523561508602,718.9739282314484
0.3998275535117158,-0.9165903814970109,510.7674123087337,-0.8353544652962072,-0.5497116674309248,1176.0922368065185,0.03598427789638644,0.9993523561508602,718.9739282314484,0,0.3873372759090302,-0.9219380861486154,527.275022951401,-0.8283077276011743,-0.5602734228893771,1186.069268562507,0.036839092542457375,0.9993212102525635,701.0245343983337
0.3873372759090302,-0.9219380861486154,527.275022951401,-0.8283077276011743,-0.5602734228893771,1186.069268562507,0.036839092542457375,0.9993212102525635,701.0245343983337,0,0.36022104845064984,-0.9328669767191433,550.9649236061363,-0.8249334780543054,-0.5652298265176979,1200.3431622016744,0.05029437938834315,0.9987344368759602,675.5503911954427
0.36022104845064984,-0.9328669767191433,550.9649236061363,-0.8249334780543054,-0.5652298265176979,1200.3431622016744,0.05029437938834315,0.9987344368759602,675.5503911954427,-90,-0.22714630499960242,-0.9738606451258967,568.5167773935643,-0.9999557189441823,-0.00941064029827448,1199.6279282252324,0.6245149633903346,0.7810128427251174,661.6820854292215
-0.22714630499960242,-0.9738606451258967,568.5167773935643,-0.9999557189441823,-0.00941064029827448,1199.6279282252324,0.6245149633903346,0.7810128427251174,661.6820854292215,-90,-0.7610550321587919,-0.6486873191498198,583.5614563724397,-0.800798027963576,0.598934485907806,1185.3722678397376,0.9812498331851033,0.19274014857887561,656.7001000179024
-0.7610550321587919,-0.6486873191498198,583.5614563724397,-0.800798027963576,0.598934485907806,1185.3722678397376,0.9812498331851033,0.19274014857887561,656.7001000179024,45,-0.5524440149545877,-0.8335500047032903,603.2354495280346,-0.9337155578031314,0.3580157218843708,1176.7569874733229,0.9137734193061554,0.4062242461615715,646.627039001069
-0.5524440149545877,-0.8335500047032903,603.2354495280346,-0.9337155578031314,0.3580157218843708,1176.7569874733229,0.9137734193061554,0.4062242461615715,646.627039001069,-45,-0.7904359793812598,-0.612544661636675,613.20561363603,-0.7625203895221734,0.6469641841423318,1165.8150473358714,0.9990159681130715,0.04435194984555374,645.7921063273691
-0.7904359793812598,-0.612544661636675,613.20561363603,-0.7625203895221734,0.6469641841423318,1165.8150473358714,0.9990159681130715,0.04435194984555374,645.7921063273691,-90,-0.9964952595801373,-0.08364925363871983,613.8112227988909,-0.2595314317282611,0.9657346612528096,1146.0546484500073,0.8311685491559003,-0.5560205417914663,657.4714299753789
-0.9964952595801373,-0.08364925363871983,613.8112227988909,-0.2595314317282611,0.9657346612528096,1146.0546484500073,0.8311685491559003,-0.5560205417914663,657.4714299753789,90,-0.7680147934561562,-0.6404321018129071,629.6437694175827,-0.7584537912673269,0.651726818929694,1130.7839388523266,0.9990145577325285,-0.0443837069033275,657.2782822871771
-0.7680147934561562,-0.6404321018129071,629.6437694175827,-0.7584537912673269,0.651726818929694,1130.7839388523266,0.9990145577325285,-0.0443837069033275,657.2782822871771,45,-0.4757597070859928,-0.8795752958749185,648.9112761589564,-0.9468486513464187,0.3216793923201611,1123.9629194623128,0.9588142920028097,0.2840337188630089,650.3826686545739
-0.4757597070859928,-0.8795752958749185,648.9112761589564,-0.9468486513464187,0.3216793923201611,1123.9629194623128,0.9588142920028097,0.2840337188630089,650.3826686545739,90,0.2403128542249422,-0.9706954888605703,667.9570613294483,-0.9063923742444199,-0.4224368164726691,1133.5556430012036,0.5217969192858393,0.8530697363192573,632.5179869220103
0.2403128542249422,-0.9706954888605703,667.9570613294483,-0.9063923742444199,-0.4224368164726691,1133.5556430012036,0.5217969192858393,0.8530697363192573,632.5179869220103,0,0.23150810123660148,-0.9728329759325717,692.9533714811164,-0.897654272981968,-0.440700358744141,1144.6724488022965,0.5405073247836172,0.8413393083977816,610.7126321331876
0.23150810123660148,-0.9728329759325717,692.9533714811164,-0.897654272981968,-0.440700358744141,1144.6724488022965,0.5405073247836172,0.8413393083977816,610.7126321331876,90,0.8196560145458613,-0.5728560184014782,700.5856043801602,-0.3562641176460527,-0.9343852944465038,1159.47192681182,-0.18096022948877968,0.9834904144644055,595.8195004065531
0.8196560145458613,-0.5728560184014782,700.5856043801602,-0.3562641176460527,-0.9343852944465038,1159.47192681182,-0.18096022948877968,0.9834904144644055,595.8195004065531,-90,0.3655531651487719,-0.9307904616237291,722.9204448656592,-0.7969410342346558,-0.6040571065329811,1173.4809966952012,0.39778624463667367,0.9174781215799385,573.9358235942085
0.3655531651487719,-0.9307904616237291,722.9204448656592,-0.7969410342346558,-0.6040571065329811,1173.4809966952012,0.39778624463667367,0.9174781215799385,573.9358235942085,-90,-0.31534077457790155,-0.9489785012784057,745.5943330113786,-0.9992923851998714,0.037612881856511175,1171.4013613696554,0.9148935442612967,0.40369518534285587,564.5427082326744
-0.31534077457790155,-0.9489785012784057,745.5943330113786,-0.9992923851998714,0.037612881856511175,1171.4013613696554,0.9148935442612967,0.40369518534285587,564.5427082326744,90,0.41264049002248193,-0.9108939707748679,764.4550903430495,-0.7419337003836242,-0.670473253929687,1186.681787654719,0.3971030952489305,0.9177740090805137,544.3026227673352
0.41264049002248193,-0.9108939707748679,764.4550903430495,-0.7419337003836242,-0.670473253929687,1186.681787654719,0.3971030952489305,0.9177740090805137,544.3026227673352,90,0.8538167868137793,-0.520573620686828,775.6987363285117,-0.20602005053228192,-0.9785477703100017,1210.1260634915893,-0.2264383694817569,0.9740254949571101,521.3482996439616
0.8538167868137793,-0.520573620686828,775.6987363285117,-0.20602005053228192,-0.9785477703100017,1210.1260634915893,-0.2264383694817569,0.9740254949571101,521.3482996439616,0,0.840688805284448,-0.5415185432368936,788.2650899077354,-0.20115025293301791,-0.9795603992327288,1233.3978157785307,-0.23811471187785124,0.971237038002221,498.25504710665
0.840688805284448,-0.5415185432368936,788.2650899077354,-0.20115025293301791,-0.9795603992327288,1233.3978157785307,-0.23811471187785124,0.971237038002221,498.25504710665,45,0.9474336231470186,-0.31995238666169223,794.9849720745669,0.07014585242113477,-0.9975367458836353,1256.2909160797112,-0.5132888081659768,0.8582159398493779,478.5678487157281
0.9474336231470186,-0.31995238666169223,794.9849720745669,0.07014585242113477,-0.9975367458836353,1256.2909160797112,-0.5132888081659768,0.8582159398493779,478.5678487157281,-90,0.515747286681223,-0.8567407637558495,812.1831207038225,-0.5742973214141044,-0.8186468021171187,1271.759403958233,0.1602036770437662,0.987083979133314,459.3518711796002
0.515747286681223,-0.8567407637558495,812.1831207038225,-0.5742973214141044,-0.8186468021171187,1271.759403958233,0.1602036770437662,0.987083979133314,459.3518711796002,-90,-0.5715119182832386,-0.8205937650629651,859.7481730147789,-0.9820377467351367,0.18868456213314194,1256.563424981903,0.9966313294649193,0.08201215232505188,452.76700520493984
-0.5715119182832386,-0.8205937650629651,859.7481730147789,-0.9820377467351367,0.18868456213314194,1256.563424981903,0.9966313294649193,0.08201215232505188,452.76700520493984,0,-0.5481563207892804,-0.8363759011226707,876.6426431808346,-0.987443224014605,0.15797429964282925,1253.184904091603,0.9986188479606436,0.05253947561364748,451.25984071605575
-0.5481563207892804,-0.8363759011226707,876.6426431808346,-0.987443224014605,0.15797429964282925,1253.184904091603,0.9986188479606436,0.05253947561364748,451.25984071605575,45,-0.24938561532558032,-0.9684042621078667,896.1192113524014,-0.9838453833286559,-0.17902028293713032,1257.1327220921623,0.9447029755086603,0.3279272603262553,443.81586379358953
-0.24938561532558032,-0.9684042621078667,896.1192113524014,-0.9838453833286559,-0.17902028293713032,1257.1327220921623,0.9447029755086603,0.3279272603262553,443.81586379358953,0,-0.24372351963918945,-0.9698447535428986,916.9517601312297,-0.9807005262639321,-0.1955159271917423,1261.1904417683158,0.9588923259201687,0.2837701663167023,437.2079258290728
-0.24372351963918945,-0.9698447535428986,916.9517601312297,-0.9807005262639321,-0.1955159271917423,1261.1904417683158,0.9588923259201687,0.2837701663167023,437.2079258290728,45,0.8309668085158102,-0.556321995920572,925.9419267944453,-0.1259374446466997,-0.9920381847670278,1282.5261212918083,0.02940839182631156,0.9995674797081937,416.00313916581206
0.8309668085158102,-0.556321995920572,925.9419267944453,-0.1259374446466997,-0.9920381847670278,1282.5261212918083,0.02940839182631156,0.9995674797081937,416.00313916581206,0,0.7963282176182862,-0.6048647533332419,962.3437320689941,-0.12516012419653413,-0.9921365547701123,1345.2088085693165,0.03910124617563395,0.9992352538554234,352.89003762146643
0.7963282176182862,-0.6048647533332419,962.3437320689941,-0.12516012419653413,-0.9921365547701123,1345.2088085693165,0.03910124617563395,0.9992352538554234,352.89003762146643,-45,-0.042929357500697325,-0.9990781101918795,981.9602382666673,-0.8815921736434431,-0.4720119059627938,1352.2819194002152,0.8717491134761012,0.4899525315309961,344.83188590490005
-0.042929357500697325,-0.9990781101918795,981.9602382666673,-0.8815921736434431,-0.4720119059627938,1352.2819194002152,0.8717491134761012,0.4899525315309961,344.83188590490005,45,0.6108098946247934,-0.7917772872648272,1020.7222803649777,-0.32949832099065773,-0.9441561610582953,1399.6825545935335,0.37006603899424634,0.9290054503516699,297.6038535259246
0.6108098946247934,-0.7917772872648272,1020.7222803649777,-0.32949832099065773,-0.9441561610582953,1399.6825545935335,0.37006603899424634,0.9290054503516699,297.6038535259246,-45,-0.3629126961548651,-0.9318231457576092,1080.3021724392718,-0.9743822202429939,-0.22489839678026532,1410.3441224669282,0.996626413961712,-0.08207186481260376,298.4178007039962
-0.3629126961548651,-0.9318231457576092,1080.3021724392718,-0.9743822202429939,-0.22489839678026532,1410.3441224669282,0.996626413961712,-0.08207186481260376,298.4178007039962,0,-0.35763834007189194,-0.9338601703202797,1133.247694947905,-0.9682061507192655,-0.2501536522007681,1423.6855896245982,0.9612249834530484,-0.2757653553035385,308.837073721307
-0.35763834007189194,-0.9338601703202797,1133.247694947905,-0.9682061507192655,-0.2501536522007681,1423.6855896245982,0.9612249834530484,-0.2757653553035385,308.837073721307,-45,-0.8319645161754807,-0.5548288419187473,1163.449088956487,-0.9327540014245884,0.36051348494393215,1401.9023156388891,0.513404652235632,-0.8581466442647258,356.388359228637
-0.8319645161754807,-0.5548288419187473,1163.449088956487,-0.9327540014245884,0.36051348494393215,1401.9023156388891,0.513404652235632,-0.8581466442647258,356.388359228637,-45,-0.9961523562933157,0.08763836517915641,1156.5379096385989,-0.4787879962953993,0.8779305522667705,1356.6742337168566,-0.15364648738417494,-0.9881258811075159,405.99233543408184
-0.9961523562933157,0.08763836517915641,1156.5379096385989,-0.4787879962953993,0.8779305522667705,1356.6742337168566,-0.15364648738417494,-0.9881258811075159,405.99233543408184,-45,-0.6920377869033134,0.7218612757988644,1119.017711095048,0.25648347796604987,0.966548615192448,1307.8587682714065,-0.7251068946629654,-0.6886363273254115,438.65120283022134
-0.6920377869033134,0.7218612757988644,1119.017711095048,0.25648347796604987,0.966548615192448,1307.8587682714065,-0.7251068946629654,-0.6886363273254115,438.65120283022134,90,-0.7465698973208691,-0.6653069880997096,1158.7290449252794,-0.9588560000704623,0.2838928867176376,1296.3410197758342,0.5717452673369646,-0.8204311971626767,478.99006206126035
-0.7465698973208691,-0.6653069880997096,1158.7290449252794,-0.9588560000704623,0.2838928867176376,1296.3410197758342,0.5717452673369646,-0.8204311971626767,478.99006206126035,-45,-0.9971606697836457,0.07530337732553005,1151.579885935584,-0.43416778450575344,0.9008320236855291,1244.8247240842434,-0.21307591465233577,-0.9770356465324438,533.3782088644159
-0.9971606697836457,0.07530337732553005,1151.579885935584,-0.43416778450575344,0.9008320236855291,1244.8247240842434,-0.21307591465233577,-0.9770356465324438,533.3782088644159,0,-0.9995354187585054,0.030478626072367298,1149.0352348735325,-0.4513310041100495,0.8923566129799311,1199.0547356067088,-0.1945932318172686,-0.9808840268507336,583.4632901741757
-0.9995354187585054,0.030478626072367298,1149.0352348735325,-0.4513310041100495,0.8923566129799311,1199.0547356067088,-0.1945932318172686,-0.9808840268507336,583.4632901741757,90,-0.0985274978553006,-0.9951343287046095,1197.0257275002039,-0.90690700015278,-0.421330859389489,1223.5278731183005,0.9415715262549434,-0.3368130949739577,592.3622137656926
-0.0985274978553006,-0.9951343287046095,1197.0257275002039,-0.90690700015278,-0.421330859389489,1223.5278731183005,0.9415715262549434,-0.3368130949739577,592.3622137656926,-90,-0.9996833944085443,0.02516169596451791,1190.9356019533136,-0.45929065311459333,0.8882860439979738,1165.457125766496,-0.28407206020463704,-0.958802933146897,652.176791981976
-0.9996833944085443,0.02516169596451791,1190.9356019533136,-0.45929065311459333,0.8882860439979738,1165.457125766496,-0.28407206020463704,-0.958802933146897,652.176791981976,-45,-0.8057223345383352,0.5922934404719463,1155.7643075055691,0.17792904000074208,0.9840433205527155,1109.7739006229276,-0.7626718084692532,-0.6467856774591092,686.6795573656082
-0.8057223345383352,0.5922934404719463,1155.7643075055691,0.17792904000074208,0.9840433205527155,1109.7739006229276,-0.7626718084692532,-0.6467856774591092,686.6795573656082,90,-0.7006951190053466,-0.7134608259758086,1198.1665064005128,-0.9545360795982496,0.2980954087959158,1097.1175657421634,0.4675987430946619,-0.8839408438669933,732.1259024648766
-0.7006951190053466,-0.7134608259758086,1198.1665064005128,-0.9545360795982496,0.2980954087959158,1097.1175657421634,0.4675987430946619,-0.8839408438669933,732.1259024648766,-90,-0.7910946523197914,0.6116937559522971,1167.374161901663,0.22195813941350961,0.9750561954821337,1055.7296026329896,-0.8078248795190685,-0.5894225683073244,752.865216274208
-0.7910946523197914,0.6116937559522971,1167.374161901663,0.22195813941350961,0.9750561954821337,1055.7296026329896,-0.8078248795190685,-0.5894225683073244,752.865216274208,-90,0.5643163814576201,0.825558611861434,1119.7095962872606,0.9822940890861991,-0.18734546310576744,1069.201973444578,-0.6977296075210861,0.7163612180935475,706.3274453238951
0.5643163814576201,0.825558611861434,1119.7095962872606,0.9822940890861991,-0.18734546310576744,1069.201973444578,-0.6977296075210861,0.7163612180935475,706.3274453238951,90,-0.8123638222404491,0.5831509412792609,1091.0284997700335,0.2604257737176891,0.9654938717483105,1013.3028704738036,-0.7270177423541961,-0.6866186731383058,748.5493619731768
-0.8123638222404491,0.5831509412792609,1091.0284997700335,0.2604257737176891,0.9654938717483105,1013.3028704738036,-0.7270177423541961,-0.6866186731383058,748.5493619731768,90,-0.600908771385166,-0.7993176142637983,1130.7947275962204,-0.9659584427388294,0.25869728816045934,1005.5109725703693,0.6206351537258702,-0.7840994872844042,780.6239017346381
-0.600908771385166,-0.7993176142637983,1130.7947275962204,-0.9659584427388294,0.25869728816045934,1005.5109725703693,0.6206351537258702,-0.7840994872844042,780.6239017346381,-90,-0.9028923652513192,0.42986669651285897,1102.6064901678476,0.11358438936022686,0.99352835213378,951.3783853757978,-0.6398974143138251,-0.7684603432542768,819.3303803474273
-0.9028923652513192,0.42986669651285897,1102.6064901678476,0.11358438936022686,0.99352835213378,951.3783853757978,-0.6398974143138251,-0.7684603432542768,819.3303803474273,45,-0.9599968440776887,-0.2800108200782211,1120.3302308483512,-0.5629586937976785,0.8264850325793031,898.2055812299989,-0.022013893640110294,-0.9997576648802459,883.7796027023479
-0.9599968440776887,-0.2800108200782211,1120.3302308483512,-0.5629586937976785,0.8264850325793031,898.2055812299989,-0.022013893640110294,-0.9997576648802459,883.7796027023479,45,-0.4874745610762279,-0.8731371898525104,1170.246816464373,-0.9878524905472339,0.1553945202368062,888.8526601439634,0.636531619545416,-0.7712506060411816,926.0235911924707
-0.4874745610762279,-0.8731371898525104,1170.246816464373,-0.9878524905472339,0.1553945202368062,888.8526601439634,0.636531619545416,-0.7712506060411816,926.0235911924707,90,0.8202029126222742,-0.5720727070276453,1198.3224156227739,-0.2030822465534871,-0.9791616828362866,947.5249293733648,0.8341122125515569,0.5515947940946746,887.9080874640122
0.8202029126222742,-0.5720727070276453,1198.3224156227739,-0.2030822465534871,-0.9791616828362866,947.5249293733648,0.8341122125515569,0.5515947940946746,887.9080874640122,-45,0.5613388504672892,-0.827586064984218,1247.7060386202554,-0.48909367710649837,-0.8722312623464286,999.3493277175154,0.9838747270939395,0.17885894270577002,875.4227086439157
0.5613388504672892,-0.827586064984218,1247.7060386202554,-0.48909367710649837,-0.8722312623464286,999.3493277175154,0.9838747270939395,0.17885894270577002,875.4227086439157,-45,0.32495093922317997,-0.9457308745610313,1316.0782231378384,-0.6517459996443922,-0.7584373091742863,1053.2342804037714,0.9890146046363789,-0.14781783321354433,883.2068667178997
0.32495093922317997,-0.9457308745610313,1316.0782231378384,-0.6517459996443922,-0.7584373091742863,1053.2342804037714,0.9890146046363789,-0.14781783321354433,883.2068667178997,-90,-0.31261126109415904,-0.9498811501641242,1338.3527828831716,-0.9741166266160666,-0.22604600803848482,1057.8656301492786,0.6814484363231389,-0.731866127534776,900.6780176351202
-0.31261126109415904,-0.9498811501641242,1338.3527828831716,-0.9741166266160666,-0.22604600803848482,1057.8656301492786,0.6814484363231389,-0.731866127534776,900.6780176351202,45,0.5260991575952069,-0.8504232336769814,1355.1009728236343,-0.4388269708034564,-0.8985715829556722,1077.5837816836147,0.9993083402315814,0.03718657208727068,897.6615434268977
0.5260991575952069,-0.8504232336769814,1355.1009728236343,-0.4388269708034564,-0.8985715829556722,1077.5837816836147,0.9993083402315814,0.03718657208727068,897.6615434268977,-45,-0.2734417790902147,-0.9618885556279263,1375.8499621471992,-0.955366787390483,-0.29542224281727286,1082.2338371814337,0.6859113226930672,-0.7276851361691037,914.8172704646813
-0.2734417790902147,-0.9618885556279263,1375.8499621471992,-0.955366787390483,-0.29542224281727286,1082.2338371814337,0.6859113226930672,-0.7276851361691037,914.8172704646813,-45,-0.5381932553699611,-0.8428214638191672,1433.384947469702,-0.9989783205107888,-0.04519198103030731,1083.0020164490554,0.3965165693448517,-0.9180275650736145,977.781288240228
-0.5381932553699611,-0.8428214638191672,1433.384947469702,-0.9989783205107888,-0.04519198103030731,1083.0020164490554,0.3965165693448517,-0.9180275650736145,977.781288240228,-90,-0.9761435522350806,0.2171261509580972,1425.0200361096963,-0.3758134680833783,0.9266953313830515,1063.6544661280186,-0.7235484853543539,-0.6902735612359931,987.8392699797271
-0.9761435522350806,0.2171261509580972,1425.0200361096963,-0.3758134680833783,0.9266953313830515,1063.6544661280186,-0.7235484853543539,-0.6902735612359931,987.8392699797271,-90,-0.5690914505990993,0.8222742370128185,1408.0205519221834,0.36749122435671383,0.9300269888668842,1045.8655528485724,-0.9996013682745946,-0.028233039927687987,986.7816549952933
-0.5690914505990993,0.8222742370128185,1408.0205519221834,0.36749122435671383,0.9300269888668842,1045.8655528485724,-0.9996013682745946,-0.028233039927687987,986.7816549952933,90,-0.9471608110809355,-0.32075909644545436,1418.0507160958243,-0.7959999829563027,0.6052966439140116,1037.2330082579708,-0.2587251998591338,-0.965950967160265,1006.6114212643724
0.17223157634518355,0.9850564877760327,1343.89577044186,0.9361872341735423,0.3515017248471095,996.7944631725841,-0.7663008589706797,0.6424819013332581,968.2580657095091,90,-0.5186057332140801,0.8550135048509389,1331.8281423126934,0.48458280732618525,0.8747453931538441,983.4040271709689,-0.9995678282941376,-0.02939654128195148,969.615656152519
-0.5186057332140801,0.8550135048509389,1331.8281423126934,0.48458280732618525,0.8747453931538441,983.4040271709689,-0.9995678282941376,-0.02939654128195148,969.615656152519,45,-0.7530351515936898,0.6579802888113508,1315.5261995451401,0.2160318511677649,0.9763863166191078,959.3639881138336,-0.9404714675945142,-0.3398726506217007,977.7201551004664
-0.7530351515936898,0.6579802888113508,1315.5261995451401,0.2160318511677649,0.9763863166191078,959.3639881138336,-0.9404714675945142,-0.3398726506217007,977.7201551004664,45,-0.9330607341774098,0.359718871254085,1306.892575772393,-0.11821212176495621,0.9929883656256135,935.4850103604011,-0.7658000854703153,-0.643078711429369,993.207432820053
-0.9330607341774098,0.359718871254085,1306.892575772393,-0.11821212176495621,0.9929883656256135,935.4850103604011,-0.7658000854703153,-0.643078711429369,993.207432820053,-90,-0.47521388431762385,0.8798703109843837,1287.1357719900764,0.5733904972553188,0.8192822088006662,918.2320924126371,-0.9999837321549159,-0.005703983303401133,991.9022610804403
-0.47521388431762385,0.8798703109843837,1287.1357719900764,0.5733904972553188,0.8192822088006662,918.2320924126371,-0.9999837321549159,-0.005703983303401133,991.9022610804403,45,-0.7146773374342898,0.6994542896843469,1270.1551787908318,0.3256558415582745,0.9454883779608145,895.1522877193411,-0.9503970924952873,-0.3110391720933305,999.3828186481745
-0.7146773374342898,0.6994542896843469,1270.1551787908318,0.3256558415582745,0.9454883779608145,895.1522877193411,-0.9503970924952873,-0.3110391720933305,999.3828186481745,-45,-0.4942400468931441,0.8693254718729129,1248.5406689850356,0.5947873594497267,0.8038830742333251,875.1848502514198,-0.998635366762113,-0.05222455602396416,1000.2857402310602
-0.4942400468931441,0.8693254718729129,1248.5406689850356,0.5947873594497267,0.8038830742333251,875.1848502514198,-0.998635366762113,-0.05222455602396416,1000.2857402310602,-45,-0.24970419376259734,0.9683221651998736,1228.3580792579378,0.7984441020116373,0.6020689461870876,862.619250236308,-0.980849379291458,0.19476779801487082,995.8881317087025
-0.24970419376259734,0.9683221651998736,1228.3580792579378,0.7984441020116373,0.6020689461870876,862.619250236308,-0.980849379291458,0.19476779801487082,995.8881317087025,45,-0.48596725098217175,0.8739770197052271,1209.3780416216305,0.6398684170436123,0.7684844883731238,845.6851704721857,-0.997399919380937,-0.07206525389465052,997.3840822654881
-0.48596725098217175,0.8739770197052271,1209.3780416216305,0.6398684170436123,0.7684844883731238,845.6851704721857,-0.997399919380937,-0.07206525389465052,997.3840822654881,45,-0.767577418592367,0.6409562438006813,1192.90565268107,0.34621542307936354,0.9381550409297907,821.2751890800366,-0.9020259107978528,-0.43168189242693983,1008.5789092572032
-0.767577418592367,0.6409562438006813,1192.90565268107,0.34621542307936354,0.9381550409297907,821.2751890800366,-0.9020259107978528,-0.43168189242693983,1008.5789092572032,45,-0.9235008934257409,0.3835962719342542,1184.72947374442,0.06953028712124783,0.9975798410016298,800.0851491927157,-0.7335417791754527,-0.679644361562804,1022.992476002991
-0.9235008934257409,0.3835962719342542,1184.72947374442,0.06953028712124783,0.9975798410016298,800.0851491927157,-0.7335417791754527,-0.679644361562804,1022.992476002991,90,-0.9754373315824563,-0.2202771258104148,1190.6440916937395,-0.5171505049194185,0.8558944767093608,780.9233977063371,-0.22067773152489675,-0.9753467787453987,1045.5926516025302
-0.9754373315824563,-0.2202771258104148,1190.6440916937395,-0.5171505049194185,0.8558944767093608,780.9233977063371,-0.22067773152489675,-0.9753467787453987,1045.5926516025302,90,-0.5785601500268567,-0.8156397199750028,1209.898732994828,-0.9618229961487166,0.27367229322586895,775.6536753619426,0.46865547773566896,-0.8833810294478549,1064.9980958210629
-0.5785601500268567,-0.8156397199750028,1209.898732994828,-0.9618229961487166,0.27367229322586895,775.6536753619426,0.46865547773566896,-0.8833810294478549,1064.9980958210629,90,0.09417799940352768,-0.9955553748678921,1230.604322769496,-0.8960194353981211,-0.44401483239733347,785.5749736460359,0.9257303457192718,-0.3781842500878077,1071.8279522474538
0.09417799940352768,-0.9955553748678921,1230.604322769496,-0.8960194353981211,-0.44401483239733347,785.5749736460359,0.9257303457192718,-0.3781842500878077,1071.8279522474538,90,0.6074611941847978,-0.794349354855645,1247.3583904226284,-0.5035448875193442,-0.8639690655649257,805.042156758098,0.986882860358196,0.161437975492836,1067.0249454242999
0.6074611941847978,-0.794349354855645,1247.3583904226284,-0.5035448875193442,-0.8639690655649257,805.042156758098,0.986882860358196,0.161437975492836,1067.0249454242999,90,0.9770600211506596,-0.2129641168579171,1248.6353323883197,0.1805067025121893,-0.9835737544018628,817.9262761939427,0.6454157671741606,0.7638314522739881,1055.7773786591993
0.9770600211506596,-0.2129641168579171,1248.6353323883197,0.1805067025121893,-0.9835737544018628,817.9262761939427,0.6454157671741606,0.7638314522739881,1055.7773786591993,90,0.9265350849289602,0.37620836832224314,1238.8178558565419,0.7019566854912669,-0.7122196372567345,834.0525163255609,0.08499525364636762,0.9963813561370916,1032.1280153106009
0.9265350849289602,0.37620836832224314,1238.8178558565419,0.7019566854912669,-0.7122196372567345,834.0525163255609,0.08499525364636762,0.9963813561370916,1032.1280153106009,45,0.8042941891759541,0.594231316288358,1207.5681856161746,0.8467054380451465,-0.5320619335986897,859.9311849865313,-0.20758720581851964,0.9782165159004726,982.1000574851525
0.8042941891759541,0.594231316288358,1207.5681856161746,0.8467054380451465,-0.5320619335986897,859.9311849865313,-0.20758720581851964,0.9782165159004726,982.1000574851525,-45,0.9413766987787682,0.3373572453592607,1199.3012302540926,0.657834288909492,-0.7531626971212415,877.8434489639824,0.06600111577271592,0.9978195491754792,958.2009814694305
0.9413766987787682,0.3373572453592607,1199.3012302540926,0.657834288909492,-0.7531626971212415,877.8434489639824,0.06600111577271592,0.9978195491754792,958.2009814694305,-45,0.9987855429463504,0.0492690491217772,1197.9848016285014,0.4176303754150133,-0.9086170092677746,897.5388932703028,0.34336971398276067,0.9392003191648718,937.7275003607817
0.9987855429463504,0.0492690491217772,1197.9848016285014,0.4176303754150133,-0.9086170092677746,897.5388932703028,0.34336971398276067,0.9392003191648718,937.7275003607817,-45,0.9551070908249532,-0.29626077205039264,1205.86555280277,0.09904765159413809,-0.9950826913948841,923.8656890675885,0.6426558249821231,0.7661550043017057,917.5341145899317
0.9551070908249532,-0.29626077205039264,1205.86555280277,0.09904765159413809,-0.9950826913948841,923.8656890675885,0.6426558249821231,0.7661550043017057,917.5341145899317,45,0.9990564302011835,0.04343097136454263,1204.1061424465745,0.4361054216452297,-0.8998955835049066,944.672727603359,0.3357351794936266,0.9419564157912946,895.2522338858306
0.9990564302011835,0.04343097136454263,1204.1061424465745,0.4361054216452297,-0.8998955835049066,944.672727603359,0.3357351794936266,0.9419564157912946,895.2522338858306,90,0.727837777524881,0.6857493489662544,1187.680449963175,0.9144271652372584,-0.40475049039643146,952.515055642025,-0.3835679986340594,0.9235126368512032,874.794908092594
0.727837777524881,0.6857493489662544,1187.680449963175,0.9144271652372584,-0.40475049039643146,952.515055642025,-0.3835679986340594,0.9235126368512032,874.794908092594,90,0.1104200558173287,0.9938850090796711,1169.7288866058707,0.9635560202867818,0.2675066275236915,946.6771720920548,-0.8992269806112493,0.4374823851777074,867.6030360482897
0.1104200558173287,0.9938850090796711,1169.7288866058707,0.9635560202867818,0.2675066275236915,946.6771720920548,-0.8992269806112493,0.4374823851777074,867.6030360482897,45,-0.25572425046393765,0.9667497647916224,1149.120045324913,0.8157498510913889,0.5784048585933359,933.6951100694113,-0.997954573806959,0.06392705700852291,866.4879448483573
-0.25572425046393765,0.9667497647916224,1149.120045324913,0.8157498510913889,0.5784048585933359,933.6951100694113,-0.997954573806959,0.06392705700852291,866.4879448483573,0,-0.25556405349980454,0.9667921258257894,1125.7627536308437,0.8310899291919671,0.5561380490451009,920.0272699558965,-0.9991315754621524,0.041666472307086824,865.172224162623
-0.25556405349980454,0.9667921258257894,1125.7627536308437,0.8310899291919671,0.5561380490451009,920.0272699558965,-0.9991315754621524,0.041666472307086824,865.172224162623,90,-0.7567012018452973,0.6537608822236786,1112.0613416315352,0.3939141257258453,0.9191472469379663,899.5488355566529,-0.8452947382817858,-0.534300295183455,877.4484073444603
-0.7567012018452973,0.6537608822236786,1112.0613416315352,0.3939141257258453,0.9191472469379663,899.5488355566529,-0.8452947382817858,-0.534300295183455,877.4484073444603,45,-0.9330410730796622,0.35976986525604443,1103.2174486207196,0.08281341097251624,0.9965650701098735,875.2713516054378,-0.6179012083455789,-0.7862557451141922,896.5619771890898
-0.9330410730796622,0.35976986525604443,1103.2174486207196,0.08281341097251624,0.9965650701098735,875.2713516054378,-0.6179012083455789,-0.7862557451141922,896.5619771890898,-90,-0.4935563104212053,0.8697138428491332,1084.965924200479,0.7139828683436236,0.7001631693482684,861.7245132153315,-0.9731492635378296,-0.23017495709955058,899.9173388018479
-0.4935563104212053,0.8697138428491332,1084.965924200479,0.7139828683436236,0.7001631693482684,861.7245132153315,-0.9731492635378296,-0.23017495709955058,899.9173388018479,90,-0.942482304447764,0.3342560482666427,1080.3551452332376,0.09652624726841272,0.9953304393960215,845.1215059575338,-0.5888415051867881,-0.8082485272299342,913.9228194065022
-0.942482304447764,0.3342560482666427,1080.3551452332376,0.09652624726841272,0.9953304393960215,845.1215059575338,-0.5888415051867881,-0.8082485272299342,913.9228194065022,45,-0.9987036820517494,-0.05090142882354363,1081.7292207919782,-0.2767482626050702,0.9609424536074338,820.8816401377363,-0.25194377004044394,-0.9677418750564677,938.4847079815526
-0.9987036820517494,-0.05090142882354363,1081.7292207919782,-0.2767482626050702,0.9609424536074338,820.8816401377363,-0.25194377004044394,-0.9677418750564677,938.4847079815526,45,-0.9312825619640903,-0.36429766645093986,1090.685259926703,-0.5635818398231252,0.8260602337732892,801.0528173730993,0.04499939316196116,-0.9989870142374501,962.5865240181685
-0.9312825619640903,-0.36429766645093986,1090.685259926703,-0.5635818398231252,0.8260602337732892,801.0528173730993,0.04499939316196116,-0.9989870142374501,962.5865240181685,-90,-0.9672745414471258,0.2537320662987882,1084.1039318331616,0.05258611207599812,0.9986163932245107,778.9407519292596,-0.5566930044962679,-0.8307183028830641,980.4956333488285
-0.9672745414471258,0.2537320662987882,1084.1039318331616,0.05258611207599812,0.9986163932245107,778.9407519292596,-0.5566930044962679,-0.8307183028830641,980.4956333488285,-90,-0.7018774371191627,0.7122977349837887,1065.3634312034737,0.5848839200858078,0.8111170076043643,758.4693800976008,-0.8996874007572665,-0.4365347419377223,990.7920228512334
-0.7018774371191627,0.7122977349837887,1065.3634312034737,0.5848839200858078,0.8111170076043643,758.4693800976008,-0.8996874007572665,-0.4365347419377223,990.7920228512334,-45,-0.5128384088292579,0.8584851579552641,1044.3778708038321,0.783984314178688,0.6207806336555387,743.2759494459282,-0.974893204453512,-0.2226729438220164,995.7692468763765
-0.5128384088292579,0.8584851579552641,1044.3778708038321,0.783984314178688,0.6207806336555387,743.2759494459282,-0.974893204453512,-0.2226729438220164,995.7692468763765,90,-0.9341351246745261,0.356919555151168,1037.566758118248,0.2568255543949953,0.9664577769409811,721.6278663909889,-0.6335261791155943,-0.7737212549589134,1013.5848783165675
-0.9341351246745261,0.356919555151168,1037.566758118248,0.2568255543949953,0.9664577769409811,721.6278663909889,-0.6335261791155943,-0.7737212549589134,1013.5848783165675,90,-0.9260441830215654,-0.3774151177310223,1046.2811111769129,-0.47015042873696544,0.8825862985331506,704.2956223104014,0.046027745502178995,-0.9989401616933752,1033.755570531833
-0.9260441830215654,-0.3774151177310223,1046.2811111769129,-0.47015042873696544,0.8825862985331506,704.2956223104014,0.046027745502178995,-0.9989401616933752,1033.755570531833,45,-0.7656279663940617,-0.6432836210220912,1063.1039324990159,-0.7238258027696308,0.689982758657707,686.1179281252402,0.3243917745666054,-0.9459228174610911,1058.4263013053258
-0.7656279663940617,-0.6432836210220912,1063.1039324990159,-0.7238258027696308,0.689982758657707,686.1179281252402,0.3243917745666054,-0.9459228174610911,1058.4263013053258,-45,-0.9086995860673105,-0.41745067047628337,1071.8530648439692,-0.5131462898616789,0.8583011622974734,667.6004438400338,0.043019953940325754,-0.9990742132409245,1079.8612472977304
-0.9086995860673105,-0.41745067047628337,1071.8530648439692,-0.5131462898616789,0.8583011622974734,667.6004438400338,0.043019953940325754,-0.9990742132409245,1079.8612472977304,90,0.07665209472274459,-0.9970579002117256,1091.3060436753078,-0.9764352128985062,-0.2158107388705411,675.1620257110533,0.9477985165569873,-0.3188698355322657,1082.549690758929
0.07665209472274459,-0.9970579002117256,1091.3060436753078,-0.9764352128985062,-0.2158107388705411,675.1620257110533,0.9477985165569873,-0.3188698355322657,1082.549690758929,90,0.663896852996065,-0.7478241561904251,1107.611517150389,-0.6206255715921544,-0.7841070716974256,693.5898448825403,0.949359535579523,0.3141917761562712,1074.1870791087492
0.663896852996065,-0.7478241561904251,1107.611517150389,-0.6206255715921544,-0.7841070716974256,693.5898448825403,0.949359535579523,0.3141917761562712,1074.1870791087492,-45,0.37488342550819015,-0.9270719590621028,1128.9996931737467,-0.8282441753884086,-0.5603673669434857,706.1168651054967,0.9993555859605104,-0.03589446767295425,1074.9150716156203
0.37488342550819015,-0.9270719590621028,1128.9996931737467,-0.8282441753884086,-0.5603673669434857,706.1168651054967,0.9993555859605104,-0.03589446767295425,1074.9150716156203,-45,0.1022591649771777,-0.9947577912125998,1150.9757265011049,-0.9412681680030831,-0.3376599412191497,713.2278759237796,0.9443553634661433,-0.32892696376662156,1082.020015986186
0.1022591649771777,-0.9947577912125998,1150.9757265011049,-0.9412681680030831,-0.3376599412191497,713.2278759237796,0.9443553634661433,-0.32892696376662156,1082.020015986186,-45,-0.2419811430286769,-0.9702809523115122,1176.4533686833915,-0.999585334080989,-0.02879513657195626,713.3093919797356,0.7608940053486524,-0.6488761920616944,1099.0636235844129
-0.2419811430286769,-0.9702809523115122,1176.4533686833915,-0.999585334080989,-0.02879513657195626,713.3093919797356,0.7608940053486524,-0.6488761920616944,1099.0636235844129,-90,-0.8037671182201453,-0.5949440475104216,1187.8956111978691,-0.794197206721439,0.6076600997563225,699.0292004653016,0.1577252474181999,-0.9874830359691591,1120.379567424879
-0.8037671182201453,-0.5949440475104216,1187.8956111978691,-0.794197206721439,0.6076600997563225,699.0292004653016,0.1577252474181999,-0.9874830359691591,1120.379567424879,45,-0.6566711162290509,-0.7541770648266176,1204.847265099501,-0.9135977553657929,0.40661916013708055,689.792934305468,0.3486941133727986,-0.9372365844860933,1141.2948594547106
-0.6566711162290509,-0.7541770648266176,1204.847265099501,-0.9135977553657929,0.40661916013708055,689.792934305468,0.3486941133727986,-0.9372365844860933,1141.2948594547106,-90,-0.9887490005748445,-0.14958413639903884,1206.7642308595148,-0.4285385937866668,0.9035234770803392,672.2408414266097,-0.3497474707393621,-0.93684401407674,1158.8039751752476
-0.9887490005748445,-0.14958413639903884,1206.7642308595148,-0.4285385937866668,0.9035234770803392,672.2408414266097,-0.3497474707393621,-0.93684401407674,1158.8039751752476,-90,-0.9044138071616606,0.4266563786179112,1196.6978570146218,0.17013321858329317,0.9854210713875006,650.168963411349,-0.8128423471275362,-0.5824837497443152,1171.4432026280183
-0.9044138071616606,0.4266563786179112,1196.6978570146218,0.17013321858329317,0.9854210713875006,650.168963411349,-0.8128423471275362,-0.5824837497443152,1171.4432026280183,-45,-0.7847787582171032,0.6197760084508124,1179.7074549460647,0.42029216892294874,0.907388832167359,625.8245115488216,-0.9219025614664587,-0.3874218207091368,1181.3586402339135
-0.7847787582171032,0.6197760084508124,1179.7074549460647,0.42029216892294874,0.907388832167359,625.8245115488216,-0.9219025614664587,-0.3874218207091368,1181.3586402339135,-90,-0.18509148417386972,0.9827212944097192,1163.2410689810629,0.9233404829879392,0.38398222937474485,620.3295451324284,-0.9532653380004578,0.30213439950934606,1175.1736044364704
-0.18509148417386972,0.9827212944097192,1163.2410689810629,0.9233404829879392,0.38398222937474485,620.3295451324284,-0.9532653380004578,0.30213439950934606,1175.1736044364704,0,-0.22018149603732082,0.9754589221503729,1136.978367429539,0.9268444115652461,0.3754456508607774,610.1309761049181,-0.9679584275634621,0.25111049860344326,1167.7632397034683
-0.22018149603732082,0.9754589221503729,1136.978367429539,0.9268444115652461,0.3754456508607774,610.1309761049181,-0.9679584275634621,0.25111049860344326,1167.7632397034683,-90,0.5194704361196485,0.8544884235597707,1119.1136924915047,0.9192032154538567,-0.3937835048593207,618.7779058127156,-0.5381487918750599,0.8428498548397653,1149.4734519430929
0.5194704361196485,0.8544884235597707,1119.1136924915047,0.9192032154538567,-0.3937835048593207,618.7779058127156,-0.5381487918750599,0.8428498548397653,1149.4734519430929,45,0.18854611477400304,0.9820643373036354,1101.9201082743623,0.9972993919084672,-0.07344333120850159,619.7464683395802,-0.8075564656135266,0.5897902634375961,1139.1276895148246
0.18854611477400304,0.9820643373036354,1101.9201082743623,0.9972993919084672,-0.07344333120850159,619.7464683395802,-0.8075564656135266,0.5897902634375961,1139.1276895148246,-45,0.9021255598345033,0.43147360787571254,1093.5175188616622,0.5343935347203151,-0.8452357955323043,638.9580299654791,-0.02274009029804561,0.9997414107124085,1117.1478953376613
0.9021255598345033,0.43147360787571254,1093.5175188616622,0.5343935347203151,-0.8452357955323043,638.9580299654791,-0.02274009029804561,0.9997414107124085,1117.1478953376613,0,0.915627921417276,0.40202675224551754,1083.0442244000321,0.5074841810572764,-0.8616610737271503,660.4472363529637,-0.011748210820090999,0.9999309873898932,1091.9871200734317
0.915627921417276,0.40202675224551754,1083.0442244000321,0.5074841810572764,-0.8616610737271503,660.4472363529637,-0.011748210820090999,0.9999309873898932,1091.9871200734317,-90,0.9524550512555068,-0.30467913505501165,1090.5305409077414,-0.16418711532035496,-0.9864292124439444,682.0572268164387,0.6489956890560706,0.7607920843348964,1075.7267927557307
0.9524550512555068,-0.30467913505501165,1090.5305409077414,-0.16418711532035496,-0.9864292124439444,682.0572268164387,0.6489956890560706,0.7607920843348964,1075.7267927557307,0,0.9469363692013837,-0.32142108313503776,1098.1919370313008,-0.1549386565023945,-0.987924092590738,706.4087843172396,0.6575310246099468,0.7534274694191827,1057.0173028671577
0.9469363692013837,-0.32142108313503776,1098.1919370313008,-0.1549386565023945,-0.987924092590738,706.4087843172396,0.6575310246099468,0.7534274694191827,1057.0173028671577,-90,0.5099941581325446,-0.8601778645551611,1120.0116385160122,-0.735466366452711,-0.6775612325220847,722.2722965830286,0.9912733352463093,0.13182251260561698,1054.4265315380312
0.5099941581325446,-0.8601778645551611,1120.0116385160122,-0.735466366452711,-0.6775612325220847,722.2722965830286,0.9912733352463093,0.13182251260561698,1054.4265315380312,45,0.7432078966494734,-0.6690605520861813,1137.6786567320755,-0.46932276400299017,-0.8830266944937699,745.931797139457,0.9090921044474748,0.41659518195877104,1042.8316096013295
0.7432078966494734,-0.6690605520861813,1137.6786567320755,-0.46932276400299017,-0.8830266944937699,745.931797139457,0.9090921044474748,0.41659518195877104,1042.8316096013295,0,0.7332370595580415,-0.6799730983580725,1153.3994599216917,-0.4564619837109409,-0.8897429164801891,766.6020050506326,0.9173453530443443,0.39809233005415645,1033.326354133896
0.7332370595580415,-0.6799730983580725,1153.3994599216917,-0.4564619837109409,-0.8897429164801891,766.6020050506326,0.9173453530443443,0.39809233005415645,1033.326354133896,0,0.7253686891586845,-0.6883605630686667,1165.7017231218156,-0.4472749627756342,-0.8943965047304551,782.6436400362364,0.9236982845474055,0.38312071090477495,1026.3014504955013
0.7253686891586845,-0.6883605630686667,1165.7017231218156,-0.4472749627756342,-0.8943965047304551,782.6436400362364,0.9236982845474055,0.38312071090477495,1026.3014504955013,90,0.9856622763885489,-0.16873018966546516,1169.3552268015096,0.14214184596599264,-0.9898462989905958,808.1156145305015,0.547585040361322,0.8367500364938679,1004.3821018158428
0.9856622763885489,-0.16873018966546516,1169.3552268015096,0.14214184596599264,-0.9898462989905958,808.1156145305015,0.547585040361322,0.8367500364938679,1004.3821018158428,45,0.9905977804019962,0.13680656951564332,1165.512636276733,0.44047186017411166,-0.897766417502213,829.1859775229801,0.2554581683798737,0.9668201095384809,981.3313942398561
0.9905977804019962,0.13680656951564332,1165.512636276733,0.44047186017411166,-0.897766417502213,829.1859775229801,0.2554581683798737,0.9668201095384809,981.3313942398561,45,0.8993387242929965,0.4372526260493419,1153.990244982344,0.6957027604543443,-0.7183297773976833,846.9941472728191,-0.07862870090712523,0.9969039709990415,956.117380615168
0.8993387242929965,0.4372526260493419,1153.990244982344,0.6957027604543443,-0.7183297773976833,846.9941472728191,-0.07862870090712523,0.9969039709990415,956.117380615168,90,0.4019117640879034,0.9156784009070813,1133.240040409202,0.9932755034559165,-0.11577467008977171,848.1743389107277,-0.7227264757349964,0.6911341702387979,941.4599456092914
0.4019117640879034,0.9156784009070813,1133.240040409202,0.9932755034559165,-0.11577467008977171,848.1743389107277,-0.7227264757349964,0.6911341702387979,941.4599456092914,-90,0.9075898570950112,0.41985789417165564,1125.5791495017177,0.6687387757495867,-0.7434974443862897,863.9225554371236,-0.10133335899463788,0.9948525269379698,921.15059669579
0.9075898570950112,0.41985789417165564,1125.5791495017177,0.6687387757495867,-0.7434974443862897,863.9225554371236,-0.10133335899463788,0.9948525269379698,921.15059669579,-90,0.9591793373127045,-0.2827985128538708,1133.1699371969987,0.03380792926034704,-0.9994283485668832,889.3662162276291,0.5757280789579358,0.8176412288402566,900.623354442383
0.9591793373127045,-0.2827985128538708,1133.1699371969987,0.03380792926034704,-0.9994283485668832,889.3662162276291,0.5757280789579358,0.8176412288402566,900.623354442383,-45,0.8485597995809745,-0.5290994864249032,1146.3538811817318,-0.2107259813456384,-0.9775451707138232,913.6352559421183,0.7754321947964798,0.6314308444106244,884.8811563709671
0.8485597995809745,-0.5290994864249032,1146.3538811817318,-0.2107259813456384,-0.9775451707138232,913.6352559421183,0.7754321947964798,0.6314308444106244,884.8811563709671,-90,0.27958512259086604,-0.9601209086494525,1165.2394762623946,-0.7961859007491383,-0.6050520733360752,924.0364046076647,0.9979140212642731,-0.06455699934296735,887.3151847231399
0.27958512259086604,-0.9601209086494525,1165.2394762623946,-0.7961859007491383,-0.6050520733360752,924.0364046076647,0.9979140212642731,-0.06455699934296735,887.3151847231399,-45,-0.04950006580188819,-0.9987741203523491,1187.6769179996384,-0.9431497075643238,-0.3323682131632482,931.0234269604175,0.9124126314667621,-0.4092715357069174,896.5113616397284
-0.04950006580188819,-0.9987741203523491,1187.6769179996384,-0.9431497075643238,-0.3323682131632482,931.0234269604175,0.9124126314667621,-0.4092715357069174,896.5113616397284,90,0.5676119107617785,-0.8232962521239623,1206.4752742994817,-0.5264463631899475,-0.8502083431042522,951.594634020185,0.9763376310185783,0.21625177515347796,890.104593570896
0.5676119107617785,-0.8232962521239623,1206.4752742994817,-0.5264463631899475,-0.8502083431042522,951.594634020185,0.9763376310185783,0.21625177515347796,890.104593570896,-45,0.21216275370729548,-0.9772343454562664,1225.528832989155,-0.7983048817350256,-0.602253531162771,963.1236475592113,0.9820100661972886,-0.18882857275104536,893.6729382093653
0.21216275370729548,-0.9772343454562664,1225.528832989155,-0.7983048817350256,-0.602253531162771,963.1236475592113,0.9820100661972886,-0.18882857275104536,893.6729382093653,-45,-0.0986929346282464,-0.9951179350481353,1243.2224984073969,-0.9395107494005773,-0.34251941807839975,969.0767258304834,0.8671750129739872,-0.498003510904858,902.3877772589399
-0.0986929346282464,-0.9951179350481353,1243.2224984073969,-0.9395107494005773,-0.34251941807839975,969.0767258304834,0.8671750129739872,-0.498003510904858,902.3877772589399,90,0.4791006624132541,-0.8777599644978011,1261.0368975243982,-0.5667937038765405,-0.8238597558115778,986.7347246945149,0.9980235237440823,0.0628414358003161,899.8989148331939
0.4791006624132541,-0.8777599644978011,1261.0368975243982,-0.5667937038765405,-0.8238597558115778,986.7347246945149,0.9980235237440823,0.0628414358003161,899.8989148331939,45,0.6755813966710126,-0.7372854104565233,1276.1177415465863,-0.3357551433382332,-0.9419492999742196,1006.2638273782676,0.9570290996718669,0.2899919005442321,893.5307103227958
0.6755813966710126,-0.7372854104565233,1276.1177415465863,-0.3357551433382332,-0.9419492999742196,1006.2638273782676,0.9570290996718669,0.2899919005442321,893.5307103227958,-90,0.08054038521074501,-0.9967513462996199,1299.05588626872,-0.8322938186028389,-0.5543347359813424,1018.2834358121563,0.9251151938843774,-0.3796865523616433,902.5819606270725
0.08054038521074501,-0.9967513462996199,1299.05588626872,-0.8322938186028389,-0.5543347359813424,1018.2834358121563,0.9251151938843774,-0.3796865523616433,902.5819606270725,0,0.08298057313828927,-0.9965511650094244,1323.687782492027,-0.8187769692669892,-0.574111726581128,1032.435172550151,0.9169216831859685,-0.39906719597507695,911.9970095996258
0.08298057313828927,-0.9965511650094244,1323.687782492027,-0.8187769692669892,-0.574111726581128,1032.435172550151,0.9169216831859685,-0.39906719597507695,911.9970095996258,0,0.08228822081971952,-0.996608573470209,1349.9102426789716,-0.8062384040533495,-0.5915907671942725,1047.8554400725322,0.90657449528046,-0.4220458322350538,922.7175858785829
0.08228822081971952,-0.996608573470209,1349.9102426789716,-0.8062384040533495,-0.5915907671942725,1047.8554400725322,0.90657449528046,-0.4220458322350538,922.7175858785829,45,0.3120386752159894,-0.9500694001858234,1374.6760771272627,-0.6295538032024506,-0.7769568899709495,1068.451476214994,0.9754138660437783,-0.22038101081883157,927.6565296627842
0.3120386752159894,-0.9500694001858234,1374.6760771272627,-0.6295538032024506,-0.7769568899709495,1068.451476214994,0.9754138660437783,-0.22038101081883157,927.6565296627842,45,0.4907094784240611,-0.8713232510295968,1393.4631787550936,-0.45156762777764153,-0.8922368954169477,1087.8654468941688,0.999111038526872,-0.042156051686031516,928.1338430130916
0.4907094784240611,-0.8713232510295968,1393.4631787550936,-0.45156762777764153,-0.8922368954169477,1087.8654468941688,0.999111038526872,-0.042156051686031516,928.1338430130916,-45,0.226023128270587,-0.9741219356357692,1416.7586024918219,-0.6704456032782251,-0.7419586868855279,1105.484969474746,0.9402473799999671,-0.34049209154281024,936.0213981178957
0.226023128270587,-0.9741219356357692,1416.7586024918219,-0.6704456032782251,-0.7419586868855279,1105.484969474746,0.9402473799999671,-0.34049209154281024,936.0213981178957,-90,-0.4433366110149063,-0.8963552026589781,1435.5841146666467,-0.9871161874233393,-0.16000510156495282,1107.7988582243709,0.4953261493240902,-0.8687070886068382,955.1137682408416
-0.9621208499784211,0.2726233116165979,1425.4059829237178,-0.31780307150376996,0.948156742180727,1039.0325770420916,-0.7648604683033713,-0.6441959826223287,1013.0553272920142,-90,-0.6727817869606031,0.7398409742195262,1407.7079932407005,0.24747188591892597,0.9688950746493297,1016.6439859821924,-0.9879536900281494,-0.15474981860979173,1015.7753463407939
-0.6727817869606031,0.7398409742195262,1407.7079932407005,0.24747188591892597,0.9688950746493297,1016.6439859821924,-0.9879536900281494,-0.15474981860979173,1015.7753463407939,45,-0.8636119161734384,0.5041571761298673,1396.9079569453959,-0.042160108815008694,0.9991108673339043,995.1474263531811,-0.8936545970701287,-0.4487554580564183,1025.4352442633128
-0.8636119161734384,0.5041571761298673,1396.9079569453959,-0.042160108815008694,0.9991108673339043,995.1474263531811,-0.8936545970701287,-0.4487554580564183,1025.4352442633128,-90,0.07882771064911664,0.9968882545369963,1384.8434167563205,0.8860159104006237,0.4636548355371203,991.9618182840104,-0.7989483693256788,0.6013996201793269,1015.637853239687
0.07882771064911664,0.9968882545369963,1384.8434167563205,0.8860159104006237,0.4636548355371203,991.9618182840104,-0.7989483693256788,0.6013996201793269,1015.637853239687,45,-0.13940478682148771,0.9902354797780453,1359.2088153605575,0.7789023018425583,0.6271452815611103,975.2216382719623,-0.9188079769542181,0.39470482830248843,1005.4455150597918
-0.13940478682148771,0.9902354797780453,1359.2088153605575,0.7789023018425583,0.6271452815611103,975.2216382719623,-0.9188079769542181,0.39470482830248843,1005.4455150597918,90,-0.6767927047517903,0.7361736444581237,1345.9368675557184,0.2993969254420397,0.9541286501493673,957.1514673476189,-0.9788410043008092,-0.20462230645602456,1009.8860388408683
-0.6767927047517903,0.7361736444581237,1345.9368675557184,0.2993969254420397,0.9541286501493673,957.1514673476189,-0.9788410043008092,-0.20462230645602456,1009.8860388408683,90,-0.9836092988371684,0.18031291479273992,1343.5894225367101,-0.32988025558490325,0.944022784139895,941.332914729178,-0.6598968207457724,-0.7513562310712688,1023.1809499558375
-0.9836092988371684,0.18031291479273992,1343.5894225367101,-0.32988025558490325,0.944022784139895,941.332914729178,-0.6598968207457724,-0.7513562310712688,1023.1809499558375,90,-0.8866015823866298,-0.46253392752264566,1357.0580266126426,-0.8444588698328811,0.5356204039808166,925.9102805314345,-0.07561781902730184,-0.9971368739774666,1051.973957659504
-0.8866015823866298,-0.46253392752264566,1357.0580266126426,-0.8444588698328811,0.5356204039808166,925.9102805314345,-0.07561781902730184,-0.9971368739774666,1051.973957659504,45,-0.7115177146085827,-0.7026681590894662,1375.9424004264315,-0.9682160645317863,0.25011527818703866,918.9552161510647,0.20186442902113275,-0.9794134736136583,1078.2893346830665
-0.7115177146085827,-0.7026681590894662,1375.9424004264315,-0.9682160645317863,0.25011527818703866,918.9552161510647,0.20186442902113275,-0.9794134736136583,1078.2893346830665,45,-0.4257941919957464,-0.9048200407057138,1397.2851324385872,-0.9931304870697483,-0.11701211754602427,921.6421764079158,0.5112320015022427,-0.8594427500654194,1098.3122968144899
-0.4257941919957464,-0.9048200407057138,1397.2851324385872,-0.9931304870697483,-0.11701211754602427,921.6421764079158,0.5112320015022427,-0.8594427500654194,1098.3122968144899,-45,-0.713541540791428,-0.7006129242063658,1414.0709401460203,-0.9749584624423119,0.22238704214077545,915.7135708099175,0.16515504012365115,-0.986267617192086,1122.3445031564283
-0.713541540791428,-0.7006129242063658,1414.0709401460203,-0.9749584624423119,0.22238704214077545,915.7135708099175,0.16515504012365115,-0.986267617192086,1122.3445031564283,90,-0.03324107393784726,-0.9994473627977907,1433.4022084684048,-0.8500790438487122,-0.5266551235953745,926.8158237978569,0.7915536176334139,-0.611099722149712,1133.024859057426
-0.9170116683673996,-0.39886037667088253,1462.542341402696,-0.8519514944923302,0.5236207129519277,879.5868236823925,-0.24522119254393748,-0.9694671560848924,1212.1640897154477,-90,-0.9777655400809946,0.2097010935358254,1457.225995924455,-0.38252297592737605,0.9239459794206932,859.5073956622015,-0.7640962388539054,-0.6451022692328059,1225.3284307474548
-0.9777655400809946,0.2097010935358254,1457.225995924455,-0.38252297592737605,0.9239459794206932,859.5073956622015,-0.7640962388539054,-0.6451022692328059,1225.3284307474548,90,-0.8635858391072048,-0.5042018430088341,1469.3210006175505,-0.9101241681653257,0.4143356109742124,851.2058522212826,-0.14058435515296647,-0.9900687042252293,1247.404490474425
-0.9706895447431646,0.24033686302002827,1442.7297954333376,-0.3392415144621524,0.9406993116110085,777.5966966436522,-0.7893822627494239,-0.6139019817988858,1286.701326116951,0,-0.9734891315618258,0.2287332742103827,1438.6217066688553,-0.34668819723268685,0.9379804336443003,761.0984265512641,-0.7827300351401745,-0.6223613838353576,1297.5710288453615
-0.5528998307199974,0.8332477285836417,1373.5074654076227,0.4586420457999748,0.8886211081357531,694.0380087073563,-0.9986582388168446,0.05178534583488156,1288.8765610136884,90,-0.9203867332126693,0.3910092854730062,1364.3757420879367,-0.0943426220191513,0.9955397880901353,670.2336052437303,-0.8622556350678988,-0.5064733159739557,1301.2297620320587
-0.8326380385202187,0.5538175663602616,1328.4166380206025,0.14303551060100975,0.9897175570369096,581.0745599060076,-0.9414792696710174,-0.3370708898432611,1345.426331008116,0,-0.8480191418699099,0.5299655979610579,1315.0002620735556,0.13654799036988977,0.9906334571000237,556.3509047835907,-0.931039841060606,-0.36491754460129955,1354.303455379746
-0.8480191418699099,0.5299655979610579,1315.0002620735556,0.13654799036988977,0.9906334571000237,556.3509047835907,-0.931039841060606,-0.36491754460129955,1354.303455379746,45,-0.983962071751173,0.1783778051079771,1311.3513035059675,-0.23359712933193935,0.9723334722037893,535.9291009142908,-0.7328915514343651,-0.6803454812344456,1368.7347154239933
-0.8439973261796668,0.5363473812759535,1240.4480621476098,0.2942503904445159,0.9557283650301742,421.27619786282725,-0.9328951355714314,-0.36014811678969044,1403.8237050590649,-90,-0.2999325497903826,0.9539604109061548,1224.4011205462898,0.8608375452415795,0.5088798686354684,413.413236356808,-0.9479767260387405,0.3183396407751801,1397.5978906663427
-0.2999325497903826,0.9539604109061548,1224.4011205462898,0.8608375452415795,0.5088798686354684,413.413236356808,-0.9479767260387405,0.3183396407751801,1397.5978906663427,-45,0.022233577574026483,0.9997528034610654,1197.2510861287285,0.989836033406183,0.14221331502610393,409.24555371612774,-0.8053946883026983,0.5927388936570632,1380.8581111889882
0.022233577574026483,0.9997528034610654,1197.2510861287285,0.989836033406183,0.14221331502610393,409.24555371612774,-0.8053946883026983,0.5927388936570632,1380.8581111889882,0,0.02249840569555194,0.9997468788354172,1177.6660073663543,0.995478654668523,0.09498551520809613,406.91751609657945,-0.8122309499755722,0.5833359957192591,1369.3408724295825
0.02249840569555194,0.9997468788354172,1177.6660073663543,0.995478654668523,0.09498551520809613,406.91751609657945,-0.8122309499755722,0.5833359957192591,1369.3408724295825,0,0.011852983095050404,0.9999297509284082,1150.0868344343266,0.999268869655592,0.038232527214866224,404.88898075789865,-0.8280114102712537,0.5607112487373599,1353.7182449605864
0.011852983095050404,0.9999297509284082,1150.0868344343266,0.999268869655592,0.038232527214866224,404.88898075789865,-0.8280114102712537,0.5607112487373599,1353.7182449605864,45,-0.25141488646658067,0.9678794113230204,1123.243868915829,0.9734397845041071,0.2289431937066433,397.08234543605687,-0.9504499513033228,0.3108776126830484,1345.3160182860381
-0.25141488646658067,0.9678794113230204,1123.243868915829,0.9734397845041071,0.2289431937066433,397.08234543605687,-0.9504499513033228,0.3108776126830484,1345.3160182860381,-45,0.019308259019194134,0.9998135781902783,1097.3284201719057,0.9943431568467302,-0.10621528342041361,399.4945578064487,-0.8404512056276561,0.5418872308506811,1330.676633039361
0.019308259019194134,0.9998135781902783,1097.3284201719057,0.9943431568467302,-0.10621528342041361,399.4945578064487,-0.8404512056276561,0.5418872308506811,1330.676633039361,90,-0.6652671680081158,0.746605381155575,1081.7860122926438,0.8346324655259133,0.5508072689154848,386.4318004409316,-0.9844526023887759,-0.1756504302584164,1335.2542590802773
-0.6652671680081158,0.746605381155575,1081.7860122926438,0.8346324655259133,0.5508072689154848,386.4318004409316,-0.9844526023887759,-0.1756504302584164,1335.2542590802773,0,-0.668939580615724,0.7433167813830515,1061.674356281473,0.8723743009956338,0.48883849987739225,372.4353887396846,-0.9830143908125897,-0.18352849221674863,1340.0572968293857
-0.668939580615724,0.7433167813830515,1061.674356281473,0.8723743009956338,0.48883849987739225,372.4353887396846,-0.9830143908125897,-0.18352849221674863,1340.0572968293857,0,-0.6822383410166908,0.7311298421257291,1040.7783745008971,0.9040751951734896,0.42737342157885394,359.3554574912283,-0.9790492449309873,-0.2036236135620412,1345.6157344608935
-0.6822383410166908,0.7311298421257291,1040.7783745008971,0.9040751951734896,0.42737342157885394,359.3554574912283,-0.9790492449309873,-0.2036236135620412,1345.6157344608935,-90,-0.0822660578144928,0.9966104031825388,1022.6437475896481,0.9622005504798855,-0.2723418819355653,364.4883461569108,-0.8994401363097562,0.43704398084756546,1337.0225108367472
-0.0822660578144928,0.9966104031825388,1022.6437475896481,0.9622005504798855,-0.2723418819355653,364.4883461569108,-0.8994401363097562,0.43704398084756546,1337.0225108367472,0,-0.08153071888952164,0.9966708292497367,994.9970343050928,0.9392590906131568,-0.34320891698868433,373.066720944029,-0.9062525240600667,0.42273675335219935,1325.0690466069796
-0.08153071888952164,0.9966708292497367,994.9970343050928,0.9392590906131568,-0.34320891698868433,373.066720944029,-0.9062525240600667,0.42273675335219935,1325.0690466069796,0,-0.0811210545770264,0.9967042562888507,977.0384514919051,0.9223310951756715,-0.38640050578647844,379.67572439346185,-0.9106473190478477,0.4131845354208788,1317.5063930371268
-0.0811210545770264,0.9967042562888507,977.0384514919051,0.9223310951756715,-0.38640050578647844,379.67572439346185,-0.9106473190478477,0.4131845354208788,1317.5063930371268,90,-0.723316542680205,0.6905166030481491,962.3600399367433,0.9669951681913364,0.2547947108842902,372.37256406326446,-0.955313220439555,-0.29559541751083707,1324.9455107539518
-0.723316542680205,0.6905166030481491,962.3600399367433,0.9669951681913364,0.2547947108842902,372.37256406326446,-0.955313220439555,-0.29559541751083707,1324.9455107539518,45,-0.9372524399031203,0.3486514934653914,954.2764289729942,0.8306761901730414,0.5567558415316368,359.0189728878545,-0.7667882454256972,-0.6419001376203162,1339.6422145085792
-0.9372524399031203,0.3486514934653914,954.2764289729942,0.8306761901730414,0.5567558415316368,359.0189728878545,-0.7667882454256972,-0.6419001376203162,1339.6422145085792,45,-0.9986624329998599,0.05170439937568539,953.2910818431326,0.6690864844274751,0.7431845506712865,343.9255249638357,-0.5498295442195273,-0.8352768836160539,1356.2479591585197
-0.9986624329998599,0.05170439937568539,953.2910818431326,0.6690864844274751,0.7431845506712865,343.9255249638357,-0.5498295442195273,-0.8352768836160539,1356.2479591585197,45,-0.9466718942439772,-0.3221992002605221,960.9337565810663,0.39145500555633206,0.9201972498464077,322.0592562510818,-0.22020912921916574,-0.9754526843514947,1379.2291486685597
-0.9466718942439772,-0.3221992002605221,960.9337565810663,0.39145500555633206,0.9201972498464077,322.0592562510818,-0.22020912921916574,-0.9754526843514947,1379.2291486685597,90,-0.4801497492655875,-0.8771865356240903,979.4191729499938,-0.3503169887814187,0.9366312013653609,303.59393330903373,0.48221849104032843,-0.876050984189156,1396.0911991492712
-0.4801497492655875,-0.8771865356240903,979.4191729499938,-0.3503169887814187,0.9366312013653609,303.59393330903373,0.48221849104032843,-0.876050984189156,1396.0911991492712,90,0.16826180269599383,-0.9857423424777362,999.3005687512691,-0.8884448590634126,0.4589833683302618,294.7114295486519,0.9184014813729138,-0.39564974284338617,1402.9426883185963
0.16826180269599383,-0.9857423424777362,999.3005687512691,-0.8884448590634126,0.4589833683302618,294.7114295486519,0.9184014813729138,-0.39564974284338617,1402.9426883185963,-45,-0.19615449814537647,-0.9805730023090252,1021.8098250039731,-0.7006522155537077,0.7135029592368071,277.540552847057,0.7041489939775384,-0.7100522475708535,1419.5185234700707
-0.19615449814537647,-0.9805730023090252,1021.8098250039731,-0.7006522155537077,0.7135029592368071,277.540552847057,0.7041489939775384,-0.7100522475708535,1419.5185234700707,90,0.48470963259945815,-0.8746751237261171,1035.2143765737462,-0.9996816507433184,0.02523087725613165,277.6540391655954,0.996046496082825,-0.0888334263727729,1419.873573761048
0.48470963259945815,-0.8746751237261171,1035.2143765737462,-0.9996816507433184,0.02523087725613165,277.6540391655954,0.996046496082825,-0.0888334263727729,1419.873573761048,45,0.7555017796665637,-0.6551465949851643,1047.695898483033,-0.9194711709919384,-0.39315743120881436,285.0579865539115,0.9657020790497511,0.2596526420412243,1414.3677229413042
0.7555017796665637,-0.6551465949851643,1047.695898483033,-0.9194711709919384,-0.39315743120881436,285.0579865539115,0.9657020790497511,0.2596526420412243,1414.3677229413042,45,0.9043690258959656,-0.4267512917379189,1058.049229548063,-0.7226929033631967,-0.6911692755240739,302.10649140203856,0.8562551195585125,0.5165531630237468,1400.9657569502724
0.9043690258959656,-0.4267512917379189,1058.049229548063,-0.7226929033631967,-0.6911692755240739,302.10649140203856,0.8562551195585125,0.5165531630237468,1400.9657569502724,90,0.978665663447199,0.20545928839907404,1052.0776721902475,-0.13355598764451912,-0.9910412696574735,324.17129472124765,0.3567075053367829,0.9342161182705043,1379.8589160929641
0.978665663447199,0.20545928839907404,1052.0776721902475,-0.13355598764451912,-0.9910412696574735,324.17129472124765,0.3567075053367829,0.9342161182705043,1379.8589160929641,-45,0.9830419035333107,-0.18338106744592025,1056.0851121465544,-0.45822130843366804,-0.8888381362752935,342.0571941906792,0.6796947896740354,0.7334950530780483,1365.0368801236104
0.9830419035333107,-0.18338106744592025,1056.0851121465544,-0.45822130843366804,-0.8888381362752935,342.0571941906792,0.6796947896740354,0.7334950530780483,1365.0368801236104,0,0.9785104784530307,-0.20619709880990272,1061.3944780766574,-0.42564632676481706,-0.9048896090195857,366.7015108935604,0.6881998343562892,0.7255211836962282,1344.9838951049264
0.9785104784530307,-0.20619709880990272,1061.3944780766574,-0.42564632676481706,-0.9048896090195857,366.7015108935604,0.6881998343562892,0.7255211836962282,1344.9838951049264,90,0.8663723055212118,0.49939866662403093,1050.176662829688,0.28331785138003085,-0.95902606590718,385.08376121579056,0.012134475186456562,0.9999263745456208,1325.2972735020999
0.8663723055212118,0.49939866662403093,1050.176662829688,0.28331785138003085,-0.95902606590718,385.08376121579056,0.012134475186456562,0.9999263745456208,1325.2972735020999,-45,0.9893076821596881,0.1458434435270421,1046.2607067312622,-0.060885714213532234,-0.9981447439147831,410.53490283994125,0.36319384818964895,0.9317135979673122,1301.5370092509088
0.9893076821596881,0.1458434435270421,1046.2607067312622,-0.060885714213532234,-0.9981447439147831,410.53490283994125,0.36319384818964895,0.9317135979673122,1301.5370092509088,-45,0.9873970597185638,-0.1582625870480287,1049.9125502885752,-0.3199271391554272,-0.9474421489631036,432.4302987227652,0.6180432530953905,0.7861440944911225,1283.3078365121364
0.9873970597185638,-0.1582625870480287,1049.9125502885752,-0.3199271391554272,-0.9474421489631036,432.4302987227652,0.6180432530953905,0.7861440944911225,1283.3078365121364,-90,0.6671944165210522,-0.744883622160625,1066.631944180489,-0.8145057302318449,-0.5801555096864022,443.781595321674,0.9760035138451576,0.2177547725353113,1279.406465649697
0.6671944165210522,-0.744883622160625,1066.631944180489,-0.8145057302318449,-0.5801555096864022,443.781595321674,0.9760035138451576,0.2177547725353113,1279.406465649697,90,0.9877027802561401,-0.15634326936037585,1068.8997465742848,-0.23606161217477528,-0.971738089845945,465.43066962391936,0.610959744270989,0.7916616643998419,1261.2841187561867
0.9877027802561401,-0.15634326936037585,1068.8997465742848,-0.23606161217477528,-0.971738089845945,465.43066962391936,0.610959744270989,0.7916616643998419,1261.2841187561867,-90,0.6811123035930606,-0.7321789602919182,1084.5923894890882,-0.754988845286625,-0.6557376331222484,477.80834163673825,0.9700541986361466,0.24288855820804592,1257.175155393094
0.6811123035930606,-0.7321789602919182,1084.5923894890882,-0.754988845286625,-0.6557376331222484,477.80834163673825,0.9700541986361466,0.24288855820804592,1257.175155393094,45,0.8293459514969967,-0.5587354407369745,1098.6299729432471,-0.5462345743294558,-0.8376322521292493,499.4710576692908,0.8889565978727492,0.4579914487176669,1244.8467766955416
0.8293459514969967,-0.5587354407369745,1098.6299729432471,-0.5462345743294558,-0.8376322521292493,499.4710576692908,0.8889565978727492,0.4579914487176669,1244.8467766955416,90,0.9999904706735478,0.004365611308415131,1097.0157086532536,0.03860260371820942,-0.9992546417135999,525.3807238869732,0.4644695619155148,0.8855890841998956,1221.236072605129
0.9999904706735478,0.004365611308415131,1097.0157086532536,0.03860260371820942,-0.9992546417135999,525.3807238869732,0.4644695619155148,0.8855890841998956,1221.236072605129,45,0.9707599421660983,0.24005235821727208,1090.7002903993057,0.2806389859463686,-0.9598133983056258,548.3075810866835,0.2260154250429744,0.9741237229647185,1197.7501590386578
0.9707599421660983,0.24005235821727208,1090.7002903993057,0.2806389859463686,-0.9598133983056258,548.3075810866835,0.2260154250429744,0.9741237229647185,1197.7501590386578,-90,0.927961035694129,-0.3726772279513191,1099.5608375339912,-0.3019494723480104,-0.9533239303346781,570.1894031271119,0.749635755328832,0.6618506133052772,1182.6486255175084
0.927961035694129,-0.3726772279513191,1099.5608375339912,-0.3019494723480104,-0.9533239303346781,570.1894031271119,0.749635755328832,0.6618506133052772,1182.6486255175084,45,0.9928416507798069,-0.11943808637460661,1102.0652093479337,-0.020756151796842596,-0.9997845678757932,596.0331917394407,0.5426864115280329,0.8399353896240035,1160.7071799791302
0.9928416507798069,-0.11943808637460661,1102.0652093479337,-0.020756151796842596,-0.9997845678757932,596.0331917394407,0.5426864115280329,0.8399353896240035,1160.7071799791302,0,0.9892235072585815,-0.1464132940925485,1105.4288079544665,-0.023808313307713793,-0.9997165419344834,622.0406815117744,0.5562292431627947,0.8310288978432366,1138.9211989666505
0.9892235072585815,-0.1464132940925485,1105.4288079544665,-0.023808313307713793,-0.9997165419344834,622.0406815117744,0.5562292431627947,0.8310288978432366,1138.9211989666505,90,0.8440469843621288,0.5362692310670046,1092.0208721512893,0.6298189468921823,-0.7767419739756712,638.7457594489864,-0.14333275427128755,0.9896745533522657,1116.569009606689
0.8440469843621288,0.5362692310670046,1092.0208721512893,0.6298189468921823,-0.7767419739756712,638.7457594489864,-0.14333275427128755,0.9896745533522657,1116.569009606689,45,0.7075603402779715,0.706652930982191,1073.4651270520355,0.7738914931554741,-0.6333182113452848,654.3843052800418,-0.3783097400792004,0.9256790699595664,1092.9124516615423
0.7075603402779715,0.706652930982191,1073.4651270520355,0.7738914931554741,-0.6333182113452848,654.3843052800418,-0.3783097400792004,0.9256790699595664,1092.9124516615423,-90,0.998263149305678,0.05891251767077697,1073.0071781920578,0.1730841583357327,-0.9849070383204757,674.3360026364326,0.3200445163396344,0.9474025055703249,1074.1371210658733
0.998263149305678,0.05891251767077697,1073.0071781920578,0.1730841583357327,-0.9849070383204757,674.3360026364326,0.3200445163396344,0.9474025055703249,1074.1371210658733,45,0.921811110815887,0.38763936329580956,1064.6402870322574,0.492585340739196,-0.8702641450093472,691.7026968084824,-0.031562210767499134,0.9995017893187925,1053.8961823501058
0.921811110815887,0.38763936329580956,1064.6402870322574,0.492585340739196,-0.8702641450093472,691.7026968084824,-0.031562210767499134,0.9995017893187925,1053.8961823501058,-90,0.948046843541062,-0.31813076313338395,1072.8791595312168,-0.17677856879054993,-0.9842506477601957,715.87061048517,0.6317152741924021,0.7752004981629064,1035.0540521907105
0.948046843541062,-0.31813076313338395,1072.8791595312168,-0.17677856879054993,-0.9842506477601957,715.87061048517,0.6317152741924021,0.7752004981629064,1035.0540521907105,-90,0.5129096291421938,-0.8584426086426612,1091.0576992199233,-0.7543408891098923,-0.6564829190595115,728.2078432886262,0.9859784777988541,0.16687253014638057,1032.6476993762549
0.5129096291421938,-0.8584426086426612,1091.0576992199233,-0.7543408891098923,-0.6564829190595115,728.2078432886262,0.9859784777988541,0.16687253014638057,1032.6476993762549,45,0.7704664637960891,-0.6374805315972792,1107.0145923479581,-0.4613372922049258,-0.8872248321710946,750.933517477623,0.8750344753255085,0.4840606026024138,1019.8123963118489
0.7704664637960891,-0.6374805315972792,1107.0145923479581,-0.4613372922049258,-0.8872248321710946,750.933517477623,0.8750344753255085,0.4840606026024138,1019.8123963118489,90,0.9990601123067657,-0.043346187809225674,1106.8533084368783,0.1793753373412964,-0.9837807115174073,770.124773265776,0.39560806450448516,0.9184194353883279,1001.3874846420156
0.9990601123067657,-0.043346187809225674,1106.8533084368783,0.1793753373412964,-0.9837807115174073,770.124773265776,0.39560806450448516,0.9184194353883279,1001.3874846420156,0,0.9980572161395981,-0.062304039288600635,1108.0287257262466,0.17651250399178126,-0.9842983978116349,793.7373224401949,0.40194469891179324,0.9156639443686247,979.3296365547864
0.9980572161395981,-0.062304039288600635,1108.0287257262466,0.17651250399178126,-0.9842983978116349,793.7373224401949,0.40194469891179324,0.9156639443686247,979.3296365547864,45,0.9855390952022913,0.169448198066102,1103.1268442850305,0.4070524209215295,-0.913404798882687,816.7658382806237,0.16162010448982728,0.9868530497620693,954.1754736851341
