red_sin_t,red_cos_t,red_dist_t,green_sin_t,green_cos_t,green_dist_t,blue_sin_t,blue_cos_t,blue_dist_t,action,red_sin_t1,red_cos_t1,red_dist_t1,green_sin_t1,green_cos_t1,green_dist_t1,blue_sin_t1,blue_cos_t1,blue_dist_t1
0.9855436313266646,0.16942181309220936,1103.1266512682803,0.4070293951467178,-0.9134150598093382,816.768662926272,0.16164468539715313,0.9868490237533072,954.1726095096054,-90,0.5095671732461841,-0.8604308780778928,1119.922220738427,-0.691463683295643,-0.7224112227002171,827.5402712277452,0.9821647726465403,0.18802223105837715,953.4722756869704
0.5095671732461841,-0.8604308780778928,1119.922220738427,-0.691463683295643,-0.7224112227002171,827.5402712277452,0.9821647726465403,0.18802223105837715,953.4722756869704,90,0.9374555305532779,-0.3481050534466172,1126.4590344428555,-0.063443275653422,-0.9979854461736223,849.9691031313608,0.6412591334095434,0.7673243928214725,935.4635408597868
0.9374555305532779,-0.3481050534466172,1126.4590344428555,-0.063443275653422,-0.9979854461736223,849.9691031313608,0.6412591334095434,0.7673243928214725,935.4635408597868,45,0.9939550781228877,-0.10978753423647057,1128.9760462768463,0.19785698596921608,-0.980230897851714,875.8955834269858,0.4251950124304896,0.9051017630102351,911.3913501163481
0.9939550781228877,-0.10978753423647057,1128.9760462768463,0.19785698596921608,-0.980230897851714,875.8955834269858,0.4251950124304896,0.9051017630102351,911.3913501163481,45,0.9934692125633502,0.1141004981967951,1125.5533546714967,0.4195927955768618,-0.9077124467032464,898.0214887252198,0.19683793569135327,0.9804360392563947,887.1822553524502
0.9934692125633502,0.1141004981967951,1125.5533546714967,0.4195927955768618,-0.9077124467032464,898.0214887252198,0.19683793569135327,0.9804360392563947,887.1822553524502,90,0.7791966138733287,0.6267795760299937,1110.7724754586332,0.835849906553729,-0.5489580436737606,909.2554603831094,-0.38047662775142077,0.9247905361404315,866.9190805585605
0.7791966138733287,0.6267795760299937,1110.7724754586332,0.835849906553729,-0.5489580436737606,909.2554603831094,-0.38047662775142077,0.9247905361404315,866.9190805585605,45,0.5867208608597052,0.8097892512450672,1089.7306652115558,0.9466629752803051,-0.3222254043886677,917.1344300059943,-0.6359516714129427,0.7717288847950973,846.9330331864616
0.5867208608597052,0.8097892512450672,1089.7306652115558,0.9466629752803051,-0.3222254043886677,917.1344300059943,-0.6359516714129427,0.7717288847950973,846.9330331864616,45,0.3361026179163924,0.9418253714090248,1067.5658841426603,0.9980527632059807,-0.06237533051540966,917.9422405496438,-0.8435651705858863,0.5370268177422841,834.4416318624689
0.3361026179163924,0.9418253714090248,1067.5658841426603,0.9980527632059807,-0.06237533051540966,917.9422405496438,-0.8435651705858863,0.5370268177422841,834.4416318624689,90,-0.30682927619533035,0.9517645692446477,1049.4491555492577,0.8428139590674292,0.5382050077815013,906.1181877012788,-0.9946091172814127,-0.10369524492805454,837.6686756009502
-0.30682927619533035,0.9517645692446477,1049.4491555492577,0.8428139590674292,0.5382050077815013,906.1181877012788,-0.9946091172814127,-0.10369524492805454,837.6686756009502,-90,0.32847354876758106,0.9445131697123293,1027.3258704335951,0.9953561671525888,-0.09626058648952701,908.3593672452242,-0.8723738052050704,0.48883938465719595,825.6926571443784
0.32847354876758106,0.9445131697123293,1027.3258704335951,0.9953561671525888,-0.09626058648952701,908.3593672452242,-0.8723738052050704,0.48883938465719595,825.6926571443784,0,0.3406017369751825,0.9402076668319019,1001.9264407949842,0.9915749343650238,-0.12953435659700008,911.3083039038462,-0.8842445110699997,0.46702424417001875,812.9049838475004
0.3406017369751825,0.9402076668319019,1001.9264407949842,0.9915749343650238,-0.12953435659700008,911.3083039038462,-0.8842445110699997,0.46702424417001875,812.9049838475004,90,-0.2729186232723337,0.9620371225015872,979.8798504403869,0.8940975151830506,0.447872340453722,899.5852118054603,-0.9874577744500628,-0.15788332298925353,817.4617063196753
-0.2729186232723337,0.9620371225015872,979.8798504403869,0.8940975151830506,0.447872340453722,899.5852118054603,-0.9874577744500628,-0.15788332298925353,817.4617063196753,-45,0.07811517572009721,0.9969443411355613,955.041100578708,0.996462206128454,0.08404208325365575,897.1380985080222,-0.9865778418685655,0.16329164685912081,813.0349462320729
0.07811517572009721,0.9969443411355613,955.041100578708,0.996462206128454,0.08404208325365575,897.1380985080222,-0.9865778418685655,0.16329164685912081,813.0349462320729,-90,0.638378562565902,0.7697225544677074,936.451913525457,0.8596724582490427,-0.5108456366927763,910.0859884348786,-0.7388264281058349,0.6738957702288786,795.7360029215029
0.638378562565902,0.7697225544677074,936.451913525457,0.8596724582490427,-0.5108456366927763,910.0859884348786,-0.7388264281058349,0.6738957702288786,795.7360029215029,45,0.3559593354924912,0.9345014454112653,914.3867158467386,0.9749367160942761,-0.22248235797768057,914.6687698817449,-0.9305504510147251,0.3661637039853781,787.1780447376467
0.3559593354924912,0.9345014454112653,914.3867158467386,0.9749367160942761,-0.22248235797768057,914.6687698817449,-0.9305504510147251,0.3661637039853781,787.1780447376467,-45,0.677591117606016,0.7354388331747449,896.6990439423464,0.8207159832484509,-0.5713363937651168,928.5991553986672,-0.755568863811625,0.6550692269053784,770.8291220543747
0.677591117606016,0.7354388331747449,896.6990439423464,0.8207159832484509,-0.5713363937651168,928.5991553986672,-0.755568863811625,0.6550692269053784,770.8291220543747,90,0.02175923310292193,0.9997632398597044,882.9071311594035,0.9951284281874905,0.09858707528421075,925.7383573408462,-0.9996872077184384,-0.025009732587771137,772.4624950456354
0.02175923310292193,0.9997632398597044,882.9071311594035,0.9951284281874905,0.09858707528421075,925.7383573408462,-0.9996872077184384,-0.025009732587771137,772.4624950456354,0,0.025226561838848728,0.9996817596504354,858.3133163638835,0.9975971714575482,0.06928119153059657,923.5822199715454,-0.9985479015655923,-0.05387103376539482,773.5242291276776
0.025226561838848728,0.9996817596504354,858.3133163638835,0.9975971714575482,0.06928119153059657,923.5822199715454,-0.9985479015655923,-0.05387103376539482,773.5242291276776,45,-0.2610925647617295,0.965313769002671,841.1873545731817,0.9444872698541302,0.32854801336104805,917.2099026361565,-0.9363071086841899,-0.351182286323574,779.9684541658255
-0.2610925647617295,0.965313769002671,841.1873545731817,0.9444872698541302,0.32854801336104805,917.2099026361565,-0.9363071086841899,-0.351182286323574,779.9684541658255,90,-0.7774191382177247,0.6289828960574446,825.2442371369058,0.6056127438610864,0.795759514220877,896.0479735637336,-0.5582789465989744,-0.8296533118021886,801.7255109622455
-0.7774191382177247,0.6289828960574446,825.2442371369058,0.6056127438610864,0.795759514220877,896.0479735637336,-0.5582789465989744,-0.8296533118021886,801.7255109622455,90,-0.999816176224882,-0.019173256349817255,826.4341530755404,-0.02294415049286005,0.9997367483283592,873.1839218456131,0.07582748908138888,-0.9971209514896434,824.4668855507088
-0.999816176224882,-0.019173256349817255,826.4341530755404,-0.02294415049286005,0.9997367483283592,873.1839218456131,0.07582748908138888,-0.9971209514896434,824.4668855507088,90,-0.7188065898567415,-0.6952101023277223,842.4053203295857,-0.6978835922213187,0.7162112060756017,857.7517051685714,0.7082313007983589,-0.7059804703881435,839.3494836595731
-0.7188065898567415,-0.6952101023277223,842.4053203295857,-0.6978835922213187,0.7162112060756017,857.7517051685714,0.7082313007983589,-0.7059804703881435,839.3494836595731,-45,-0.913354862121912,-0.4071644579752304,850.287482776466,-0.3983335735005717,0.9172406250391795,838.6014052971407,0.39465157472674595,-0.918830851988384,858.458281436168
-0.913354862121912,-0.4071644579752304,850.287482776466,-0.3983335735005717,0.9172406250391795,838.6014052971407,0.39465157472674595,-0.918830851988384,858.458281436168,90,-0.4216110949507641,-0.9067767556650411,862.6486356704446,-0.9066459090491203,0.42189239813546564,833.901056855116,0.8922358507847328,-0.45156969182446693,863.3860781273228
-0.4216110949507641,-0.9067767556650411,862.6486356704446,-0.9066459090491203,0.42189239813546564,833.901056855116,0.8922358507847328,-0.45156969182446693,863.3860781273228,45,-0.07880075957532079,-0.9968903852933644,885.514750952032,-0.9985805801209777,0.05326185319017323,832.8338022400623,0.9902047078779148,-0.13962319469348017,865.8211490565701
-0.07880075957532079,-0.9968903852933644,885.514750952032,-0.9985805801209777,0.05326185319017323,832.8338022400623,0.9902047078779148,-0.13962319469348017,865.8211490565701,-90,-0.5911169939465548,-0.8065858289528701,904.2809026143348,-0.825444553443078,0.5644832054110712,818.9032365505683,0.7452278701234394,-0.6668098841433607,881.7457087125495
-0.5911169939465548,-0.8065858289528701,904.2809026143348,-0.825444553443078,0.5644832054110712,818.9032365505683,0.7452278701234394,-0.6668098841433607,881.7457087125495,-90,-0.9417912545337962,-0.3361982047597197,910.6691231850072,-0.35388571828408555,0.9352886711569626,798.8104330331131,0.2167351616018215,-0.9762304388439403,902.592155916807
-0.9417912545337962,-0.3361982047597197,910.6691231850072,-0.35388571828408555,0.9352886711569626,798.8104330331131,0.2167351616018215,-0.9762304388439403,902.592155916807,45,-0.7600567631290119,-0.6498566894491808,927.0673814820543,-0.6646038772024319,0.7471958822206496,780.2910289167708,0.5206661992523051,-0.8537603346116279,923.5616805649707
-0.7600567631290119,-0.6498566894491808,927.0673814820543,-0.6646038772024319,0.7471958822206496,780.2910289167708,0.5206661992523051,-0.8537603346116279,923.5616805649707,90,-0.2497127210009798,-0.9683199662148286,948.1009660956487,-0.9778299567341066,0.20940051507428348,775.9058202588137,0.9052160692022762,-0.4249516067247894,932.1391108152809
-0.2497127210009798,-0.9683199662148286,948.1009660956487,-0.9778299567341066,0.20940051507428348,775.9058202588137,0.9052160692022762,-0.4249516067247894,932.1391108152809,90,0.43077890084165654,-0.9024574996029754,967.7579052575752,-0.8664327783191443,-0.4992937418535992,788.3325714370363,0.9695271835085322,0.2449837554574037,924.8224927998507
0.43077890084165654,-0.9024574996029754,967.7579052575752,-0.8664327783191443,-0.4992937418535992,788.3325714370363,0.9695271835085322,0.2449837554574037,924.8224927998507,45,0.6845216436165829,-0.7289925372872152,984.9359157052282,-0.6463357654215708,-0.7630531294326184,806.715735588501,0.8518211103085921,0.5238327939644838,911.7570674505882
0.6845216436165829,-0.7289925372872152,984.9359157052282,-0.6463357654215708,-0.7630531294326184,806.715735588501,0.8518211103085921,0.5238327939644838,911.7570674505882,-90,0.00992760135381365,-0.9999507201514282,1006.5052371692559,-0.9887837167709683,-0.14935448251923827,808.7724478795874,0.9767088303080111,-0.21456901173831394,917.012318591817
0.00992760135381365,-0.9999507201514282,1006.5052371692559,-0.9887837167709683,-0.14935448251923827,808.7724478795874,0.9767088303080111,-0.21456901173831394,917.012318591817,90,0.6068790673200297,-0.7947941857165104,1024.6213481384423,-0.6776999087561515,-0.735338584375867,826.7552159261162,0.9139574002763766,0.4058101409280541,906.2121799341692
0.6068790673200297,-0.7947941857165104,1024.6213481384423,-0.6776999087561515,-0.735338584375867,826.7552159261162,0.9139574002763766,0.4058101409280541,906.2121799341692,90,0.9743558796968012,-0.22501248787627942,1026.5030142513222,-0.03806423370553217,-0.9992752944571434,843.4597075539826,0.4360856303178393,0.8999051744657838,890.4370377893375
0.9743558796968012,-0.22501248787627942,1026.5030142513222,-0.03806423370553217,-0.9992752944571434,843.4597075539826,0.4360856303178393,0.8999051744657838,890.4370377893375,-45,0.8344387824078424,-0.5511006427266415,1061.1575905902243,-0.3123235220928582,-0.9499757984009445,904.9231525755379,0.7231011059273346,0.6907422027114498,844.4470333107045
0.8344387824078424,-0.5511006427266415,1061.1575905902243,-0.3123235220928582,-0.9499757984009445,904.9231525755379,0.7231011059273346,0.6907422027114498,844.4470333107045,-90,0.31555262033545517,-0.9489080797418832,1136.4272590557655,-0.7783767016203738,-0.6277975074612734,951.7904155458806,0.9996845689582313,0.025114987294349043,839.7008247733237
0.31555262033545517,-0.9489080797418832,1136.4272590557655,-0.7783767016203738,-0.6277975074612734,951.7904155458806,0.9996845689582313,0.025114987294349043,839.7008247733237,-90,-0.2632318083612366,-0.9647326132493258,1157.5682922726287,-0.9940804721826506,-0.10864628307088259,953.3958838147823,0.831291867312252,-0.5558361551217311,852.2303627980934
-0.2632318083612366,-0.9647326132493258,1157.5682922726287,-0.9940804721826506,-0.10864628307088259,953.3958838147823,0.831291867312252,-0.5558361551217311,852.2303627980934,-90,-0.7458978628794353,-0.6660603412243452,1171.6793116737063,-0.8956291539421206,0.4448015496925805,942.4876494703631,0.3729488191002065,-0.9278519161653768,873.2458127034851
-0.7458978628794353,-0.6660603412243452,1171.6793116737063,-0.8956291539421206,0.4448015496925805,942.4876494703631,0.3729488191002065,-0.9278519161653768,873.2458127034851,-45,-0.9310417992497341,-0.36491254849596205,1177.0340708912381,-0.6838852533545056,0.7295895834263562,930.8061474006282,0.01434685462585674,-0.9998970785847634,888.9093114816607
-0.9310417992497341,-0.36491254849596205,1177.0340708912381,-0.6838852533545056,0.7295895834263562,930.8061474006282,0.01434685462585674,-0.9998970785847634,888.9093114816607,-90,-0.6241531666146506,0.7813020060161783,1154.3793332346174,0.5202290512113015,0.854026776088308,909.0237208121689,-0.9454647855494835,-0.32572433020250285,894.9014498810469
-0.6241531666146506,0.7813020060161783,1154.3793332346174,0.5202290512113015,0.854026776088308,909.0237208121689,-0.9454647855494835,-0.32572433020250285,894.9014498810469,45,-0.9935598449311637,-0.11330858105351939,1161.6832388159864,-0.42798495590382246,0.9037858582208527,855.7763886354893,-0.2614976580821208,-0.9652041104437787,952.7218835242528
-0.9935598449311637,-0.11330858105351939,1161.6832388159864,-0.42798495590382246,0.9037858582208527,855.7763886354893,-0.2614976580821208,-0.9652041104437787,952.7218835242528,0,-0.9818089901161602,-0.18987129042350137,1173.9790493703795,-0.47749292664902215,0.8786355928370712,787.4787161317948,-0.23146601186947988,-0.9728429911086567,1027.4140783348164
-0.9818089901161602,-0.18987129042350137,1173.9790493703795,-0.47749292664902215,0.8786355928370712,787.4787161317948,-0.23146601186947988,-0.9728429911086567,1027.4140783348164,45,-0.602962198453482,-0.7977697582862763,1214.6542684985056,-0.9541216299185195,0.2994192968424511,771.4266471814673,0.43593046802226093,-0.8999803481464984,1072.656977780707
-0.602962198453482,-0.7977697582862763,1214.6542684985056,-0.9541216299185195,0.2994192968424511,771.4266471814673,0.43593046802226093,-0.8999803481464984,1072.656977780707,0,-0.5836963985484418,-0.8119719910942609,1266.1380077910148,-0.9737137603644751,0.22777513665207944,754.7990558903741,0.407777236026104,-0.9130814453152091,1130.4036158704553
-0.5836963985484418,-0.8119719910942609,1266.1380077910148,-0.9737137603644751,0.22777513665207944,754.7990558903741,0.407777236026104,-0.9130814453152091,1130.4036158704553,-90,-0.9243230691543648,0.38161088012405425,1240.6161884428227,0.0447797785280249,0.9989968825952267,702.0076118008961,-0.7934919239688362,-0.6085807806661615,1157.994624783033
-0.9243230691543648,0.38161088012405425,1240.6161884428227,0.0447797785280249,0.9989968825952267,702.0076118008961,-0.7934919239688362,-0.6085807806661615,1157.994624783033,0,-0.9440756193734277,0.3297290173834855,1216.0987607224554,0.046402124005884074,0.9989228413084479,633.1188481088615,-0.7630291968715704,-0.6463640187398477,1201.3109921376279
-0.9440756193734277,0.3297290173834855,1216.0987607224554,0.046402124005884074,0.9989228413084479,633.1188481088615,-0.7630291968715704,-0.6463640187398477,1201.3109921376279,-90,-0.6008216212163342,0.7993831243396222,1197.1927457747624,0.6219399195905356,0.7830649630903672,615.0307882827618,-0.9927354722510501,-0.1203174224062521,1203.4483866521718
-0.6008216212163342,0.7993831243396222,1197.1927457747624,0.6219399195905356,0.7830649630903672,615.0307882827618,-0.9927354722510501,-0.1203174224062521,1203.4483866521718,90,-0.9641343325698697,0.26541474857296815,1191.5768433048759,0.03260983761689454,0.9994681578172462,591.3275348742121,-0.7161540099997812,-0.6979422855517734,1220.5323975628064
-0.9641343325698697,0.26541474857296815,1191.5768433048759,0.03260983761689454,0.9994681578172462,591.3275348742121,-0.7161540099997812,-0.6979422855517734,1220.5323975628064,45,-0.9936946083385421,-0.11212058401074909,1194.4768962230328,-0.3358006559162623,0.9419330759062493,568.1342232348004,-0.41659958542333353,-0.909090086528891,1243.1010641177209
-0.9936946083385421,-0.11212058401074909,1194.4768962230328,-0.3358006559162623,0.9419330759062493,568.1342232348004,-0.41659958542333353,-0.909090086528891,1243.1010641177209,-45,-0.9878126406829499,0.15564763701058004,1182.7324044542704,-0.023483251966107864,0.9997242304141158,504.50294404114237,-0.6572791038879492,-0.7536472514328268,1290.233785228933
-0.9878126406829499,0.15564763701058004,1182.7324044542704,-0.023483251966107864,0.9997242304141158,504.50294404114237,-0.6572791038879492,-0.7536472514328268,1290.233785228933,-90,-0.7690530022420109,0.6391850121385432,1167.1135164864984,0.5262293088968673,0.8503427041245932,484.6721369807429,-0.9495723151407924,-0.3135481116482056,1296.832464262628
-0.7690530022420109,0.6391850121385432,1167.1135164864984,0.5262293088968673,0.8503427041245932,484.6721369807429,-0.9495723151407924,-0.3135481116482056,1296.832464262628,0,-0.7786212566026086,0.6274941742889528,1151.0754680208593,0.552036463326793,0.8338199704718318,463.2813541245104,-0.9442355351974807,-0.3292707914017385,1305.0257978597358
-0.7786212566026086,0.6274941742889528,1151.0754680208593,0.552036463326793,0.8338199704718318,463.2813541245104,-0.9442355351974807,-0.3292707914017385,1305.0257978597358,90,-0.9986046611394815,0.052808434463646574,1150.3291674596146,-0.025045558084061767,0.9996863108096748,442.70205952573787,-0.5800863139447571,-0.8145550124908598,1322.0583623684433
-0.9986046611394815,0.052808434463646574,1150.3291674596146,-0.025045558084061767,0.9996863108096748,442.70205952573787,-0.5800863139447571,-0.8145550124908598,1322.0583623684433,90,-0.7767150161538778,-0.6298521919316319,1164.53500094138,-0.7040284051193415,0.7101718135670525,427.8174475375449,0.09885282218258341,-0.9951020648890939,1343.380902208134
-0.7767150161538778,-0.6298521919316319,1164.53500094138,-0.7040284051193415,0.7101718135670525,427.8174475375449,0.09885282218258341,-0.9951020648890939,1343.380902208134,-90,-0.985785627678524,-0.16800802439901064,1167.5765706395491,-0.26004945992815587,0.9655952974155759,407.96324381788367,-0.41184015023691034,-0.9112561059618965,1361.9133042548672
-0.985785627678524,-0.16800802439901064,1167.5765706395491,-0.26004945992815587,0.9655952974155759,407.96324381788367,-0.41184015023691034,-0.9112561059618965,1361.9133042548672,-45,-0.9909994737297982,0.1338657651054331,1163.9901040540337,0.06497868175226283,0.9978866523397024,383.21169389218807,-0.671600089488814,-0.7409138410089374,1380.181728011105
-0.9909994737297982,0.1338657651054331,1163.9901040540337,0.06497868175226283,0.9978866523397024,383.21169389218807,-0.671600089488814,-0.7409138410089374,1380.181728011105,90,-0.8240188674770711,-0.5665623584759274,1176.7487439323017,-0.6400271641424744,0.768352281938267,367.19641385265464,-0.014859340078159197,-0.9998895939114686,1401.5037660835058
-0.8240188674770711,-0.5665623584759274,1176.7487439323017,-0.6400271641424744,0.768352281938267,367.19641385265464,-0.014859340078159197,-0.9998895939114686,1401.5037660835058,45,-0.559778314502461,-0.8286424069601941,1195.3111054982005,-0.8971606563012944,0.4417043771404476,357.0494628582012,0.33682143937583203,-0.9415685413058322,1422.3754493548213
-0.559778314502461,-0.8286424069601941,1195.3111054982005,-0.8971606563012944,0.4417043771404476,357.0494628582012,0.33682143937583203,-0.9415685413058322,1422.3754493548213,-90,-0.9518128817371548,-0.3066793735470532,1201.3611848937896,-0.44028396416241083,0.8978585806804059,335.562060682387,-0.328063606705749,-0.9446556356446595,1444.0830088915977
-0.9518128817371548,-0.3066793735470532,1201.3611848937896,-0.44028396416241083,0.8978585806804059,335.562060682387,-0.328063606705749,-0.9446556356446595,1444.0830088915977,-45,-0.9944760776799614,-0.10496347422927371,1203.4577112632792,-0.24366475054193842,0.9698595204169184,311.5419438840459,-0.5245036737032859,-0.8514081842875114,1464.8875119950508
-0.9944760776799614,-0.10496347422927371,1203.4577112632792,-0.24366475054193842,0.9698595204169184,311.5419438840459,-0.5245036737032859,-0.8514081842875114,1464.8875119950508,45,-0.9257549187703499,-0.3781240938799099,1213.664563620661,-0.5264962317336708,0.8501774626336814,288.4253681431819,-0.28133753946425255,-0.9596088728686287,1490.8333216656144
-0.9257549187703499,-0.3781240938799099,1213.664563620661,-0.5264962317336708,0.8501774626336814,288.4253681431819,-0.28133753946425255,-0.9596088728686287,1490.8333216656144,90,-0.4480266570051654,-0.8940201981011257,1234.4210269388195,-0.9741636646754022,0.22584320761579404,284.11418786940226,0.40692899345938727,-0.9134597934677421,1510.6052269698691
-0.41404733190862003,0.9102553526013198,1070.49034199179,0.9677868546431959,-0.2517709355343259,190.99542480829223,-0.9732001698044653,0.22995962578800638,1506.1036525743173,45,-0.8238783504760961,0.566766674758482,1060.1058354178276,0.9844222898099211,0.1758202358245254,186.54989221902545,-0.9533886427565526,-0.3017450842396916,1511.9035360389003
-0.8238783504760961,0.566766674758482,1060.1058354178276,0.9844222898099211,0.1758202358245254,186.54989221902545,-0.9533886427565526,-0.3017450842396916,1511.9035360389003,-45,-0.669170490176458,0.7431089119886795,1040.0295395317626,0.9762384313176173,-0.216699158324433,190.20137512292072,-0.9974151154026273,-0.07185462800936188,1513.9421399441426
-0.669170490176458,0.7431089119886795,1040.0295395317626,0.9762384313176173,-0.216699158324433,190.20137512292072,-0.9974151154026273,-0.07185462800936188,1513.9421399441426,90,-0.9966618345842643,0.08164059947800817,1038.9794751285515,0.9191461623614404,0.39391665643412016,178.86472468991752,-0.6854958371451927,-0.7280765462893387,1531.5575176069622
-0.9966618345842643,0.08164059947800817,1038.9794751285515,0.9191461623614404,0.39391665643412016,178.86472468991752,-0.6854958371451927,-0.7280765462893387,1531.5575176069622,0,-0.9987992374856588,0.04899064398501631,1037.4334200874869,0.9619098015049483,0.27336703123952416,170.29110697396973,-0.6711746905009007,-0.7412992208487881,1550.2078380379903
-0.9987992374856588,0.04899064398501631,1037.4334200874869,0.9619098015049483,0.27336703123952416,170.29110697396973,-0.6711746905009007,-0.7412992208487881,1550.2078380379903,-90,-0.7837928256576758,0.6210223880405248,1023.3527080985568,0.8915892894720033,-0.4528449391334834,179.70098823504006,-0.97763180118228,-0.2103237060273783,1553.7527876636777
-0.7837928256576758,0.6210223880405248,1023.3527080985568,0.8915892894720033,-0.4528449391334834,179.70098823504006,-0.97763180118228,-0.2103237060273783,1553.7527876636777,45,-0.9772954620270886,-0.21188105130298795,1029.4926028583452,0.9626343596663178,0.27080452283855627,170.77745559660383,-0.47114728911129367,-0.8820545515800478,1574.3296920721689
-0.009680524737848764,0.999953142622593,951.9964902460565,0.07536622297420666,-0.997155921826974,248.42938119475727,-0.7944950746581025,0.6072705956523963,1521.5834244105088,45,-0.3631781626801171,0.9317197122269628,934.7981550483772,0.3904202070534293,-0.9206367698090042,265.29121862935835,-0.9593579802595167,0.2821918951925812,1516.331781201545
0.3203317330648574,0.94730543162787,857.2046478618103,-0.18999730937860956,-0.981784611016535,345.03316987775247,-0.6053181127780028,0.7959836570827802,1447.4918335921243,45,-0.01994970556257762,0.9998009848204624,834.046876669585,0.14316885730698847,-0.9896982763940791,367.9057929447293,-0.8462960795882388,0.532712817260461,1435.2371903216172
-0.01994970556257762,0.9998009848204624,834.046876669585,0.14316885730698847,-0.9896982763940791,367.9057929447293,-0.8462960795882388,0.532712817260461,1435.2371903216172,-45,0.33105189780104977,0.943612548116187,814.8894707873577,-0.19331665988776964,-0.9811364171254864,387.79083227959376,-0.6198292768917689,0.7847366867350009,1419.1729315344553
0.33105189780104977,0.943612548116187,814.8894707873577,-0.19331665988776964,-0.9811364171254864,387.79083227959376,-0.6198292768917689,0.7847366867350009,1419.1729315344553,90,-0.27625512813988184,0.9610843377021694,790.6285557208897,0.37892365356662217,-0.9254279360208025,410.9695768804547,-0.9619811491920286,0.2731158519734511,1412.2923752259303
-0.27625512813988184,0.9610843377021694,790.6285557208897,0.37892365356662217,-0.9254279360208025,410.9695768804547,-0.9619811491920286,0.2731158519734511,1412.2923752259303,90,-0.8638422984874996,0.5037623282301225,781.2522482212515,0.8837937425553516,-0.46787671519322804,418.97765495400824,-0.8889151979269231,-0.45807179665914727,1422.4912355971687
0.2866415973368164,0.9580378879126851,606.9544070833678,-0.2167111734807281,-0.9762357641925468,593.8294808090303,-0.744923623552252,0.667149754608201,1325.2694413884003,45,-0.0210229513099156,0.9997789933371379,579.3252276387716,0.08976591370811407,-0.995962891244522,621.3855545301277,-0.9211832700507863,0.3891290055733963,1313.802922579606
-0.0210229513099156,0.9997789933371379,579.3252276387716,0.08976591370811407,-0.995962891244522,621.3855545301277,-0.9211832700507863,0.3891290055733963,1313.802922579606,0,-0.02790811670256313,0.9996104926530714,555.0385161682706,0.09180362261992647,-0.9957771311261663,645.5730558428501,-0.9298440078066981,0.36795396606909564,1304.6911950458912
-0.02790811670256313,0.9996104926530714,555.0385161682706,0.09180362261992647,-0.9957771311261663,645.5730558428501,-0.9298440078066981,0.36795396606909564,1304.6911950458912,45,-0.404628631797671,0.9144810934784517,496.16505400619457,0.3834192946043552,-0.9235743849442224,703.9124383167057,-0.9999158820369691,-0.01297030648173107,1304.721395860806
-0.18835940061824064,0.9821001660720444,416.6492402219041,0.13196749068203176,-0.9912540448356757,783.7947877968378,-0.9842313098645618,0.1768862026340355,1284.8715847809424,0,-0.2020213786805674,0.9793811120069668,391.87576796778336,0.12950004963892844,-0.991579415449673,808.838264129696,-0.9877450928752353,0.1560757236116266,1280.6850578968822
-0.2020213786805674,0.9793811120069668,391.87576796778336,0.12950004963892844,-0.991579415449673,808.838264129696,-0.9877450928752353,0.1560757236116266,1280.6850578968822,0,-0.21849403092193623,0.9758382849896206,367.9754808862134,0.12912930441010115,-0.9916277642051797,833.0759596420005,-0.9909836549743627,0.1339828182031308,1277.1010431964419
-0.21849403092193623,0.9758382849896206,367.9754808862134,0.12912930441010115,-0.9916277642051797,833.0759596420005,-0.9909836549743627,0.1339828182031308,1277.1010431964419,-90,0.4633224088335959,0.8861897908871633,346.113221248221,-0.5002084986515686,-0.8659049935626562,854.1050297959964,-0.7037701632727069,0.7104277284052949,1258.8396728427413
0.4633224088335959,0.8861897908871633,346.113221248221,-0.5002084986515686,-0.8659049935626562,854.1050297959964,-0.7037701632727069,0.7104277284052949,1258.8396728427413,0,0.494016174152607,0.8694527127311876,324.2074544319578,-0.48775859417946543,-0.8729785528889421,875.7986489537707,-0.7139398432456793,0.7002070409716936,1241.3829681082507
0.494016174152607,0.8694527127311876,324.2074544319578,-0.48775859417946543,-0.8729785528889421,875.7986489537707,-0.7139398432456793,0.7002070409716936,1241.3829681082507,0,0.5341557343008766,0.8453860961202824,303.468775753948,-0.48227719537915037,-0.8760186680757556,896.942817495965,-0.7188352505243099,0.6951804676511364,1224.4632529633545
0.5341557343008766,0.8453860961202824,303.468775753948,-0.48227719537915037,-0.8760186680757556,896.942817495965,-0.7188352505243099,0.6951804676511364,1224.4632529633545,-90,0.931041684733873,0.36491284067282614,294.6691937849799,-0.8647839824387287,-0.5021440666954181,907.9166997945847,-0.24044246980041664,0.9706633910456681,1202.301132730852
0.931041684733873,0.36491284067282614,294.6691937849799,-0.8647839824387287,-0.5021440666954181,907.9166997945847,-0.24044246980041664,0.9706633910456681,1202.301132730852,-45,0.9997731652176756,0.02129831238925749,293.2981374769707,-0.9596567662281329,-0.28117412937993175,914.4038699871409,0.025376988120112437,0.999677952379641,1177.3713931667696
0.9997731652176756,0.02129831238925749,293.2981374769707,-0.9596567662281329,-0.28117412937993175,914.4038699871409,0.025376988120112437,0.999677952379641,1177.3713931667696,90,0.7722591679686541,0.6353076242957911,277.71949256849075,-0.5229241868843313,-0.8523791965852763,934.0351366798253,-0.6529730960703353,0.7573811034138103,1161.02487335651
0.946047446004361,-0.32402813135378505,272.4987809015299,-0.9140494710842989,-0.40560271745947823,985.786095252322,-0.05013828359343619,0.9987422853360641,1071.9049144363598,45,0.9928230099199945,-0.11959293864356088,273.65791809514667,-0.7386693213363341,-0.6740679741068549,1003.3248806524085,-0.3547616811874246,0.9349567634714838,1048.2748189936501
0.9928230099199945,-0.11959293864356088,273.65791809514667,-0.7386693213363341,-0.6740679741068549,1003.3248806524085,-0.3547616811874246,0.9349567634714838,1048.2748189936501,45,0.9989499876847777,0.04581399463681795,270.9687427220342,-0.5292449280257469,-0.8484690955827573,1025.287891049319,-0.5952310363748152,0.803554611296683,1027.5926330664113
0.9989499876847777,0.04581399463681795,270.9687427220342,-0.5292449280257469,-0.8484690955827573,1025.287891049319,-0.5952310363748152,0.803554611296683,1027.5926330664113,0,0.9995012569669083,-0.03157906460885766,270.6089050570583,-0.5069627049534902,-0.8619679900009284,1046.5140512655241,-0.6180580057340113,0.7861324961786638,1008.0641147745415
0.8026792917983345,-0.5964108940303858,310.88908115085036,-0.7659262676722661,-0.6429284194135706,1089.3360642055418,-0.2832910980803998,0.9590339690273756,936.857011917411,-90,0.32780132519820837,-0.9447466809670719,330.3638914618999,-0.9904993565805412,-0.13751736113499938,1091.0776602890603,0.29463121160880185,0.955611034441278,917.6278007895412
0.32780132519820837,-0.9447466809670719,330.3638914618999,-0.9904993565805412,-0.13751736113499938,1091.0776602890603,0.29463121160880185,0.955611034441278,917.6278007895412,-90,-0.34205353707753694,-0.9396804657822498,348.91720825079693,-0.8508777608575804,0.5253637178926522,1079.6278702467484,0.85457257492721,0.519331988406528,907.7282072369075
-0.34205353707753694,-0.9396804657822498,348.91720825079693,-0.8508777608575804,0.5253637178926522,1079.6278702467484,0.85457257492721,0.519331988406528,907.7282072369075,90,0.3344220884525572,-0.9424234010013918,366.66216145833755,-0.9845613195521763,-0.17504001840058586,1083.955912685244,0.3131944231232625,0.9496890298010643,889.0173117804287
0.3344220884525572,-0.9424234010013918,366.66216145833755,-0.9845613195521763,-0.17504001840058586,1083.955912685244,0.3131944231232625,0.9496890298010643,889.0173117804287,45,0.5945754856314878,-0.8040397949642047,384.2755564896758,-0.8644382880137655,-0.5027389443994071,1095.4151100452511,-0.015295719234653383,0.9998830136436435,866.5281203258495
0.5945754856314878,-0.8040397949642047,384.2755564896758,-0.8644382880137655,-0.5027389443994071,1095.4151100452511,-0.015295719234653383,0.9998830136436435,866.5281203258495,90,0.9369942250788034,-0.3493448470622871,391.75994277573864,-0.3832399274614831,-0.9236488282888239,1120.0716819756,-0.6268809821986738,0.7791150326862047,846.4394206106247
0.9369942250788034,-0.3493448470622871,391.75994277573864,-0.3832399274614831,-0.9236488282888239,1120.0716819756,-0.6268809821986738,0.7791150326862047,846.4394206106247,-90,0.5486527741609135,-0.836050317508183,411.5959978367258,-0.8276872758354716,-0.5611896055880364,1133.4236919330783,-0.080398838913757,0.9967627735330608,822.4912798535981
0.5486527741609135,-0.836050317508183,411.5959978367258,-0.8276872758354716,-0.5611896055880364,1133.4236919330783,-0.080398838913757,0.9967627735330608,822.4912798535981,90,0.957091488868711,-0.28978592432185873,415.94004030664087,-0.22529152287779108,-0.9742913987711304,1153.6981048481834,-0.7478179169033493,0.6639038809634534,809.5712674806895
0.957091488868711,-0.28978592432185873,415.94004030664087,-0.22529152287779108,-0.9742913987711304,1153.6981048481834,-0.7478179169033493,0.6639038809634534,809.5712674806895,0,0.9356757281027771,-0.35286106591594657,423.99328316487515,-0.23048229991481853,-0.973076517765163,1178.050246877836,-0.7565449942915815,0.6539416423598905,793.0818269062343
0.9356757281027771,-0.35286106591594657,423.99328316487515,-0.23048229991481853,-0.973076517765163,1178.050246877836,-0.7565449942915815,0.6539416423598905,793.0818269062343,90,0.9816741628769827,0.19056714811261447,418.62111756312527,0.3526405710773507,-0.9357588512166155,1197.0738156311834,-0.9962428082537139,0.08660408190584222,791.9739137558762
0.9816741628769827,0.19056714811261447,418.62111756312527,0.3526405710773507,-0.9357588512166155,1197.0738156311834,-0.9962428082537139,0.08660408190584222,791.9739137558762,0,0.9874409020174528,0.15798881296775136,415.3098282113849,0.35775497147943747,-0.9338154958993489,1214.5198612657473,-0.99864117688078,0.05211333647129704,790.7323272821025
0.9874409020174528,0.15798881296775136,415.3098282113849,0.35775497147943747,-0.9338154958993489,1214.5198612657473,-0.99864117688078,0.05211333647129704,790.7323272821025,45,0.9273044648992887,0.3743079338964694,405.36649097325494,0.5915930184721697,-0.8062367521361123,1233.928454977828,-0.9672149507539454,-0.2539591286763347,796.7951756906979
0.9273044648992887,0.3743079338964694,405.36649097325494,0.5915930184721697,-0.8062367521361123,1233.928454977828,-0.9672149507539454,-0.2539591286763347,796.7951756906979,45,0.7433544719197862,0.6688976970186515,389.39987430882667,0.8456769468267054,-0.5336951392001446,1245.761848071986,-0.7839322613438618,-0.6208463655561649,811.1205718706252
0.3830836256056516,-0.923713665479097,449.2851852860052,-0.6925709263044724,-0.7213497848046848,1307.3772438426026,-0.47326633604545526,0.8809193919798283,752.1169441765555,-45,0.027719934304680196,-0.9996157287888903,469.04250222275164,-0.8985211356511046,-0.4389302550385986,1315.578712541131,-0.13049292721541392,0.9914492402270288,732.4780876527161
0.027719934304680196,-0.9996157287888903,469.04250222275164,-0.8985211356511046,-0.4389302550385986,1315.578712541131,-0.13049292721541392,0.9914492402270288,732.4780876527161,0,0.029465161837045395,-0.9995658078575501,494.7304989637995,-0.8892096767577484,-0.4574998915413867,1327.1589605638692,-0.13872592320262858,0.9903308125225522,707.020527711162
0.029465161837045395,-0.9995658078575501,494.7304989637995,-0.8892096767577484,-0.4574998915413867,1327.1589605638692,-0.13872592320262858,0.9903308125225522,707.020527711162,0,0.038257881627311426,-0.9992678992609493,519.59945763465,-0.8764639681793275,-0.4814674573461292,1338.9556812584283,-0.1546930690163593,0.9879625774280623,682.4207121521316
0.038257881627311426,-0.9992678992609493,519.59945763465,-0.8764639681793275,-0.4814674573461292,1338.9556812584283,-0.1546930690163593,0.9879625774280623,682.4207121521316,-90,-0.6100454886890467,-0.7923663936148113,533.9826579564757,-0.9797557109853732,0.20019677018260298,1334.3770527846555,0.5465361194422524,0.8374355319336552,666.9169056173808
-0.6100454886890467,-0.7923663936148113,533.9826579564757,-0.9797557109853732,0.20019677018260298,1334.3770527846555,0.5465361194422524,0.8374355319336552,666.9169056173808,45,-0.39466907537707274,-0.9188233350002635,550.9710679516016,-0.9987710995098011,-0.04956098045824835,1335.4929268699734,0.3427366388721264,0.9394315283056225,649.4942999901757
-0.39466907537707274,-0.9188233350002635,550.9710679516016,-0.9987710995098011,-0.04956098045824835,1335.4929268699734,0.3427366388721264,0.9394315283056225,649.4942999901757,-45,-0.5840290397498482,-0.8117327643558995,571.8096476582242,-0.9844298292678179,0.17577801696382556,1330.7353881050217,0.5796247407861331,0.8148835253388106,628.1947414257958
-0.5840290397498482,-0.8117327643558995,571.8096476582242,-0.9844298292678179,0.17577801696382556,1330.7353881050217,0.5796247407861331,0.8148835253388106,628.1947414257958,-90,-0.9687176086777376,-0.2481656596664528,575.9123688851652,-0.6202656824903636,0.7843917918519822,1312.3861690199735,0.9834469744295233,0.18119616023916307,624.7923628173783
-0.9687176086777376,-0.2481656596664528,575.9123688851652,-0.6202656824903636,0.7843917918519822,1312.3861690199735,0.9834469744295233,0.18119616023916307,624.7923628173783,0,-0.9540901625258847,-0.2995195515677244,582.900896001846,-0.6387743893568325,0.7693940989517698,1292.8483648749204,0.9881830187143755,0.1532785749038142,620.4924548773779
-0.9540901625258847,-0.2995195515677244,582.900896001846,-0.6387743893568325,0.7693940989517698,1292.8483648749204,0.9881830187143755,0.1532785749038142,620.4924548773779,45,-0.8224845401073548,-0.5687874658291909,597.8998444951844,-0.8275546388370013,0.5613851794796156,1278.6807201359397,0.928545638953595,0.37121825976137013,609.7136646388744
-0.8224845401073548,-0.5687874658291909,597.8998444951844,-0.8275546388370013,0.5613851794796156,1278.6807201359397,0.928545638953595,0.37121825976137013,609.7136646388744,-90,-0.9997737619863414,0.021270280761628596,596.0179624730785,-0.3095121080848738,0.9508955015925028,1256.3795491771425,0.949184472947682,-0.31472025088168565,617.5038555268785
-0.9997737619863414,0.021270280761628596,596.0179624730785,-0.3095121080848738,0.9508955015925028,1256.3795491771425,0.949184472947682,-0.31472025088168565,617.5038555268785,0,-0.9999626749774517,-0.008639945135192829,595.9309942391401,-0.3140151031277338,0.9494179875100739,1239.627197948984,0.9404896004405567,-0.33982247050947345,623.2545466299063
-0.9999626749774517,-0.008639945135192829,595.9309942391401,-0.3140151031277338,0.9494179875100739,1239.627197948984,0.9404896004405567,-0.33982247050947345,623.2545466299063,90,-0.7942265344171815,-0.6076217672431377,608.6792444534885,-0.8139614561228996,0.5809188824149969,1228.1285366884322,0.9714957784440259,0.23705685492184397,617.4608491462998
-0.7942265344171815,-0.6076217672431377,608.6792444534885,-0.8139614561228996,0.5809188824149969,1228.1285366884322,0.9714957784440259,0.23705685492184397,617.4608491462998,-90,-0.9998761208149681,-0.015739854637549462,607.88774760727,-0.27743981220477615,0.960743020065084,1206.288122171084,0.892916282878193,-0.4502227357330934,627.9295451649333
-0.9998761208149681,-0.015739854637549462,607.88774760727,-0.27743981220477615,0.960743020065084,1206.288122171084,0.892916282878193,-0.4502227357330934,627.9295451649333,-45,-0.956748337245113,0.29091685956422597,599.6714944762194,0.07283950914519068,0.9973436749222846,1179.9940259540904,0.6620782109396222,-0.7494347487266582,647.4617620271813
-0.956748337245113,0.29091685956422597,599.6714944762194,0.07283950914519068,0.9973436749222846,1179.9940259540904,0.6620782109396222,-0.7494347487266582,647.4617620271813,-90,-0.6067397166058595,0.7949005700671257,580.293831106225,0.6692161203712793,0.7430678194049406,1162.9479998778706,0.07568710737410235,-0.997131617078378,670.9996500892829
-0.6067397166058595,0.7949005700671257,580.293831106225,0.6692161203712793,0.7430678194049406,1162.9479998778706,0.07568710737410235,-0.997131617078378,670.9996500892829,-45,-0.36721691088854475,0.9301353344312184,557.5397449078133,0.8636050518521595,0.5041689344013859,1150.6231038667133,-0.20613997652383384,-0.9785225138333574,694.7561465376681
-0.36721691088854475,0.9301353344312184,557.5397449078133,0.8636050518521595,0.5041689344013859,1150.6231038667133,-0.20613997652383384,-0.9785225138333574,694.7561465376681,0,-0.3805651628837967,0.9247541061272608,537.579293397402,0.8718396132990412,0.48979147469364775,1139.9504448394457,-0.20029564297464977,-0.9797355027788733,715.8148759907481
-0.3805651628837967,0.9247541061272608,537.579293397402,0.8718396132990412,0.48979147469364775,1139.9504448394457,-0.20029564297464977,-0.9797355027788733,715.8148759907481,90,-0.9265252146909868,0.37623267606870725,533.167876778759,0.28577442602310316,0.9582969150692107,1127.3206397599442,0.5309842081950334,-0.8473817148413656,726.4231720070403
-0.9265252146909868,0.37623267606870725,533.167876778759,0.28577442602310316,0.9582969150692107,1127.3206397599442,0.5309842081950334,-0.8473817148413656,726.4231720070403,45,-0.999992807717814,-0.003792692004773025,533.1610880685217,-0.06222386088889824,0.9980622180686327,1106.6614413769055,0.7758186519172169,-0.6309559567333938,739.0668344814358
-0.999992807717814,-0.003792692004773025,533.1610880685217,-0.06222386088889824,0.9980622180686327,1106.6614413769055,0.7758186519172169,-0.6309559567333938,739.0668344814358,45,-0.6019587581368194,-0.7985271776855051,547.1357659226547,-0.8295460843102965,0.5584382633787323,1097.6389690384403,0.9805326173729871,0.19635627381797427,734.8181995240524
-0.6019587581368194,-0.7985271776855051,547.1357659226547,-0.8295460843102965,0.5584382633787323,1097.6389690384403,0.9805326173729871,0.19635627381797427,734.8181995240524,45,-0.3540185571359359,-0.9352383980586929,569.9459443580527,-0.9544829344801739,0.2982655323467935,1090.1479071622311,0.9065042872288525,0.4221966096923449,724.1195063594079
-0.3540185571359359,-0.9352383980586929,569.9459443580527,-0.9544829344801739,0.2982655323467935,1090.1479071622311,0.9065042872288525,0.4221966096923449,724.1195063594079,45,-0.001744814297170105,-0.9999984778103757,594.4681006294353,-0.9967667457137532,-0.08034957771646395,1092.3454410881059,0.7157947580324672,0.6983107219377644,706.4321982086946
-0.001744814297170105,-0.9999984778103757,594.4681006294353,-0.9967667457137532,-0.08034957771646395,1092.3454410881059,0.7157947580324672,0.6983107219377644,706.4321982086946,-90,-0.5260369375881577,-0.8504617218269571,609.4118180067256,-0.8899076572513311,0.45614072561595215,1083.765234691657,0.983927974027644,0.17856579158913932,703.3622138885928
-0.5260369375881577,-0.8504617218269571,609.4118180067256,-0.8899076572513311,0.45614072561595215,1083.765234691657,0.983927974027644,0.17856579158913932,703.3622138885928,0,-0.49281307819673975,-0.8701352021141623,632.0008151134367,-0.9070846541791959,0.4209482511575603,1072.3898499631784,0.9872205046146709,0.15936020603762588,698.8190769462783
-0.49281307819673975,-0.8701352021141623,632.0008151134367,-0.9070846541791959,0.4209482511575603,1072.3898499631784,0.9872205046146709,0.15936020603762588,698.8190769462783,-45,-0.6950137831321596,-0.7189964125476034,675.5138251809688,-0.7564568912898013,0.6540435548342096,1030.0014213634,0.9689528270102367,-0.24724566533888992,711.9710780717321
-0.6950137831321596,-0.7189964125476034,675.5138251809688,-0.7564568912898013,0.6540435548342096,1030.0014213634,0.9689528270102367,-0.24724566533888992,711.9710780717321,-90,-0.9069810344934173,0.42117146516502113,663.0710971223515,0.4064449048221624,0.9136752920726834,1010.9517890775203,0.05859060102447393,-0.9982820951372368,734.2839177314446
-0.9069810344934173,0.42117146516502113,663.0710971223515,0.4064449048221624,0.9136752920726834,1010.9517890775203,0.05859060102447393,-0.9982820951372368,734.2839177314446,45,-0.9994408199655848,0.03343721559160614,662.2448701121438,0.05463629419601869,0.9985063221414906,986.7624374639774,0.3983769007455046,-0.9172218079354668,756.2445292296995
-0.9994408199655848,0.03343721559160614,662.2448701121438,0.05463629419601869,0.9985063221414906,986.7624374639774,0.3983769007455046,-0.9172218079354668,756.2445292296995,-45,-0.935613529287094,0.3530259534580256,652.6094240250366,0.41692427249460845,0.9089412252752328,962.8772405277269,0.043738044484826835,-0.9990430338402062,782.3977634977556
-0.935613529287094,0.3530259534580256,652.6094240250366,0.41692427249460845,0.9089412252752328,962.8772405277269,0.043738044484826835,-0.9990430338402062,782.3977634977556,45,-0.9993460459441472,-0.036159099211655554,653.7775733040733,0.0680734265758438,0.9976803138251367,940.5059464752803,0.3844653022359956,-0.9231394430835379,802.7102611499138
-0.9993460459441472,-0.036159099211655554,653.7775733040733,0.0680734265758438,0.9976803138251367,940.5059464752803,0.3844653022359956,-0.9231394430835379,802.7102611499138,45,-0.9146001827405705,-0.4043593769543561,663.7650151424738,-0.28095772023197285,0.9597201464187632,916.4637665107598,0.6585915385120261,-0.7525006215282233,821.2506726493979
-0.9146001827405705,-0.4043593769543561,663.7650151424738,-0.28095772023197285,0.9597201464187632,916.4637665107598,0.6585915385120261,-0.7525006215282233,821.2506726493979,45,-0.7426590784922914,-0.6696696895731361,679.4487927060432,-0.5570971634109533,0.8304473195329549,897.0876110557427,0.8341228314095587,-0.5515787361032883,833.6799133418651
-0.7426590784922914,-0.6696696895731361,679.4487927060432,-0.5570971634109533,0.8304473195329549,897.0876110557427,0.8341228314095587,-0.5515787361032883,833.6799133418651,0,-0.71959117683612,-0.6943979681851092,697.1660345253478,-0.5761230169676733,0.8173629972784834,875.8480231728553,0.8234399516039631,-0.5674034244719208,848.0544509026519
-0.71959117683612,-0.6943979681851092,697.1660345253478,-0.5761230169676733,0.8173629972784834,875.8480231728553,0.8234399516039631,-0.5674034244719208,848.0544509026519,90,-0.08588348749275032,-0.9963051874682188,714.5565320868392,-0.9756832719105935,0.21918520231493505,872.6777627211375,0.9957161770955796,0.09246239597892925,845.4475723236598
-0.08588348749275032,-0.9963051874682188,714.5565320868392,-0.9756832719105935,0.21918520231493505,872.6777627211375,0.9957161770955796,0.09246239597892925,845.4475723236598,90,0.49775992438004124,-0.8673148549870315,736.4451675257525,-0.9082420684980408,-0.41844515173484825,884.0523405161222,0.7674501662470282,0.6411086041595517,827.904321025101
0.49775992438004124,-0.8673148549870315,736.4451675257525,-0.9082420684980408,-0.41844515173484825,884.0523405161222,0.7674501662470282,0.6411086041595517,827.904321025101,-45,0.26077762802598237,-0.9653988961673523,757.5759416514557,-0.9788058432516199,-0.2047904324339525,888.0584279027421,0.9122605101822638,0.4096104998190302,818.9063947540584
0.26077762802598237,-0.9653988961673523,757.5759416514557,-0.9788058432516199,-0.2047904324339525,888.0584279027421,0.9122605101822638,0.4096104998190302,818.9063947540584,90,0.8105302451920783,-0.5856967830105176,767.2733731346489,-0.6056679951872151,-0.7957174621722836,903.7750544916706,0.43940036301178215,0.898291334136712,801.4063221122117
0.8105302451920783,-0.5856967830105176,767.2733731346489,-0.6056679951872151,-0.7957174621722836,903.7750544916706,0.43940036301178215,0.898291334136712,801.4063221122117,45,0.9586695523252411,-0.2845218611012548,773.0652576502837,-0.27524068234116494,-0.9613753516625907,925.3112193126696,0.0917646813145314,0.9957807204717525,779.1308207136332
0.9586695523252411,-0.2845218611012548,773.0652576502837,-0.27524068234116494,-0.9613753516625907,925.3112193126696,0.0917646813145314,0.9957807204717525,779.1308207136332,-45,0.7938929371708255,-0.608057566608853,786.6220687076304,-0.5707203614092742,-0.821144487330255,943.2954356816703,0.4323500123452141,0.9017058649166552,759.161210137789
0.7938929371708255,-0.608057566608853,786.6220687076304,-0.5707203614092742,-0.821144487330255,943.2954356816703,0.4323500123452141,0.9017058649166552,759.161210137789,-90,0.2924261781630494,-0.9562881000644903,802.7916490162827,-0.9342503351534883,-0.356617878499655,948.0365983074084,0.883218243288003,0.46896218901234876,752.2156603862236
0.2924261781630494,-0.9562881000644903,802.7916490162827,-0.9342503351534883,-0.356617878499655,948.0365983074084,0.883218243288003,0.46896218901234876,752.2156603862236,-90,-0.3707133567379558,-0.9287473322363177,819.6474451491696,-0.9545010081900178,0.2982076883050462,941.740392220468,0.975579527500363,-0.21964650127458996,756.7044273291659
-0.3707133567379558,-0.9287473322363177,819.6474451491696,-0.9545010081900178,0.2982076883050462,941.740392220468,0.975579527500363,-0.21964650127458996,756.7044273291659,0,-0.34914074695837466,-0.9370702955559674,843.076975694863,-0.9651889925843575,0.26155345265163893,934.9243279254191,0.9710780127289884,-0.238762419979189,762.2482869425136
-0.34914074695837466,-0.9370702955559674,843.076975694863,-0.9651889925843575,0.26155345265163893,934.9243279254191,0.9710780127289884,-0.238762419979189,762.2482869425136,-45,-0.5915911874011899,-0.8062380957194036,856.9870699995171,-0.8590152824019035,0.5119499434514843,925.740325440324,0.8529024321173083,-0.5220703413222976,771.3453585433422
-0.5915911874011899,-0.8062380957194036,856.9870699995171,-0.8590152824019035,0.5119499434514843,925.740325440324,0.8529024321173083,-0.5220703413222976,771.3453585433422,-90,-0.9635060612185921,-0.2676865144063755,862.0738385662261,-0.3398878533642562,0.9404659734065013,902.6001767894285,0.3133777062049887,-0.9496285659423371,794.622339945403
-0.9635060612185921,-0.2676865144063755,862.0738385662261,-0.3398878533642562,0.9404659734065013,902.6001767894285,0.3133777062049887,-0.9496285659423371,794.622339945403,0,-0.9580495451471018,-0.2866026326526525,866.9868094879263,-0.34631294920179384,0.9381190442663211,885.9989073503723,0.3069127777460253,-0.9517376460223789,811.4254271503042
-0.9580495451471018,-0.2866026326526525,866.9868094879263,-0.34631294920179384,0.9381190442663211,885.9989073503723,0.3069127777460253,-0.9517376460223789,811.4254271503042,-45,-0.9995858030689292,0.028778851663052548,866.510839086039,-0.014645262880347874,0.9998927523865575,868.6274744984707,-0.02721379342229375,-0.9996296361390896,828.800426069866
-0.9995858030689292,0.028778851663052548,866.510839086039,-0.014645262880347874,0.9998927523865575,868.6274744984707,-0.02721379342229375,-0.9996296361390896,828.800426069866,0,-0.9999941483242111,-0.003421011156902687,866.3049233899984,-0.019730378959921527,0.9998053371262318,844.6204332655888,-0.022138865931748682,-0.9997549052719151,852.8078303403124
-0.9999941483242111,-0.003421011156902687,866.3049233899984,-0.019730378959921527,0.9998053371262318,844.6204332655888,-0.022138865931748682,-0.9997549052719151,852.8078303403124,-90,-0.7888855190775493,0.6145401840317243,851.7628696676005,0.6310013360568307,0.7757817437233842,827.5509229916825,-0.6364312273139027,-0.7713334511738225,869.5157975243382
-0.7888855190775493,0.6145401840317243,851.7628696676005,0.6310013360568307,0.7757817437233842,827.5509229916825,-0.6364312273139027,-0.7713334511738225,869.5157975243382,45,-0.9102378986882571,0.4140857010228513,842.5510235507076,0.46535639403837453,0.8851233962152403,807.7324676440493,-0.4507261079124426,-0.892662296529937,889.3811394932686
-0.9102378986882571,0.4140857010228513,842.5510235507076,0.46535639403837453,0.8851233962152403,807.7324676440493,-0.4507261079124426,-0.892662296529937,889.3811394932686,45,-0.9991778765032627,0.04054098058052705,841.5106616328404,0.12922716182422533,0.9916150163480056,783.9272425689394,-0.1068513113750488,-0.9942750108784955,913.2361280861269
-0.9991778765032627,0.04054098058052705,841.5106616328404,0.12922716182422533,0.9916150163480056,783.9272425689394,-0.1068513113750488,-0.9942750108784955,913.2361280861269,90,-0.7716480223466449,-0.6360497854794952,856.5127606920687,-0.5640674369968899,0.8257287245335235,766.9535300318717,0.5560061817202542,-0.8311781553246353,930.1226441864261
-0.7716480223466449,-0.6360497854794952,856.5127606920687,-0.5640674369968899,0.8257287245335235,766.9535300318717,0.5560061817202542,-0.8311781553246353,930.1226441864261,-45,-0.8932230921305583,-0.4496137316460922,867.8774815938539,-0.35302062276785245,0.9356155406472242,742.3328115189912,0.32415231063779326,-0.9460049045899178,954.9200485159425
-0.8932230921305583,-0.4496137316460922,867.8774815938539,-0.35302062276785245,0.9356155406472242,742.3328115189912,0.32415231063779326,-0.9460049045899178,954.9200485159425,-45,-0.9771197482842042,-0.21268990928817802,872.6399895318044,-0.08426127925959198,0.9964436947552717,718.3440897857151,0.04976444391687254,-0.9987609824786131,978.9598435738146
-0.9771197482842042,-0.21268990928817802,872.6399895318044,-0.08426127925959198,0.9964436947552717,718.3440897857151,0.04976444391687254,-0.9987609824786131,978.9598435738146,90,-0.6466643588128076,-0.7627746764551249,890.8859349643491,-0.6778974527255661,0.7351564755806677,702.2691144549235,0.6222750288512626,-0.7827986896183209,995.8920208121473
-0.6466643588128076,-0.7627746764551249,890.8859349643491,-0.6778974527255661,0.7351564755806677,702.2691144549235,0.6222750288512626,-0.7827986896183209,995.8920208121473,-90,-0.9814753078919998,-0.1915886739823214,892.462052974831,-0.05362818546302768,0.9985609734632849,687.9179282443873,-0.017834227737818478,-0.9998409575132415,1010.18396146447
-0.9814753078919998,-0.1915886739823214,892.462052974831,-0.05362818546302768,0.9985609734632849,687.9179282443873,-0.017834227737818478,-0.9998409575132415,1010.18396146447,90,-0.6103195910094422,-0.792155285805799,912.246908387917,-0.7071585190629184,0.7070550395243217,671.1551399365966,0.6226715785345773,-0.7824832939336518,1028.5079590665853
-0.6103195910094422,-0.792155285805799,912.246908387917,-0.7071585190629184,0.7070550395243217,671.1551399365966,0.6226715785345773,-0.7824832939336518,1028.5079590665853,90,-0.0246340617600285,-0.9996965354552366,937.0251378001755,-0.9931989402561887,0.11642965719258862,668.44981028454,0.9582311775615119,-0.28599477328978967,1034.7037899174031
-0.0246340617600285,-0.9996965354552366,937.0251378001755,-0.9931989402561887,0.11642965719258862,668.44981028454,0.9582311775615119,-0.28599477328978967,1034.7037899174031,-90,-0.5683150137345845,-0.8228110628594265,952.8936193481213,-0.7729429764605208,0.634475496091339,654.7528463430781,0.6260433518716135,-0.7797882543212324,1050.9372815702955
-0.5683150137345845,-0.8228110628594265,952.8936193481213,-0.7729429764605208,0.634475496091339,654.7528463430781,0.6260433518716135,-0.7797882543212324,1050.9372815702955,45,-0.21218848650252495,-0.9772287583753191,971.8783601479289,-0.9631871390946374,0.2688317970082549,649.4706975097703,0.8658915657949403,-0.5002317425805628,1060.3226730216738
-0.21218848650252495,-0.9772287583753191,971.8783601479289,-0.9631871390946374,0.2688317970082549,649.4706975097703,0.8658915657949403,-0.5002317425805628,1060.3226730216738,-45,-0.4753028280359668,-0.879822267086377,993.6527026764746,-0.8611599379504469,0.5083341039800325,636.1596761319146,0.6722936480441886,-0.7402845742006494,1078.893865742253
-0.4753028280359668,-0.879822267086377,993.6527026764746,-0.8611599379504469,0.5083341039800325,636.1596761319146,0.6722936480441886,-0.7402845742006494,1078.893865742253,-90,-0.9311658323820103,-0.36459593059209777,1001.2838793395105,-0.3176098328471415,0.9482214899899764,613.2408067188449,0.012868612030762484,-0.9999171959839483,1102.7453663585168
-0.9311658323820103,-0.36459593059209777,1001.2838793395105,-0.3176098328471415,0.9482214899899764,613.2408067188449,0.012868612030762484,-0.9999171959839483,1102.7453663585168,45,-0.742880311075865,-0.6694242626435241,1017.8766772789345,-0.637634633186752,0.7703389348597125,594.2404649200558,0.34020185108196516,-0.9403524342077306,1125.7944866397258
-0.742880311075865,-0.6694242626435241,1017.8766772789345,-0.637634633186752,0.7703389348597125,594.2404649200558,0.34020185108196516,-0.9403524342077306,1125.7944866397258,-45,-0.9014487312220748,-0.43288587985531646,1027.020702035772,-0.3901746646158605,0.9207408599013627,574.4110047779812,0.04154243519754912,-0.9991367404303865,1147.2590302150818
-0.9014487312220748,-0.43288587985531646,1027.020702035772,-0.3901746646158605,0.9207408599013627,574.4110047779812,0.04154243519754912,-0.9991367404303865,1147.2590302150818,45,-0.6680777189954451,-0.7440915006784066,1045.3759117692784,-0.7227026023030608,0.6911591340815687,557.2531174497367,0.3971912569357847,-0.9177358581932884,1169.747697970571
-0.6680777189954451,-0.7440915006784066,1045.3759117692784,-0.7227026023030608,0.6911591340815687,557.2531174497367,0.3971912569357847,-0.9177358581932884,1169.747697970571,0,-0.6658859172874351,-0.7460535806215739,1060.80018354931,-0.7344577681658093,0.6786543942102624,542.9861042588935,0.3814821081383097,-0.9243762227417747,1188.893968955285
-0.6658859172874351,-0.7460535806215739,1060.80018354931,-0.7344577681658093,0.6786543942102624,542.9861042588935,0.3814821081383097,-0.9243762227417747,1188.893968955285,0,-0.6641336429635575,-0.747613873790444,1078.867655375663,-0.7484191163162371,0.6632260748285027,526.7100699775731,0.3627184716192437,-0.9318987661469458,1211.3857097620808
-0.6641336429635575,-0.747613873790444,1078.867655375663,-0.7484191163162371,0.6632260748285027,526.7100699775731,0.3627184716192437,-0.9318987661469458,1211.3857097620808,-45,-0.8275802544298309,-0.5613474169156356,1092.5080424368373,-0.5687858014828183,0.8224856910801233,506.360723979625,0.10164467451546781,-0.9948207678484826,1235.8043788517543
-0.8275802544298309,-0.5613474169156356,1092.5080424368373,-0.5687858014828183,0.8224856910801233,506.360723979625,0.10164467451546781,-0.9948207678484826,1235.8043788517543,-45,-0.965307922809289,-0.26111417840020823,1098.0084605038342,-0.26244357950098735,0.9649473392774908,485.64021593974275,-0.2423867910521612,-0.9701796965116493,1256.6421365440522
-0.965307922809289,-0.26111417840020823,1098.0084605038342,-0.26244357950098735,0.9649473392774908,485.64021593974275,-0.2423867910521612,-0.9701796965116493,1256.6421365440522,-90,-0.9072126615474089,0.4206723032576147,1088.3002670533763,0.45268655719635514,0.8916697151601096,468.3282089181155,-0.8109064785160466,-0.5851757711155722,1267.1541150422272
-0.9072126615474089,0.4206723032576147,1088.3002670533763,0.45268655719635514,0.8916697151601096,468.3282089181155,-0.8109064785160466,-0.5851757711155722,1267.1541150422272,0,-0.9182959115729822,0.39589470669402194,1077.926634996376,0.47055976771323815,0.8823681232964297,445.58544683888636,-0.7980450570391904,-0.6025977820530999,1282.42217324663
-0.9182959115729822,0.39589470669402194,1077.926634996376,0.47055976771323815,0.8823681232964297,445.58544683888636,-0.7980450570391904,-0.6025977820530999,1282.42217324663,90,-0.9451836273430505,-0.3265392941173137,1083.969996215993,-0.24472695130077649,0.9695920375637516,430.56724526663663,-0.19499725353133407,-0.9808037882855248,1298.0558357391642
-0.9451836273430505,-0.3265392941173137,1083.969996215993,-0.24472695130077649,0.9695920375637516,430.56724526663663,-0.19499725353133407,-0.9808037882855248,1298.0558357391642,-45,-0.9901750417506533,-0.13983342480999283,1086.9258943899533,-0.03525780274058344,0.9993782503866622,407.1818020189507,-0.39205905064661,-0.9199400528328348,1319.5198141352028
-0.9901750417506533,-0.13983342480999283,1086.9258943899533,-0.03525780274058344,0.9993782503866622,407.1818020189507,-0.39205905064661,-0.9199400528328348,1319.5198141352028,0,-0.9849085764956734,-0.17307540537368762,1090.4980559217563,-0.05155308379166461,0.9986702556657876,385.085561880902,-0.3736786805549228,-0.9275582158003518,1339.9988395402177
-0.9849085764956734,-0.17307540537368762,1090.4980559217563,-0.05155308379166461,0.9986702556657876,385.085561880902,-0.3736786805549228,-0.9275582158003518,1339.9988395402177,-90,-0.9009275888775362,0.4339694454674305,1080.9280903521055,0.5807392001747306,0.8140896642142156,368.8994666738487,-0.8463793772745866,-0.5325804631455073,1349.9979912993388
-0.9009275888775362,0.4339694454674305,1080.9280903521055,0.5807392001747306,0.8140896642142156,368.8994666738487,-0.8463793772745866,-0.5325804631455073,1349.9979912993388,90,-0.9858127006917542,-0.16784909637775766,1085.073259620718,0.02269230416105251,0.9997424965119079,346.09255805915564,-0.3949616919017635,-0.9186975900317234,1371.138030522066
-0.9858127006917542,-0.16784909637775766,1085.073259620718,0.02269230416105251,0.9997424965119079,346.09255805915564,-0.3949616919017635,-0.9186975900317234,1371.138030522066,-45,-0.9907181354985279,0.13593224780868002,1081.3823699361571,0.3663463576236461,0.9304785576550851,323.94602946901506,-0.660242860741909,-0.7510521718491601,1388.754171914072
-0.9907181354985279,0.13593224780868002,1081.3823699361571,0.3663463576236461,0.9304785576550851,323.94602946901506,-0.660242860741909,-0.7510521718491601,1388.754171914072,45,-0.9950089907257124,-0.09978531141906262,1083.854642584627,0.1736363859580932,0.9848098321358353,299.1562906780501,-0.47891317706848285,-0.8778622721305274,1410.8617530616705
-0.9950089907257124,-0.09978531141906262,1083.854642584627,0.1736363859580932,0.9848098321358353,299.1562906780501,-0.47891317706848285,-0.8778622721305274,1410.8617530616705,0,-0.9936867392561141,-0.11219030362090832,1085.5319354985231,0.18618217994747918,0.9825152395103114,283.11224450237046,-0.4762436264432197,-0.8793133731908158,1425.174846461714
-0.306464641951332,0.9518820427099368,1005.913890963834,0.9397075773774832,-0.3419790476320756,282.3040134925467,-0.9625042848042237,0.27126647734932147,1415.4019768369692,0,-0.31245798077807363,0.9499315818773945,981.8953423974268,0.9082657107030179,-0.4183938321260746,291.987505591866,-0.9666560282864535,0.2560783531996784,1408.670885417087
-0.31245798077807363,0.9499315818773945,981.8953423974268,0.9082657107030179,-0.4183938321260746,291.987505591866,-0.9666560282864535,0.2560783531996784,1408.670885417087,0,-0.32486985959555215,0.9457587294476146,957.229255377984,0.8751864775055586,-0.48378572694056643,303.769925027956,-0.9721766107996923,0.2342490926642482,1402.2579817392696
-0.32486985959555215,0.9457587294476146,957.229255377984,0.8751864775055586,-0.48378572694056643,303.769925027956,-0.9721766107996923,0.2342490926642482,1402.2579817392696,-45,-0.016735287660733834,0.9998599552671926,933.4215562830869,0.6456729061740104,-0.7636141029556798,321.80025129564456,-0.8596737743996707,0.5108434218128135,1389.6470493380468
-0.016735287660733834,0.9998599552671926,933.4215562830869,0.6456729061740104,-0.7636141029556798,321.80025129564456,-0.8596737743996707,0.5108434218128135,1389.6470493380468,45,-0.3486698342474651,0.9372456170534196,908.9671060676783,0.8214086000349732,-0.5703401719926323,335.7346570031906,-0.9823241319795268,0.18718787281944624,1384.8156266857513
-0.3486698342474651,0.9372456170534196,908.9671060676783,0.8214086000349732,-0.5703401719926323,335.7346570031906,-0.9823241319795268,0.18718787281944624,1384.8156266857513,90,-0.8553436595550811,0.5180610234894357,897.1316576828453,0.9995030530543912,-0.03152216577189378,334.66008309442884,-0.8898721279492288,-0.4562100348513954,1396.4635946621631
-0.8553436595550811,0.5180610234894357,897.1316576828453,0.9995030530543912,-0.03152216577189378,334.66008309442884,-0.8898721279492288,-0.4562100348513954,1396.4635946621631,0,-0.8691393391338021,0.49456729488519324,882.7977851633862,0.9932636321554663,-0.1158764731830003,336.7133045921708,-0.8816924284766555,-0.47182460890349676,1409.668843909583
-0.8691393391338021,0.49456729488519324,882.7977851633862,0.9932636321554663,-0.1158764731830003,336.7133045921708,-0.8816924284766555,-0.47182460890349676,1409.668843909583,0,-0.8769736970665167,0.4805383800004796,869.6050503626632,0.978942479306445,-0.2041362834220086,341.073926907716,-0.8788550039166805,-0.47708896664103595,1422.4472937920232
-0.8769736970665167,0.4805383800004796,869.6050503626632,0.978942479306445,-0.2041362834220086,341.073926907716,-0.8788550039166805,-0.47708896664103595,1422.4472937920232,-45,-0.6706646381755963,0.7417607047429761,853.0012974844177,0.8203046390792048,-0.5719268302021995,353.4172795861855,-0.9869816955355715,-0.1608326231761717,1425.4868969969875
-0.6706646381755963,0.7417607047429761,853.0012974844177,0.8203046390792048,-0.5719268302021995,353.4172795861855,-0.9869816955355715,-0.1608326231761717,1425.4868969969875,90,-0.9843151281125107,0.17641918424267727,849.1418005436077,0.9988356400081712,-0.04824276370055006,352.9342678608015,-0.6945675472376345,-0.7194274962248082,1443.5666515372402
-0.9843151281125107,0.17641918424267727,849.1418005436077,0.9988356400081712,-0.04824276370055006,352.9342678608015,-0.6945675472376345,-0.7194274962248082,1443.5666515372402,-45,-0.9285573392089316,0.37118899202593425,838.9321876089152,0.9404354635179085,-0.3399722620418563,361.208659096484,-0.8325289567001938,-0.5539815306088164,1457.246559579497
0.506440205509859,0.8622750826987474,750.2444814050684,-0.38665379348540013,-0.92222494218241,452.2897101181498,-0.49469979071771064,0.8690639315170394,1382.8103781353248,45,0.28859633681597985,0.957450862643299,724.393712526862,-0.14038870022276914,-0.9900964664363576,478.9309874589971,-0.7030019701517868,0.7111879006020183,1363.7257534960797
0.28859633681597985,0.957450862643299,724.393712526862,-0.14038870022276914,-0.9900964664363576,478.9309874589971,-0.7030019701517868,0.7111879006020183,1363.7257534960797,45,-0.05982795563064777,0.9982087034909369,699.372847286407,0.19786731682280154,-0.9802288125398809,503.4668167034409,-0.9114799854389195,0.41134442520139636,1353.265908652655
-0.05982795563064777,0.9982087034909369,699.372847286407,0.19786731682280154,-0.9802288125398809,503.4668167034409,-0.9114799854389195,0.41134442520139636,1353.265908652655,45,-0.41598768037097567,0.9093702490072869,674.8859546911583,0.5006970718806556,-0.8656225749194262,526.4589213218787,-0.9986823420691081,0.05131841423271922,1351.9616014663272
-0.41598768037097567,0.9093702490072869,674.8859546911583,0.5006970718806556,-0.8656225749194262,526.4589213218787,-0.9986823420691081,0.05131841423271922,1351.9616014663272,45,-0.7260418587112318,0.687650506724993,658.7663061427804,0.7491808191027951,-0.6623655337413512,541.4082582571157,-0.948476638379086,-0.31684707107547705,1359.9734725754777
0.28990017864230844,0.957056887767471,565.990519433462,-0.245411634538518,-0.9694189649646497,634.328378750754,-0.7552215362350075,0.6554696264563562,1314.229381838863,90,-0.4103440572259828,0.9119307839410398,543.1409884852574,0.4204473512454777,-0.9073169373656935,656.877350327093,-0.9999959287380022,-0.002853507914885347,1314.1829603874578
0.4967843116090036,0.8678740390973614,470.6719955986865,-0.37454019240797515,-0.9272106795496895,731.9756604155974,-0.6814615641095989,0.7318539038915479,1252.2455220286674,0,0.5067478184632386,0.8620943385052176,449.54997149639553,-0.34986673989918826,-0.9367994792442584,754.7106842177405,-0.701964747404625,0.7122116914240885,1234.7608581714962
0.5067478184632386,0.8620943385052176,449.54997149639553,-0.34986673989918826,-0.9367994792442584,754.7106842177405,-0.701964747404625,0.7122116914240885,1234.7608581714962,45,0.2531289221264551,0.9674325551598412,424.47121424564233,-0.06611970406021879,-0.997811698034749,780.4734791927077,-0.8848367675013968,0.46590116428023554,1222.7870017804287
0.2531289221264551,0.9674325551598412,424.47121424564233,-0.06611970406021879,-0.997811698034749,780.4734791927077,-0.8848367675013968,0.46590116428023554,1222.7870017804287,-45,0.5118466463712955,0.8590768362599809,403.41551831902797,-0.30335760762048497,-0.9528767821175915,803.6239919393958,-0.7508349823116539,0.6604898404495396,1206.433786173369
0.5118466463712955,0.8590768362599809,403.41551831902797,-0.30335760762048497,-0.9528767821175915,803.6239919393958,-0.7508349823116539,0.6604898404495396,1206.433786173369,90,-0.09011808772513871,0.995931087106314,382.61401523754984,0.29841716816108366,-0.9544355367161889,823.2922474165538,-0.996491835527885,0.08369003361372658,1205.5462681524089
-0.09011808772513871,0.995931087106314,382.61401523754984,0.29841716816108366,-0.9544355367161889,823.2922474165538,-0.996491835527885,0.08369003361372658,1205.5462681524089,45,-0.3725982060961765,0.9279927676517264,360.01095495359584,0.5252853515339811,-0.8509261421908613,843.6854672723716,-0.9796162710878812,-0.20087797644310068,1210.8220875449044
-0.3725982060961765,0.9279927676517264,360.01095495359584,0.5252853515339811,-0.8509261421908613,843.6854672723716,-0.9796162710878812,-0.20087797644310068,1210.8220875449044,-90,0.21192975936722888,0.9772849006786857,339.37784123529633,-0.02411809173345916,-0.9997091165189684,864.9901959684456,-0.9355682549011711,0.3531459194457403,1201.9253051340295
0.21192975936722888,0.9772849006786857,339.37784123529633,-0.02411809173345916,-0.9997091165189684,864.9901959684456,-0.9355682549011711,0.3531459194457403,1201.9253051340295,-90,0.8428374140928387,0.5381682761045068,327.5528142735153,-0.6717576062485404,-0.7407710297029919,880.8711404845207,-0.4678732639978945,0.8837955695951166,1181.3639092754186
0.8428374140928387,0.5381682761045068,327.5528142735153,-0.6717576062485404,-0.7407710297029919,880.8711404845207,-0.4678732639978945,0.8837955695951166,1181.3639092754186,-90,0.9918581854787688,-0.12734731995124277,330.4872692371826,-0.9743265188344886,-0.22513958935706307,884.5900718004075,0.1471505492403966,0.9891141065914739,1160.2194254225576
0.9918581854787688,-0.12734731995124277,330.4872692371826,-0.9743265188344886,-0.22513958935706307,884.5900718004075,0.1471505492403966,0.9891141065914739,1160.2194254225576,-45,0.8988417172862505,-0.4382733932899693,338.99871034977406,-0.9997778306369144,0.02107817276106309,883.7844339084107,0.41330117344358996,0.910594388314661,1141.803820986254
0.8988417172862505,-0.4382733932899693,338.99871034977406,-0.9997778306369144,0.02107817276106309,883.7844339084107,0.41330117344358996,0.910594388314661,1141.803820986254,-45,0.7155515417594086,-0.6985599409397402,352.27993642364873,-0.9612312098924711,0.27574365111214477,878.1579092661241,0.656730865368935,0.7541250363645076,1127.264775288685
0.7155515417594086,-0.6985599409397402,352.27993642364873,-0.9612312098924711,0.27574365111214477,878.1579092661241,0.656730865368935,0.7541250363645076,1127.264775288685,0,0.6732572508139255,-0.7394083271281674,369.75923488921813,-0.9651589246192005,0.2616643847142911,871.6191208239181,0.6765534894045209,0.7363934926210082,1109.1773761603056
0.6732572508139255,-0.7394083271281674,369.75923488921813,-0.9651589246192005,0.2616643847142911,871.6191208239181,0.6765534894045209,0.7363934926210082,1109.1773761603056,-90,0.04707423291421495,-0.998891393793909,394.7586158535365,-0.5910144636564167,0.8066609596037966,850.9551132642662,0.9933736718774258,0.11492931749888903,1106.6693656149519
0.04707423291421495,-0.998891393793909,394.7586158535365,-0.5910144636564167,0.8066609596037966,850.9551132642662,0.9933736718774258,0.11492931749888903,1106.6693656149519,-45,-0.23672675253660522,-0.971576268047688,410.96712963672655,-0.3353041937568594,0.9421099180292406,835.0643458092617,0.9807831953212588,-0.19510080413832592,1110.0530715429104
-0.23672675253660522,-0.971576268047688,410.96712963672655,-0.3353041937568594,0.9421099180292406,835.0643458092617,0.9807831953212588,-0.19510080413832592,1110.0530715429104,45,0.11618405909353335,-0.9932277001838754,434.3391876543608,-0.662079404872227,0.7494336939610052,817.421097068243,0.9894483927240243,0.1448857416581945,1106.1354211543223
0.11618405909353335,-0.9932277001838754,434.3391876543608,-0.662079404872227,0.7494336939610052,817.421097068243,0.9894483927240243,0.1448857416581945,1106.1354211543223,-45,-0.1714565969417543,-0.9851916744294751,459.29483269265074,-0.42385524609168346,0.9057299433940331,794.3399671036136,0.9845298328310966,-0.17521703189351467,1110.3795672373344
-0.1714565969417543,-0.9851916744294751,459.29483269265074,-0.42385524609168346,0.9057299433940331,794.3399671036136,0.9845298328310966,-0.17521703189351467,1110.3795672373344,45,0.1786746673298399,-0.9839082087545418,476.5717449350622,-0.7268621945339209,0.6867833356724176,782.3825075181896,0.985945580434283,0.1670667903028746,1106.9388005081628
0.1786746673298399,-0.9839082087545418,476.5717449350622,-0.7268621945339209,0.6867833356724176,782.3825075181896,0.985945580434283,0.1670667903028746,1106.9388005081628,-45,-0.10075315221816054,-0.9949114545114576,499.6701717178343,-0.5168317791485381,0.8560869769259177,762.3219533140377,0.9903957294667258,-0.13826170494418172,1110.0594400772104
-0.10075315221816054,-0.9949114545114576,499.6701717178343,-0.5168317791485381,0.8560869769259177,762.3219533140377,0.9903957294667258,-0.13826170494418172,1110.0594400772104,-90,-0.6960450582315643,-0.717998103696255,510.9595706126758,0.15525634298593338,0.9878742166706418,745.6951674784342,0.6657157827157918,-0.7462053984280069,1123.4075675375746
-0.6960450582315643,-0.717998103696255,510.9595706126758,0.15525634298593338,0.9878742166706418,745.6951674784342,0.6657157827157918,-0.7462053984280069,1123.4075675375746,-90,-0.9615240082148263,-0.2747209158882784,516.4835633468019,0.6757165586774022,0.7371615374727366,729.0193901450153,0.1594411360016387,-0.9872074372443246,1145.7679656926223
-0.9615240082148263,-0.2747209158882784,516.4835633468019,0.6757165586774022,0.7371615374727366,729.0193901450153,0.1594411360016387,-0.9872074372443246,1145.7679656926223,45,-0.7737423904550502,-0.6335003655980828,532.4700291846598,0.3752923203163994,0.9269065078590899,705.2483619122504,0.49588222630232515,-0.8683897843926134,1167.6656079460047
-0.7737423904550502,-0.6335003655980828,532.4700291846598,0.3752923203163994,0.9269065078590899,705.2483619122504,0.49588222630232515,-0.8683897843926134,1167.6656079460047,45,-0.4951651974856729,-0.8687988416192638,553.4406058283535,0.03991866211142312,0.9992029325493565,681.2884383135053,0.7502759510524053,-0.6611247970484913,1182.93733738506
-0.4951651974856729,-0.8687988416192638,553.4406058283535,0.03991866211142312,0.9992029325493565,681.2884383135053,0.7502759510524053,-0.6611247970484913,1182.93733738506,-90,-0.8704573357706856,-0.49224386903546086,563.5761839325945,0.5937598576187273,0.8046423003301459,663.2478655043118,0.2659519481773718,-0.9639862868633872,1205.199616286043
-0.8704573357706856,-0.49224386903546086,563.5761839325945,0.5937598576187273,0.8046423003301459,663.2478655043118,0.2659519481773718,-0.9639862868633872,1205.199616286043,45,-0.6375611430040061,-0.7703997591714482,580.43634049187,0.2997401434173082,0.954020883641533,642.313818443597,0.5641254158851926,-0.8256891153166296,1222.9286918555774
-0.6375611430040061,-0.7703997591714482,580.43634049187,0.2997401434173082,0.954020883641533,642.313818443597,0.5641254158851926,-0.8256891153166296,1222.9286918555774,-90,-0.9716739279754745,-0.23632557562124432,584.4878179647567,0.8510375967050289,0.525104760018921,630.457777610208,-0.07921705826241521,-0.9968573908439707,1246.5215960219873
-0.9716739279754745,-0.23632557562124432,584.4878179647567,0.8510375967050289,0.525104760018921,630.457777610208,-0.07921705826241521,-0.9968573908439707,1246.5215960219873,-45,-0.996872158594074,0.07903100290387029,581.8274609199794,0.9875665535688707,0.15720147032424003,626.6335215104519,-0.4160579931943749,-0.9093380814081579,1267.8095418005773
-0.996872158594074,0.07903100290387029,581.8274609199794,0.9875665535688707,0.15720147032424003,626.6335215104519,-0.4160579931943749,-0.9093380814081579,1267.8095418005773,-45,-0.9630323267577899,0.26938585267136306,574.9135195267141,0.9935521908841954,-0.1133756763561539,628.887439002079,-0.6060107869912161,-0.7954564262423724,1286.8325590124746
-0.9630323267577899,0.26938585267136306,574.9135195267141,0.9935521908841954,-0.1133756763561539,628.887439002079,-0.6060107869912161,-0.7954564262423724,1286.8325590124746,90,-0.9179705923563326,-0.39664844833802626,584.5810312202955,0.8775185397271748,0.47954271179435815,616.6962672682429,-0.006889266027433125,-0.999976268725215,1309.6948431075782
-0.9179705923563326,-0.39664844833802626,584.5810312202955,0.8775185397271748,0.47954271179435815,616.6962672682429,-0.006889266027433125,-0.999976268725215,1309.6948431075782,45,-0.773935831117839,-0.6332640281209251,599.5312311862158,0.7526066956104434,0.6584703195454822,600.6323454890352,0.23351017344383687,-0.9723543587078886,1332.5390865440531
0.6402679643472041,0.7681516346599071,439.722369435818,-0.5730467289550194,-0.8195226942763407,761.2755625804956,-0.5416259796102749,0.8406195918554421,1255.692925114357,0,0.663669990735522,0.7480254964886639,421.1079253759658,-0.5535822097826066,-0.8327945346916046,781.5364641617498,-0.5556160456197307,0.8314389994761452,1235.3532145967201
0.663669990735522,0.7480254964886639,421.1079253759658,-0.5535822097826066,-0.8327945346916046,781.5364641617498,-0.5556160456197307,0.8314389994761452,1235.3532145967201,0,0.7859599264803311,0.6182774409333018,356.5345495817481,-0.50229537431174,-0.8646961067016719,861.398679500648,-0.591710329600679,0.8061506595195812,1157.76833824624
0.7859599264803311,0.6182774409333018,356.5345495817481,-0.50229537431174,-0.8646961067016719,861.398679500648,-0.591710329600679,0.8061506595195812,1157.76833824624,-45,0.9676131033297145,0.2524378780306935,350.0026101025248,-0.7528898906080651,-0.6581464978408498,876.6391202077284,-0.2877791865102701,0.9576967890786139,1135.0500196372757
0.9676131033297145,0.2524378780306935,350.0026101025248,-0.7528898906080651,-0.6581464978408498,876.6391202077284,-0.2877791865102701,0.9576967890786139,1135.0500196372757,-45,0.9972518905715533,-0.07408553672251249,351.1112774906127,-0.8832296446560637,-0.46894071565681245,888.2513209565691,-0.036396782697806135,0.9993374175969039,1109.3990847215848
0.9972518905715533,-0.07408553672251249,351.1112774906127,-0.8832296446560637,-0.46894071565681245,888.2513209565691,-0.036396782697806135,0.9993374175969039,1109.3990847215848,-90,0.6880849727627658,-0.7256301194534747,366.95700096159766,-0.9819924798356717,0.18892000832677253,882.5488998093703,0.6264769875727743,0.7794399168901617,1094.2202340272868
0.6880849727627658,-0.7256301194534747,366.95700096159766,-0.9819924798356717,0.18892000832677253,882.5488998093703,0.6264769875727743,0.7794399168901617,1094.2202340272868,-90,0.12702710407682247,-0.991899246309753,388.03889545463096,-0.697077690507781,0.7169956020760088,866.8417758654978,0.969113370343968,0.24661564309782766,1089.355196612037
0.12702710407682247,-0.991899246309753,388.03889545463096,-0.697077690507781,0.7169956020760088,866.8417758654978,0.969113370343968,0.24661564309782766,1089.355196612037,-45,-0.7021102943375508,-0.7120682092224296,400.26590658742094,0.1803157378301838,0.9836087813204782,847.6923946669865,0.7588986019275,-0.6512088082884674,1103.946554855012
-0.7021102943375508,-0.7120682092224296,400.26590658742094,0.1803157378301838,0.9836087813204782,847.6923946669865,0.7588986019275,-0.6512088082884674,1103.946554855012,90,0.8250386623094077,-0.5650762830757482,425.8672913765156,-0.9775343504260661,-0.21077616975618718,866.7135108352529,0.39292253716281894,0.9195715740438768,1041.7369676959581
0.8250386623094077,-0.5650762830757482,425.8672913765156,-0.9775343504260661,-0.21077616975618718,866.7135108352529,0.39292253716281894,0.9195715740438768,1041.7369676959581,90,0.996863301574384,0.07914264320970536,422.61424391117015,-0.5757346153595113,-0.8176366263058643,885.1961585753804,-0.32895100127665655,0.9443469906549632,1021.2067367367932
0.996863301574384,0.07914264320970536,422.61424391117015,-0.5757346153595113,-0.8176366263058643,885.1961585753804,-0.32895100127665655,0.9443469906549632,1021.2067367367932,-45,0.9511103009300537,-0.30885141324711907,428.7591322939839,-0.8092620483917677,-0.5874478164337325,896.5944420558774,0.013503526277000593,0.9999088232324417,1001.0454902378262
0.9511103009300537,-0.30885141324711907,428.7591322939839,-0.8092620483917677,-0.5874478164337325,896.5944420558774,0.013503526277000593,0.9999088232324417,1001.0454902378262,0,0.9346390461958826,-0.35559788149826055,437.24406030328186,-0.7912397943693339,-0.6115059998122457,912.3081323053632,0.006426841489220878,0.9999793476409763,975.0569461680175
0.9346390461958826,-0.35559788149826055,437.24406030328186,-0.7912397943693339,-0.6115059998122457,912.3081323053632,0.006426841489220878,0.9999793476409763,975.0569461680175,45,0.9897795927015551,-0.14260560252508847,439.6182019527513,-0.5862797419598201,-0.8101086742947063,930.7953177192985,-0.26880210967256823,0.9631954245300258,953.2224942206149
0.9897795927015551,-0.14260560252508847,439.6182019527513,-0.5862797419598201,-0.8101086742947063,930.7953177192985,-0.26880210967256823,0.9631954245300258,953.2224942206149,-90,0.7274087020770549,-0.6862044740036124,455.9518842843398,-0.9234482858232668,-0.3837228992516216,939.2989517626643,0.3052933769721261,0.9522583441361674,930.6100154105586
0.7274087020770549,-0.6862044740036124,455.9518842843398,-0.9234482858232668,-0.3837228992516216,939.2989517626643,0.3052933769721261,0.9522583441361674,930.6100154105586,-90,-0.5516470147302128,-0.8340776769217867,467.98851791371976,-0.5135707222988988,0.8580472674610574,921.0129927960191,0.9823789172085673,-0.1869001418515322,938.9930632859223
-0.5516470147302128,-0.8340776769217867,467.98851791371976,-0.5135707222988988,0.8580472674610574,921.0129927960191,0.9823789172085673,-0.1869001418515322,938.9930632859223,-45,-0.7182063565174684,-0.6958301728567847,482.68111405864016,-0.29153376620197546,0.9565605381595521,900.2861422175118,0.8965776597910226,-0.44288655428185375,948.4706942593904
-0.7182063565174684,-0.6958301728567847,482.68111405864016,-0.29153376620197546,0.9565605381595521,900.2861422175118,0.8965776597910226,-0.44288655428185375,948.4706942593904,-45,-0.8969526695548781,-0.4421265752908072,493.3732693619001,0.0652559518957439,0.997868558850403,874.7778134594236,0.6704135395080697,-0.7419876589568467,967.3346385407948
-0.8969526695548781,-0.4421265752908072,493.3732693619001,0.0652559518957439,0.997868558850403,874.7778134594236,0.6704135395080697,-0.7419876589568467,967.3346385407948,-45,-0.9865811775103939,-0.16327149225203014,496.3752606239457,0.4070671172934653,0.9133982494062424,852.8356930613833,0.374123990672865,-0.9273786926617464,989.800383592313
-0.9865811775103939,-0.16327149225203014,496.3752606239457,0.4070671172934653,0.9133982494062424,852.8356930613833,0.374123990672865,-0.9273786926617464,989.800383592313,0,-0.9769440221935188,-0.21349561470987982,501.2504713033595,0.41701781299248436,0.9088983131500274,829.7334722559045,0.3666006541790895,-0.9303783963288612,1013.2673659907537
-0.9769440221935188,-0.21349561470987982,501.2504713033595,0.41701781299248436,0.9088983131500274,829.7334722559045,0.3666006541790895,-0.9303783963288612,1013.2673659907537,-90,-0.9415372939394158,0.3369087771507921,491.4583977529125,0.8746409712732174,0.48477125674924554,817.3608730064464,-0.22350659072751808,-0.9747024181263539,1038.3139008613243
-0.9415372939394158,0.3369087771507921,491.4583977529125,0.8746409712732174,0.48477125674924554,817.3608730064464,-0.22350659072751808,-0.9747024181263539,1038.3139008613243,45,-0.999991029169709,0.004235750241252582,491.04086588855307,0.7128038023403783,0.7013634859109069,800.5190890744454,0.06436271626805863,-0.9979265708230227,1061.7710920780335
-0.999991029169709,0.004235750241252582,491.04086588855307,0.7128038023403783,0.7013634859109069,800.5190890744454,0.06436271626805863,-0.9979265708230227,1061.7710920780335,0,-0.997806915884826,-0.06619183191611923,492.1126475912807,0.7192544376302589,0.6947467552635134,781.3678633776154,0.07750426442747378,-0.9969920205275247,1088.8848873592194
-0.997806915884826,-0.06619183191611923,492.1126475912807,0.7192544376302589,0.6947467552635134,781.3678633776154,0.07750426442747378,-0.9969920205275247,1088.8848873592194,0,-0.9908773775753076,-0.13476654855520054,494.81352097460916,0.7230453035276065,0.6908006145384291,763.7363553866543,0.09332900514640774,-0.9956353231973953,1114.0623414061217
-0.9908773775753076,-0.13476654855520054,494.81352097460916,0.7230453035276065,0.6908006145384291,763.7363553866543,0.09332900514640774,-0.9956353231973953,1114.0623414061217,-90,-0.8456744755696648,0.5336990550581595,481.7522175244137,0.9999993704139376,0.0011221282139355136,764.915158099047,-0.5870435325948956,-0.8095553661353284,1130.5088761658133
-0.8456744755696648,0.5336990550581595,481.7522175244137,0.9999993704139376,0.0011221282139355136,764.915158099047,-0.5870435325948956,-0.8095553661353284,1130.5088761658133,-90,-0.3265898483032645,0.9451661605163669,462.16920250542444,0.7614184106387034,-0.648260753046512,778.7067045714323,-0.9627085665344695,-0.27054059939526065,1134.8932512551567
-0.3265898483032645,0.9451661605163669,462.16920250542444,0.7614184106387034,-0.648260753046512,778.7067045714323,-0.9627085665344695,-0.27054059939526065,1134.8932512551567,-90,0.2641664462109095,0.9644771063619388,440.2094817071073,0.26984889819474456,-0.9629026805150572,800.9804415744743,-0.9576180317327976,0.2880411520949786,1127.3279858962253
0.2641664462109095,0.9644771063619388,440.2094817071073,0.26984889819474456,-0.9629026805150572,800.9804415744743,-0.9576180317327976,0.2880411520949786,1127.3279858962253,-45,0.5305841263374665,0.8476322816402803,415.9734929640229,0.014970817434688838,-0.9998879310329419,829.2844788422667,-0.8636774864384994,0.5040448386991734,1112.7708959389126
0.5305841263374665,0.8476322816402803,415.9734929640229,0.014970817434688838,-0.9998879310329419,829.2844788422667,-0.8636774864384994,0.5040448386991734,1112.7708959389126,90,-0.009578481440947337,0.9999541252943984,391.1723889502683,0.5359140147778433,-0.8442725678148577,849.8565984194393,-0.9981345562616994,-0.061052498689736244,1114.4909142191605
-0.009578481440947337,0.9999541252943984,391.1723889502683,0.5359140147778433,-0.8442725678148577,849.8565984194393,-0.9981345562616994,-0.061052498689736244,1114.4909142191605,-45,0.3601698085358692,0.932886761091203,369.67452493350146,0.2028010136503673,-0.9792199695994682,872.4660992753874,-0.9623574356569283,0.27178698650932703,1107.7537877998025
0.3601698085358692,0.932886761091203,369.67452493350146,0.2028010136503673,-0.9792199695994682,872.4660992753874,-0.9623574356569283,0.27178698650932703,1107.7537877998025,0,0.3842234794649979,0.9232401192689854,346.51503906517536,0.19708258735304637,-0.980386889835961,896.8809688572615,-0.968017133496649,0.2508840952649868,1101.2901308457913
0.3842234794649979,0.9232401192689854,346.51503906517536,0.19708258735304637,-0.980386889835961,896.8809688572615,-0.968017133496649,0.2508840952649868,1101.2901308457913,90,-0.3399385495966034,0.9404476500572254,323.28480749309887,0.7773603621033491,-0.6290555360463413,911.610194521677,-0.8868212409790786,-0.4621126340496731,1113.39557514652
-0.3399385495966034,0.9404476500572254,323.28480749309887,0.7773603621033491,-0.6290555360463413,911.610194521677,-0.8868212409790786,-0.4621126340496731,1113.39557514652,-90,0.2735953163212443,0.9618448954416082,302.87408217779216,0.2770428739464038,-0.9608575575992089,932.2833419379755,-0.9945369034717065,0.1043855719575718,1110.3101862340272
0.2735953163212443,0.9618448954416082,302.87408217779216,0.2770428739464038,-0.9608575575992089,932.2833419379755,-0.9945369034717065,0.1043855719575718,1110.3101862340272,-90,0.7972005137266257,0.6037146187678447,287.5267698144644,-0.2844905921059745,-0.9586788320408415,956.2240968308319,-0.7870837530229882,0.6168461442914657,1094.0124511905428
0.7972005137266257,0.6037146187678447,287.5267698144644,-0.2844905921059745,-0.9586788320408415,956.2240968308319,-0.7870837530229882,0.6168461442914657,1094.0124511905428,-45,0.9703716617493802,0.24161713116777633,280.2099149653345,-0.549611239300506,-0.8354205441779379,978.8669350043856,-0.5729834183385635,0.8195669602351322,1070.8186010921177
0.8953294487785344,-0.4454045106977766,287.19575648689516,-0.7917537163460581,-0.6108404477866588,1046.4103796045222,-0.25648071515042403,0.9665493483293686,990.8607785880315,45,0.9618483043077579,-0.2735833319124004,293.45995384421707,-0.5810393237287916,-0.8138754845065604,1069.075761819643,-0.5248390037019309,0.8512015156196354,967.0486360624526
0.9618483043077579,-0.2735833319124004,293.45995384421707,-0.5810393237287916,-0.8138754845065604,1069.075761819643,-0.5248390037019309,0.8512015156196354,967.0486360624526,45,0.9971212761045856,-0.07582322031912661,294.0655211561702,-0.33900498976362625,-0.9407845751899654,1087.6254735582695,-0.7418863202515404,0.6705256802118982,953.9268581672549
0.9971212761045856,-0.07582322031912661,294.0655211561702,-0.33900498976362625,-0.9407845751899654,1087.6254735582695,-0.7418863202515404,0.6705256802118982,953.9268581672549,0,0.9863898047533878,-0.16442369986888605,297.16618150679597,-0.3311329044280474,-0.943584124286248,1112.7815865799228,-0.7561531705352607,0.6543946689036159,936.3449254582043
0.9863898047533878,-0.16442369986888605,297.16618150679597,-0.3311329044280474,-0.943584124286248,1112.7815865799228,-0.7561531705352607,0.6543946689036159,936.3449254582043,-90,0.008195650922513233,-0.9999664150890051,319.16589508909,-0.9872781102385652,0.15900293407282656,1104.6765628852727,0.540598090301097,0.8412809903728997,920.1248983632711
0.008195650922513233,-0.9999664150890051,319.16589508909,-0.9872781102385652,0.15900293407282656,1104.6765628852727,0.540598090301097,0.8412809903728997,920.1248983632711,45,0.2597817635427693,-0.9656673523168362,339.9612131852985,-0.9912579249211604,-0.1319383427249078,1107.457171393287,0.300731263211436,0.9537089216984677,899.4379280808765
0.2597817635427693,-0.9656673523168362,339.9612131852985,-0.9912579249211604,-0.1319383427249078,1107.457171393287,0.300731263211436,0.9537089216984677,899.4379280808765,45,0.5499872459309154,-0.8351730535124602,355.253734374306,-0.8788028195261366,-0.477185084000865,1116.479796407839,-0.046190381861506646,0.998932654698748,880.7923795009185
0.5499872459309154,-0.8351730535124602,355.253734374306,-0.8788028195261366,-0.477185084000865,1116.479796407839,-0.046190381861506646,0.998932654698748,880.7923795009185,0,0.5237421110004741,-0.851876869720482,378.67114042498673,-0.8633594471261735,-0.5045894024432023,1130.2628334112203,-0.05792664103915377,0.9983208423437432,853.0002535701616
0.5237421110004741,-0.851876869720482,378.67114042498673,-0.8633594471261735,-0.5045894024432023,1130.2628334112203,-0.05792664103915377,0.9983208423437432,853.0002535701616,90,0.8982687520505108,-0.4394465258590832,388.2062585299856,-0.39792757929931377,-0.9174168309078422,1153.3551140745203,-0.6457600467393663,0.7635404128369182,834.3624746846241
0.8982687520505108,-0.4394465258590832,388.2062585299856,-0.39792757929931377,-0.9174168309078422,1153.3551140745203,-0.6457600467393663,0.7635404128369182,834.3624746846241,0,0.8734618862104419,-0.4868925275024224,399.74185989823485,-0.38750924168014167,-0.9218658186593544,1176.443536492466,-0.6630922842158775,0.7485376561091431,815.4709280868938
0.8734618862104419,-0.4868925275024224,399.74185989823485,-0.38750924168014167,-0.9218658186593544,1176.443536492466,-0.6630922842158775,0.7485376561091431,815.4709280868938,0,0.855087852994416,-0.518483137297058,408.7380546793753,-0.38027722895962857,-0.9248725475084587,1193.0991230166417,-0.6757358768884576,0.7371438290359538,802.1386895936887
0.855087852994416,-0.518483137297058,408.7380546793753,-0.38027722895962857,-0.9248725475084587,1193.0991230166417,-0.6757358768884576,0.7371438290359538,802.1386895936887,0,0.8318243142867437,-0.5550390167919625,423.203577025821,-0.3611031812542706,-0.9325258669270495,1218.5795942848583,-0.7021450950787486,0.7120338934747806,782.5041773738016
0.8318243142867437,-0.5550390167919625,423.203577025821,-0.3611031812542706,-0.9325258669270495,1218.5795942848583,-0.7021450950787486,0.7120338934747806,782.5041773738016,-45,0.5625931972873384,-0.826733871548765,442.62416609969455,-0.6520971588939237,-0.7581354070101678,1236.3450296804083,-0.42363307129833994,0.9058338815159961,760.9585484212987
0.5625931972873384,-0.826733871548765,442.62416609969455,-0.6520971588939237,-0.7581354070101678,1236.3450296804083,-0.42363307129833994,0.9058338815159961,760.9585484212987,0,0.5364695000076752,-0.843919709191292,464.0427681088997,-0.6419388901774358,-0.7667558028980035,1255.9900997357304,-0.43707791524418765,0.8994236465680645,737.804534164822
0.5364695000076752,-0.843919709191292,464.0427681088997,-0.6419388901774358,-0.7667558028980035,1255.9900997357304,-0.43707791524418765,0.8994236465680645,737.804534164822,-45,0.2073806296191285,-0.9782603306169446,488.24690091670834,-0.8557796325082997,-0.5173405267171318,1268.3106860130015,-0.10833100919936638,0.9941148788977292,713.2121677697107
0.2073806296191285,-0.9782603306169446,488.24690091670834,-0.8557796325082997,-0.5173405267171318,1268.3106860130015,-0.10833100919936638,0.9941148788977292,713.2121677697107,45,0.44883279590471126,-0.8936157570904621,511.263377957118,-0.6686748468008904,-0.7435549403075778,1287.7697005443647,-0.3934264014611764,0.9193561152422435,689.2845520103602
0.44883279590471126,-0.8936157570904621,511.263377957118,-0.6686748468008904,-0.7435549403075778,1287.7697005443647,-0.3934264014611764,0.9193561152422435,689.2845520103602,90,0.9139364973124576,-0.40585721489242516,520.0051352421206,0.0002386446672442274,-0.999999971524361,1313.0613011882485,-0.9216402165346916,0.38804550154058826,680.0503545166167
-0.22555731757743877,-0.9742298991959087,593.6005789241609,-0.9784741769344701,-0.20636929294934175,1322.88026944962,0.28242781093594216,0.959288554924915,606.9183181442944,0,-0.2286404700056746,-0.9735109323862697,612.0816380522017,-0.9777187673362192,-0.2099190605889424,1326.7854128082154,0.3013123484367794,0.9535254945094613,588.7710417816644
-0.2286404700056746,-0.9735109323862697,612.0816380522017,-0.9777187673362192,-0.2099190605889424,1326.7854128082154,0.3013123484367794,0.9535254945094613,588.7710417816644,0,-0.21967216944431656,-0.9755737480947443,635.8693722838616,-0.9736839349920576,-0.22790259923568784,1332.1875313215749,0.3130578559806798,0.9497340568858105,565.5365546175349
-0.21967216944431656,-0.9755737480947443,635.8693722838616,-0.9736839349920576,-0.22790259923568784,1332.1875313215749,0.3130578559806798,0.9497340568858105,565.5365546175349,45,0.13790661014951547,-0.9904452366875564,660.2554355397333,-0.8192553914162293,-0.573428813049572,1346.4839695145881,-0.05012427222418882,0.9987429886282033,540.9009078932692
0.13790661014951547,-0.9904452366875564,660.2554355397333,-0.8192553914162293,-0.573428813049572,1346.4839695145881,-0.05012427222418882,0.9987429886282033,540.9009078932692,45,0.4020668913776903,-0.9156102963913636,683.1381291437656,-0.6109791608520663,-0.791646679399658,1366.8112757400138,-0.35158782439516684,0.9361549026400884,517.2991392705425
0.4020668913776903,-0.9156102963913636,683.1381291437656,-0.6109791608520663,-0.791646679399658,1366.8112757400138,-0.35158782439516684,0.9361549026400884,517.2991392705425,0,0.39944635977005183,-0.9167565683792259,708.1227820498362,-0.5910206759482028,-0.8066564080212401,1388.7889236518267,-0.38266407090317206,0.9238875520537183,491.9254765287116
0.39944635977005183,-0.9167565683792259,708.1227820498362,-0.5910206759482028,-0.8066564080212401,1388.7889236518267,-0.38266407090317206,0.9238875520537183,491.9254765287116,-90,-0.15341951830143036,-0.9881611464756935,728.9256367815376,-0.9279656557934399,-0.37266572376306767,1395.5353180616285,0.18757999765904737,0.9822493290800619,471.2463728851077
-0.15341951830143036,-0.9881611464756935,728.9256367815376,-0.9279656557934399,-0.37266572376306767,1395.5353180616285,0.18757999765904737,0.9822493290800619,471.2463728851077,-45,-0.49499678122504065,-0.8688948075439565,748.1104919904078,-0.9998236602212688,-0.018778936651066346,1395.6673630296475,0.5599722012013918,0.8285113963499042,452.7151292216
-0.49499678122504065,-0.8688948075439565,748.1104919904078,-0.9998236602212688,-0.018778936651066346,1395.6673630296475,0.5599722012013918,0.8285113963499042,452.7151292216,-45,-0.7527527139692679,-0.6583033887288607,762.6880241169387,-0.9483032599819737,0.3173656047960478,1388.388843995586,0.8375769929673452,0.5463193030195618,440.06879249885463
-0.7527527139692679,-0.6583033887288607,762.6880241169387,-0.9483032599819737,0.3173656047960478,1388.388843995586,0.8375769929673452,0.5463193030195618,440.06879249885463,90,-0.14902527809054186,-0.9888333866178046,786.4122981418399,-0.9241273998570426,-0.382084478660756,1398.3612632895442,0.30251927339561846,0.9531432679425412,416.97604567736266
-0.14902527809054186,-0.9888333866178046,786.4122981418399,-0.9241273998570426,-0.382084478660756,1398.3612632895442,0.30251927339561846,0.9531432679425412,416.97604567736266,0,-0.14566324667676123,-0.9893342299585035,804.1932422861374,-0.919513003220394,-0.39305958442532835,1405.3440471780175,0.31532497387576497,0.9489837516260476,399.8749441246475
-0.14566324667676123,-0.9893342299585035,804.1932422861374,-0.919513003220394,-0.39305958442532835,1405.3440471780175,0.31532497387576497,0.9489837516260476,399.8749441246475,-45,-0.3860003578526412,-0.9224986307510884,826.0424758918151,-0.9873779957044495,-0.1583814812364881,1408.8273464046188,0.5786035897081113,0.8156089050377562,380.29179846202317
-0.3860003578526412,-0.9224986307510884,826.0424758918151,-0.9873779957044495,-0.1583814812364881,1408.8273464046188,0.5786035897081113,0.8156089050377562,380.29179846202317,-45,-0.6442998920330114,-0.7647729395881171,844.6846150111236,-0.9892435120267391,0.14627807051298852,1404.8910629783686,0.8386505711698364,0.544669826111661,366.382012162838
-0.6442998920330114,-0.7647729395881171,844.6846150111236,-0.9892435120267391,0.14627807051298852,1404.8910629783686,0.8386505711698364,0.544669826111661,366.382012162838,45,-0.41987586984503267,-0.9075815411971958,870.0268039784637,-0.9920465273411102,-0.12587171084260326,1408.5210398290044,0.713763033674435,0.7003872726998024,346.0869249783643
-0.41987586984503267,-0.9075815411971958,870.0268039784637,-0.9920465273411102,-0.12587171084260326,1408.5210398290044,0.713763033674435,0.7003872726998024,346.0869249783643,45,-0.10712835045640415,-0.9942451993992678,889.8934954110913,-0.8948833214848457,-0.44630016908830566,1417.558701844467,0.4775592201981076,0.8785995624878125,328.3002789748586
-0.10712835045640415,-0.9942451993992678,889.8934954110913,-0.8948833214848457,-0.44630016908830566,1417.558701844467,0.4775592201981076,0.8785995624878125,328.3002789748586,-45,-0.36711032749652606,-0.9301774064367471,907.7448302132324,-0.9802005436079675,-0.19800730873037256,1421.127508979701,0.7295148605187379,0.6839649612972336,314.904615366066
-0.36711032749652606,-0.9301774064367471,907.7448302132324,-0.9802005436079675,-0.19800730873037256,1421.127508979701,0.7295148605187379,0.6839649612972336,314.904615366066,-90,-0.8626205464234901,-0.5058515522246021,919.9387589206793,-0.8895782361014828,0.45678283883545195,1408.311599101747,0.9998122120636291,-0.019378870153666697,315.146125098374
-0.8626205464234901,-0.5058515522246021,919.9387589206793,-0.8895782361014828,0.45678283883545195,1408.311599101747,0.9998122120636291,-0.019378870153666697,315.146125098374,-90,-0.9876221617707112,0.15685173119652596,915.4151390346186,-0.3831999097162533,0.9236654314162976,1390.9474169693729,0.7215824531971881,-0.6923285081794104,328.58520473960783
-0.9876221617707112,0.15685173119652596,915.4151390346186,-0.3831999097162533,0.9236654314162976,1390.9474169693729,0.7215824531971881,-0.6923285081794104,328.58520473960783,45,-0.9966294701014807,-0.0820347446222745,917.1481357371447,-0.5813327222228352,0.8136659425544294,1375.6263093173668,0.828474117440158,-0.5600273535567271,338.5518319048355
-0.9966294701014807,-0.0820347446222745,917.1481357371447,-0.5813327222228352,0.8136659425544294,1375.6263093173668,0.828474117440158,-0.5600273535567271,338.5518319048355,90,-0.7660421811255957,-0.6427903054156464,932.1819686811905,-0.9436121316977428,0.3310530847354268,1368.2616499538165,0.9978547982522227,-0.06546603397958352,338.8008599964587
-0.7660421811255957,-0.6427903054156464,932.1819686811905,-0.9436121316977428,0.3310530847354268,1368.2616499538165,0.9978547982522227,-0.06546603397958352,338.8008599964587,45,-0.5185169475381132,-0.8550673512161235,952.0529131983054,-0.9999851679106789,0.005446462948664023,1368.3765671515207,0.9833274569425038,0.18184364828882096,333.42565817492215
-0.5185169475381132,-0.8550673512161235,952.0529131983054,-0.9999851679106789,0.005446462948664023,1368.3765671515207,0.9833274569425038,0.18184364828882096,333.42565817492215,90,0.1569789134404568,-0.98760195460269,972.822363530794,-0.7562644493988693,-0.6542660640560727,1383.0970432278568,0.6591563930357057,0.7520058839664476,316.4050426046336
0.1569789134404568,-0.98760195460269,972.822363530794,-0.7562644493988693,-0.6542660640560727,1383.0970432278568,0.6591563930357057,0.7520058839664476,316.4050426046336,-90,-0.5355483737409243,-0.8445045526126258,990.2418746095369,-0.9999761625092586,0.0069046660496273225,1381.599656278985,0.9988745026496478,0.04743129722470911,315.8363029010598
-0.5355483737409243,-0.8445045526126258,990.2418746095369,-0.9999761625092586,0.0069046660496273225,1381.599656278985,0.9988745026496478,0.04743129722470911,315.8363029010598,90,0.1654231227681083,-0.986222688064743,1006.9479932164322,-0.7403807320367477,-0.6721877502816677,1394.0384862128449,0.7345610195262575,0.6785426357956773,303.02703021776784
0.1654231227681083,-0.986222688064743,1006.9479932164322,-0.7403807320367477,-0.6721877502816677,1394.0384862128449,0.7345610195262575,0.6785426357956773,303.02703021776784,90,0.778071335904263,-0.6281759277815058,1015.4916560546669,-0.0957200707217472,-0.995408292139976,1408.8452092109517,0.08901697220058535,0.9960301093140911,288.2164872394534
-0.7189409314359982,-0.6950711741296277,1088.0789105154552,-0.9795684842497089,0.20111087654507348,1409.9876721122423,0.8533405986307702,-0.5213538363995021,301.8626765741336,45,-0.47833755358514923,-0.8781760557144419,1145.088669642264,-0.9929714774413867,-0.11835389722298804,1416.7045074196278,0.8925836872684655,-0.4508817596911969,325.09897161186166
-0.47833755358514923,-0.8781760557144419,1145.088669642264,-0.9929714774413867,-0.11835389722298804,1416.7045074196278,0.8925836872684655,-0.4508817596911969,325.09897161186166,45,-0.1909161794073194,-0.981606342909678,1168.7699155604794,-0.9060604522436289,-0.4231482681993049,1427.1201475416322,0.9720476880828592,-0.23478350046962074,329.4606433540279
-0.1909161794073194,-0.981606342909678,1168.7699155604794,-0.9060604522436289,-0.4231482681993049,1427.1201475416322,0.9720476880828592,-0.23478350046962074,329.4606433540279,0,-0.20116961677160014,-0.97955642271794,1187.3508100752701,-0.9067467409289821,-0.42167564289945586,1435.0942081223798,0.953660876438678,-0.3008835867079034,334.5779822199901
-0.20116961677160014,-0.97955642271794,1187.3508100752701,-0.9067467409289821,-0.42167564289945586,1435.0942081223798,0.953660876438678,-0.3008835867079034,334.5779822199901,-90,-0.7503651600972966,-0.661023544597436,1201.4637543276035,-0.9780302848897336,0.20846285481712667,1429.881069516965,0.540030572436768,-0.8416454008866303,353.19551662355514
-0.7503651600972966,-0.661023544597436,1201.4637543276035,-0.9780302848897336,0.20846285481712667,1429.881069516965,0.540030572436768,-0.8416454008866303,353.19551662355514,-45,-0.9246516679971665,-0.3808139872300621,1210.5759495669363,-0.854610320331742,0.5192698724001589,1416.4653930364448,0.20426148669578023,-0.9789163626443423,377.8048830678211
-0.9246516679971665,-0.3808139872300621,1210.5759495669363,-0.854610320331742,0.5192698724001589,1416.4653930364448,0.20426148669578023,-0.9789163626443423,377.8048830678211,-45,-0.9840597247986081,-0.17783829179703595,1214.8818114704409,-0.720565107712866,0.6933872839522988,1397.5638718290122,-0.025726681853987837,-0.9996690141445737,404.6669443402809
-0.9840597247986081,-0.17783829179703595,1214.8818114704409,-0.720565107712866,0.6933872839522988,1397.5638718290122,-0.025726681853987837,-0.9996690141445737,404.6669443402809,45,-0.8523544363089474,-0.522964544595957,1227.3249449739258,-0.9228128986889741,0.3852484315519704,1388.4259722992977,0.3057834178264034,-0.9521010982991266,427.16671283615955
-0.8523544363089474,-0.522964544595957,1227.3249449739258,-0.9228128986889741,0.3852484315519704,1388.4259722992977,0.3057834178264034,-0.9521010982991266,427.16671283615955,-90,-0.9997079028059142,0.024168348462419706,1225.8692351521224,-0.5573457297839659,0.8302805173503582,1369.4390463589277,-0.26338521077908,-0.964690743576852,448.4679940558189
-0.9997079028059142,0.024168348462419706,1225.8692351521224,-0.5573457297839659,0.8302805173503582,1369.4390463589277,-0.26338521077908,-0.964690743576852,448.4679940558189,0,-0.9999023751580255,0.013972836266814961,1225.2776556630256,-0.55671812056949,0.8307014711853922,1347.0694315687965,-0.2598390522798091,-0.9656519388011038,474.3939854878854
-0.9999023751580255,0.013972836266814961,1225.2776556630256,-0.55671812056949,0.8307014711853922,1347.0694315687965,-0.2598390522798091,-0.9656519388011038,474.3939854878854,90,-0.8266692993699875,-0.5626880747617937,1238.8278826097878,-0.9331782797752437,0.3594138257715151,1339.5715892521198,0.3114944577724947,-0.9502479690991291,495.7816885802157
-0.8266692993699875,-0.5626880747617937,1238.8278826097878,-0.9331782797752437,0.3594138257715151,1339.5715892521198,0.3114944577724947,-0.9502479690991291,495.7816885802157,-45,-0.9694573275692536,-0.24526004571124255,1244.4178608556565,-0.7498500941501509,0.6616077662051814,1323.354103940653,-0.049357713448376514,-0.9987811652825397,519.9325075589796
-0.9694573275692536,-0.24526004571124255,1244.4178608556565,-0.7498500941501509,0.6616077662051814,1323.354103940653,-0.049357713448376514,-0.9987811652825397,519.9325075589796,45,-0.8504293610176357,-0.5260892528071031,1256.7396435166318,-0.9144888443767607,0.40461111392355087,1313.6150347747664,0.22817797412783314,-0.9736194390638048,542.9628823283512
-0.8504293610176357,-0.5260892528071031,1256.7396435166318,-0.9144888443767607,0.40461111392355087,1313.6150347747664,0.22817797412783314,-0.9736194390638048,542.9628823283512,-45,-0.9495956233617038,-0.31347751449234323,1264.2825201587589,-0.7926997827278822,0.6096122164648345,1298.1245898522156,-0.02267658539230934,-0.9997428531752279,568.0042700358708
-0.9495956233617038,-0.31347751449234323,1264.2825201587589,-0.7926997827278822,0.6096122164648345,1298.1245898522156,-0.02267658539230934,-0.9997428531752279,568.0042700358708,0,-0.9429587548089109,-0.3329095774068812,1273.0083241761079,-0.8029256581463073,0.5960791788766986,1281.536368513068,-0.021332957278776103,-0.9997724265720384,595.3480607356191
-0.9429587548089109,-0.3329095774068812,1273.0083241761079,-0.8029256581463073,0.5960791788766986,1281.536368513068,-0.021332957278776103,-0.9997724265720384,595.3480607356191,0,-0.937552715046369,-0.34784322116318733,1280.3150680683445,-0.8109932447027444,0.5850555162089446,1268.8692420903149,-0.020517279548589486,-0.9997894984645143,616.7972385823805
-0.937552715046369,-0.34784322116318733,1280.3150680683445,-0.8109932447027444,0.5850555162089446,1268.8692420903149,-0.020517279548589486,-0.9997894984645143,616.7972385823805,-90,-0.9672825672595615,0.25370146841465435,1273.8526763977318,-0.316713621566461,0.9485212079412123,1247.0728740397108,-0.5867665638982653,-0.8097561358156065,634.7988036895348
-0.9672825672595615,0.25370146841465435,1273.8526763977318,-0.316713621566461,0.9485212079412123,1247.0728740397108,-0.5867665638982653,-0.8097561358156065,634.7988036895348,45,-0.9923249998610517,-0.12365716578817305,1276.633355302094,-0.6420331197260445,0.7666769027268544,1230.3825664686094,-0.2525310996831768,-0.9675887781970218,656.0159783647667
-0.9923249998610517,-0.12365716578817305,1276.633355302094,-0.6420331197260445,0.7666769027268544,1230.3825664686094,-0.2525310996831768,-0.9675887781970218,656.0159783647667,45,-0.9322536843593562,-0.3618052901747096,1285.479838835386,-0.8086629722721875,0.5882722135847582,1216.315820850921,-0.026134890859127055,-0.9996584254032882,680.1294700659942
-0.9322536843593562,-0.3618052901747096,1285.479838835386,-0.8086629722721875,0.5882722135847582,1216.315820850921,-0.026134890859127055,-0.9996584254032882,680.1294700659942,0,-0.9299248361637833,-0.3677496418567402,1295.3674662265291,-0.8115376592324752,0.5843001177883459,1200.1751074564654,-0.038107857155597696,-0.9992736318061277,707.4919028216069
-0.9299248361637833,-0.3677496418567402,1295.3674662265291,-0.8115376592324752,0.5843001177883459,1200.1751074564654,-0.038107857155597696,-0.9992736318061277,707.4919028216069,0,-0.9232601023878393,-0.3841754590532775,1305.0998611862044,-0.8213552986428378,0.570416929439629,1185.2424088211872,-0.03746804535330144,-0.9992978262647242,733.3437718207266
-0.9232601023878393,-0.3841754590532775,1305.0998611862044,-0.8213552986428378,0.570416929439629,1185.2424088211872,-0.03746804535330144,-0.9992978262647242,733.3437718207266,-45,-0.9820928055037812,-0.18839777434383925,1309.3596246221205,-0.6846267551671165,0.7288938236186017,1165.7229115834432,-0.24987003853659326,-0.9682793831543257,758.5703306817239
-0.9820928055037812,-0.18839777434383925,1309.3596246221205,-0.6846267551671165,0.7288938236186017,1165.7229115834432,-0.24987003853659326,-0.9682793831543257,758.5703306817239,45,-0.8786328260626356,-0.47749801776047873,1321.7820773077876,-0.8746045269851311,0.4848370049584861,1153.1297671520279,0.03679653300366972,-0.9993227782648156,784.5082153120451
-0.8786328260626356,-0.47749801776047873,1321.7820773077876,-0.8746045269851311,0.4848370049584861,1153.1297671520279,0.03679653300366972,-0.9993227782648156,784.5082153120451,0,-0.8758689998727677,-0.48254895612971505,1334.7616423687489,-0.8786947087710695,0.47738413125880647,1139.9031546315327,0.023631461213887046,-0.9997207380268235,811.7640063090504
-0.8758689998727677,-0.48254895612971505,1334.7616423687489,-0.8786947087710695,0.47738413125880647,1139.9031546315327,0.023631461213887046,-0.9997207380268235,811.7640063090504,-90,-0.768814764075777,0.639471546309222,1318.4362828456938,0.13979715383328736,0.9901801632935858,1119.9007419963477,-0.9161964211438309,-0.4007294821737427,816.2357453113469
-0.768814764075777,0.639471546309222,1318.4362828456938,0.13979715383328736,0.9901801632935858,1119.9007419963477,-0.9161964211438309,-0.4007294821737427,816.2357453113469,-45,-0.5056494879732225,0.8627390076450803,1296.9436301689484,0.485862661116805,0.8740351677893154,1098.304429489297,-0.9962773373921862,-0.08620595686340998,817.8104791672763
-0.5056494879732225,0.8627390076450803,1296.9436301689484,0.485862661116805,0.8740351677893154,1098.304429489297,-0.9962773373921862,-0.08620595686340998,817.8104791672763,90,-0.9073922804849034,0.4202847241054644,1287.6565207537062,-0.08507575293252521,0.9963744859554383,1074.2620329507788,-0.7663629061958205,-0.6424078891227101,834.1017896153562
-0.9073922804849034,0.4202847241054644,1287.6565207537062,-0.08507575293252521,0.9963744859554383,1074.2620329507788,-0.7663629061958205,-0.6424078891227101,834.1017896153562,-45,-0.7068856449651787,0.7073278482727535,1272.6439796875165,0.27989314706771473,0.9600311589862751,1054.4574998713224,-0.9366149747294213,-0.3503603703511649,840.7704912964537
-0.7068856449651787,0.7073278482727535,1272.6439796875165,0.27989314706771473,0.9600311589862751,1054.4574998713224,-0.9366149747294213,-0.3503603703511649,840.7704912964537,90,-0.8595436637724513,-0.5110623152499422,1306.9209929684082,-0.8677238296202809,0.4970466331332642,1023.7203533492582,0.059034298695091844,-0.9982559549422075,904.5447484019406
-0.8595436637724513,-0.5110623152499422,1306.9209929684082,-0.8677238296202809,0.4970466331332642,1023.7203533492582,0.059034298695091844,-0.9982559549422075,904.5447484019406,90,0.5619433297469814,-0.8271757335372426,1349.6126513275208,-0.40372863899914047,-0.9148787821629167,1075.685153110937,0.9963483270966044,0.08538156177886394,893.9154258783658
0.5619433297469814,-0.8271757335372426,1349.6126513275208,-0.40372863899914047,-0.9148787821629167,1075.685153110937,0.9963483270966044,0.08538156177886394,893.9154258783658,-90,-0.16475934405677245,-0.9863337967169036,1369.843784042553,-0.9179444436351726,-0.3967089593131386,1083.5322573324802,0.7668402032368639,-0.641838065792023,907.0751637433472
-0.16475934405677245,-0.9863337967169036,1369.843784042553,-0.9179444436351726,-0.3967089593131386,1083.5322573324802,0.7668402032368639,-0.641838065792023,907.0751637433472,90,0.5000408046141425,-0.8660018439477141,1383.957251384955,-0.444586826029047,-0.8957357613277578,1099.3923019836914,0.9998091452696626,-0.01953645400646523,905.9525338896073
0.5000408046141425,-0.8660018439477141,1383.957251384955,-0.444586826029047,-0.8957357613277578,1099.3923019836914,0.9998091452696626,-0.01953645400646523,905.9525338896073,0,0.4923402927927068,-0.8704028010598264,1405.0411575854282,-0.4361418577439511,-0.8998779250118625,1121.2072130114932,0.9989170337616822,-0.04652697777378582,906.7424852233405
0.4923402927927068,-0.8704028010598264,1405.0411575854282,-0.4361418577439511,-0.8998779250118625,1121.2072130114932,0.9989170337616822,-0.04652697777378582,906.7424852233405,90,0.9020780786531083,-0.4315728675594848,1413.2824864781705,0.16767859801129437,-0.9858417153726894,1142.1377966716277,0.8484210310809783,0.5293219757571846,894.4361500889373
0.9020780786531083,-0.4315728675594848,1413.2824864781705,0.16767859801129437,-0.9858417153726894,1142.1377966716277,0.8484210310809783,0.5293219757571846,894.4361500889373,-90,0.5079586793591291,-0.8613814370322416,1435.453922030554,-0.3942627413381553,-0.918997764302244,1165.066539847789,0.9985659249652917,-0.05353590849337735,896.2163367585418
0.5079586793591291,-0.8613814370322416,1435.453922030554,-0.3942627413381553,-0.918997764302244,1165.066539847789,0.9985659249652917,-0.05353590849337735,896.2163367585418,-45,0.19468752368462036,-0.9808653159947854,1460.8645285305033,-0.6622964354971393,-0.7492419045460441,1184.4155228291504,0.9157599618890118,-0.4017258918728487,906.252443151824
0.19468752368462036,-0.9808653159947854,1460.8645285305033,-0.6622964354971393,-0.7492419045460441,1184.4155228291504,0.9157599618890118,-0.4017258918728487,906.252443151824,-90,-0.4387355535771411,-0.898616221769538,1480.4635146887547,-0.9784219227183832,-0.20661689462399244,1187.959316780074,0.4700368074683496,-0.8826468147707562,926.2765776616507
-0.9344962067941004,0.3559730881505483,1473.079637931721,-0.278552836763076,0.9604209062339507,1125.6911564408108,-0.8357509125283872,-0.5491087435180468,980.9462470946356,-45,-0.7572607819948328,0.6531126304494305,1455.8560702289908,0.08063071657870537,0.9967440431444797,1099.9015670607075,-0.9698878851031695,-0.24355182267866746,986.6917336344721
-0.7572607819948328,0.6531126304494305,1455.8560702289908,0.08063071657870537,0.9967440431444797,1099.9015670607075,-0.9698878851031695,-0.24355182267866746,986.6917336344721,-90,-0.11498179837963422,0.9933675986468379,1434.4957507024865,0.7451285679463139,0.6669208478000036,1086.0821234066466,-0.8869389033271707,0.461886762924416,975.931585093694
-0.11498179837963422,0.9933675986468379,1434.4957507024865,0.7451285679463139,0.6669208478000036,1086.0821234066466,-0.8869389033271707,0.461886762924416,975.931585093694,45,-0.3775992414981057,0.9259691208782587,1414.6884690064878,0.5524785144894988,0.8335271387468297,1067.8356167219372,-0.9815571150282283,0.1911691134505297,971.9996421500988
-0.3775992414981057,0.9259691208782587,1414.6884690064878,0.5524785144894988,0.8335271387468297,1067.8356167219372,-0.9815571150282283,0.1911691134505297,971.9996421500988,0,-0.38398394656407797,0.9233397688722583,1390.373448081234,0.5642026363005203,0.8256363516655155,1045.9941898162244,-0.9862689556542621,0.1651470469389361,967.3399428997544
-0.38398394656407797,0.9233397688722583,1390.373448081234,0.5642026363005203,0.8256363516655155,1045.9941898162244,-0.9862689556542621,0.1651470469389361,967.3399428997544,90,-0.8605206593764886,0.5094155423485361,1383.3250629018798,-0.03422129534012992,0.9994142799386266,1030.4105539310485,-0.8870088822438534,-0.46175236092575617,975.4807172120267
-0.8605206593764886,0.5094155423485361,1383.3250629018798,-0.03422129534012992,0.9994142799386266,1030.4105539310485,-0.8870088822438534,-0.46175236092575617,975.4807172120267,90,-0.9863402369309769,-0.16472078499978135,1387.8798001614548,-0.669525032054321,0.7427894933644796,1013.8769647724521,-0.3883833798110567,-0.9214978840380158,996.9836606967036
-0.9863402369309769,-0.16472078499978135,1387.8798001614548,-0.669525032054321,0.7427894933644796,1013.8769647724521,-0.3883833798110567,-0.9214978840380158,996.9836606967036,0,-0.9849093420962556,-0.17307104856538236,1392.2146347470887,-0.6750297353957829,0.7377905233408053,994.7963757493138,-0.3882590590271546,-0.9215502715985431,1020.7149206335577
-0.9849093420962556,-0.17307104856538236,1392.2146347470887,-0.6750297353957829,0.7377905233408053,994.7963757493138,-0.3882590590271546,-0.9215502715985431,1020.7149206335577,0,-0.9835190026956929,-0.18080478792462784,1396.53225324774,-0.6804925322505012,0.7327550160533195,976.9533941602383,-0.3884074319957418,-0.9214877464027795,1043.1025713520266
-0.9835190026956929,-0.18080478792462784,1396.53225324774,-0.6804925322505012,0.7327550160533195,976.9533941602383,-0.3884074319957418,-0.9214877464027795,1043.1025713520266,-90,-0.8734622455761066,0.4868918828170636,1388.4426359421589,-0.04888373841722589,0.998804475419667,961.9021537048402,-0.8844161135676754,-0.4666991944088278,1049.3041471861293
-0.8734622455761066,0.4868918828170636,1388.4426359421589,-0.04888373841722589,0.998804475419667,961.9021537048402,-0.8844161135676754,-0.4666991944088278,1049.3041471861293,0,-0.8832567083957551,0.46888973871678624,1376.4375096143558,-0.05474200188754871,0.9985005324131498,936.6264879200086,-0.8722808089103871,-0.48900530713545526,1061.4965180693575
-0.8832567083957551,0.46888973871678624,1376.4375096143558,-0.05474200188754871,0.9985005324131498,936.6264879200086,-0.8722808089103871,-0.48900530713545526,1061.4965180693575,0,-0.8895901461479832,0.4567596434410663,1364.9054551743611,-0.053754569646171944,0.9985541779203344,911.6407305318966,-0.8634412757677358,-0.5044493664388774,1073.9786690454937
-0.8895901461479832,0.4567596434410663,1364.9054551743611,-0.053754569646171944,0.9985541779203344,911.6407305318966,-0.8634412757677358,-0.5044493664388774,1073.9786690454937,-90,-0.44907920226997994,0.8934919530071652,1344.2450716684255,0.5634656198085607,0.8261395132141753,893.4453383978507,-0.9961413592484051,0.08776327474940751,1070.7658626912093
-0.44907920226997994,0.8934919530071652,1344.2450716684255,0.5634656198085607,0.8261395132141753,893.4453383978507,-0.9961413592484051,0.08776327474940751,1070.7658626912093,90,-0.8894695408966162,0.4569944592849708,1334.4436830678242,-0.01781157156685481,0.999841361376053,870.1835342498845,-0.8552155036256487,-0.5182725560535962,1083.627326750124
-0.8894695408966162,0.4569944592849708,1334.4436830678242,-0.01781157156685481,0.999841361376053,870.1835342498845,-0.8552155036256487,-0.5182725560535962,1083.627326750124,45,-0.9717137447935215,0.2361618050814973,1328.2281015361216,-0.23998062571612402,0.9707776775765384,844.6879481265553,-0.7116550914082911,-0.7025290249325339,1102.1210322420354
-0.9717137447935215,0.2361618050814973,1328.2281015361216,-0.23998062571612402,0.9707776775765384,844.6879481265553,-0.7116550914082911,-0.7025290249325339,1102.1210322420354,45,-0.9943088964197369,-0.106535526940852,1330.9478863150878,-0.5528234658786602,0.8332983952786095,825.2874626980589,-0.4396523420186659,-0.8981680344776817,1123.3179585881282
-0.9943088964197369,-0.106535526940852,1330.9478863150878,-0.5528234658786602,0.8332983952786095,825.2874626980589,-0.4396523420186659,-0.8981680344776817,1123.3179585881282,45,-0.8899264900952617,-0.45610398181415623,1339.5028021894168,-0.8185578378133855,0.5744241169678335,814.9193807201423,-0.0989848958564266,-0.9950889359209519,1141.559213126196
-0.8899264900952617,-0.45610398181415623,1339.5028021894168,-0.8185578378133855,0.5744241169678335,814.9193807201423,-0.0989848958564266,-0.9950889359209519,1141.559213126196,-90,-0.9661602576156831,0.257942545160733,1333.715560659682,-0.21313918895943043,0.9770218452674004,795.7945443051052,-0.7409805025549061,-0.671526540676896,1154.0064803742525
-0.9661602576156831,0.257942545160733,1333.715560659682,-0.21313918895943043,0.9770218452674004,795.7945443051052,-0.7409805025549061,-0.671526540676896,1154.0064803742525,0,-0.9725452153878807,0.23271399619735106,1329.1240162466781,-0.23032426441749274,0.9731139364023829,777.2879071256029,-0.7245596822857233,-0.6892120622899832,1166.983603382541
-0.9725452153878807,0.23271399619735106,1329.1240162466781,-0.23032426441749274,0.9731139364023829,777.2879071256029,-0.7245596822857233,-0.6892120622899832,1166.983603382541,45,-0.987892898964842,-0.15513742351489693,1333.0754718061728,-0.5838976077835598,0.8118273114552356,756.5770109719499,-0.4166599308560717,-0.9090624302098363,1190.217683254307
-0.987892898964842,-0.15513742351489693,1333.0754718061728,-0.5838976077835598,0.8118273114552356,756.5770109719499,-0.4166599308560717,-0.9090624302098363,1190.217683254307,-90,-0.8330720590503343,0.5531644822560793,1320.2224108509295,0.13625162444391084,0.9906742627303868,735.0945613409475,-0.9199126523401072,-0.39212333782190145,1197.832515050848
-0.8330720590503343,0.5531644822560793,1320.2224108509295,0.13625162444391084,0.9906742627303868,735.0945613409475,-0.9199126523401072,-0.39212333782190145,1197.832515050848,-90,-0.27693866263514216,0.9608875985971819,1300.354369967087,0.7619448940560068,0.6476418596894278,722.2550017081917,-0.9586306721133436,0.2846528315044822,1191.1263104694228
-0.27693866263514216,0.9608875985971819,1300.354369967087,0.7619448940560068,0.6476418596894278,722.2550017081917,-0.9586306721133436,0.2846528315044822,1191.1263104694228,45,-0.5832576997457857,0.8122871756264868,1278.3531340384852,0.5277761684347326,0.8493834917352425,699.2426869878709,-0.9979530102858799,-0.06395146019717153,1192.5150360922153
-0.5832576997457857,0.8122871756264868,1278.3531340384852,0.5277761684347326,0.8493834917352425,699.2426869878709,-0.9979530102858799,-0.06395146019717153,1192.5150360922153,90,-0.9286943508898193,0.37084606324637875,1270.8687254106508,0.0027858133387644994,0.9999961196144921,677.5853283734028,-0.8077474566427453,-0.589528664516982,1205.7760908339874
-0.9286943508898193,0.37084606324637875,1270.8687254106508,0.0027858133387644994,0.9999961196144921,677.5853283734028,-0.8077474566427453,-0.589528664516982,1205.7760908339874,-90,-0.4824307097827427,0.87593413579933,1251.3815980733937,0.6593459053243746,0.7518397283543753,661.8014082764711,-0.9989143856542503,0.046583796893252025,1203.5707939281015
-0.4824307097827427,0.87593413579933,1251.3815980733937,0.6593459053243746,0.7518397283543753,661.8014082764711,-0.9989143856542503,0.046583796893252025,1203.5707939281015,45,-0.7828802373046446,0.622172431113613,1236.7972012734879,0.3437181479802946,0.9390728591270202,639.372721562261,-0.9384757689107744,-0.34534508997136576,1211.9094343547015
-0.7828802373046446,0.622172431113613,1236.7972012734879,0.3437181479802946,0.9390728591270202,639.372721562261,-0.9384757689107744,-0.34534508997136576,1211.9094343547015,-90,-0.21740481068867737,0.9760815274808864,1219.8360656892426,0.871078353554768,0.49114407455278797,631.5503045333841,-0.9503031544845134,0.3113260583002697,1205.5894836785073
-0.21740481068867737,0.9760815274808864,1219.8360656892426,0.871078353554768,0.49114407455278797,631.5503045333841,-0.9503031544845134,0.3113260583002697,1205.5894836785073,90,-0.7929022509418399,0.609348849552835,1205.6903914763914,0.38057606270400784,0.9247496204361022,608.6527746576813,-0.9279606930312846,-0.37267808117582935,1215.3847295809232
-0.7929022509418399,0.609348849552835,1205.6903914763914,0.38057606270400784,0.9247496204361022,608.6527746576813,-0.9279606930312846,-0.37267808117582935,1215.3847295809232,-90,-0.24337406445643955,0.9699325052548516,1184.353621286868,0.8895279651691114,0.45688072752316905,599.1464430799186,-0.962568555184322,0.2710383304449146,1208.4807471595557
-0.24337406445643955,0.9699325052548516,1184.353621286868,0.8895279651691114,0.45688072752316905,599.1464430799186,-0.962568555184322,0.2710383304449146,1208.4807471595557,-45,0.10278855747899189,0.9947032283306353,1161.339387511476,0.9960153715404984,0.08918172265124194,596.8031945168608,-0.8222393835784608,0.5691418066637811,1195.0190178342477
0.10278855747899189,0.9947032283306353,1161.339387511476,0.9960153715404984,0.08918172265124194,596.8031945168608,-0.8222393835784608,0.5691418066637811,1195.0190178342477,-90,0.7386601822745986,0.6740779889019198,1149.2064332628224,0.795998157138781,-0.6052990449617979,609.4104579449372,-0.25056903152115284,0.9680987348625921,1175.9525680284296
0.7386601822745986,0.6740779889019198,1149.2064332628224,0.795998157138781,-0.6052990449617979,609.4104579449372,-0.25056903152115284,0.9680987348625921,1175.9525680284296,-45,0.9295806543189948,0.3686187829124682,1141.4277387901013,0.5292787206268219,-0.8484480160219803,627.6955973077106,0.09330439810733884,0.9956376295087622,1154.6117697648347
0.9295806543189948,0.3686187829124682,1141.4277387901013,0.5292787206268219,-0.8484480160219803,627.6955973077106,0.09330439810733884,0.9956376295087622,1154.6117697648347,90,0.47654318081740715,0.8791510659815115,1120.9937327377475,0.9417657029725384,-0.336269773700582,633.0493099572167,-0.5838687086222171,0.811848096069594,1137.5781137299136
0.47654318081740715,0.8791510659815115,1120.9937327377475,0.9417657029725384,-0.336269773700582,633.0493099572167,-0.5838687086222171,0.811848096069594,1137.5781137299136,0,0.48061961386031643,0.8769291800212605,1099.6248171162324,0.9312558988766695,-0.36436582003174545,641.4680182346643,-0.5988277498811067,0.800877847098002,1118.0524864325052
0.48061961386031643,0.8769291800212605,1099.6248171162324,0.9312558988766695,-0.36436582003174545,641.4680182346643,-0.5988277498811067,0.800877847098002,1118.0524864325052,0,0.4802438088448057,0.8771350432323598,1079.7078197459905,0.922918794862092,-0.3849946728076942,649.869660794101,-0.6169528040293726,0.7870001509531588,1100.1213096839094
0.4802438088448057,0.8771350432323598,1079.7078197459905,0.922918794862092,-0.3849946728076942,649.869660794101,-0.6169528040293726,0.7870001509531588,1100.1213096839094,0,0.48995475883974443,0.8717478616493922,1058.0555195518996,0.909075978733677,-0.4166303696196514,659.7687189115896,-0.6281059634911655,0.7781278163816242,1080.7698452743027
0.48995475883974443,0.8717478616493922,1058.0555195518996,0.909075978733677,-0.4166303696196514,659.7687189115896,-0.6281059634911655,0.7781278163816242,1080.7698452743027,45,0.19281407458001604,0.9812353095174735,1032.7670656974544,0.9893574573318392,-0.14550540066223652,662.6240955393412,-0.8531040698943451,0.521740784230737,1067.4792232120164
0.19281407458001604,0.9812353095174735,1032.7670656974544,0.9893574573318392,-0.14550540066223652,662.6240955393412,-0.8531040698943451,0.521740784230737,1067.4792232120164,45,-0.1452756230983663,0.9893912235983203,1005.7290582270963,0.9888893415229588,0.14865352408297938,658.049586704803,-0.9824283159262077,0.18664030664997133,1062.0072855505098
-0.1452756230983663,0.9893912235983203,1005.7290582270963,0.9888893415229588,0.14865352408297938,658.049586704803,-0.9824283159262077,0.18664030664997133,1062.0072855505098,45,-0.46973625461452234,0.8828068028174232,985.4945468672996,0.9005707052517519,0.43470956378064923,647.0861317515498,-0.9863335531465557,-0.16476080218695996,1066.2004492144918
-0.46973625461452234,0.8828068028174232,985.4945468672996,0.9005707052517519,0.43470956378064923,647.0861317515498,-0.9863335531465557,-0.16476080218695996,1066.2004492144918,-45,-0.11271601066833668,0.9936272444629402,966.10828057761,0.9991435579634846,0.04137814133173255,646.0457025633915,-0.9810950185261429,0.1935266509377643,1062.1960053590044
-0.11271601066833668,0.9936272444629402,966.10828057761,0.9991435579634846,0.04137814133173255,646.0457025633915,-0.9810950185261429,0.1935266509377643,1062.1960053590044,-45,0.18021157703305846,0.9836278704384388,941.7008623230299,0.959769016028856,-0.2807907332356279,652.8862336578541,-0.8946488540612159,0.4467699944344443,1050.5822662218975
0.18021157703305846,0.9836278704384388,941.7008623230299,0.959769016028856,-0.2807907332356279,652.8862336578541,-0.8946488540612159,0.4467699944344443,1050.5822662218975,45,-0.0755011105312408,0.9971457176905236,917.2192078835027,0.9977220961168007,-0.06745827540263266,653.9481594977082,-0.9828465653564833,0.18442513106126285,1045.9073932764986
-0.0755011105312408,0.9971457176905236,917.2192078835027,0.9977220961168007,-0.06745827540263266,653.9481594977082,-0.9828465653564833,0.18442513106126285,1045.9073932764986,0,-0.07824338182686386,0.9969342873029775,897.9985609437467,0.9954122378474167,-0.09567902980067187,655.4578060081672,-0.9862125737998391,0.1654834108879103,1042.5962859405552
-0.07824338182686386,0.9969342873029775,897.9985609437467,0.9954122378474167,-0.09567902980067187,655.4578060081672,-0.9862125737998391,0.1654834108879103,1042.5962859405552,45,-0.35127789038205043,0.936271244740933,875.2166041314573,0.990561803849007,0.13706681857911993,650.9517525496033,-0.9919083313492256,-0.1269561428210345,1046.1253959958146
-0.35127789038205043,0.936271244740933,875.2166041314573,0.990561803849007,0.13706681857911993,650.9517525496033,-0.9919083313492256,-0.1269561428210345,1046.1253959958146,0,-0.37291979195196534,0.9278635830608414,850.0591773791106,0.9941988078449503,0.10755803307833228,647.4237909178578,-0.9865097305970173,-0.16370263112546563,1050.2757185836726
-0.37291979195196534,0.9278635830608414,850.0591773791106,0.9941988078449503,0.10755803307833228,647.4237909178578,-0.9865097305970173,-0.16370263112546563,1050.2757185836726,90,-0.8644077062438403,0.5027915247756893,838.7035582633533,0.7532232164605848,0.6577649931280709,630.6210103093696,-0.6850513740012444,-0.7284947597471152,1068.3497080280456
-0.8644077062438403,0.5027915247756893,838.7035582633533,0.7532232164605848,0.6577649931280709,630.6210103093696,-0.6850513740012444,-0.7284947597471152,1068.3497080280456,45,-0.9883191833454354,0.1523981359184276,835.2723568705001,0.4994130435407973,0.866364018147867,610.981824731309,-0.38884625832026404,-0.9213026578656606,1089.0601774704646
-0.9883191833454354,0.1523981359184276,835.2723568705001,0.4994130435407973,0.866364018147867,610.981824731309,-0.38884625832026404,-0.9213026578656606,1089.0601774704646,0,-0.9926663478779212,0.12088640035467178,831.8671032112401,0.5155021379457303,0.8568882924707171,589.6072569134983,-0.3786982501141012,-0.9255201971650957,1111.9680199560867
-0.9926663478779212,0.12088640035467178,831.8671032112401,0.5155021379457303,0.8568882924707171,589.6072569134983,-0.3786982501141012,-0.9255201971650957,1111.9680199560867,-45,-0.9333596898059634,0.35894245979727146,822.6538177477086,0.7483258183053044,0.6633313422850579,573.4741352972076,-0.603640771176312,-0.797256432632354,1130.9937328981448
-0.9333596898059634,0.35894245979727146,822.6538177477086,0.7483258183053044,0.6633313422850579,573.4741352972076,-0.603640771176312,-0.797256432632354,1130.9937328981448,0,-0.9431083036706339,0.3324856802142,814.1844690983303,0.7697177404252862,0.6383843670349327,557.487963745344,-0.593291447381532,-0.8049877380829642,1150.6607969862057
-0.9431083036706339,0.3324856802142,814.1844690983303,0.7697177404252862,0.6383843670349327,557.487963745344,-0.593291447381532,-0.8049877380829642,1150.6607969862057,0,-0.9530297950924344,0.30287655846247413,806.1642785053305,0.7913468853743852,0.6113674075449718,541.5447201644754,-0.5817459225560472,-0.8133705684307821,1171.274299187863
-0.9530297950924344,0.30287655846247413,806.1642785053305,0.7913468853743852,0.6113674075449718,541.5447201644754,-0.5817459225560472,-0.8133705684307821,1171.274299187863,90,-0.5202491433072228,-0.85401453669601,823.1297929212925,-0.41837576466859816,0.9082740332839896,527.3053157276627,0.6376088213955338,-0.7703602993915238,1182.0256240854721
-0.5202491433072228,-0.85401453669601,823.1297929212925,-0.41837576466859816,0.9082740332839896,527.3053157276627,0.6376088213955338,-0.7703602993915238,1182.0256240854721,-45,-0.7231711190364492,-0.6906689022907937,840.4874822199912,-0.1541932686458829,0.988040705590766,501.9095613439736,0.38864305739720534,-0.9213883947266498,1205.7062692747766
