red_sin_t,red_cos_t,red_dist_t,green_sin_t,green_cos_t,green_dist_t,blue_sin_t,blue_cos_t,blue_dist_t,action,red_sin_t1,red_cos_t1,red_dist_t1,green_sin_t1,green_cos_t1,green_dist_t1,blue_sin_t1,blue_cos_t1,blue_dist_t1
-0.9447477936980174,-0.3277981182110848,728.9713837204522,0.0547806342487349,0.9984984136749072,716.1255218767942,0.2646183637004462,-0.9643532141246268,1002.6195281777184,45,-0.8147785865786725,-0.5797722439483117,742.0916903745941,-0.209379273386416,0.9778345053618104,693.7173177332554,0.4928779974597989,-0.8700984309950331,1022.4527749109112
-0.8147785865786725,-0.5797722439483117,742.0916903745941,-0.209379273386416,0.9778345053618104,693.7173177332554,0.4928779974597989,-0.8700984309950331,1022.4527749109112,-45,-0.952102713054496,-0.3057783900053564,747.178840497872,0.1226514650505076,0.9924498063483936,676.1114787427769,0.1808634088796696,-0.9835082243318688,1039.9386422706602
-0.952102713054496,-0.3057783900053564,747.178840497872,0.1226514650505076,0.9924498063483936,676.1114787427769,0.1808634088796696,-0.9835082243318688,1039.9386422706602,0,-0.9338038090940266,-0.3577854750007143,755.6746921514324,0.1033119356708705,0.9946490054023772,651.0496942309105,0.1993906829845054,-0.9799200760975216,1064.660847574551
-0.9338038090940266,-0.3577854750007143,755.6746921514324,0.1033119356708705,0.9946490054023772,651.0496942309105,0.1993906829845054,-0.9799200760975216,1064.660847574551,0,-0.904213409339044,-0.4270809178264256,781.2067494342583,0.1167603860796439,0.9931601141017156,586.6535479835096,0.1860481918762399,-0.9825406201779048,1128.2118885039458
-0.904213409339044,-0.4270809178264256,781.2067494342583,0.1167603860796439,0.9931601141017156,586.6535479835096,0.1860481918762399,-0.9825406201779048,1128.2118885039458,0,-0.893213240374656,-0.4496333030586224,791.0261995861135,0.1212751665620999,0.9926189268673729,564.6427972016024,0.1822592215333216,-0.9832505154669728,1149.965272706811
-0.893213240374656,-0.4496333030586224,791.0261995861135,0.1212751665620999,0.9926189268673729,564.6427972016024,0.1822592215333216,-0.9832505154669728,1149.965272706811,0,-0.8796196699490675,-0.4756776600164166,800.342407748165,0.118028786084505,0.9930101739939112,544.8951180182569,0.1862327802729572,-0.9825056496284408,1169.4744330852768
-0.8796196699490675,-0.4756776600164166,800.342407748165,0.118028786084505,0.9930101739939112,544.8951180182569,0.1862327802729572,-0.9825056496284408,1169.4744330852768,45,-0.6634886455077362,-0.748186351975435,816.7902230306262,-0.2204711751138356,0.9753934903124608,523.403886533545,0.4877210314907487,-0.872999539198962,1188.599557646906
-0.6634886455077362,-0.748186351975435,816.7902230306262,-0.2204711751138356,0.9753934903124608,523.403886533545,0.4877210314907487,-0.872999539198962,1188.599557646906,45,-0.4883424674520837,-0.8726520695459391,832.1498878324386,-0.427824586859053,0.9038617830613708,507.61394368116015,0.6479100113147357,-0.7617168878514766,1201.734844222943
-0.4883424674520837,-0.8726520695459391,832.1498878324386,-0.427824586859053,0.9038617830613708,507.61394368116015,0.6479100113147357,-0.7617168878514766,1201.734844222943,0,-0.4648020233999145,-0.8854146367907779,854.3047954400408,-0.4595314712982171,0.8881614869417024,485.1400246442773,0.6472862276846326,-0.7622470330869107,1220.8108631200207
-0.4648020233999145,-0.8854146367907779,854.3047954400408,-0.4595314712982171,0.8881614869417024,485.1400246442773,0.6472862276846326,-0.7622470330869107,1220.8108631200207,0,-0.4541972480997518,-0.8909011504194012,872.805046175078,-0.4783631527482304,0.8781621115106101,466.72168219258896,0.6395763485303089,-0.7687275813971012,1236.7791106857685
-0.4541972480997518,-0.8909011504194012,872.805046175078,-0.4783631527482304,0.8781621115106101,466.72168219258896,0.6395763485303089,-0.7687275813971012,1236.7791106857685,-90,-0.992096132830392,0.1254801307896252,866.9167755892719,0.7047327236628821,0.7094728946187415,455.0488059517353,-0.5161502262352425,-0.8564980700254425,1251.5751898300398
-0.992096132830392,0.1254801307896252,866.9167755892719,0.7047327236628821,0.7094728946187415,455.0488059517353,-0.5161502262352425,-0.8564980700254425,1251.5751898300398,0,-0.9966296283928524,0.0820328215382411,864.4516066977319,0.7226186533194509,0.6912469036999611,437.2356119099747,-0.4948850466371338,-0.8689584516045412,1273.4547735676715
-0.9966296283928524,0.0820328215382411,864.4516066977319,0.7226186533194509,0.6912469036999611,437.2356119099747,-0.4948850466371338,-0.8689584516045412,1273.4547735676715,90,-0.8658663550644684,-0.5002753793335946,875.6142407573897,0.2299211290727586,0.9732092654747528,416.2551844928061,0.0656414553185346,-0.9978432739381796,1294.7113572596556
-0.8658663550644684,-0.5002753793335946,875.6142407573897,0.2299211290727586,0.9732092654747528,416.2551844928061,0.0656414553185346,-0.9978432739381796,1294.7113572596556,90,-0.3828428737162196,-0.923813473621546,892.4775533583855,-0.4220865835377004,0.9065555228431802,400.4517739361008,0.6468800531407585,-0.7625917629037239,1307.562168024362
-0.3828428737162196,-0.923813473621546,892.4775533583855,-0.4220865835377004,0.9065555228431802,400.4517739361008,0.6468800531407585,-0.7625917629037239,1307.562168024362,90,0.2701123076263954,-0.9628288224127608,910.8273855940928,-0.9142733750789116,0.4050977605736864,392.9549164321144,0.9782807153351372,-0.2072844470850914,1310.6480406074584
0.2701123076263954,-0.9628288224127608,910.8273855940928,-0.9142733750789116,0.4050977605736864,392.9549164321144,0.9782807153351372,-0.2072844470850914,1310.6480406074584,45,0.5538418884197488,-0.8326218605295242,922.9825627064145,-0.998414523609315,0.0562888891876949,392.2063883468753,0.994722189862057,0.1026048975246014,1308.6656146854705
0.5538418884197488,-0.8326218605295242,922.9825627064145,-0.998414523609315,0.0562888891876949,392.2063883468753,0.994722189862057,0.1026048975246014,1308.6656146854705,0,0.5457872556520456,-0.8379237862525497,943.348732176924,-0.99994288481163,-0.010687708575515,391.67674235242765,0.996044829221344,0.088852114107791,1306.3025799943173
0.5457872556520456,-0.8379237862525497,943.348732176924,-0.99994288481163,-0.010687708575515,391.67674235242765,0.996044829221344,0.088852114107791,1306.3025799943173,0,0.5352741225996117,-0.8446784084343673,958.2925604530852,-0.9985639657068468,-0.0535724405997674,392.2521528554432,0.99733563105968,0.0729495648978764,1304.8609701495902
0.5352741225996117,-0.8446784084343673,958.2925604530852,-0.9985639657068468,-0.0535724405997674,392.2521528554432,0.99733563105968,0.0729495648978764,1304.8609701495902,0,0.5247581008500817,-0.8512513938856227,976.48123488957,-0.9942425593131,-0.1071528499412733,393.98477393353664,0.9984347476267784,0.055929015112476,1303.4711205437045
0.5247581008500817,-0.8512513938856227,976.48123488957,-0.9942425593131,-0.1071528499412733,393.98477393353664,0.9984347476267784,0.055929015112476,1303.4711205437045,-90,-0.0228503167644421,-0.9997388974246048,991.894802145898,-0.9077035207895724,0.4196121046230842,387.1508472469743,0.8628196318732334,-0.505511901792765,1311.3098560310032
-0.0228503167644421,-0.9997388974246048,991.894802145898,-0.9077035207895724,0.4196121046230842,387.1508472469743,0.8628196318732334,-0.505511901792765,1311.3098560310032,90,0.5737301179746207,-0.8190444137706012,1006.0565927785822,-0.9674197517579124,-0.2531778503516033,391.9722794704365,0.9948690065257946,0.1011714379376835,1308.686160954279
0.5737301179746207,-0.8190444137706012,1006.0565927785822,-0.9674197517579124,-0.2531778503516033,391.9722794704365,0.9948690065257946,0.1011714379376835,1308.686160954279,-45,0.2790127433909927,-0.9602873991808036,1025.314010375363,-0.9998770378508252,0.0156814915954849,391.0667716285929,0.972202330201216,-0.2341423266975148,1313.3113034890127
0.2790127433909927,-0.9602873991808036,1025.314010375363,-0.9998770378508252,0.0156814915954849,391.0667716285929,0.972202330201216,-0.2341423266975148,1313.3113034890127,0,0.2719681098698376,-0.9623062647690848,1042.9343959273997,-0.999589113703981,-0.0286636313904889,391.1423196337236,0.9683340104196532,-0.2496582549498232,1317.7845932505245
0.2719681098698376,-0.9623062647690848,1042.9343959273997,-0.999589113703981,-0.0286636313904889,391.1423196337236,0.9683340104196532,-0.2496582549498232,1317.7845932505245,-90,-0.2169886127071329,-0.97617413505759,1063.2743917722837,-0.9122695505493824,0.4095903650483347,381.60475914055365,0.7230536095437834,-0.690791920715425,1332.5763738708265
-0.2169886127071329,-0.97617413505759,1063.2743917722837,-0.9122695505493824,0.4095903650483347,381.60475914055365,0.7230536095437834,-0.690791920715425,1332.5763738708265,0,-0.2099390803251019,-0.9777144688262778,1085.1653226918238,-0.934369963316702,0.3563043244917819,373.068489118084,0.7166377478000469,-0.697445580979675,1348.0857604666144
-0.2099390803251019,-0.9777144688262778,1085.1653226918238,-0.934369963316702,0.3563043244917819,373.068489118084,0.7166377478000469,-0.697445580979675,1348.0857604666144,90,0.4098603827108565,-0.9121482701206588,1104.982866870636,-0.9447173329232568,-0.3278858961199283,380.6379067797241,0.9894702527488198,-0.1447363773388935,1350.2084639334958
0.4098603827108565,-0.9121482701206588,1104.982866870636,-0.9447173329232568,-0.3278858961199283,380.6379067797241,0.9894702527488198,-0.1447363773388935,1350.2084639334958,-45,0.1453723590651633,-0.9893770147015896,1125.3625142126243,-0.9934990399689666,-0.1138404918328346,382.3560492459352,0.9077790105572808,-0.419448766825752,1358.785335656431
0.1453723590651633,-0.9893770147015896,1125.3625142126243,-0.9934990399689666,-0.1138404918328346,382.3560492459352,0.9077790105572808,-0.419448766825752,1358.785335656431,0,0.13981778774334,-0.9901772499055704,1147.958486541848,-0.9855471602916268,-0.1694012834694891,385.61458326086426,0.9001383705800338,-0.4356040791929316,1368.5271377738368
0.13981778774334,-0.9901772499055704,1147.958486541848,-0.9855471602916268,-0.1694012834694891,385.61458326086426,0.9001383705800338,-0.4356040791929316,1368.5271377738368,0,0.1356434026412931,-0.9907577238255032,1166.0887455802751,-0.977072679741532,-0.2129060320956218,389.07768192095006,0.8939447276727026,-0.448177223725367,1376.6474067708768
0.1356434026412931,-0.9907577238255032,1166.0887455802751,-0.977072679741532,-0.2129060320956218,389.07768192095006,0.8939447276727026,-0.448177223725367,1376.6474067708768,-45,-0.1840254354997834,-0.9829214816500428,1181.685271498384,-0.9976547663292872,0.0684468203823605,387.4731485873699,0.6991981988196094,-0.7149278836130354,1388.1114079482993
-0.1840254354997834,-0.9829214816500428,1181.685271498384,-0.9976547663292872,0.0684468203823605,387.4731485873699,0.6991981988196094,-0.7149278836130354,1388.1114079482993,90,0.4237462012223653,-0.9057809652170964,1201.668131787662,-0.8201132161766906,-0.5722012868321118,400.41026329759575,0.9836108974839878,-0.1803041939355381,1391.337938444162
-0.9431804068612232,-0.3322810859996364,1288.3734867209585,-0.6581470581511248,0.7528894008066656,387.7324867553917,-0.3359764402807279,-0.9418703900093104,1473.7545525919572,-90,-0.9764474198869734,0.2157555009636432,1283.5568576585028,-0.1530871462320597,0.9882126925204532,369.5818811064336,-0.7848667650506193,-0.6196645553192276,1484.3726105133342
0.9080021186297388,-0.4189655744376927,1306.1027207762377,-0.023847857550997,-0.999715599403264,462.0082220254202,0.890438968816653,0.455102672825304,1427.6995192333331,0,0.8905982680858805,-0.4547908583980445,1332.151397046618,-0.0203576705476598,-0.9997927611509662,521.5820401943081,0.90668961566387,0.4217984599868804,1401.568998177848
0.8905982680858805,-0.4547908583980445,1332.151397046618,-0.0203576705476598,-0.9997927611509662,521.5820401943081,0.90668961566387,0.4217984599868804,1401.568998177848,45,0.9955990324851118,-0.0937153483411832,1333.9745296129852,0.3516790214644457,-0.936120647065222,543.1294925302666,0.6823462238806797,0.7310291586221287,1384.462716600265
0.9955990324851118,-0.0937153483411832,1333.9745296129852,0.3516790214644457,-0.936120647065222,543.1294925302666,0.6823462238806797,0.7310291586221287,1384.462716600265,0,0.9939894399518916,-0.1094759940083885,1336.116453473773,0.3391931405015412,-0.9407167551589064,562.9912763474518,0.6900672460176775,0.7237452562701727,1369.0593213017955
0.9939894399518916,-0.1094759940083885,1336.116453473773,0.3391931405015412,-0.9407167551589064,562.9912763474518,0.6900672460176775,0.7237452562701727,1369.0593213017955,90,0.2863793838196363,0.9581163021904416,1319.246386843649,0.9904865105805418,0.1376098555990165,555.6081255705518,-0.5958118031038503,0.8031240846109265,1359.0354274999686
0.2863793838196363,0.9581163021904416,1319.246386843649,0.9904865105805418,0.1376098555990165,555.6081255705518,-0.5958118031038503,0.8031240846109265,1359.0354274999686,45,-0.4138427160056362,0.910348398366844,1302.2854728904422,0.6774259706451654,0.7355909558276633,539.7778921940787,-0.978329944071638,0.2070519754380176,1356.821514017773
-0.8645839642266975,0.5024883767830344,1213.968553359044,0.3434785650837428,0.9391605162739824,319.0990575740549,-0.9272449316584572,-0.3744553868135732,1466.6001938308375,90,-0.5912195193810349,-0.8065106818281195,1257.1725722644203,-0.9483830700472136,0.3171270288824682,302.8585089673725,0.2420461961403279,-0.9702647262134174,1515.0114707334528
-0.2375254059306522,0.9713813265332408,1064.622620085601,0.9856356259660358,-0.1688857981789493,273.4318986474146,-0.9335793238568768,0.3583708220083446,1428.0609942148585,-45,0.4603539925534659,0.8877354344285708,1019.781896383266,0.5685040248102577,-0.8226804809733471,314.8459880497924,-0.5024262928825731,0.8646200438460092,1382.9959060644576
0.4603539925534659,0.8877354344285708,1019.781896383266,0.5685040248102577,-0.8226804809733471,314.8459880497924,-0.5024262928825731,0.8646200438460092,1382.9959060644576,0,0.4862314631915623,0.873830054531539,965.8868185549744,0.4875355751078467,-0.8731031227777514,366.7366170131502,-0.5220215084252758,0.8529323213135962,1330.5491145606952
0.4862314631915623,0.873830054531539,965.8868185549744,0.4875355751078467,-0.8731031227777514,366.7366170131502,-0.5220215084252758,0.8529323213135962,1330.5491145606952,-90,0.9035409540152636,-0.4285017437738,993.6878893533373,-0.73330718738125,-0.6798974694282957,398.3532370239885,0.8092890840117272,0.5874105706398717,1300.889088834052
0.9035409540152636,-0.4285017437738,993.6878893533373,-0.73330718738125,-0.6798974694282957,398.3532370239885,0.8092890840117272,0.5874105706398717,1300.889088834052,-90,-0.3175921355236206,-0.9482274175816402,1044.076195027092,-0.8132176337897856,0.5819596894058403,359.7198646478256,0.6446479551690804,-0.7644795706206434,1346.1203738976133
-0.3175921355236206,-0.9482274175816402,1044.076195027092,-0.8132176337897856,0.5819596894058403,359.7198646478256,0.6446479551690804,-0.7644795706206434,1346.1203738976133,0,-0.3134705131438078,-0.949597934596194,1095.8195244882345,-0.8778638411932898,0.4789103009179928,330.3741367746876,0.6158930908041281,-0.7878297409337489,1388.7157341405837
-0.3134705131438078,-0.949597934596194,1095.8195244882345,-0.8778638411932898,0.4789103009179928,330.3741367746876,0.6158930908041281,-0.7878297409337489,1388.7157341405837,-45,-0.8291894075654775,-0.5589677328622935,1122.241255467442,-0.4224636363606221,0.9063798739783226,284.28899991582506,-0.0316865519099098,-0.9994978551392998,1438.4677665742602
-0.8291894075654775,-0.5589677328622935,1122.241255467442,-0.4224636363606221,0.9063798739783226,284.28899991582506,-0.0316865519099098,-0.9994978551392998,1438.4677665742602,-45,-0.9939035695244456,0.1102528661149689,1114.4267826272032,0.3741542646474884,0.9273664789316558,236.49358096324727,-0.68574884744435,-0.7278382500451219,1474.5708846429934
-0.9939035695244456,0.1102528661149689,1114.4267826272032,0.3741542646474884,0.9273664789316558,236.49358096324727,-0.68574884744435,-0.7278382500451219,1474.5708846429934,-45,-0.688979167440704,0.7247811440929699,1069.9969558024172,0.980705091081994,0.1954930288420999,217.0261860385516,-0.9930281825609564,-0.1178771760761339,1480.614698504118
0.782745874907368,0.622341461992931,952.1034558915748,0.1595539152343002,-0.9871892159730098,400.3876505596545,-0.1870289021708558,0.9823544114792606,1296.7876737232968,45,0.261779262036144,0.9651277728714536,894.3747093849032,0.6525184394605645,-0.7577728460191415,442.8255195755208,-0.766454327932354,0.6422988114528654,1258.5463204774508
0.261779262036144,0.9651277728714536,894.3747093849032,0.6525184394605645,-0.7577728460191415,442.8255195755208,-0.766454327932354,0.6422988114528654,1258.5463204774508,-45,0.8186959407824699,0.5742272690723653,860.2669185123533,0.0635502917146514,-0.9979786372578237,500.9006798625253,-0.2409428845795819,0.9705392966647308,1201.8610448328625
0.8186959407824699,0.5742272690723653,860.2669185123533,0.0635502917146514,-0.9979786372578237,500.9006798625253,-0.2409428845795819,0.9705392966647308,1201.8610448328625,-45,0.9958843914127824,-0.0906326593474557,864.1283256417244,-0.5029805206308683,-0.8642977472294491,544.0283110063023,0.4057073042237495,0.914003054316285,1155.2360811437504
0.9958843914127824,-0.0906326593474557,864.1283256417244,-0.5029805206308683,-0.8642977472294491,544.0283110063023,0.4057073042237495,0.914003054316285,1155.2360811437504,-45,0.711059796786031,-0.7031315420279538,882.3993943678395,-0.9143796652123511,-0.4048577871872399,552.3421142559474,0.8944567064995392,0.4471545596301094,1145.121465688566
0.711059796786031,-0.7031315420279538,882.3993943678395,-0.9143796652123511,-0.4048577871872399,552.3421142559474,0.8944567064995392,0.4471545596301094,1145.121465688566,-90,-0.7303855375615133,-0.6830351136808264,888.0647390694893,-0.3553889779233508,0.934718500068655,537.9202364464085,0.3973682290072207,-0.9176592453496368,1159.513320655938
-0.7303855375615133,-0.6830351136808264,888.0647390694893,-0.3553889779233508,0.934718500068655,537.9202364464085,0.3973682290072207,-0.9176592453496368,1159.513320655938,45,0.0433551887709685,-0.9990597217417152,934.447304866406,-0.96733322766456,0.2535082378465527,525.9567335552326,0.9447369315184176,-0.3278294224519281,1172.1952762113017
0.0433551887709685,-0.9990597217417152,934.447304866406,-0.96733322766456,0.2535082378465527,525.9567335552326,0.9447369315184176,-0.3278294224519281,1172.1952762113017,-90,-0.9426702790428104,-0.3337255534257899,947.3801126078276,0.0296736934573864,0.9995596389993932,469.75146382403113,-0.087433687787326,-0.996170341979678,1227.87362450898
-0.9426702790428104,-0.3337255534257899,947.3801126078276,0.0296736934573864,0.9995596389993932,469.75146382403113,-0.087433687787326,-0.996170341979678,1227.87362450898,-45,-0.9770417167845634,0.2130480782890869,938.4120952654648,0.6194777176523378,0.7850142402098516,442.38967047222064,-0.6133153793555931,-0.7898381134421819,1254.6766199067072
-0.9770417167845634,0.2130480782890869,938.4120952654648,0.6194777176523378,0.7850142402098516,442.38967047222064,-0.6133153793555931,-0.7898381134421819,1254.6766199067072,-90,-0.7524167951523788,0.658687305458837,905.6563988135732,0.967764358330084,0.2518573936694356,428.3785156984066,-0.9197157844801066,-0.3925848644282432,1272.2247257116055
-0.7524167951523788,0.658687305458837,905.6563988135732,0.967764358330084,0.2518573936694356,428.3785156984066,-0.9197157844801066,-0.3925848644282432,1272.2247257116055,-90,0.450222881794538,0.8929162092316509,845.8781189878835,0.4567618568758945,-0.8895890096574287,488.1736086501195,-0.6630104010216986,0.7486101843663673,1219.797570165837
0.450222881794538,0.8929162092316509,845.8781189878835,0.4567618568758945,-0.8895890096574287,488.1736086501195,-0.6630104010216986,0.7486101843663673,1219.797570165837,-90,0.9989666656536156,-0.0454488824163712,849.1883133819318,-0.5821119362925774,-0.813108660405057,503.34456546629167,0.3974580220874767,0.917620357598016,1201.7159695969967
0.9989666656536156,-0.0454488824163712,849.1883133819318,-0.5821119362925774,-0.813108660405057,503.34456546629167,0.3974580220874767,0.917620357598016,1201.7159695969967,-90,0.3518860823701701,-0.9360428329057244,915.8351313568016,-0.9986998048133968,0.0509774446758842,491.6963166704933,0.9993355523254628,-0.036447960963029,1205.3968922422732
0.3518860823701701,-0.9360428329057244,915.8351313568016,-0.9986998048133968,0.0509774446758842,491.6963166704933,0.9993355523254628,-0.036447960963029,1205.3968922422732,0,0.320748050097651,-0.9471645518908288,976.0359138847812,-0.9976190840337668,-0.0689649416125903,492.476786450793,0.9950580989592018,-0.0992944091865162,1209.5420394483608
0.320748050097651,-0.9471645518908288,976.0359138847812,-0.9976190840337668,-0.0689649416125903,492.476786450793,0.9950580989592018,-0.0992944091865162,1209.5420394483608,90,0.7365654773274184,-0.676366245173007,1018.3256907258404,-0.752416938840151,-0.6586871413246326,533.7269080646581,0.9200871280584124,0.3917137689451605,1181.6985454811477
0.7365654773274184,-0.676366245173007,1018.3256907258404,-0.752416938840151,-0.6586871413246326,533.7269080646581,0.9200871280584124,0.3917137689451605,1181.6985454811477,0,0.7067134055585625,-0.7074999380945689,1050.484190425977,-0.7176998387490487,-0.6963525985157156,564.9998887919537,0.9377021035463252,0.3474403042319596,1164.7298374880418
0.7067134055585625,-0.7074999380945689,1050.484190425977,-0.7176998387490487,-0.6963525985157156,564.9998887919537,0.9377021035463252,0.3474403042319596,1164.7298374880418,45,0.8580491836481772,-0.5135675208195088,1078.2435054319003,-0.4469289332771097,-0.8945694654971098,614.8815308708438,0.8208785669318872,0.5711027738961273,1131.571219590739
0.8580491836481772,-0.5135675208195088,1078.2435054319003,-0.4469289332771097,-0.8945694654971098,614.8815308708438,0.8208785669318872,0.5711027738961273,1131.571219590739,45,0.9956883845175314,0.0927612038347314,1071.12905120625,0.19825240090512,-0.9801510013948644,666.9438989435326,0.2901935300053961,0.9569679802078056,1080.1267827148815
0.9956883845175314,0.0927612038347314,1071.12905120625,0.19825240090512,-0.9801510013948644,666.9438989435326,0.2901935300053961,0.9569679802078056,1080.1267827148815,0,0.9993182680768996,0.0369188175296289,1067.190877669008,0.1814235850417213,-0.9834050451317652,724.8648214529021,0.3069320599371849,0.9517314277582286,1023.7711626041962
0.9993182680768996,0.0369188175296289,1067.190877669008,0.1814235850417213,-0.9834050451317652,724.8648214529021,0.3069320599371849,0.9517314277582286,1023.7711626041962,45,0.5266672158913744,0.8500715521091318,1048.934258013932,0.909841439705646,-0.414956087549463,730.397178003337,-0.6358958425982854,0.7717748877530395,1010.0909610699614
0.5266672158913744,0.8500715521091318,1048.934258013932,0.909841439705646,-0.414956087549463,730.397178003337,-0.6358958425982854,0.7717748877530395,1010.0909610699614,-45,0.6993299759898901,0.7147989820096134,1033.108079575696,0.7920360649511772,-0.6104743007012291,743.8583091453526,-0.4746199290016228,0.8801908446436457,990.4504793701616
0.6993299759898901,0.7147989820096134,1033.108079575696,0.7920360649511772,-0.6104743007012291,743.8583091453526,-0.4746199290016228,0.8801908446436457,990.4504793701616,-90,0.9837775296009882,-0.1793927876258594,1037.403935964947,-0.0427594214089032,-0.9990853976916968,762.0033899895485,0.4569075315062133,0.8895141975555526,974.7508514259242
0.9837775296009882,-0.1793927876258594,1037.403935964947,-0.0427594214089032,-0.9990853976916968,762.0033899895485,0.4569075315062133,0.8895141975555526,974.7508514259242,0,0.9741836329903284,-0.2257570579489487,1047.5882821476666,-0.0400379152979113,-0.9991981611965652,812.5076300522346,0.4786728507517633,0.8779933382168569,930.0458058037244
0.9741836329903284,-0.2257570579489487,1047.5882821476666,-0.0400379152979113,-0.9991981611965652,812.5076300522346,0.4786728507517633,0.8779933382168569,930.0458058037244,-90,0.0883772396733716,-0.9960870762677908,1068.3842721986598,-0.955101794782922,-0.2962778452777744,816.0781782902053,0.9791215332183384,-0.2032757319213746,936.389103461515
0.0883772396733716,-0.9960870762677908,1068.3842721986598,-0.955101794782922,-0.2962778452777744,816.0781782902053,0.9791215332183384,-0.2032757319213746,936.389103461515,-90,-0.6492801666805406,-0.7605493180295999,1122.8859859140864,-0.8962697558971261,0.4435093287227519,779.2350462872226,0.4695895243959906,-0.8828848614499782,1002.0252977656052
-0.6492801666805406,-0.7605493180295999,1122.8859859140864,-0.8962697558971261,0.4435093287227519,779.2350462872226,0.4695895243959906,-0.8828848614499782,1002.0252977656052,90,0.6604742144826156,-0.7508487277764889,1158.0454820377522,-0.5146200753614558,-0.8574183214948053,823.927799305285,0.945568232415799,0.3254239048472953,981.3415197921923
0.6604742144826156,-0.7508487277764889,1158.0454820377522,-0.5146200753614558,-0.8574183214948053,823.927799305285,0.945568232415799,0.3254239048472953,981.3415197921923,0,0.6349600889602852,-0.7725449407170736,1190.137252806961,-0.5016293631723261,-0.8650826446087834,860.0312788026375,0.9610766082126048,0.2762820174143721,968.8364364116886
0.6349600889602852,-0.7725449407170736,1190.137252806961,-0.5016293631723261,-0.8650826446087834,860.0312788026375,0.9610766082126048,0.2762820174143721,968.8364364116886,0,0.6116954303589031,-0.7910933576247726,1236.8727723615875,-0.4720873422187083,-0.8815517802811563,912.322670445846,0.9757507706972822,0.2188845208863792,953.9439894508693
0.6116954303589031,-0.7910933576247726,1236.8727723615875,-0.4720873422187083,-0.8815517802811563,912.322670445846,0.9757507706972822,0.2188845208863792,953.9439894508693,0,0.6076546697837868,-0.7942013612994863,1266.307005146181,-0.4442969808378063,-0.8958795637910322,945.2116330654686,0.9809744285787886,0.194136988939561,946.3899361691724
0.6076546697837868,-0.7942013612994863,1266.307005146181,-0.4442969808378063,-0.8958795637910322,945.2116330654686,0.9809744285787886,0.194136988939561,946.3899361691724,-45,-0.0852255546068448,-0.9963616837484044,1327.7783052762422,-0.9101378965001576,-0.4143054541691051,968.79241737446,0.8247124163822263,-0.5655523231894548,980.2335782670629
-0.0852255546068448,-0.9963616837484044,1327.7783052762422,-0.9101378965001576,-0.4143054541691051,968.79241737446,0.8247124163822263,-0.5655523231894548,980.2335782670629,90,0.9425201894394182,-0.3341492069406769,1336.185277066594,0.1869655872042639,-0.982366463801246,1004.1996886324604,0.7548121085430477,0.6559410650331312,953.0514228778686
0.9425201894394182,-0.3341492069406769,1336.185277066594,0.1869655872042639,-0.982366463801246,1004.1996886324604,0.7548121085430477,0.6559410650331312,953.0514228778686,-45,0.8430015055466948,-0.5379112023801009,1344.4058875516018,-0.0290917455896363,-0.9995767455971292,1019.3282054782012,0.8853658068484026,0.4648950290804118,946.0613883271054
0.8430015055466948,-0.5379112023801009,1344.4058875516018,-0.0290917455896363,-0.9995767455971292,1019.3282054782012,0.8853658068484026,0.4648950290804118,946.0613883271054,-90,-0.470062924888573,-0.8826329059383633,1389.9647406785,-0.9967196606549288,-0.0809315640768376,1017.4876413644786,0.4932782176763961,-0.8698715997007823,995.6062175024068
-0.470062924888573,-0.8826329059383633,1389.9647406785,-0.9967196606549288,-0.0809315640768376,1017.4876413644786,0.4932782176763961,-0.8698715997007823,995.6062175024068,-45,-0.9236868502770942,-0.3831482775965213,1409.0207865062955,-0.825061019024108,0.5650436398074936,982.4484397701592,-0.196434655377958,-0.980516917838006,1051.2597285194654
-0.9236868502770942,-0.3831482775965213,1409.0207865062955,-0.825061019024108,0.5650436398074936,982.4484397701592,-0.196434655377958,-0.980516917838006,1051.2597285194654,-45,-0.9411395944638872,0.3380181411290672,1389.295535016337,-0.2055409614549967,0.978648513596253,929.1319409084643,-0.8017422918131916,-0.5976698900882754,1082.4357734370803
-0.9411395944638872,0.3380181411290672,1389.295535016337,-0.2055409614549967,0.978648513596253,929.1319409084643,-0.8017422918131916,-0.5976698900882754,1082.4357734370803,45,-0.9999998422891352,0.0005616241665681,1388.360166607707,-0.5154596808298519,0.8569138331470599,876.1821912267903,-0.5634474929260608,-0.8261518763008027,1132.8953491929342
-0.9999998422891352,0.0005616241665681,1388.360166607707,-0.5154596808298519,0.8569138331470599,876.1821912267903,-0.5634474929260608,-0.8261518763008027,1132.8953491929342,-90,-0.0272346403253934,0.9996290683880428,1342.4729511556238,0.8657827835451809,0.500419995320689,857.2303917760323,-0.8600790193486241,0.5101608378504854,1104.0398654869714
-0.0272346403253934,0.9996290683880428,1342.4729511556238,0.8657827835451809,0.500419995320689,857.2303917760323,-0.8600790193486241,0.5101608378504854,1104.0398654869714,-90,0.9547346905769422,0.2974586872305977,1326.5006926807991,0.7139382225584492,-0.7002086934408072,901.075850127302,0.2303724937433995,0.9731025198438484,1045.853721933732
0.9547346905769422,0.2974586872305977,1326.5006926807991,0.7139382225584492,-0.7002086934408072,901.075850127302,0.2303724937433995,0.9731025198438484,1045.853721933732,0,0.9636481036703628,0.2671747224056078,1309.0036159516137,0.690082891091518,-0.7237303388851211,945.4826844392232,0.2308060783887591,0.9729997709037768,985.2932490250809
0.9636481036703628,0.2671747224056078,1309.0036159516137,0.690082891091518,-0.7237303388851211,945.4826844392232,0.2308060783887591,0.9729997709037768,985.2932490250809,90,0.7132269387703154,0.7009331878377032,1264.3510725547474,0.9454615275625592,-0.3257337868552664,963.1837387904447,-0.3218076316946179,0.9468050740163474,926.633927001564
0.7132269387703154,0.7009331878377032,1264.3510725547474,0.9454615275625592,-0.3257337868552664,963.1837387904447,-0.3218076316946179,0.9468050740163474,926.633927001564,-90,0.995866578729413,-0.0908281749776682,1267.1028811095373,0.3709022577353473,-0.9286719093451798,981.07314269431,0.5113625530906754,0.8593650791698405,911.0150554826688
0.995866578729413,-0.0908281749776682,1267.1028811095373,0.3709022577353473,-0.9286719093451798,981.07314269431,0.5113625530906754,0.8593650791698405,911.0150554826688,90,0.1557891038367161,0.9877903396600682,1245.0379627756336,0.9572551816030352,0.2892447359834578,969.1697522892983,-0.8359311283425654,0.5488343544895175,903.8374681061302
0.1557891038367161,0.9877903396600682,1245.0379627756336,0.9572551816030352,0.2892447359834578,969.1697522892983,-0.8359311283425654,0.5488343544895175,903.8374681061302,90,-0.7836367456367965,0.6212193259129747,1205.854130591263,0.2739675745411156,0.9617389292838564,907.5865712228284,-0.8794311093241662,-0.4760261799028141,933.7742897852831
-0.7836367456367965,0.6212193259129747,1205.854130591263,0.2739675745411156,0.9617389292838564,907.5865712228284,-0.8794311093241662,-0.4760261799028141,933.7742897852831,-45,-0.5591089577035558,0.8290941885067362,1185.7582150586095,0.573758322304056,0.8190246562752767,887.876243954629,-0.9794343322130852,-0.2017632000199935,938.1749434828132
-0.5591089577035558,0.8290941885067362,1185.7582150586095,0.573758322304056,0.8190246562752767,887.876243954629,-0.9794343322130852,-0.2017632000199935,938.1749434828132,-90,0.097455426424173,0.9952398906095368,1154.0663272149395,0.9720355605938208,0.2348337048659248,880.8538855062059,-0.8986360135344555,0.4386950138523367,922.7858947834974
0.097455426424173,0.9952398906095368,1154.0663272149395,0.9720355605938208,0.2348337048659248,880.8538855062059,-0.8986360135344555,0.4386950138523367,922.7858947834974,0,0.0766380075579534,0.9970589831085958,1128.397508810614,0.9733650292208248,0.229260811936848,874.8018163504235,-0.9187896819695228,0.3947474132991163,912.1162085447226
0.0766380075579534,0.9970589831085958,1128.397508810614,0.9733650292208248,0.229260811936848,874.8018163504235,-0.9187896819695228,0.3947474132991163,912.1162085447226,90,-0.9957864011126688,0.0917030171754413,1128.008407305779,-0.1841237858939796,0.982903063108498,821.0962957854091,-0.4350015706433512,-0.9004296938339037,964.684200633824
-0.9957864011126688,0.0917030171754413,1128.008407305779,-0.1841237858939796,0.982903063108498,821.0962957854091,-0.4350015706433512,-0.9004296938339037,964.684200633824,90,-0.1888690229634302,-0.9820022872503096,1183.0205371356576,-0.9889748413820684,-0.1480836355351698,834.4982152675582,0.8241605145902385,-0.5663562890887266,988.542154530974
-0.1888690229634302,-0.9820022872503096,1183.0205371356576,-0.9889748413820684,-0.1480836355351698,834.4982152675582,0.8241605145902385,-0.5663562890887266,988.542154530974,-45,-0.803260818811376,-0.5956274481271642,1214.0549364082417,-0.8378294396491582,0.5459320745817904,802.2613219003019,0.1782594923097033,-0.9839835127691352,1042.872201478791
-0.803260818811376,-0.5956274481271642,1214.0549364082417,-0.8378294396491582,0.5459320745817904,802.2613219003019,0.1782594923097033,-0.9839835127691352,1042.872201478791,-90,-0.9995060052922584,-0.0314284168343262,1213.8640989900516,-0.3702617681823616,0.9289274584285208,784.9388070524542,-0.4210230105067976,-0.9070499570717112,1059.237636612734
-0.9995060052922584,-0.0314284168343262,1213.8640989900516,-0.3702617681823616,0.9289274584285208,784.9388070524542,-0.4210230105067976,-0.9070499570717112,1059.237636612734,-45,-0.7727338758831419,0.634730145071602,1176.1562578981502,0.3943854685952278,0.9189451029092666,732.526766059084,-0.9087085092017932,-0.4174312462002029,1080.924984905511
-0.7727338758831419,0.634730145071602,1176.1562578981502,0.3943854685952278,0.9189451029092666,732.526766059084,-0.9087085092017932,-0.4174312462002029,1080.924984905511,45,-0.9974364326553062,-0.0715581079393297,1179.0271830357967,-0.328902669701491,0.944363824944196,686.8728400055763,-0.3936476203923099,-0.9192614160071508,1125.3157078515017
-0.9974364326553062,-0.0715581079393297,1179.0271830357967,-0.328902669701491,0.944363824944196,686.8728400055763,-0.3936476203923099,-0.9192614160071508,1125.3157078515017,0,-0.993061698391594,-0.1175944862125894,1184.3659895550163,-0.3557135390963254,0.934595034281462,635.1069809210359,-0.3768830127432816,-0.9262608675235868,1176.2423496944127
-0.993061698391594,-0.1175944862125894,1184.3659895550163,-0.3557135390963254,0.934595034281462,635.1069809210359,-0.3768830127432816,-0.9262608675235868,1176.2423496944127,90,-0.6853677214688128,-0.7281971480091417,1200.5784372446044,-0.8820740455842419,0.4711107917535415,625.6435598459368,0.2893395091018227,-0.9572265397870644,1196.4059795808012
-0.6853677214688128,-0.7281971480091417,1200.5784372446044,-0.8820740455842419,0.4711107917535415,625.6435598459368,0.2893395091018227,-0.9572265397870644,1196.4059795808012,90,-0.1740186428579928,-0.9847423581515432,1260.8846599623591,-0.9842943422968468,-0.1765351175330778,634.0095628051631,0.7361194983095919,-0.6768515968869651,1236.6255010019786
-0.1740186428579928,-0.9847423581515432,1260.8846599623591,-0.9842943422968468,-0.1765351175330778,634.0095628051631,0.7361194983095919,-0.6768515968869651,1236.6255010019786,90,0.9368057872247728,-0.3498498492527524,1275.785327380138,0.0291658804696121,-0.9995745852193484,690.1285398811197,0.7939710085680702,0.6079556213683703,1198.6098020450384
0.9368057872247728,-0.3498498492527524,1275.785327380138,0.0291658804696121,-0.9995745852193484,690.1285398811197,0.7939710085680702,0.6079556213683703,1198.6098020450384,-45,0.489901942858929,-0.8717775440919814,1327.3290525712755,-0.5653247424017441,-0.8248684353449353,737.2788982466269,0.9971912621277756,-0.0748971744194251,1202.616486582385
0.489901942858929,-0.8717775440919814,1327.3290525712755,-0.5653247424017441,-0.8248684353449353,737.2788982466269,0.9971912621277756,-0.0748971744194251,1202.616486582385,-90,-0.8109559261274367,-0.5851072430578785,1354.7558614326642,-0.8962952970725178,0.4434577098728661,707.8294173642122,0.0063031459619824,-0.9999801349781814,1256.9255523244644
-0.8109559261274367,-0.5851072430578785,1354.7558614326642,-0.8962952970725178,0.4434577098728661,707.8294173642122,0.0063031459619824,-0.9999801349781814,1256.9255523244644,-90,-0.9997992462886214,0.0200366444472291,1352.968436447911,-0.4460169073423575,0.8950245350630109,685.4174129859155,-0.6007173035043947,-0.799461519568271,1275.7088312088715
-0.9997992462886214,0.0200366444472291,1352.968436447911,-0.4460169073423575,0.8950245350630109,685.4174129859155,-0.6007173035043947,-0.799461519568271,1275.7088312088715,90,-0.8632234729389634,-0.5048219842352298,1362.5311929231252,-0.8538043454391793,0.5205940258101073,677.7442376652972,-0.1048411031817122,-0.9944889859036355,1292.4664342599056
-0.8632234729389634,-0.5048219842352298,1362.5311929231252,-0.8538043454391793,0.5205940258101073,677.7442376652972,-0.1048411031817122,-0.9944889859036355,1292.4664342599056,90,0.5798458809166578,-0.8147261836862647,1407.6423082321337,-0.3914327041715811,-0.9202067366113572,734.2616345180306,0.9994371105566354,-0.0335479066739442,1288.1112016922646
0.5798458809166578,-0.8147261836862647,1407.6423082321337,-0.3914327041715811,-0.9202067366113572,734.2616345180306,0.9994371105566354,-0.0335479066739442,1288.1112016922646,0,0.5662664040559793,-0.8242222756256412,1441.3496726760304,-0.3721866100687461,-0.928157921522806,772.3164111446163,0.9978598597421344,-0.0653888393795726,1290.1098243650808
0.5662664040559793,-0.8242222756256412,1441.3496726760304,-0.3721866100687461,-0.928157921522806,772.3164111446163,0.9978598597421344,-0.0653888393795726,1290.1098243650808,90,0.9998612727635744,-0.0166563869913365,1438.794536964288,0.5381907582591801,-0.8428230583725204,826.0627334520544,0.6198964085949159,0.7846836576679325,1236.2312888769156
0.9998612727635744,-0.0166563869913365,1438.794536964288,0.5381907582591801,-0.8428230583725204,826.0627334520544,0.6198964085949159,0.7846836576679325,1236.2312888769156,45,0.9507381550083897,0.3099950977213084,1431.2300588740093,0.779164008856406,-0.6268201076088853,839.5561931309304,0.3216931106388851,0.9468439906169748,1214.8224732134734
0.9507381550083897,0.3099950977213084,1431.2300588740093,0.779164008856406,-0.6268201076088853,839.5561931309304,0.3216931106388851,0.9468439906169748,1214.8224732134734,-45,0.9197932650374904,-0.3924032996697062,1451.31156584968,0.1954249140007572,-0.9807186665847636,890.8015161465825,0.8674063655532352,0.4976004391052395,1188.347718964887
0.9197932650374904,-0.3924032996697062,1451.31156584968,0.1954249140007572,-0.9807186665847636,890.8015161465825,0.8674063655532352,0.4976004391052395,1188.347718964887,-45,0.404983033488413,-0.9143241999348606,1490.2758537833088,-0.4953425109694666,-0.8686977591927263,927.368298126246,0.968236422093134,-0.2500364592060261,1198.6008010883231
0.404983033488413,-0.9143241999348606,1490.2758537833088,-0.4953425109694666,-0.8686977591927263,927.368298126246,0.968236422093134,-0.2500364592060261,1198.6008010883231,0,0.3989054001655796,-0.9169920837819368,1512.1058745283842,-0.4847024423386359,-0.8746791082396798,948.2355486814708,0.9632039535770672,-0.2687715457661154,1204.7027914731707
-0.6388505256904407,0.7693308818870119,1502.946073868737,0.2288736495716947,0.9734561379598636,865.1188709983444,-0.9999988907482934,-0.0014894637232247,1274.2668562579229,0,-0.6526353985115831,0.7576721168220637,1453.535699161359,0.2570788483224983,0.966390431319132,802.5962052841392,-0.9991147276512096,-0.0420685273149545,1275.4401392211632
0.2675979961051275,0.9635306494764556,1321.0783963850783,0.9824280480810608,0.1866417165149239,776.81676693759,-0.6677582514960406,0.7443782086808765,1159.6939119420133,0,0.2873025218978931,0.9578398931507868,1257.2918565491984,0.995373854383524,0.0960775208344149,766.9519493064282,-0.6922297535758878,0.7216771911764052,1111.4436074515563
0.2873025218978931,0.9578398931507868,1257.2918565491984,0.995373854383524,0.0960775208344149,766.9519493064282,-0.6922297535758878,0.7216771911764052,1111.4436074515563,90,-0.8308331322490226,0.5565216135580704,1215.610050679897,0.2745755315890635,0.961565534663438,691.8990933033383,-0.8899043595137516,-0.4561471592791296,1147.5121347131724
-0.8308331322490226,0.5565216135580704,1215.610050679897,0.2745755315890635,0.961565534663438,691.8990933033383,-0.8899043595137516,-0.4561471592791296,1147.5121347131724,-90,0.3109403086117299,0.950429442136786,1161.8878145537385,0.9976337686966436,-0.0687521894642775,697.9700377584,-0.7168942009267061,0.6971819738616738,1103.3728533947456
0.3109403086117299,0.950429442136786,1161.8878145537385,0.9976337686966436,-0.0687521894642775,697.9700377584,-0.7168942009267061,0.6971819738616738,1103.3728533947456,-45,0.5532936008375525,0.8329863091745356,1108.6939877135542,0.9239338901110368,-0.3825521751399233,719.8035554178535,-0.5574546791158902,0.8302073721256635,1050.230739595915
0.5532936008375525,0.8329863091745356,1108.6939877135542,0.9239338901110368,-0.3825521751399233,719.8035554178535,-0.5574546791158902,0.8302073721256635,1050.230739595915,-45,0.9662204104967668,0.2577171285333195,1100.525893183118,0.4470158743484004,-0.8945260242611922,748.8447913730184,0.107903980637223,0.9941613203915356,1018.1742373319508
0.9662204104967668,0.2577171285333195,1100.525893183118,0.4470158743484004,-0.8945260242611922,748.8447913730184,0.107903980637223,0.9941613203915356,1018.1742373319508,0,0.9714531521975855,0.2372314757475801,1094.7418104963765,0.4342183912348333,-0.9008076313583456,769.5527737906506,0.1110969359529016,0.9938095747284168,995.2043687850672
0.9714531521975855,0.2372314757475801,1094.7418104963765,0.4342183912348333,-0.9008076313583456,769.5527737906506,0.1110969359529016,0.9938095747284168,995.2043687850672,45,0.6606490238779407,0.7506949228875364,1054.1694344239454,0.8575267206975365,-0.5144394262590388,794.1481451679534,-0.5294086337816011,0.848366959798352,950.9945974997444
0.6606490238779407,0.7506949228875364,1054.1694344239454,0.8575267206975365,-0.5144394262590388,794.1481451679534,-0.5294086337816011,0.848366959798352,950.9945974997444,90,-0.4800567753576101,0.8772374207894081,969.0152997517638,0.8615971381403613,0.5075927221191603,739.1675392987713,-0.9658983837101396,-0.2589214404913973,973.2315477588056
-0.4800567753576101,0.8772374207894081,969.0152997517638,0.8615971381403613,0.5075927221191603,739.1675392987713,-0.9658983837101396,-0.2589214404913973,973.2315477588056,-90,0.6416365729721535,0.7670088058324691,953.9738287935968,0.7836791319457219,-0.621165853981688,753.58358927402,-0.6151441218280977,0.7884146811040105,955.3894801718905
0.6416365729721535,0.7670088058324691,953.9738287935968,0.7836791319457219,-0.621165853981688,753.58358927402,-0.6151441218280977,0.7884146811040105,955.3894801718905,-90,0.969421611953892,0.245401178230093,949.726327023322,0.2831072671841688,-0.9590882520746,771.561025610554,-0.055908383629683,0.9984359031204336,936.779867546912
0.969421611953892,0.245401178230093,949.726327023322,0.2831072671841688,-0.9590882520746,771.561025610554,-0.055908383629683,0.9984359031204336,936.779867546912,90,0.760527693559648,0.6493054961486482,887.8195327100266,0.6726375906449212,-0.739972074913233,835.402228068282,-0.6015651606522306,0.7988237336793743,863.4627048468567
0.760527693559648,0.6493054961486482,887.8195327100266,0.6726375906449212,-0.739972074913233,835.402228068282,-0.6015651606522306,0.7988237336793743,863.4627048468567,0,0.7890523285863734,0.6143259906209584,845.8003861209639,0.644536050061142,-0.7645739206718871,884.7624614337859,-0.6508399506819983,0.7592149620471491,812.308309179693
0.7890523285863734,0.6143259906209584,845.8003861209639,0.644536050061142,-0.7645739206718871,884.7624614337859,-0.6508399506819983,0.7592149620471491,812.308309179693,-90,0.8963554725828677,-0.44333606527187,868.6865856110974,-0.3410016486745568,-0.9400626976969324,930.0013849563164,0.3772775799425905,0.926100225500816,767.3725457824684
0.8963554725828677,-0.44333606527187,868.6865856110974,-0.3410016486745568,-0.9400626976969324,930.0013849563164,0.3772775799425905,0.926100225500816,767.3725457824684,-90,-0.3646918415721746,-0.9311282729520654,911.9164807463948,-0.9716635300289316,0.2363683236216635,911.9987154513376,0.927301685894362,-0.3743148184850203,789.5060860163715
-0.3646918415721746,-0.9311282729520654,911.9164807463948,-0.9716635300289316,0.2363683236216635,911.9987154513376,0.927301685894362,-0.3743148184850203,789.5060860163715,-90,-0.9998516661403652,-0.0172234060608188,908.4038614940054,-0.0834288590690297,0.9965137357178976,846.5843700288945,-0.0573194031194969,-0.9983558914665774,854.6905589610898
-0.9998516661403652,-0.0172234060608188,908.4038614940054,-0.0834288590690297,0.9965137357178976,846.5843700288945,-0.0573194031194969,-0.9983558914665774,854.6905589610898,90,-0.4144996986711673,-0.9100494490968672,964.8627874666686,-0.9503194729128668,0.3112762429139289,828.1541635697725,0.831850776343123,-0.5549993566639005,884.6805833960353
-0.4144996986711673,-0.9100494490968672,964.8627874666686,-0.9503194729128668,0.3112762429139289,828.1541635697725,0.831850776343123,-0.5549993566639005,884.6805833960353,45,-0.036946590491084,-0.9993172416460572,1048.867499754287,-0.9852771319082424,-0.1709648307069844,839.5766028426531,0.9578477599803256,-0.2872762933147685,903.965393165474
-0.036946590491084,-0.9993172416460572,1048.867499754287,-0.9852771319082424,-0.1709648307069844,839.5766028426531,0.9578477599803256,-0.2872762933147685,903.965393165474,90,0.7993749945905303,-0.6008324375592496,1097.6255106023184,-0.3280788987485626,-0.944650324827092,924.6397793330116,0.7863159107712875,0.6178246421663032,843.7348407675245
0.7993749945905303,-0.6008324375592496,1097.6255106023184,-0.3280788987485626,-0.944650324827092,924.6397793330116,0.7863159107712875,0.6178246421663032,843.7348407675245,0,0.7648901212975904,-0.6441607736748315,1147.9742642143594,-0.3020576653889525,-0.9532896552358971,1001.4031112886058,0.8325574893019672,0.5539386491365311,796.2536475888196
0.7648901212975904,-0.6441607736748315,1147.9742642143594,-0.3020576653889525,-0.9532896552358971,1001.4031112886058,0.8325574893019672,0.5539386491365311,796.2536475888196,90,0.8900214997792795,0.4559185562473215,1117.681008672766,0.7599238910466717,-0.6500120612853935,1033.9527751052133,-0.2517039158633904,0.9678042874150926,742.5119239094895
0.8900214997792795,0.4559185562473215,1117.681008672766,0.7599238910466717,-0.6500120612853935,1033.9527751052133,-0.2517039158633904,0.9678042874150926,742.5119239094895,-90,0.5444921042855086,-0.8387659675801938,1134.499580813298,-0.5541832939734828,-0.8323946640150334,1045.735772968272,0.94340226320403,0.3316506743269404,740.7665346555208
0.5444921042855086,-0.8387659675801938,1134.499580813298,-0.5541832939734828,-0.8323946640150334,1045.735772968272,0.94340226320403,0.3316506743269404,740.7665346555208,90,0.8890042751618468,0.4578988957662591,1108.3094353027689,0.7706681355319407,-0.637236710238607,1069.7322676170625,-0.2917580822426691,0.9564921439541884,698.779310212561
0.8890042751618468,0.4578988957662591,1108.3094353027689,0.7706681355319407,-0.637236710238607,1069.7322676170625,-0.2917580822426691,0.9564921439541884,698.779310212561,90,0.13812539274393,0.9904147494253784,1085.8703437298268,0.96965077986143,0.2444941003666977,1062.3344762323832,-0.959541444138732,0.2815674288339417,693.8118501380126
0.13812539274393,0.9904147494253784,1085.8703437298268,0.96965077986143,0.2444941003666977,1062.3344762323832,-0.959541444138732,0.2815674288339417,693.8118501380126,-45,0.7876490220170227,0.6161241904970358,1056.3508945873698,0.865654841266775,-0.5006412845455261,1087.0086570471904,-0.5565483071352314,0.8308152513193942,652.254254486344
0.7876490220170227,0.6161241904970358,1056.3508945873698,0.865654841266775,-0.5006412845455261,1087.0086570471904,-0.5565483071352314,0.8308152513193942,652.254254486344,-90,0.97579433478302,0.2186902288749169,1053.6846996158015,0.5722120467875729,-0.8201057087419746,1098.8136976778374,-0.1619876218520775,0.9867927899851662,638.2856462466013
0.97579433478302,0.2186902288749169,1053.6846996158015,0.5722120467875729,-0.8201057087419746,1098.8136976778374,-0.1619876218520775,0.9867927899851662,638.2856462466013,-90,0.9384359779059172,-0.3454532028680074,1059.8568999269005,0.0512176323731175,-0.9986875157596056,1116.7719589614792,0.3947329854289745,0.9187958806037002,621.7686453357551
0.9384359779059172,-0.3454532028680074,1059.8568999269005,0.0512176323731175,-0.9986875157596056,1116.7719589614792,0.3947329854289745,0.9187958806037002,621.7686453357551,-90,0.6186796947839555,-0.785643325728687,1073.860233576832,-0.463804847133498,-0.8859373926951456,1131.9809509252743,0.8252527964746481,0.5647635097195755,612.1547200321896
0.6186796947839555,-0.785643325728687,1073.860233576832,-0.463804847133498,-0.8859373926951456,1131.9809509252743,0.8252527964746481,0.5647635097195755,612.1547200321896,-45,0.3616595469231008,-0.9323102338381668,1092.6240706102317,-0.6891625747534669,-0.7246067523554912,1146.350958335567,0.9615693099889878,0.2745623100268895,606.4761822832554
0.3616595469231008,-0.9323102338381668,1092.6240706102317,-0.6891625747534669,-0.7246067523554912,1146.350958335567,0.9615693099889878,0.2745623100268895,606.4761822832554,45,0.5215156272287088,-0.8532417304353125,1105.5378129311837,-0.5373870409146628,-0.8433357387523563,1159.2272183746654,0.9041420075121748,0.4272320566762919,599.7160793414367
0.5215156272287088,-0.8532417304353125,1105.5378129311837,-0.5373870409146628,-0.8433357387523563,1159.2272183746654,0.9041420075121748,0.4272320566762919,599.7160793414367,-45,0.2490987634354581,-0.9684780875450542,1126.444835891817,-0.7482684912847579,-0.6633960091456929,1173.3632925515196,0.9935584368490968,0.1133209273081516,596.9740767465057
0.2490987634354581,-0.9684780875450542,1126.444835891817,-0.7482684912847579,-0.6633960091456929,1173.3632925515196,0.9935584368490968,0.1133209273081516,596.9740767465057,90,0.690723026313981,-0.7231194236913123,1140.32620596083,-0.3119368492075345,-0.950102837647839,1192.6025993603323,0.8194956269142664,0.5730854364476501,584.6846124202531
0.690723026313981,-0.7231194236913123,1140.32620596083,-0.3119368492075345,-0.950102837647839,1192.6025993603323,0.8194956269142664,0.5730854364476501,584.6846124202531,90,0.9988326042542744,0.0483055760614052,1134.177347462177,0.5333965146106323,-0.8458653310079741,1239.7633062388722,0.0557564778714597,0.9984443976383308,527.1750520428105
0.9988326042542744,0.0483055760614052,1134.177347462177,0.5333965146106323,-0.8458653310079741,1239.7633062388722,0.0557564778714597,0.9984443976383308,527.1750520428105,-45,0.9580655851925484,-0.2865490088443158,1150.256612790624,0.2598150086161411,-0.9656584081846926,1299.200690912901,0.3770686551336921,0.9261853104620418,469.5221776109836
0.9580655851925484,-0.2865490088443158,1150.256612790624,0.2598150086161411,-0.9656584081846926,1299.200690912901,0.3770686551336921,0.9261853104620418,469.5221776109836,90,0.3714345627051755,0.9284591351416684,1093.6405769566388,0.98982459089366,0.1422929346882649,1283.2387897683152,-0.9423825228253278,0.3345372635049353,452.6705994054065
0.3714345627051755,0.9284591351416684,1093.6405769566388,0.98982459089366,0.1422929346882649,1283.2387897683152,-0.9423825228253278,0.3345372635049353,452.6705994054065,45,-0.4287859830907233,0.9034060995504304,1078.8954014901444,0.5804377239670558,0.8143046411484733,1267.990539143167,-0.875023653685303,-0.4840801643232482,462.57644487866
-0.4287859830907233,0.9034060995504304,1078.8954014901444,0.5804377239670558,0.8143046411484733,1267.990539143167,-0.875023653685303,-0.4840801643232482,462.57644487866,-45,0.1776909301140264,0.984086344461304,1017.1641334650618,0.9570656758293044,0.2898711647428849,1250.4544751440294,-0.9994600668610364,-0.0328568828426048,458.0130941444033
0.1776909301140264,0.984086344461304,1017.1641334650618,0.9570656758293044,0.2898711647428849,1250.4544751440294,-0.9994600668610364,-0.0328568828426048,458.0130941444033,-45,0.406672729300452,0.913573911209882,996.2388760176398,0.9989936337472316,0.0448521987476883,1249.3166044237505,-0.9889758440801972,0.1480769388725376,453.9646440956498
0.406672729300452,0.913573911209882,996.2388760176398,0.9989936337472316,0.0448521987476883,1249.3166044237505,-0.9889758440801972,0.1480769388725376,453.9646440956498,45,-0.3021567686636398,0.9532582478797378,984.3244396427684,0.7256506787746159,0.6880632909797901,1239.6310590163712,-0.82858754792715,-0.5598595140033552,461.98021870860447
-0.3021567686636398,0.9532582478797378,984.3244396427684,0.7256506787746159,0.6880632909797901,1239.6310590163712,-0.82858754792715,-0.5598595140033552,461.98021870860447,-90,0.3445012761055021,0.9387858492551326,973.110847125095,0.9954806609982408,0.0949644858802783,1238.9244047933353,-0.999437637282808,0.0335322111194353,460.9101439462143
0.3445012761055021,0.9387858492551326,973.110847125095,0.9954806609982408,0.0949644858802783,1238.9244047933353,-0.999437637282808,0.0335322111194353,460.9101439462143,0,0.3651434064664321,0.930951283749096,918.2560613095784,0.9988679985538064,0.0475680719087214,1234.5702548384113,-0.995669680866158,-0.0929617480681338,462.83460775073854
0.3651434064664321,0.930951283749096,918.2560613095784,0.9988679985538064,0.0475680719087214,1234.5702548384113,-0.995669680866158,-0.0929617480681338,462.83460775073854,0,0.3764719319060564,0.9264280244503196,897.865407136515,0.9996475112028866,0.026549074294118,1233.7290339991273,-0.9906575340458084,-0.1363732020533277,465.3799838115301
0.3764719319060564,0.9264280244503196,897.865407136515,0.9996475112028866,0.026549074294118,1233.7290339991273,-0.9906575340458084,-0.1363732020533277,465.3799838115301,-90,0.8183440086941899,0.5747287042025339,883.8157387936978,0.8575825445219223,-0.5143463612501843,1246.5465976606931,-0.934505207081894,0.3559494598069033,455.6910577786775
0.8183440086941899,0.5747287042025339,883.8157387936978,0.8575825445219223,-0.5143463612501843,1246.5465976606931,-0.934505207081894,0.3559494598069033,455.6910577786775,45,0.647066233514975,0.7624337934829121,848.4997658622246,0.9589374056661376,-0.2836177921328235,1258.2735206099865,-0.999726138882475,-0.0234018639244498,454.8826801146093
0.647066233514975,0.7624337934829121,848.4997658622246,0.9589374056661376,-0.2836177921328235,1258.2735206099865,-0.999726138882475,-0.0234018639244498,454.8826801146093,90,-0.5293736153323877,0.8483888114478627,793.0325848276665,0.6226742999364008,0.7824811283339127,1203.8503730108862,-0.2902372218878822,-0.95695472987535,518.9558368478478
-0.5293736153323877,0.8483888114478627,793.0325848276665,0.6226742999364008,0.7824811283339127,1203.8503730108862,-0.2902372218878822,-0.95695472987535,518.9558368478478,90,-0.786611751628554,-0.6174479348089668,825.5158017892632,-0.8401679118707754,0.5423263591811678,1180.7113529579403,0.9485791377902564,-0.3165400754234667,527.8246858605327
-0.786611751628554,-0.6174479348089668,825.5158017892632,-0.8401679118707754,0.5423263591811678,1180.7113529579403,0.9485791377902564,-0.3165400754234667,527.8246858605327,-90,-0.9918169767584673,0.1276678683682551,811.7738364069206,-0.1260934399088074,0.9920183689891856,1111.4013323164634,0.3262795523839823,-0.9452733222174992,593.8528112881255
-0.9918169767584673,0.1276678683682551,811.7738364069206,-0.1260934399088074,0.9920183689891856,1111.4013323164634,0.3262795523839823,-0.9452733222174992,593.8528112881255,-45,-0.9370644698348324,0.3491563824035932,802.843429581061,0.1334518898596838,0.9910552926516656,1086.7626660966414,0.0717849380577983,-0.9974201334783844,618.6246458244935
-0.9370644698348324,0.3491563824035932,802.843429581061,0.1334518898596838,0.9910552926516656,1086.7626660966414,0.0717849380577983,-0.9974201334783844,618.6246458244935,45,-0.9232952478443528,-0.3840909857156698,832.2734384357605,-0.5352195741421879,0.8447129734146712,1017.1940013221094,0.6025439366007745,-0.7980857124805842,681.2309596059795
-0.9232952478443528,-0.3840909857156698,832.2734384357605,-0.5352195741421879,0.8447129734146712,1017.1940013221094,0.6025439366007745,-0.7980857124805842,681.2309596059795,0,-0.9121150192394004,-0.409934374842984,842.2138214222974,-0.5472384038220057,0.8369767794761952,996.2570958315678,0.5859514833392666,-0.8103461354091306,701.2535810922819
-0.9121150192394004,-0.409934374842984,842.2138214222974,-0.5472384038220057,0.8369767794761952,996.2570958315678,0.5859514833392666,-0.8103461354091306,701.2535810922819,0,-0.8843265719264918,-0.4668688404517262,868.4748583883461,-0.5763528648054357,0.8172009393231062,946.8499499142712,0.5479557490344965,-0.8365073204103141,750.4531615315227
-0.8843265719264918,-0.4668688404517262,868.4748583883461,-0.5763528648054357,0.8172009393231062,946.8499499142712,0.5479557490344965,-0.8365073204103141,750.4531615315227,-90,-0.7545881401656083,0.6561987036876927,858.184308669548,0.5689363619919526,0.8223815513515377,938.7744711306492,-0.5785023103509457,-0.8156807444819438,758.3104137796277
-0.7545881401656083,0.6561987036876927,858.184308669548,0.5689363619919526,0.8223815513515377,938.7744711306492,-0.5785023103509457,-0.8156807444819438,758.3104137796277,45,-0.9149026793628904,0.4036744818471985,848.8528804182683,0.3313621834729241,0.9435036318764524,916.723454807605,-0.3259427821568788,-0.9453894979106936,780.339759716491
-0.9149026793628904,0.4036744818471985,848.8528804182683,0.3313621834729241,0.9435036318764524,916.723454807605,-0.3259427821568788,-0.9453894979106936,780.339759716491,0,-0.9531361212872376,0.3025417893407791,816.4658430411857,0.3643682683071426,0.931254940953794,827.5307013355784,-0.2923610524193683,-0.95630801263413,870.7591773004485
-0.9531361212872376,0.3025417893407791,816.4658430411857,0.3643682683071426,0.931254940953794,827.5307013355784,-0.2923610524193683,-0.95630801263413,870.7591773004485,45,-0.9998883052579692,0.0149458023654253,816.0725826389535,0.1112728536689766,0.9937898933056034,804.6225401609202,-0.0319460644601584,-0.9994895942257264,893.7734053634688
-0.9998883052579692,0.0149458023654253,816.0725826389535,0.1112728536689766,0.9937898933056034,804.6225401609202,-0.0319460644601584,-0.9994895942257264,893.7734053634688,90,-0.5564603545485948,-0.8308741624431778,862.385263119603,-0.78656417368088,0.6175085430030214,771.9625522302665,0.7709964215994353,-0.6368394757557557,925.2233535994792
-0.5564603545485948,-0.8308741624431778,862.385263119603,-0.78656417368088,0.6175085430030214,771.9625522302665,0.7709964215994353,-0.6368394757557557,925.2233535994792,45,-0.2376475578207373,-0.971351449405332,924.1611330396872,-0.9682389666946576,0.2500266053324361,753.7529832917402,0.9128796289124924,-0.4082288367038642,949.2148712600316
-0.2376475578207373,-0.971351449405332,924.1611330396872,-0.9682389666946576,0.2500266053324361,753.7529832917402,0.9128796289124924,-0.4082288367038642,949.2148712600316,45,0.0466905573833778,-0.9989094012227684,947.21923315749,-0.9978143342943516,-0.0660799082680964,755.3571047282625,0.9878027205593872,-0.155710581706809,952.111634454418
0.0466905573833778,-0.9989094012227684,947.21923315749,-0.9978143342943516,-0.0660799082680964,755.3571047282625,0.9878027205593872,-0.155710581706809,952.111634454418,0,0.0444638806201951,-0.9990109925922702,1010.6658635336886,-0.9887307375452292,-0.1497048049772176,762.4211222889201,0.9757663647499496,-0.2188149935965726,963.823269957878
0.0444638806201951,-0.9990109925922702,1010.6658635336886,-0.9887307375452292,-0.1497048049772176,762.4211222889201,0.9757663647499496,-0.2188149935965726,963.823269957878,-45,-0.1644348072656341,-0.98638795317031,1031.901338212436,-0.9993954622185875,0.0347665082643582,761.2367120709671,0.8987257954537575,-0.4385110541206581,973.2001663607628
-0.1644348072656341,-0.98638795317031,1031.901338212436,-0.9993954622185875,0.0347665082643582,761.2367120709671,0.8987257954537575,-0.4385110541206581,973.2001663607628,0,-0.1562687276890391,-0.987714576558658,1083.8024867014606,-0.9993889402986146,-0.0349534835003916,761.7350130985641,0.8772269203182542,-0.4800759630193448,996.8889076423056
-0.1562687276890391,-0.987714576558658,1083.8024867014606,-0.9993889402986146,-0.0349534835003916,761.7350130985641,0.8772269203182542,-0.4800759630193448,996.8889076423056,90,0.7142426119139897,-0.6998982006879871,1095.1413194917309,-0.5300493057200499,-0.8479668233520066,779.4639886858722,0.9004297333451353,0.4350014888572319,985.8897370690546
0.7142426119139897,-0.6998982006879871,1095.1413194917309,-0.5300493057200499,-0.8479668233520066,779.4639886858722,0.9004297333451353,0.4350014888572319,985.8897370690546,-90,-0.1886178168704295,-0.98205056853455,1153.8522652878053,-0.9957509270111814,-0.092087411497842,781.1741995930229,0.8272468007271726,-0.5618387052230004,1019.7293808211078
-0.1886178168704295,-0.98205056853455,1153.8522652878053,-0.9957509270111814,-0.092087411497842,781.1741995930229,0.8272468007271726,-0.5618387052230004,1019.7293808211078,90,0.9326993825066358,-0.3606547682642506,1154.8843476643883,-0.0786029944924442,-0.9969059982048564,794.7890893062133,0.6962169226394651,0.7178314541941117,1007.3648477489176
0.9326993825066358,-0.3606547682642506,1154.8843476643883,-0.0786029944924442,-0.9969059982048564,794.7890893062133,0.6962169226394651,0.7178314541941117,1007.3648477489176,90,0.6879279846468412,0.7257789525328875,1137.585863540445,0.885536607269192,-0.4645696042426461,801.0131065888123,-0.4193198715610658,0.9078385568557944,990.1392613804686
0.6879279846468412,0.7257789525328875,1137.585863540445,0.885536607269192,-0.4645696042426461,801.0131065888123,-0.4193198715610658,0.9078385568557944,990.1392613804686,45,0.437944165138482,0.8990021736465146,1079.289134301189,0.97333218384845,-0.2294002177087184,813.2681202534684,-0.7242580421311281,0.6895290337675312,944.6616301198064
0.437944165138482,0.8990021736465146,1079.289134301189,0.97333218384845,-0.2294002177087184,813.2681202534684,-0.7242580421311281,0.6895290337675312,944.6616301198064,-45,0.926214597434336,0.3769967101972525,1064.7862996466945,0.5773163548034987,-0.8165205609636543,845.4117244959996,-0.1164758022666863,0.9931935297243591,905.73639869186
0.926214597434336,0.3769967101972525,1064.7862996466945,0.5773163548034987,-0.8165205609636543,845.4117244959996,-0.1164758022666863,0.9931935297243591,905.73639869186,45,0.8380049996982258,0.5456625518402161,1052.7207497851698,0.7203387214139545,-0.693622466787019,859.9022834184417,-0.3259955056810788,0.945371318729174,885.5722765693662
0.8380049996982258,0.5456625518402161,1052.7207497851698,0.7203387214139545,-0.693622466787019,859.9022834184417,-0.3259955056810788,0.945371318729174,885.5722765693662,-90,0.8102617994637762,-0.5860680987135568,1063.5773118210636,-0.3702287070511828,-0.9289406356033788,873.4903194772796,0.7679773068761484,0.6404770535493509,877.2188200332457
0.8102617994637762,-0.5860680987135568,1063.5773118210636,-0.3702287070511828,-0.9289406356033788,873.4903194772796,0.7679773068761484,0.6404770535493509,877.2188200332457,-45,0.5952965930864238,-0.8035060461873929,1112.6188101433484,-0.5737209643792347,-0.8190508256706424,923.322682860548,0.9370818849019932,0.3491096403546138,853.8057722250418
0.5952965930864238,-0.8035060461873929,1112.6188101433484,-0.5737209643792347,-0.8190508256706424,923.322682860548,0.9370818849019932,0.3491096403546138,853.8057722250418,45,0.9919124255226142,-0.1269241509478968,1113.8938819613518,0.2067336276301326,-0.9783972645131862,944.4456894236588,0.3867777914799215,0.9221729447440508,833.0936923725505
0.9919124255226142,-0.1269241509478968,1113.8938819613518,0.2067336276301326,-0.9783972645131862,944.4456894236588,0.3867777914799215,0.9221729447440508,833.0936923725505,-45,0.5564104273972468,-0.8309075979214615,1156.6719336279584,-0.555328412656791,-0.8316311406483579,987.1757908511736,0.959298568842721,0.2823937956406038,816.9570135831138
0.5564104273972468,-0.8309075979214615,1156.6719336279584,-0.555328412656791,-0.8316311406483579,987.1757908511736,0.959298568842721,0.2823937956406038,816.9570135831138,90,0.7587413756204147,0.6513919902191313,1118.4549555145436,0.8840480563743569,-0.4673960141258395,1007.1158262657976,-0.454709084053742,0.8906400220510007,771.1666275942184
0.7587413756204147,0.6513919902191313,1118.4549555145436,0.8840480563743569,-0.4673960141258395,1007.1158262657976,-0.454709084053742,0.8906400220510007,771.1666275942184,-90,0.6415291259526373,-0.7670986771950824,1160.4963508097558,-0.4323474003576181,-0.9017071173080587,1050.4389655009757,0.9123937127950914,0.409313709582257,753.5333968994074
0.6415291259526373,-0.7670986771950824,1160.4963508097558,-0.4323474003576181,-0.9017071173080587,1050.4389655009757,0.9123937127950914,0.409313709582257,753.5333968994074,-45,-0.2260014495577755,-0.9741269654402264,1221.768504093738,-0.970182571582188,-0.2423752829769835,1063.1176593375965,0.8336379735636895,-0.5523112610047213,787.347469415791
-0.2260014495577755,-0.9741269654402264,1221.768504093738,-0.970182571582188,-0.2423752829769835,1063.1176593375965,0.8336379735636895,-0.5523112610047213,787.347469415791,-90,-0.6503572313009415,-0.7596285090059309,1269.3425474143771,-0.9777204555056264,0.2099111976190661,1045.7182903040475,0.4230029124801951,-0.90612832205669,846.8278825572645
-0.6503572313009415,-0.7596285090059309,1269.3425474143771,-0.9777204555056264,0.2099111976190661,1045.7182903040475,0.4230029124801951,-0.90612832205669,846.8278825572645,90,0.7260910616529448,-0.687598553072721,1273.1577156757685,-0.2519762941031451,-0.9677334070962132,1057.366657779949,0.9264897507236416,0.3763199992081795,838.2184494418743
0.7260910616529448,-0.687598553072721,1273.1577156757685,-0.2519762941031451,-0.9677334070962132,1057.366657779949,0.9264897507236416,0.3763199992081795,838.2184494418743,-90,-0.3535932734072631,-0.935399271435004,1287.96590087361,-0.9885275415688936,-0.1510407215282003,1057.32946701261,0.692083668434194,-0.7218172870516948,851.9872779643896
-0.3535932734072631,-0.935399271435004,1287.96590087361,-0.9885275415688936,-0.1510407215282003,1057.32946701261,0.692083668434194,-0.7218172870516948,851.9872779643896,90,0.9488137630071828,-0.3158361016859059,1296.9305078241086,0.2133893794537209,-0.9769672321712516,1106.8773473718306,0.6908810504357218,0.7229684461640311,808.7934854614618
0.9488137630071828,-0.3158361016859059,1296.9305078241086,0.2133893794537209,-0.9769672321712516,1106.8773473718306,0.6908810504357218,0.7229684461640311,808.7934854614618,45,0.9934379607469712,-0.1143722787518864,1298.3953008093993,0.4147799996570891,-0.9099217284384769,1120.976126937559,0.526028427193632,0.8504669857109056,795.3468910883666
0.9934379607469712,-0.1143722787518864,1298.3953008093993,0.4147799996570891,-0.9099217284384769,1120.976126937559,0.526028427193632,0.8504669857109056,795.3468910883666,45,0.9914866371048868,0.1302084806855617,1285.8503909247063,0.6347913063244242,-0.7726836334586952,1178.81830145329,0.272576699439396,0.9621340566276224,721.3428226864256
0.9914866371048868,0.1302084806855617,1285.8503909247063,0.6347913063244242,-0.7726836334586952,1178.81830145329,0.272576699439396,0.9621340566276224,721.3428226864256,-90,0.0748401693569484,-0.9971955420330676,1363.322967597704,-0.7734412457736606,-0.6338679983530389,1223.4755714681885,0.910686478883192,-0.4130982173519196,753.2876701363231
0.0748401693569484,-0.9971955420330676,1363.322967597704,-0.7734412457736606,-0.6338679983530389,1223.4755714681885,0.910686478883192,-0.4130982173519196,753.2876701363231,0,0.0642299484798381,-0.9979351250047656,1400.7009430887415,-0.764148069386779,-0.6450408731642192,1247.3254314611283,0.8875162235160952,-0.460776467493435,769.7884462433104
-0.7391272727713795,0.6735657908812938,1318.0566643164398,0.1906793678261976,0.981652371608912,1101.6498946348518,-0.93483996372981,-0.3550693484569561,834.979574809456,90,-0.9175074188051084,-0.3977186649348853,1343.6598887234893,-0.8198069187521372,0.5726400404845323,1066.75435624347,-0.0976100827301738,-0.99522473429342,896.9671881202901
-0.9175074188051084,-0.3977186649348853,1343.6598887234893,-0.8198069187521372,0.5726400404845323,1066.75435624347,-0.0976100827301738,-0.99522473429342,896.9671881202901,90,0.1305400257428328,-0.991443040057804,1397.504018159719,-0.7472594024467729,-0.6645324562840342,1104.250279951316,0.9108644572430236,-0.4127056342374939,915.7956326454936
0.1305400257428328,-0.991443040057804,1397.504018159719,-0.7472594024467729,-0.6645324562840342,1104.250279951316,0.9108644572430236,-0.4127056342374939,915.7956326454936,90,0.964138481789116,-0.2653996758351045,1416.105003705548,0.3514018751032576,-0.9362247177755534,1186.9919045721792,0.7400729766279618,0.6725265714193218,851.0836043068213
0.964138481789116,-0.2653996758351045,1416.105003705548,0.3514018751032576,-0.9362247177755534,1186.9919045721792,0.7400729766279618,0.6725265714193218,851.0836043068213,0,0.9516120090788094,-0.3073021057151937,1433.8552221201203,0.3331347563112735,-0.9428792256367876,1245.4833270667016,0.7782588281634023,0.6279436251652912,810.476155109538
-0.9991680893166478,0.0407814822109176,1423.7697511532403,-0.5363877296212777,0.8439716840698692,1080.990723502732,-0.586576269395152,-0.8098939931759379,968.8819867759748,0,-0.9997195467383836,-0.0236818046018669,1423.5595304054552,-0.5806840974313134,0.8141289695069086,1026.5910074650956,-0.5409874940860883,-0.8410306363281035,1023.4439000786512
-0.9997195467383836,-0.0236818046018669,1423.5595304054552,-0.5806840974313134,0.8141289695069086,1026.5910074650956,-0.5409874940860883,-0.8410306363281035,1023.4439000786512,0,-0.9961703128874032,-0.087434019247735,1428.433720216423,-0.6262383832640636,0.7796316356631585,965.804956008888,-0.5004386871858958,-0.865771979430876,1089.2392634546966
-0.9961703128874032,-0.087434019247735,1428.433720216423,-0.6262383832640636,0.7796316356631585,965.804956008888,-0.5004386871858958,-0.865771979430876,1089.2392634546966,-90,-0.238180232605186,0.9712209721768468,1411.7524643746438,0.6857963002623658,0.7277935384066356,956.2296275831868,-0.9363887268857553,0.3509646024334569,1080.1469069843602
-0.238180232605186,0.9712209721768468,1411.7524643746438,0.6857963002623658,0.7277935384066356,956.2296275831868,-0.9363887268857553,0.3509646024334569,1080.1469069843602,-45,0.0488379492939711,0.9988067153903,1346.5997212873506,0.8929065768145517,0.4502419850272953,924.9785777904102,-0.8277467479502297,0.5611018813529491,1042.3036838518658
0.0488379492939711,0.9988067153903,1346.5997212873506,0.8929065768145517,0.4502419850272953,924.9785777904102,-0.8277467479502297,0.5611018813529491,1042.3036838518658,-90,0.8971725821843984,0.4416801532518513,1341.4203230680905,0.8260957160892382,-0.5635298287216116,937.0947887701116,0.0808880702951776,0.9967231913043472,1025.1936417770548
0.8971725821843984,0.4416801532518513,1341.4203230680905,0.8260957160892382,-0.5635298287216116,937.0947887701116,0.0808880702951776,0.9967231913043472,1025.1936417770548,-90,0.8722442808495048,-0.4890704596735833,1370.816731014383,0.0407520268507172,-0.9991692911151536,996.5188759019871,0.8736953185306661,0.4864735248475481,996.2534366459972
0.8722442808495048,-0.4890704596735833,1370.816731014383,0.0407520268507172,-0.9991692911151536,996.5188759019871,0.8736953185306661,0.4864735248475481,996.2534366459972,0,0.852084434995694,-0.5234043519479648,1403.4760716897526,0.0385619208292252,-0.9992562125210732,1061.0389077718592,0.9004403160949568,0.4349795824528025,966.4337141292724
0.852084434995694,-0.5234043519479648,1403.4760716897526,0.0385619208292252,-0.9992562125210732,1061.0389077718592,0.9004403160949568,0.4349795824528025,966.4337141292724,0,0.8264843555214675,-0.5629596877914657,1447.1759133783632,0.0360976356604266,-0.9993482679725456,1141.4656386692068,0.9313485631835354,0.364128897309681,934.1811196242942
0.8264843555214675,-0.5629596877914657,1447.1759133783632,0.0360976356604266,-0.9993482679725456,1141.4656386692068,0.9313485631835354,0.364128897309681,934.1811196242942,-45,0.6835650047615561,-0.7298896384148317,1465.6017444536562,-0.1676131498868344,-0.985852844995141,1166.3181012680889,0.9905541362140914,0.137122220041667,930.5332628904785
0.2992308237495313,0.9541807554746516,1306.2387148389762,0.9705777498784678,0.2407879387362465,1121.563328637389,-0.7296493372836893,0.6838215005405087,802.3882228349192,-90,0.999729600441833,-0.0232535158720748,1307.474304831877,0.5232376517885413,-0.8521868103595673,1193.9822183749638,0.4406342153491477,0.8976867428360746,726.290036965674
0.999729600441833,-0.0232535158720748,1307.474304831877,0.5232376517885413,-0.8521868103595673,1193.9822183749638,0.4406342153491477,0.8976867428360746,726.290036965674,-45,0.5894791764200337,-0.8077835728505246,1381.0720890591083,-0.2976656752564862,-0.9546701764348252,1280.3943592417493,0.9937224739230046,0.1118733427602103,711.8348370079185
0.5894791764200337,-0.8077835728505246,1381.0720890591083,-0.2976656752564862,-0.9546701764348252,1280.3943592417493,0.9937224739230046,0.1118733427602103,711.8348370079185,90,0.9813739629307808,0.1921071182479559,1366.7476376568145,0.7431241141824314,-0.6691536078663678,1317.1617034519652,0.3010824077218685,0.9535981248725284,655.4520768450451
0.9813739629307808,0.1921071182479559,1366.7476376568145,0.7431241141824314,-0.6691536078663678,1317.1617034519652,0.3010824077218685,0.9535981248725284,655.4520768450451,0,0.9895542757666403,0.1441607967235185,1355.6081370570098,0.7184320357403702,-0.6955971607345357,1364.0684820254355,0.3337730843918611,0.9426534507100388,590.7609848789754
0.9895542757666403,0.1441607967235185,1355.6081370570098,0.7184320357403702,-0.6955971607345357,1364.0684820254355,0.3337730843918611,0.9426534507100388,590.7609848789754,90,0.8229842163774427,0.5680642389673959,1343.6846417651502,0.9517132125158472,-0.306988535816512,1369.3049391992786,-0.1362380011868301,0.9906761362991526,571.2712985224621
0.8229842163774427,0.5680642389673959,1343.6846417651502,0.9517132125158472,-0.306988535816512,1369.3049391992786,-0.1362380011868301,0.9906761362991526,571.2712985224621,0,0.8465955644310307,0.5322367427054474,1311.9018086680846,0.9365043645506564,-0.3506559213496493,1388.0704922973443,-0.1445050880854346,0.9895040573526824,514.3571867745138
0.8465955644310307,0.5322367427054474,1311.9018086680846,0.9365043645506564,-0.3506559213496493,1388.0704922973443,-0.1445050880854346,0.9895040573526824,514.3571867745138,45,0.6872297536046434,0.7264401322617722,1266.061902006442,0.9929961204853618,-0.118146962301283,1393.7512330800537,-0.4669902162220417,0.884262482497641,458.9180533735516
0.6872297536046434,0.7264401322617722,1266.061902006442,0.9929961204853618,-0.118146962301283,1393.7512330800537,-0.4669902162220417,0.884262482497641,458.9180533735516,45,0.2512620435448742,0.9679191006864436,1244.1980041850936,0.930792538443192,0.3655478769990044,1384.38048007698,-0.8604632368461054,0.5095125298128822,448.1376056728224
0.2512620435448742,0.9679191006864436,1244.1980041850936,0.930792538443192,0.3655478769990044,1384.38048007698,-0.8604632368461054,0.5095125298128822,448.1376056728224,90,-0.8357235651899987,0.5491503642775065,1213.3898475032663,-0.0081669479021879,0.9999666499248676,1324.7936148789363,-0.7259720608725772,-0.6877241938687508,489.8846007214352
-0.8357235651899987,0.5491503642775065,1213.3898475032663,-0.0081669479021879,0.9999666499248676,1324.7936148789363,-0.7259720608725772,-0.6877241938687508,489.8846007214352,-45,-0.4064109524609195,0.9136903948930448,1194.6702795960564,0.5461337721225342,0.8376979783592723,1308.2235729989427,-0.9755377436066204,-0.2198320058565266,493.2557520699784
-0.4064109524609195,0.9136903948930448,1194.6702795960564,0.5461337721225342,0.8376979783592723,1308.2235729989427,-0.9755377436066204,-0.2198320058565266,493.2557520699784,-90,0.1329502651335258,0.9911227103648292,1173.7025536672395,0.9093563932530744,0.4160179684217497,1299.720310099446,-0.9592524360137517,0.2825504627525555,486.3497553047601
0.1329502651335258,0.9911227103648292,1173.7025536672395,0.9093563932530744,0.4160179684217497,1299.720310099446,-0.9592524360137517,0.2825504627525555,486.3497553047601,0,0.1315456228677884,0.9913101175234346,1103.324508531556,0.92561729746762,0.3784608548169009,1271.6621607669233,-0.9913685733767812,0.1311043543170303,471.3936901639647
0.1315456228677884,0.9913101175234346,1103.324508531556,0.92561729746762,0.3784608548169009,1271.6621607669233,-0.9913685733767812,0.1311043543170303,471.3936901639647,90,-0.3576836668963327,0.933842810346363,1084.1017247707753,0.6461575859883117,0.7632040186409906,1255.1076087933536,-0.9215051758607616,-0.3883660784129152,479.9136481190861
-0.3576836668963327,0.933842810346363,1084.1017247707753,0.6461575859883117,0.7632040186409906,1255.1076087933536,-0.9215051758607616,-0.3883660784129152,479.9136481190861,-45,0.4747573657719386,0.8801167216030438,1066.8033852190197,0.9999988352768112,0.0015262519519853,1256.168660138741,-0.9154814463906434,0.4023601885307434,470.2678627279989
0.4747573657719386,0.8801167216030438,1066.8033852190197,0.9999988352768112,0.0015262519519853,1256.168660138741,-0.9154814463906434,0.4023601885307434,470.2678627279989,45,0.2752431817126777,0.9613746360918212,1043.0083990434018,0.9791936867337242,0.2029278784711881,1250.7206084793995,-0.9902093549628908,0.1395902336984066,466.4011583123266
0.2752431817126777,0.9613746360918212,1043.0083990434018,0.9791936867337242,0.2029278784711881,1250.7206084793995,-0.9902093549628908,0.1395902336984066,466.4011583123266,-90,0.9999016820508057,0.0140223475912502,1043.33226935195,0.5055885216718367,-0.8627747369700197,1299.997778563906,-0.2261529803337101,0.9740917972584414,411.250464159118
0.9999016820508057,0.0140223475912502,1043.33226935195,0.5055885216718367,-0.8627747369700197,1299.997778563906,-0.2261529803337101,0.9740917972584414,411.250464159118,45,0.7703411410546854,0.6376319678298488,1004.3601194021596,0.934949551552484,-0.3547806872587752,1319.2319771160492,-0.879980592420737,0.4750096388104652,380.4063740863447
0.7703411410546854,0.6376319678298488,1004.3601194021596,0.934949551552484,-0.3547806872587752,1319.2319771160492,-0.879980592420737,0.4750096388104652,380.4063740863447,-45,0.9999341698839556,0.0114741404246566,1003.9240149833304,0.5264211801559905,-0.8502239358446539,1356.000968974672,-0.4699941121129633,0.8826695500464187,341.6334700527014
0.9999341698839556,0.0114741404246566,1003.9240149833304,0.5264211801559905,-0.8502239358446539,1356.000968974672,-0.4699941121129633,0.8826695500464187,341.6334700527014,45,0.784225636912601,0.6204757452221845,973.8582342412268,0.9377657880181306,-0.3472683786680476,1371.2239278832033,-0.9680101094221,0.2509111955585364,327.17998166061443
0.784225636912601,0.6204757452221845,973.8582342412268,0.9377657880181306,-0.3472683786680476,1371.2239278832033,-0.9680101094221,0.2509111955585364,327.17998166061443,45,0.431742221493911,0.9019970366800008,954.1496415658552,0.9956016117880292,0.0936879426878313,1368.519264935737,-0.9628243919627733,-0.2701280996888629,332.85374941594097
0.431742221493911,0.9019970366800008,954.1496415658552,0.9956016117880292,0.0936879426878313,1368.519264935737,-0.9628243919627733,-0.2701280996888629,332.85374941594097,45,0.2091523141278612,0.9778830755744576,930.4289261252792,0.9499125584650484,0.3125158096327065,1360.5150445954796,-0.8392692361234614,-0.5437160557650854,345.6183828598242
0.2091523141278612,0.9778830755744576,930.4289261252792,0.9499125584650484,0.3125158096327065,1360.5150445954796,-0.8392692361234614,-0.5437160557650854,345.6183828598242,45,-0.1045310507210247,0.9945216234125624,913.6554182810168,0.8131802305468502,0.582011952323809,1350.5147105286414,-0.607708832891152,-0.7941599174134099,358.9543471728125
-0.1045310507210247,0.9945216234125624,913.6554182810168,0.8131802305468502,0.582011952323809,1350.5147105286414,-0.607708832891152,-0.7941599174134099,358.9543471728125,-90,0.4261335703181796,0.9046602568079803,894.3639262916857,0.9974922757945524,0.0707754175558489,1349.268584327035,-0.905647189291474,-0.424032037148672,367.1208420287249
0.4261335703181796,0.9046602568079803,894.3639262916857,0.9974922757945524,0.0707754175558489,1349.268584327035,-0.905647189291474,-0.424032037148672,367.1208420287249,45,0.2090378287933658,0.977907555003721,872.2590751594907,0.9584118401716688,0.285388760498299,1342.330173317314,-0.7531480782966068,-0.6578510258091328,381.8208666352456
0.2090378287933658,0.977907555003721,872.2590751594907,0.9584118401716688,0.285388760498299,1342.330173317314,-0.7531480782966068,-0.6578510258091328,381.8208666352456,90,-0.3526464879215133,0.935756621433491,854.7333025288532,0.6654330268016877,0.7464575586338077,1327.3789731843276,-0.2757456822119929,-0.9612306272385636,400.4014715905525
-0.3526464879215133,0.935756621433491,854.7333025288532,0.6654330268016877,0.7464575586338077,1327.3789731843276,-0.2757456822119929,-0.9612306272385636,400.4014715905525,0,-0.3817884247024912,0.9242497491280104,793.4474146266405,0.6891464368350109,0.7246221005445586,1278.9473170454287,-0.23599418306699,-0.9717544677327415,464.0755108575543
-0.3817884247024912,0.9242497491280104,793.4474146266405,0.6891464368350109,0.7246221005445586,1278.9473170454287,-0.23599418306699,-0.9717544677327415,464.0755108575543,-45,-0.1214639095200535,0.9925958486131726,771.9618338983606,0.866442899807087,0.4992761774548093,1268.213906640248,-0.4696749607605675,-0.8828394141827602,482.9353093279885
-0.1214639095200535,0.9925958486131726,771.9618338983606,0.866442899807087,0.4992761774548093,1268.213906640248,-0.4696749607605675,-0.8828394141827602,482.9353093279885,0,-0.1344192842951079,0.9909245460728032,694.8050153665653,0.8927836800301165,0.4504856275974657,1231.1049709015608,-0.4111115021919095,-0.91158506611589,552.8900083909392
-0.1344192842951079,0.9909245460728032,694.8050153665653,0.8927836800301165,0.4504856275974657,1231.1049709015608,-0.4111115021919095,-0.91158506611589,552.8900083909392,90,-0.9942605736619072,0.1069855675383127,684.4283302564314,-0.1189327855686152,0.9929023076400264,1151.2163216605325,0.6376249073264615,-0.770346985167672,610.5804216134079
-0.9942605736619072,0.1069855675383127,684.4283302564314,-0.1189327855686152,0.9929023076400264,1151.2163216605325,0.6376249073264615,-0.770346985167672,610.5804216134079,0,-0.9998416616743854,0.0177947065219947,680.7102953463607,-0.1228683320406583,0.9924229808814116,1088.511105221499,0.5868257170422793,-0.8097132688907938,660.4139385192666
-0.9998416616743854,0.0177947065219947,680.7102953463607,-0.1228683320406583,0.9924229808814116,1088.511105221499,0.5868257170422793,-0.8097132688907938,660.4139385192666,90,-0.4264677967622965,-0.9045027464439854,696.0835475125327,-0.9582993621436674,0.2857662200384088,1087.6133435728125,0.9841959864749276,0.1770826366605262,653.8894961059035
-0.4264677967622965,-0.9045027464439854,696.0835475125327,-0.9582993621436674,0.2857662200384088,1087.6133435728125,0.9841959864749276,0.1770826366605262,653.8894961059035,45,0.3940704564705011,-0.9190802333513276,770.0899650851516,-0.7886839092669208,-0.6147989031085266,1136.7000634841409,0.5358848701624146,0.8442910670681125,582.9651741955518
0.3940704564705011,-0.9190802333513276,770.0899650851516,-0.7886839092669208,-0.6147989031085266,1136.7000634841409,0.5358848701624146,0.8442910670681125,582.9651741955518,-45,-0.4704515831900925,-0.8824258087079816,824.3035641115292,-0.9760702122776834,0.2174556062836688,1119.8259712147108,0.9992791112424204,-0.0379639017299134,583.5249144697851
-0.4704515831900925,-0.8824258087079816,824.3035641115292,-0.9760702122776834,0.2174556062836688,1119.8259712147108,0.9992791112424204,-0.0379639017299134,583.5249144697851,-45,-0.9998186272700802,-0.0190450141447179,821.5969646279921,-0.2713493638681057,0.962480920708756,1106.8249600934785,0.4352553424651967,-0.9003070514305129,596.1955151508018
-0.9998186272700802,-0.0190450141447179,821.5969646279921,-0.2713493638681057,0.962480920708756,1106.8249600934785,0.4352553424651967,-0.9003070514305129,596.1955151508018,90,-0.7997044395069508,-0.6003938785771167,857.3820139437612,-0.773104314384162,0.6342788969220045,1067.4839192391892,0.8034191758412124,-0.5954138291059647,630.0537102773541
-0.7997044395069508,-0.6003938785771167,857.3820139437612,-0.773104314384162,0.6342788969220045,1067.4839192391892,0.8034191758412124,-0.5954138291059647,630.0537102773541,0,-0.7629569609841094,-0.6464492831505749,903.4371894849708,-0.8035504176811443,0.595236697662752,1022.5345506849648,0.7443236770434027,-0.6678190352128248,676.308890481637
-0.7629569609841094,-0.6464492831505749,903.4371894849708,-0.8035504176811443,0.595236697662752,1022.5345506849648,0.7443236770434027,-0.6678190352128248,676.308890481637,45,-0.0965035974460487,-0.9953326356952088,917.5430025278806,-0.9891984208921208,-0.1465826869194805,1025.9195336320868,0.9998133297358504,0.0193211201153523,674.4581539931728
-0.0965035974460487,-0.9953326356952088,917.5430025278806,-0.9891984208921208,-0.1465826869194805,1025.9195336320868,0.9998133297358504,0.0193211201153523,674.4581539931728,0,-0.0953235861640578,-0.9954463390463714,942.027754993016,-0.9856749288799768,-0.168656261601675,1029.8830007225004,0.9998307740611188,-0.0183962833296286,674.3585182802851
-0.0953235861640578,-0.9954463390463714,942.027754993016,-0.9856749288799768,-0.168656261601675,1029.8830007225004,0.9998307740611188,-0.0183962833296286,674.3585182802851,0,-0.0892321062820106,-0.996010858981204,1005.2485496063432,-0.9737210397836326,-0.2277440156901636,1042.647176414753,0.9937546705947968,-0.1115869825339251,678.3176884658521
-0.0892321062820106,-0.996010858981204,1005.2485496063432,-0.9737210397836326,-0.2277440156901636,1042.647176414753,0.9937546705947968,-0.1115869825339251,678.3176884658521,-45,-0.8127331822804021,-0.5826360565742311,1038.3309809437044,-0.8056685391856565,0.5923666136493939,1003.6210649381148,0.4855276659862749,-0.8742213023954062,732.3880023508821
-0.8127331822804021,-0.5826360565742311,1038.3309809437044,-0.8056685391856565,0.5923666136493939,1003.6210649381148,0.4855276659862749,-0.8742213023954062,732.3880023508821,-90,-0.858239362423316,0.5132496437282934,1005.1495690882452,0.2847947151829164,0.9585885301858568,949.9898021759416,-0.6040519373621772,-0.7969449522827786,774.6060006469644
-0.858239362423316,0.5132496437282934,1005.1495690882452,0.2847947151829164,0.9585885301858568,949.9898021759416,-0.6040519373621772,-0.7969449522827786,774.6060006469644,0,-0.8842438220490505,0.4670255487316375,973.9712640589912,0.3070944905394485,0.9516790288118766,889.3429210448965,-0.5686579280583124,-0.8225741066046434,826.0300377181625
-0.8842438220490505,0.4670255487316375,973.9712640589912,0.3070944905394485,0.9516790288118766,889.3429210448965,-0.5686579280583124,-0.8225741066046434,826.0300377181625,-45,-0.8008487408087478,0.5988666749327792,927.9259408386654,0.5429620574970127,0.8397572292743961,826.673192792244,-0.6888480886045273,-0.7249057254746228,877.7369991525494
-0.8008487408087478,0.5988666749327792,927.9259408386654,0.5429620574970127,0.8397572292743961,826.673192792244,-0.6888480886045273,-0.7249057254746228,877.7369991525494,90,-0.8645498881589883,-0.502547003656654,941.0059457651056,-0.559454385760321,0.8288611405136218,810.5017544492304,0.3694121520394214,-0.9292656573475656,896.4148581796715
-0.8645498881589883,-0.502547003656654,941.0059457651056,-0.559454385760321,0.8288611405136218,810.5017544492304,0.3694121520394214,-0.9292656573475656,896.4148581796715,45,-0.7134874103416052,-0.7006680492815622,981.3971347427604,-0.753878444077149,0.6570139203668495,770.8216499822122,0.5221045064493384,-0.8528815183513433,945.9019484498908
-0.7134874103416052,-0.7006680492815622,981.3971347427604,-0.753878444077149,0.6570139203668495,770.8216499822122,0.5221045064493384,-0.8528815183513433,945.9019484498908,-90,-0.8347203213928001,0.550674118743473,945.6561427010312,0.5628456029359356,0.8265620528766628,725.0122897083835,-0.7242954643738108,-0.6894897245699357,981.4214651352358
-0.8347203213928001,0.550674118743473,945.6561427010312,0.5628456029359356,0.8265620528766628,725.0122897083835,-0.7242954643738108,-0.6894897245699357,981.4214651352358,0,-0.8423637692079808,0.538909343327543,937.004931702834,0.5732456758023495,0.8193835458281473,711.9738773546628,-0.7163192858149713,-0.6977726569374365,992.4066717003834
-0.8423637692079808,0.538909343327543,937.004931702834,0.5732456758023495,0.8193835458281473,711.9738773546628,-0.7163192858149713,-0.6977726569374365,992.4066717003834,45,-0.9906718267125804,-0.1362693353545062,940.502307641136,-0.0752835727434267,0.997162165184272,689.8614575973223,-0.1140027405729158,-0.9934804352083962,1014.5700836700744
-0.9906718267125804,-0.1362693353545062,940.502307641136,-0.0752835727434267,0.997162165184272,689.8614575973223,-0.1140027405729158,-0.9934804352083962,1014.5700836700744,0,-0.9874251476880858,-0.1580872471553664,943.830366200485,-0.0768119251941887,0.99704559983381,667.8969981682367,-0.1127193727388801,-0.9936268630674964,1036.4725100851165
-0.9874251476880858,-0.1580872471553664,943.830366200485,-0.0768119251941887,0.99704559983381,667.8969981682367,-0.1127193727388801,-0.9936268630674964,1036.4725100851165,45,-0.9028164953408918,-0.4300260175156725,963.4081651394492,-0.3358212834491865,0.9419257219030284,623.9930229236221,0.1221698561259211,-0.992509207138237,1082.6309863741014
-0.9028164953408918,-0.4300260175156725,963.4081651394492,-0.3358212834491865,0.9419257219030284,623.9930229236221,0.1221698561259211,-0.992509207138237,1082.6309863741014,-45,-0.9464862125324222,0.322744247796968,944.9096801306672,0.4974505708969367,0.8674923224526611,581.021087056778,-0.6206313974389426,-0.7841024604686464,1120.2733521800114
-0.9464862125324222,0.322744247796968,944.9096801306672,0.4974505708969367,0.8674923224526611,581.021087056778,-0.6206313974389426,-0.7841024604686464,1120.2733521800114,0,-0.9577808188477376,0.287499396603466,937.1822531782226,0.5070443694348175,0.8619199541862622,559.0071338294441,-0.6008538775901582,-0.799358879218134,1140.4355377101374
-0.9577808188477376,0.287499396603466,937.1822531782226,0.5070443694348175,0.8619199541862622,559.0071338294441,-0.6008538775901582,-0.799358879218134,1140.4355377101374,45,-0.9697608720907612,-0.2440570649699904,942.7320786911464,0.0137659404699319,0.9999052449522297,538.4658319646011,-0.1255313619105586,-0.9920896517839908,1160.9007245209773
-0.9697608720907612,-0.2440570649699904,942.7320786911464,0.0137659404699319,0.9999052449522297,538.4658319646011,-0.1255313619105586,-0.9920896517839908,1160.9007245209773,45,-0.863876039498169,-0.5037044653176681,953.5561678525132,-0.2560180885912264,0.9666719910673396,517.9204622811982,0.1330112891535325,-0.9911145226247648,1181.970187969887
-0.863876039498169,-0.5037044653176681,953.5561678525132,-0.2560180885912264,0.9666719910673396,517.9204622811982,0.1330112891535325,-0.9911145226247648,1181.970187969887,90,0.1692362305011161,-0.985575516277557,1009.872855619028,-0.9996257324574565,-0.0273568091869971,520.2994373590366,0.966838286464208,-0.2553893651406688,1191.4911936376743
0.1692362305011161,-0.985575516277557,1009.872855619028,-0.9996257324574565,-0.0273568091869971,520.2994373590366,0.966838286464208,-0.2553893651406688,1191.4911936376743,90,0.9100665545840784,-0.4144621408855874,1031.5485574896657,-0.4471721731539896,-0.8944479009739685,576.8667319745609,0.7416030486337621,0.6708389659650891,1146.6220765618505
0.9100665545840784,-0.4144621408855874,1031.5485574896657,-0.4471721731539896,-0.8944479009739685,576.8667319745609,0.7416030486337621,0.6708389659650891,1146.6220765618505,45,0.9423694170621836,0.3345741797955727,1022.943469968476,0.3052976930333716,-0.9522569603990833,596.5542244852068,0.0476874910991195,0.99886230442072,1125.3948421559194
0.9423694170621836,0.3345741797955727,1022.943469968476,0.3052976930333716,-0.9522569603990833,596.5542244852068,0.0476874910991195,0.99886230442072,1125.3948421559194,45,0.8290310673979028,0.559202547641813,984.6274426263578,0.5286212071005675,-0.8488578322684777,650.9943170050884,-0.2701076425557239,0.9628301311409968,1062.2470977945393
0.8290310673979028,0.559202547641813,984.6274426263578,0.5286212071005675,-0.8488578322684777,650.9943170050884,-0.2701076425557239,0.9628301311409968,1062.2470977945393,-90,0.7958528663989639,-0.6054900618875201,994.3074073107211,-0.6151439266850722,-0.7884148333602499,659.8198695348364,0.8263017131231786,0.5632277327064962,1056.7010420326878
0.7958528663989639,-0.6054900618875201,994.3074073107211,-0.6151439266850722,-0.7884148333602499,659.8198695348364,0.8263017131231786,0.5632277327064962,1056.7010420326878,90,0.6578692258728666,0.753132180728878,983.4222966175188,0.7372763990151855,-0.6755912310378229,664.676743601335,-0.5174353514749181,0.8557223013595169,1048.8914059541507
0.6578692258728666,0.753132180728878,983.4222966175188,0.7372763990151855,-0.6755912310378229,664.676743601335,-0.5174353514749181,0.8557223013595169,1048.8914059541507,-45,0.9951466809933062,-0.0984026590494735,988.3558342585764,-0.0587270495684514,-0.9982740774201164,721.0160990664261,0.3623628602163927,0.9320371009438384,996.3609100687192
0.9951466809933062,-0.0984026590494735,988.3558342585764,-0.0587270495684514,-0.9982740774201164,721.0160990664261,0.3623628602163927,0.9320371009438384,996.3609100687192,-90,0.0843172377178991,-0.9964389612131912,1006.261631041734,-0.9893760287909752,-0.1453790688297299,718.5283780803449,0.9785543216897644,-0.2059889305333785,1004.6090310696848
0.0843172377178991,-0.9964389612131912,1006.261631041734,-0.9893760287909752,-0.1453790688297299,718.5283780803449,0.9785543216897644,-0.2059889305333785,1004.6090310696848,-90,-0.8812027861810896,-0.4727384579518413,1035.427828650496,-0.5120225945433157,0.8589719801466934,655.0612096162318,0.1299195488109047,-0.9915245386962296,1075.618666788505
-0.8812027861810896,-0.4727384579518413,1035.427828650496,-0.5120225945433157,0.8589719801466934,655.0612096162318,0.1299195488109047,-0.9915245386962296,1075.618666788505,45,-0.6846107622849711,-0.7289088448932355,1052.900004375863,-0.767272327972861,0.6413214285575575,639.7613455146325,0.416490206180266,-0.9091402026947876,1097.106497663145
-0.6846107622849711,-0.7289088448932355,1052.900004375863,-0.767272327972861,0.6413214285575575,639.7613455146325,0.416490206180266,-0.9091402026947876,1097.106497663145,0,-0.6651752691282738,-0.7466872580539515,1098.3085612082857,-0.8076260371694751,0.5896949924205984,601.4396192664847,0.3849650758663664,-0.922931140640082,1153.8481666248008
-0.6651752691282738,-0.7466872580539515,1098.3085612082857,-0.8076260371694751,0.5896949924205984,601.4396192664847,0.3849650758663664,-0.922931140640082,1153.8481666248008,-45,-0.9841888859648518,-0.1771220955817316,1106.36653278391,-0.2435131707926259,0.969897590290089,545.827541320782,-0.3009437986350738,-0.953641877259536,1207.916133208051
-0.9841888859648518,-0.1771220955817316,1106.36653278391,-0.2435131707926259,0.969897590290089,545.827541320782,-0.3009437986350738,-0.953641877259536,1207.916133208051,-45,-0.9318458455059272,0.3628544063578998,1098.3223024881174,0.3271945475585764,0.9449569979887648,526.931988156726,-0.7571128325777579,-0.6532841332422548,1220.518332571371
-0.9318458455059272,0.3628544063578998,1098.3223024881174,0.3271945475585764,0.9449569979887648,526.931988156726,-0.7571128325777579,-0.6532841332422548,1220.518332571371,45,-0.999231326706154,0.0392014761081717,1097.1907281445874,0.0230190863086063,0.9997350257270758,504.06354155646886,-0.5123985178762065,-0.8587477853702256,1240.106759084253
-0.999231326706154,0.0392014761081717,1097.1907281445874,0.0230190863086063,0.9997350257270758,504.06354155646886,-0.5123985178762065,-0.8587477853702256,1240.106759084253,45,-0.6573904955598366,-0.7535500888113492,1112.206074680021,-0.7777758129936119,0.6285417923432985,494.3867641383009,0.3325018380667927,-0.9431026071866224,1256.2096769867442
-0.6573904955598366,-0.7535500888113492,1112.206074680021,-0.7777758129936119,0.6285417923432985,494.3867641383009,0.3325018380667927,-0.9431026071866224,1256.2096769867442,90,0.7108059667069836,-0.7033881415646346,1149.293944117595,-0.5967193643191787,-0.8024499985958722,542.1677323350934,0.9632212211154304,0.2687096559353589,1235.710138335596
0.7108059667069836,-0.7033881415646346,1149.293944117595,-0.5967193643191787,-0.8024499985958722,542.1677323350934,0.9632212211154304,0.2687096559353589,1235.710138335596,-90,-0.5930268770063742,-0.8051826644607214,1181.727122159666,-0.9004763835403682,0.4349049122349157,518.4202457927025,0.3727283868177908,-0.927940488210428,1277.5355365890086
-0.5930268770063742,-0.8051826644607214,1181.727122159666,-0.9004763835403682,0.4349049122349157,518.4202457927025,0.3727283868177908,-0.927940488210428,1277.5355365890086,0,-0.5942564962908643,-0.8042755849931701,1199.8895793491167,-0.9118897684075822,0.4104351961924879,508.7782646994661,0.3548470882053849,-0.934924352015798,1298.64450972181
-0.5942564962908643,-0.8042755849931701,1199.8895793491167,-0.9118897684075822,0.4104351961924879,508.7782646994661,0.3548470882053849,-0.934924352015798,1298.64450972181,45,-0.3502716556774164,-0.9366481555146527,1250.0422222874424,-0.9985146801042386,0.0544833333812287,503.1470138054365,0.5664399045579193,-0.8241030484863014,1342.4345695419677
-0.3502716556774164,-0.9366481555146527,1250.0422222874424,-0.9985146801042386,0.0544833333812287,503.1470138054365,0.5664399045579193,-0.8241030484863014,1342.4345695419677,-90,-0.7918192293241454,0.6107555223430374,1209.6986119380315,0.4314359130903748,0.9021435877374924,455.2082729090059,-0.9515836908062836,-0.3073897841365116,1351.4623234573726
-0.7918192293241454,0.6107555223430374,1209.6986119380315,0.4314359130903748,0.9021435877374924,455.2082729090059,-0.9515836908062836,-0.3073897841365116,1351.4623234573726,90,-0.6357187142570282,-0.7719207966776066,1255.8948117913897,-0.9266505700416728,0.3759238234555544,435.8007093667127,0.2384326216693835,-0.9711590420337262,1404.5198817690443
-0.6357187142570282,-0.7719207966776066,1255.8948117913897,-0.9266505700416728,0.3759238234555544,435.8007093667127,0.2384326216693835,-0.9711590420337262,1404.5198817690443,-45,-0.99971008964158,0.0240777214209339,1250.779399154915,-0.2591760795250982,0.965830088474158,369.7901909871732,-0.634622277192403,-0.7728224668648866,1455.004407330208
-0.99971008964158,0.0240777214209339,1250.779399154915,-0.2591760795250982,0.965830088474158,369.7901909871732,-0.634622277192403,-0.7728224668648866,1455.004407330208,-90,-0.8200747482181977,0.5722564174693541,1240.636866357767,0.3435920672294279,0.9391189974316398,354.75117218413806,-0.9557114885228666,-0.2943051999292684,1458.8333675118693
0.460278967254919,0.8877743363618623,1124.7312905456706,0.8877027181621876,-0.460417076320442,418.1305967428478,-0.5069023862770761,0.8620034633263407,1328.3265245911978,-45,0.9696250462899644,0.2445961357159683,1121.555384065883,0.2527207601962216,-0.9675392588240768,436.2589134071303,0.2982392174679203,0.9544911571953522,1311.237522162621
0.9696250462899644,0.2445961357159683,1121.555384065883,0.2527207601962216,-0.9675392588240768,436.2589134071303,0.2982392174679203,0.9544911571953522,1311.237522162621,0,0.981612050991994,0.190886828637522,1111.115143326289,0.2144984917925408,-0.9767243198665247,480.81686922257626,0.3226673896903863,0.9465124170502954,1267.4390169664969
0.981612050991994,0.190886828637522,1111.115143326289,0.2144984917925408,-0.9767243198665247,480.81686922257626,0.3226673896903863,0.9465124170502954,1267.4390169664969,45,0.5026188472623235,0.8645081227939349,1060.7971912653802,0.836911375449162,-0.5473384233212498,508.0256302555216,-0.5424834424023909,0.840066494224863,1220.227241540083
0.5026188472623235,0.8645081227939349,1060.7971912653802,0.836911375449162,-0.5473384233212498,508.0256302555216,-0.5424834424023909,0.840066494224863,1220.227241540083,45,-0.2247315930546075,0.9744207053850704,1006.5209793709467,0.9986256504056786,0.052410021482873,501.800280902522,-0.9777232960528692,0.2098979665349654,1207.573336039617
-0.2247315930546075,0.9744207053850704,1006.5209793709467,0.9986256504056786,0.052410021482873,501.800280902522,-0.9777232960528692,0.2098979665349654,1207.573336039617,-90,0.3695973314297825,0.9291920213820088,994.626574300124,0.8429264558770971,-0.538028800328083,509.63714768843136,-0.6938573117468559,0.7201125126918893,1197.345907540507
0.3695973314297825,0.9291920213820088,994.626574300124,0.8429264558770971,-0.538028800328083,509.63714768843136,-0.6938573117468559,0.7201125126918893,1197.345907540507,90,-0.3074421710506455,0.9515667666851684,975.0265017460808,0.9971596207288788,0.0753172675276947,507.02350942259073,-0.9947416749585736,0.1024158195817987,1195.6666588590651
-0.3074421710506455,0.9515667666851684,975.0265017460808,0.9971596207288788,0.0753172675276947,507.02350942259073,-0.9947416749585736,0.1024158195817987,1195.6666588590651,-90,0.2352916783992983,0.9719248047436804,952.8268917727974,0.8737105057654844,-0.4864462479195636,518.015487881791,-0.8071437461411822,0.5903549551457824,1181.7852113160875
0.2352916783992983,0.9719248047436804,952.8268917727974,0.8737105057654844,-0.4864462479195636,518.015487881791,-0.8071437461411822,0.5903549551457824,1181.7852113160875,90,-0.4813888185826068,0.8765071621747549,933.213642632945,0.9845067503528844,0.1753466809198378,512.5828155491072,-0.9934025980044152,-0.1146790228336372,1185.146245320066
-0.4813888185826068,0.8765071621747549,933.213642632945,0.9845067503528844,0.1753466809198378,512.5828155491072,-0.9934025980044152,-0.1146790228336372,1185.146245320066,90,-0.9367307773784838,0.3500506402106721,927.6330488013566,0.6651664253645039,0.746695136295803,496.3844812526879,-0.6853851617910119,-0.7281807330578778,1200.8037779872695
-0.9367307773784838,0.3500506402106721,927.6330488013566,0.6651664253645039,0.746695136295803,496.3844812526879,-0.6853851617910119,-0.7281807330578778,1200.8037779872695,-90,-0.4933138882207278,0.8698513710333204,908.5609006128868,0.9958764403367149,0.0907199844702016,494.1822640711623,-0.9921931007038944,-0.1247110697395846,1203.078763058554
-0.4933138882207278,0.8698513710333204,908.5609006128868,0.9958764403367149,0.0907199844702016,494.1822640711623,-0.9921931007038944,-0.1247110697395846,1203.078763058554,0,-0.4857275731647325,0.8741102474330681,889.1430662594462,0.9996925498262688,0.0247952782168912,492.8193505507368,-0.992507702944158,-0.1221820755942162,1205.9057808457717
-0.4857275731647325,0.8741102474330681,889.1430662594462,0.9996925498262688,0.0247952782168912,492.8193505507368,-0.992507702944158,-0.1221820755942162,1205.9057808457717,-90,0.1090934416986165,0.9940314989870042,865.4068564552803,0.8096304677557388,-0.586939950660733,506.7597332067831,-0.8901239986447564,0.4557184076122771,1194.5178387951391
0.1090934416986165,0.9940314989870042,865.4068564552803,0.8096304677557388,-0.586939950660733,506.7597332067831,-0.8901239986447564,0.4557184076122771,1194.5178387951391,-45,0.3220242852306516,0.9467314084373076,841.4359162251633,0.6460531479535422,-0.7632924275920197,525.8962645937694,-0.7865604238652294,0.6175133193777691,1178.6299169432618
0.3220242852306516,0.9467314084373076,841.4359162251633,0.6460531479535422,-0.7632924275920197,525.8962645937694,-0.7865604238652294,0.6175133193777691,1178.6299169432618,90,-0.3146308924288049,0.9492140967818872,821.8263503489529,0.9641845217858058,-0.2652323659523418,530.0570442206008,-0.9999607806660976,0.0088564738834818,1179.2956500080377
-0.3146308924288049,0.9492140967818872,821.8263503489529,0.9641845217858058,-0.2652323659523418,530.0570442206008,-0.9999607806660976,0.0088564738834818,1179.2956500080377,45,-0.5683068048417875,0.8228167326753378,801.6778917528225,0.9988814653605536,-0.0472844388689667,530.4702085181127,-0.9615156362251884,-0.2747502161863956,1185.956762333792
-0.5683068048417875,0.8228167326753378,801.6778917528225,0.9988814653605536,-0.0472844388689667,530.4702085181127,-0.9615156362251884,-0.2747502161863956,1185.956762333792,45,-0.8180924791487866,0.5750866852572681,788.4658001238926,0.971256526248948,0.2380352079395531,524.1395977838442,-0.8116907486682834,-0.5840874322619187,1199.6076683503695
-0.8180924791487866,0.5750866852572681,788.4658001238926,0.971256526248948,0.2380352079395531,524.1395977838442,-0.8116907486682834,-0.5840874322619187,1199.6076683503695,0,-0.8291803796423634,0.5589811249193896,774.0011965235777,0.9828685491620324,0.1843079354453338,518.7993178676414,-0.8059159353094122,-0.5920299867526606,1214.5433430799949
-0.8291803796423634,0.5589811249193896,774.0011965235777,0.9828685491620324,0.1843079354453338,518.7993178676414,-0.8059159353094122,-0.5920299867526606,1214.5433430799949,0,-0.8500467270692544,0.5267072828420436,760.3531139383728,0.9891346831368824,0.1470121716583334,514.4466326799894,-0.7896123038842694,-0.613606070337131,1229.957128470655
-0.8500467270692544,0.5267072828420436,760.3531139383728,0.9891346831368824,0.1470121716583334,514.4466326799894,-0.7896123038842694,-0.613606070337131,1229.957128470655,-45,-0.665605107922757,0.7463041205213429,741.9779194882958,0.9785150624235291,-0.2061753443316552,518.9929797291867,-0.9322905208425388,-0.3617103602983302,1238.4648372110448
-0.665605107922757,0.7463041205213429,741.9779194882958,0.9785150624235291,-0.2061753443316552,518.9929797291867,-0.9322905208425388,-0.3617103602983302,1238.4648372110448,-45,0.1850783224638862,0.9827237732719982,724.526212432637,0.4266964305689087,-0.904394911606513,535.4663318099304,-0.8644822689814512,0.5026633133785297,1228.6984953608362
0.1850783224638862,0.9827237732719982,724.526212432637,0.4266964305689087,-0.904394911606513,535.4663318099304,-0.8644822689814512,0.5026633133785297,1228.6984953608362,45,-0.1190139276363397,0.9928925848391518,701.1374823051793,0.6540933740846484,-0.7564138139792003,552.9261732756423,-0.9787360368837522,0.2051237921477819,1223.864538702403
-0.1190139276363397,0.9928925848391518,701.1374823051793,0.6540933740846484,-0.7564138139792003,552.9261732756423,-0.9787360368837522,0.2051237921477819,1223.864538702403,-90,0.5492790138746914,0.8356390159134784,687.277816991237,0.0278888680203807,-0.9996110298713904,570.1259911004237,-0.6337118297194729,0.7735692062599169,1209.876587808955
0.5492790138746914,0.8356390159134784,687.277816991237,0.0278888680203807,-0.9996110298713904,570.1259911004237,-0.6337118297194729,0.7735692062599169,1209.876587808955,45,0.2507965497043398,0.968039818734952,667.1693950314464,0.3436080102717035,-0.9391131642550438,589.5304450718606,-0.8606740376268533,0.5091563619901943,1199.2444461687642
0.2507965497043398,0.968039818734952,667.1693950314464,0.3436080102717035,-0.9391131642550438,589.5304450718606,-0.8606740376268533,0.5091563619901943,1199.2444461687642,-45,0.4688656989524562,0.8832694698368243,647.4820376669469,0.1269961348800123,-0.9919032118737884,611.5938890320452,-0.7389328566088799,0.6737790687041566,1184.0872050239127
0.4688656989524562,0.8832694698368243,647.4820376669469,0.1269961348800123,-0.9919032118737884,611.5938890320452,-0.7389328566088799,0.6737790687041566,1184.0872050239127,-45,0.7565120507103811,0.653979752844057,638.6668709201527,-0.2196124416505012,-0.9755871952174778,624.7789561204338,-0.4642113528206832,0.8857244604911796,1171.9712675705575
0.7565120507103811,0.653979752844057,638.6668709201527,-0.2196124416505012,-0.9755871952174778,624.7789561204338,-0.4642113528206832,0.8857244604911796,1171.9712675705575,0,0.7788244873131724,0.6272419134284428,622.1327218929836,-0.2140471867431567,-0.9768233217155188,650.0377555573003,-0.4705351159742402,0.8823812694267191,1149.048268633643
0.7788244873131724,0.6272419134284428,622.1327218929836,-0.2140471867431567,-0.9768233217155188,650.0377555573003,-0.4705351159742402,0.8823812694267191,1149.048268633643,-45,0.9438549753231928,0.330360084691924,615.9234314176872,-0.4922362224116685,-0.8704616598942715,665.9992502768591,-0.1785099071418653,0.9839381144422664,1130.8108212116376
0.9438549753231928,0.330360084691924,615.9234314176872,-0.4922362224116685,-0.8704616598942715,665.9992502768591,-0.1785099071418653,0.9839381144422664,1130.8108212116376,90,0.6325928515288055,0.7744845280537594,599.5771089543863,0.0518813973143643,-0.9986532534432104,686.2925247896118,-0.6900665166303015,0.7237459517162924,1116.4768110364407
0.6325928515288055,0.7744845280537594,599.5771089543863,0.0518813973143643,-0.9986532534432104,686.2925247896118,-0.6900665166303015,0.7237459517162924,1116.4768110364407,45,0.3828115993966836,0.9238264335725368,579.9676261365581,0.339356114568238,-0.940657975836674,705.9761577889684,-0.8835847741178223,0.468271232243832,1106.6885954804425
0.3828115993966836,0.9238264335725368,579.9676261365581,0.339356114568238,-0.940657975836674,705.9761577889684,-0.8835847741178223,0.468271232243832,1106.6885954804425,-90,0.8685065790979942,0.4956776392611426,572.1358973169808,-0.2754832057495867,-0.9613058843832856,722.0193716228858,-0.440654598932124,0.8976767371609721,1091.041944655982
0.8685065790979942,0.4956776392611426,572.1358973169808,-0.2754832057495867,-0.9613058843832856,722.0193716228858,-0.440654598932124,0.8976767371609721,1091.041944655982,-45,0.9834263873275848,0.1813078616823203,568.8573002500385,-0.5423235348424273,-0.84016973496789,736.2480207428489,-0.1510753456790379,0.9885222505983156,1074.181394387262
0.9834263873275848,0.1813078616823203,568.8573002500385,-0.5423235348424273,-0.84016973496789,736.2480207428489,-0.1510753456790379,0.9885222505983156,1074.181394387262,-45,0.9931926056035826,-0.1164836820089685,571.3721189790416,-0.719928421978485,-0.6940483176462345,753.3673860385782,0.1059515599279413,0.9943712922992276,1049.203287426512
0.9931926056035826,-0.1164836820089685,571.3721189790416,-0.719928421978485,-0.6940483176462345,753.3673860385782,0.1059515599279413,0.9943712922992276,1049.203287426512,-45,0.8867218660655436,-0.4623032903205861,581.8697691354828,-0.8935063354750469,-0.44905058564259,763.0404630383504,0.4299788127629046,0.9028389782098484,1028.6860105171936
0.8867218660655436,-0.4623032903205861,581.8697691354828,-0.8935063354750469,-0.44905058564259,763.0404630383504,0.4299788127629046,0.9028389782098484,1028.6860105171936,-45,0.7394822263651946,-0.6731760816383594,599.0732284147297,-0.962711249407078,-0.2705310523120463,769.7419340293517,0.6327872876064903,0.7743256735015448,1008.3114662658792
0.7394822263651946,-0.6731760816383594,599.0732284147297,-0.962711249407078,-0.2705310523120463,769.7419340293517,0.6327872876064903,0.7743256735015448,1008.3114662658792,0,0.7113167199994901,-0.7028716268630901,616.5841064380207,-0.9568876246440494,-0.2904583856649156,776.7808959494129,0.653569167439652,0.7568667936778837,988.9443464179228
0.7113167199994901,-0.7028716268630901,616.5841064380207,-0.9568876246440494,-0.2904583856649156,776.7808959494129,0.653569167439652,0.7568667936778837,988.9443464179228,45,0.8767049185587132,-0.4810285706431167,627.2310286588191,-0.8078493678964385,-0.5893890046389777,790.7383962552979,0.3986543261047447,0.917101263916898,967.1538260857992
0.8767049185587132,-0.4810285706431167,627.2310286588191,-0.8078493678964385,-0.5893890046389777,790.7383962552979,0.3986543261047447,0.917101263916898,967.1538260857992,90,0.9979817397297792,0.063501552468608,624.4347995987412,-0.3255043230668318,-0.9455405520995932,812.2025972317006,-0.1951070977493025,0.9807819433532838,945.3707521125878
0.9979817397297792,0.063501552468608,624.4347995987412,-0.3255043230668318,-0.9455405520995932,812.2025972317006,-0.1951070977493025,0.9807819433532838,945.3707521125878,90,0.7400978161700843,0.672499236059248,610.4735672338484,0.3454447637850521,-0.9384390844234322,829.0364384580572,-0.7878198415803204,0.615905753514577,935.154220592101
0.7400978161700843,0.672499236059248,610.4735672338484,0.3454447637850521,-0.9384390844234322,829.0364384580572,-0.7878198415803204,0.615905753514577,935.154220592101,-45,0.9290665740191956,0.3699125586408695,602.3313401067721,0.0268984609684489,-0.9996381709386296,850.7780458349991,-0.5602148572903956,0.8283473387843422,916.9235972941366
0.9290665740191956,0.3699125586408695,602.3313401067721,0.0268984609684489,-0.9996381709386296,850.7780458349991,-0.5602148572903956,0.8283473387843422,916.9235972941366,0,0.9412615707463404,0.3376783313097423,596.395930756381,0.0182929969207785,-0.9998326691320184,867.6035651279736,-0.5620093687118908,0.827130865994047,902.9810331467488
0.9412615707463404,0.3376783313097423,596.395930756381,0.0182929969207785,-0.9998326691320184,867.6035651279736,-0.5620093687118908,0.827130865994047,902.9810331467488,-90,0.9407179246119906,-0.3391898971280088,604.8728092535488,-0.5772158499333246,-0.8165916131002997,887.9114794698173,0.0559623232538185,0.9984328812574408,877.740050000158
0.9407179246119906,-0.3391898971280088,604.8728092535488,-0.5772158499333246,-0.8165916131002997,887.9114794698173,0.0559623232538185,0.9984328812574408,877.740050000158,0,0.9289884290465296,-0.3701087660373113,612.6055305339154,-0.5652370751081727,-0.8249285114015383,905.9555927531658,0.0566534215604261,0.9983939051424026,855.8270012337423
0.9289884290465296,-0.3701087660373113,612.6055305339154,-0.5652370751081727,-0.8249285114015383,905.9555927531658,0.0566534215604261,0.9983939051424026,855.8270012337423,90,0.9668334331547624,0.2554077378118672,606.1437385557983,0.0652133863652899,-0.9978713415259362,925.898305317814,-0.5864668161236827,0.8099732548583012,840.11770115288
0.9668334331547624,0.2554077378118672,606.1437385557983,0.0652133863652899,-0.9978713415259362,925.898305317814,-0.5864668161236827,0.8099732548583012,840.11770115288,45,0.8487536773069952,0.5287884220156991,596.9134174079604,0.3713987536241212,-0.9284734599364968,941.3769637513178,-0.8223245761953325,0.5690187091697133,830.6354843622141
0.8487536773069952,0.5287884220156991,596.9134174079604,0.3713987536241212,-0.9284734599364968,941.3769637513178,-0.8223245761953325,0.5690187091697133,830.6354843622141,0,0.8607076466424259,0.5090995452868298,584.0267099382528,0.3737739412144785,-0.927519833140508,964.0782944975476,-0.842942686534714,0.5380033710095494,817.200537151867
0.8607076466424259,0.5090995452868298,584.0267099382528,0.3737739412144785,-0.927519833140508,964.0782944975476,-0.842942686534714,0.5380033710095494,817.200537151867,45,0.4830491586600858,0.8755932333668318,568.0886309776055,0.7923965616187947,-0.6100063025368769,974.5229256646608,-0.9999998923433312,-0.0004640186696711,817.4650406262092
0.4830491586600858,0.8755932333668318,568.0886309776055,0.7923965616187947,-0.6100063025368769,974.5229256646608,-0.9999998923433312,-0.0004640186696711,817.4650406262092,90,-0.0292133811010969,0.9995731981023912,552.1896311054111,0.9900330884535152,-0.1408349522213651,975.8123327260882,-0.8537571505228264,-0.5206714203133718,826.3635209157832
-0.0292133811010969,0.9995731981023912,552.1896311054111,0.9900330884535152,-0.1408349522213651,975.8123327260882,-0.8537571505228264,-0.5206714203133718,826.3635209157832,0,-0.0196866920013951,0.9998061982994716,526.8849787389748,0.9842822177938226,-0.1766027059103964,979.8338740933436,-0.8457697386735794,-0.533548075757026,839.7046747641517
-0.0196866920013951,0.9998061982994716,526.8849787389748,0.9842822177938226,-0.1766027059103964,979.8338740933436,-0.8457697386735794,-0.533548075757026,839.7046747641517,0,-0.0301933764405099,0.9995440760762488,504.6845505554732,0.9818783971917456,-0.1895120395335574,983.7492442535242,-0.8288097580981384,-0.5595305039774912,851.9746566473559
-0.0301933764405099,0.9995440760762488,504.6845505554732,0.9818783971917456,-0.1895120395335574,983.7492442535242,-0.8288097580981384,-0.5595305039774912,851.9746566473559,-90,0.5340332487998647,0.8454634759563904,484.5572346015072,0.713785628609795,-0.7003642455109482,1000.3503154418756,-0.9985697814329794,-0.0534639281094434,852.734960937254
0.5340332487998647,0.8454634759563904,484.5572346015072,0.713785628609795,-0.7003642455109482,1000.3503154418756,-0.9985697814329794,-0.0534639281094434,852.734960937254,-45,0.7951723449461048,0.6063834940307272,470.53104213456527,0.4504696534306011,-0.8927917401825098,1021.0732890504188,-0.9718359201294272,0.2356585333617047,846.6190297957163
0.7951723449461048,0.6063834940307272,470.53104213456527,0.4504696534306011,-0.8927917401825098,1021.0732890504188,-0.9718359201294272,0.2356585333617047,846.6190297957163,-90,0.9982770527843676,0.0586764508483333,469.7948566615539,-0.0891118158475246,-0.996021628417956,1037.136792976534,-0.7086735171582775,0.705536566081813,834.786587904747
0.9982770527843676,0.0586764508483333,469.7948566615539,-0.0891118158475246,-0.996021628417956,1037.136792976534,-0.7086735171582775,0.705536566081813,834.786587904747,-45,0.9571341367227696,-0.2896450315816905,474.0591628395764,-0.3929870638007519,-0.9195439998636628,1051.5683952421546,-0.4579753435558811,0.8889648950857805,820.8221792033644
0.9571341367227696,-0.2896450315816905,474.0591628395764,-0.3929870638007519,-0.9195439998636628,1051.5683952421546,-0.4579753435558811,0.8889648950857805,820.8221792033644,-45,0.7986477900860112,-0.6017987266443248,489.80041705863215,-0.6403641697586043,-0.76807143553798,1071.6550790953263,-0.172626709001279,0.9849873193799948,794.5952734259184
0.7986477900860112,-0.6017987266443248,489.80041705863215,-0.6403641697586043,-0.76807143553798,1071.6550790953263,-0.172626709001279,0.9849873193799948,794.5952734259184,-90,0.2217101554899354,-0.9751126124467002,505.9744174328283,-0.981232474669514,-0.1928285006267003,1073.2792884876192,0.5101999048026822,0.8600558453608312,781.2680148940503
0.2217101554899354,-0.9751126124467002,505.9744174328283,-0.981232474669514,-0.1928285006267003,1073.2792884876192,0.5101999048026822,0.8600558453608312,781.2680148940503,45,0.5067195125359208,-0.8621109763918788,523.7998046265004,-0.8577255206795896,-0.5141078983782752,1084.1549683171495,0.2098367391558153,0.9777364383618186,760.689052982071
0.5067195125359208,-0.8621109763918788,523.7998046265004,-0.8577255206795896,-0.5141078983782752,1084.1549683171495,0.2098367391558153,0.9777364383618186,760.689052982071,90,0.9217164008664122,-0.3878645077522141,530.8882415156132,-0.3393442437268994,-0.9406622583315536,1104.1758578141164,-0.4626220982382305,0.8865555787550248,742.3239218693817
0.9217164008664122,-0.3878645077522141,530.8882415156132,-0.3393442437268994,-0.9406622583315536,1104.1758578141164,-0.4626220982382305,0.8865555787550248,742.3239218693817,-45,0.8021047490509631,-0.5971833650981008,546.3711887813998,-0.5105525838623134,-0.8598465323018495,1126.7149577113105,-0.284925992527343,0.9585495181691494,716.927357498931
0.8021047490509631,-0.5971833650981008,546.3711887813998,-0.5105525838623134,-0.8598465323018495,1126.7149577113105,-0.284925992527343,0.9585495181691494,716.927357498931,90,0.999990181589444,0.0044313344164805,545.0486581584091,0.1455457952894412,-0.9893515156270616,1148.779473946276,-0.8421744228558784,0.5392051942325558,705.2205383851795
0.999990181589444,0.0044313344164805,545.0486581584091,0.1455457952894412,-0.9893515156270616,1148.779473946276,-0.8421744228558784,0.5392051942325558,705.2205383851795,-90,0.7765447798948064,-0.6300620642588527,559.5090106914544,-0.4791901637274053,-0.8777111067924926,1167.6081590349263,-0.3476150047973358,0.9376373544392032,684.1288278131027
0.7765447798948064,-0.6300620642588527,559.5090106914544,-0.4791901637274053,-0.8777111067924926,1167.6081590349263,-0.3476150047973358,0.9376373544392032,684.1288278131027,-90,0.2559355585005681,-0.966693844965924,578.1792695389474,-0.8948133185928006,-0.4464405054079873,1175.1426754758722,0.2736696518386348,0.961823747711877,666.0135101667165
0.2559355585005681,-0.966693844965924,578.1792695389474,-0.8948133185928006,-0.4464405054079873,1175.1426754758722,0.2736696518386348,0.961823747711877,666.0135101667165,0,0.2568405295887656,-0.966453797323267,600.1586981625396,-0.8819097600304859,-0.4714182592591961,1185.688113704508,0.2720401731633229,0.962285895243856,644.0802550770785
0.2568405295887656,-0.966453797323267,600.1586981625396,-0.8819097600304859,-0.4714182592591961,1185.688113704508,0.2720401731633229,0.962285895243856,644.0802550770785,-90,-0.3976540973845318,-0.9175354046756417,618.91957637822,-0.9845561925593294,0.1750688541490942,1180.8553179895475,0.8347439211429871,0.5506383442104542,633.1231561269857
-0.3976540973845318,-0.9175354046756417,618.91957637822,-0.9845561925593294,0.1750688541490942,1180.8553179895475,0.8347439211429871,0.5506383442104542,633.1231561269857,-90,-0.862380567688717,-0.5062605618383544,626.4222871276578,-0.6818920643704854,0.7314528095158004,1168.9698378530757,0.9954881950339038,-0.0948854759599183,634.8289881615724
-0.862380567688717,-0.5062605618383544,626.4222871276578,-0.6818920643704854,0.7314528095158004,1168.9698378530757,0.9954881950339038,-0.0948854759599183,634.8289881615724,0,-0.8487410186430484,-0.5288087397847737,639.63331863783,-0.6867692320888217,0.7268755201931966,1150.2004270176758,0.9897282831352162,-0.1429612729455684,637.9661965901043
-0.8487410186430484,-0.5288087397847737,639.63331863783,-0.6867692320888217,0.7268755201931966,1150.2004270176758,0.9897282831352162,-0.1429612729455684,637.9661965901043,-90,-0.996459498781216,0.0840741773000961,637.2638578605205,-0.0892904324220776,0.9960056318504824,1132.809226893599,0.6752584846851335,-0.7375811676424076,651.1570321629596
-0.996459498781216,0.0840741773000961,637.2638578605205,-0.0892904324220776,0.9960056318504824,1132.809226893599,0.6752584846851335,-0.7375811676424076,651.1570321629596,45,-0.9638544963913528,-0.2664291834356212,643.2332123331544,-0.4040172311085415,0.9147513744003818,1111.0835816663068,0.8562878805708521,-0.5164988534231978,663.0458305791757
-0.9638544963913528,-0.2664291834356212,643.2332123331544,-0.4040172311085415,0.9147513744003818,1111.0835816663068,0.8562878805708521,-0.5164988534231978,663.0458305791757,-45,-0.9992641066560392,-0.0383568135916933,643.5932545370662,-0.1521029657935745,0.9883646532514196,1088.8910125837265,0.6736862446364533,-0.7390174854410636,679.5269157918713
-0.9992641066560392,-0.0383568135916933,643.5932545370662,-0.1521029657935745,0.9883646532514196,1088.8910125837265,0.6736862446364533,-0.7390174854410636,679.5269157918713,-45,-0.969371194170323,0.2456002604086607,637.2960397920166,0.1722704426471482,0.9850496914319375,1065.662274050549,0.3928038846593865,-0.9196222638651672,701.1992714874906
-0.969371194170323,0.2456002604086607,637.2960397920166,0.1722704426471482,0.9850496914319375,1065.662274050549,0.3928038846593865,-0.9196222638651672,701.1992714874906,45,-0.9937563066898696,-0.1115724110795754,639.739696881668,-0.1554799745568026,0.9878390443345596,1043.982030384742,0.6507455672292768,-0.7592958624485233,717.5126143603667
-0.9937563066898696,-0.1115724110795754,639.739696881668,-0.1554799745568026,0.9878390443345596,1043.982030384742,0.6507455672292768,-0.7592958624485233,717.5126143603667,-45,-0.7364030852223682,0.6765430482053434,623.2334620987956,0.6743403086547982,0.7384207121440672,1027.3291333743296,-0.1648128088485326,-0.9863248643522362,740.1985384203692
-0.7364030852223682,0.6765430482053434,623.2334620987956,0.6743403086547982,0.7384207121440672,1027.3291333743296,-0.1648128088485326,-0.9863248643522362,740.1985384203692,-45,-0.5458998528156129,0.8378504345620954,608.2715693141835,0.8522962730381487,0.5230593302535398,1018.1041115897428,-0.4088285241098024,-0.9126112194544842,756.2268429750029
-0.5458998528156129,0.8378504345620954,608.2715693141835,0.8522962730381487,0.5230593302535398,1018.1041115897428,-0.4088285241098024,-0.9126112194544842,756.2268429750029,0,-0.5749743092155943,0.8181714635344172,587.134031315721,0.8578025380629619,0.5139793825560913,1004.743654236766,-0.3867213491947828,-0.9221966157371034,779.7494794669951
-0.5749743092155943,0.8181714635344172,587.134031315721,0.8578025380629619,0.5139793825560913,1004.743654236766,-0.3867213491947828,-0.9221966157371034,779.7494794669951,45,-0.7787319707555996,0.6273567706840343,576.2798703579538,0.7075043122312304,0.7067090265266275,992.3875094839616,-0.1367545904203043,-0.9906049575885308,796.8392616957199
-0.7787319707555996,0.6273567706840343,576.2798703579538,0.7075043122312304,0.7067090265266275,992.3875094839616,-0.1367545904203043,-0.9906049575885308,796.8392616957199,0,-0.80205838728652,0.5972456306942284,561.1943076657585,0.7174974710829705,0.6965611093002121,974.9707744114436,-0.1292414483826973,-0.9916131544205848,821.3675005479886
-0.80205838728652,0.5972456306942284,561.1943076657585,0.7174974710829705,0.6965611093002121,974.9707744114436,-0.1292414483826973,-0.9916131544205848,821.3675005479886,90,-0.995138495751984,-0.0984854013165314,563.847952223168,0.0987778115865365,0.9951095135401804,954.3635120991686,0.5298299190665868,-0.8481039186691063,838.231634589306
-0.995138495751984,-0.0984854013165314,563.847952223168,0.0987778115865365,0.9951095135401804,954.3635120991686,0.5298299190665868,-0.8481039186691063,838.231634589306,-45,-0.9850048063641376,0.1725269006258089,559.4636349322446,0.4066081057702678,0.9136026753036108,934.376390332932,0.2397234281011953,-0.9708412218377478,859.5399925609047
-0.9850048063641376,0.1725269006258089,559.4636349322446,0.4066081057702678,0.9136026753036108,934.376390332932,0.2397234281011953,-0.9708412218377478,859.5399925609047,-90,-0.7559427664007756,0.6546377119646731,544.3708677151084,0.8459502176741257,0.5332618767707844,922.9580497600635,-0.3132192950657532,-0.9496808270142726,880.2158153639936
-0.7559427664007756,0.6546377119646731,544.3708677151084,0.8459502176741257,0.5332618767707844,922.9580497600635,-0.3132192950657532,-0.9496808270142726,880.2158153639936,0,-0.7768930959962465,0.6296325256793577,529.6758851666272,0.8571317765184546,0.5150971924620809,910.9432821680228,-0.305743792958735,-0.9521138235879186,901.9917423829612
-0.7768930959962465,0.6296325256793577,529.6758851666272,0.8571317765184546,0.5150971924620809,910.9432821680228,-0.305743792958735,-0.9521138235879186,901.9917423829612,90,-0.9993576661086798,0.0358365063840274,529.6137272353313,0.4185373264324474,0.908199596114631,891.7278845455603,0.2839202254126132,-0.9588479053539466,921.434392713936
-0.9993576661086798,0.0358365063840274,529.6137272353313,0.4185373264324474,0.908199596114631,891.7278845455603,0.2839202254126132,-0.9588479053539466,921.434392713936,-90,-0.836708071013047,0.5476491613265063,516.185420448602,0.8581653088854193,0.513373453370539,881.016383663607,-0.2782969396529098,-0.9604950876396112,942.4990335717592
-0.836708071013047,0.5476491613265063,516.185420448602,0.8581653088854193,0.513373453370539,881.016383663607,-0.2782969396529098,-0.9604950876396112,942.4990335717592,0,-0.8475064387808365,0.5307851130401305,502.2580849342796,0.8818928479494222,0.4714498963152471,868.3664110741789,-0.2924681737422898,-0.9562752571032306,967.171289835389
-0.8475064387808365,0.5307851130401305,502.2580849342796,0.8818928479494222,0.4714498963152471,868.3664110741789,-0.2924681737422898,-0.9562752571032306,967.171289835389,-90,-0.3467155517795536,0.937970322640434,480.3411011914866,0.9786234003185114,-0.205660497784661,873.3517352669827,-0.8129576236821171,-0.5823228503992655,980.003578306656
-0.3467155517795536,0.937970322640434,480.3411011914866,0.9786234003185114,-0.205660497784661,873.3517352669827,-0.8129576236821171,-0.5823228503992655,980.003578306656,0,-0.3687565761284534,0.9295260015524148,458.0464690295516,0.9740312597410152,-0.2264135708108741,878.4972668087477,-0.7982380145758757,-0.6023421553286503,994.1614395008688
-0.3687565761284534,0.9295260015524148,458.0464690295516,0.9740312597410152,-0.2264135708108741,878.4972668087477,-0.7982380145758757,-0.6023421553286503,994.1614395008688,-45,-0.0634028498748338,0.9979880152726032,434.53427134918826,0.8430616149805363,-0.5378169887112251,891.1277534545594,-0.9387711848108354,-0.3445412349325699,1001.8142507356192
-0.0634028498748338,0.9979880152726032,434.53427134918826,0.8430616149805363,-0.5378169887112251,891.1277534545594,-0.9387711848108354,-0.3445412349325699,1001.8142507356192,90,-0.6769175365171409,0.736058862289943,420.7287866111612,0.998315952514986,0.0580108520373237,888.6054646935837,-0.5328467937118171,-0.8462117314425724,1018.9253122203314
-0.6769175365171409,0.736058862289943,420.7287866111612,0.998315952514986,0.0580108520373237,888.6054646935837,-0.5328467937118171,-0.8462117314425724,1018.9253122203314,0,-0.7068670537576551,0.707346427369201,401.453875690147,0.9996844417369972,0.0251200507361738,887.6285339637523,-0.5237505813895563,-0.851871661985596,1041.4197685403517
-0.7068670537576551,0.707346427369201,401.453875690147,0.9996844417369972,0.0251200507361738,887.6285339637523,-0.5237505813895563,-0.851871661985596,1041.4197685403517,0,-0.7326681839617198,0.680586021168695,384.15473755445214,0.999938209414051,-0.0111165351536163,887.5226095066706,-0.520220328476884,-0.8540320894670193,1062.5776124055735
-0.7326681839617198,0.680586021168695,384.15473755445214,0.999938209414051,-0.0111165351536163,887.5226095066706,-0.520220328476884,-0.8540320894670193,1062.5776124055735,90,-0.991717518914216,0.1284381667520658,380.9486956635631,0.8641814601322079,0.5031802897210553,875.4222231173767,0.0126887725857259,-0.9999194942845488,1085.476185242113
-0.991717518914216,0.1284381667520658,380.9486956635631,0.8641814601322079,0.5031802897210553,875.4222231173767,0.0126887725857259,-0.9999194942845488,1085.476185242113,90,-0.8726508768491229,-0.4883445987563055,393.2172651145547,0.4549967345630744,0.8904931058334697,852.870715632897,0.5502336056276449,-0.8350107659413747,1105.638809731356
-0.8726508768491229,-0.4883445987563055,393.2172651145547,0.4549967345630744,0.8904931058334697,852.870715632897,0.5502336056276449,-0.8350107659413747,1105.638809731356,-45,-0.9384583923206626,-0.3453923072144444,400.7626648331903,0.647430661655162,0.7621243588475303,834.7247651317169,0.3533619529801267,-0.93548668092393,1127.6973324098094
-0.9384583923206626,-0.3453923072144444,400.7626648331903,0.647430661655162,0.7621243588475303,834.7247651317169,0.3533619529801267,-0.93548668092393,1127.6973324098094,-90,-0.983433230903326,0.1812707377241172,397.459115182694,0.9607012381669776,0.2775844573898842,831.2530229970956,-0.2034377698218785,-0.9790878784919668,1141.2791719127315
-0.983433230903326,0.1812707377241172,397.459115182694,0.9607012381669776,0.2775844573898842,831.2530229970956,-0.2034377698218785,-0.9790878784919668,1141.2791719127315,0,-0.9926082261894912,0.121362717920093,393.8795878794686,0.9682530194261008,0.2499721791964836,824.7199341280044,-0.1996408794064221,-0.9798691337468644,1165.1590491208055
-0.9926082261894912,0.121362717920093,393.8795878794686,0.9682530194261008,0.2499721791964836,824.7199341280044,-0.1996408794064221,-0.9798691337468644,1165.1590491208055,0,-0.998644755532139,0.0520447139309483,391.7306194482377,0.973734781908674,0.2276852531484346,818.7635545218778,-0.1892833905111831,-0.9819225010542284,1189.5753184280936
-0.998644755532139,0.0520447139309483,391.7306194482377,0.973734781908674,0.2276852531484346,818.7635545218778,-0.1892833905111831,-0.9819225010542284,1189.5753184280936,-45,-0.9388969467748608,0.3441983778823548,383.35900406676245,0.9885006213028656,-0.1512168035763503,821.8416672322352,-0.5095847531017368,-0.8604204666360755,1209.1460978719902
-0.9388969467748608,0.3441983778823548,383.35900406676245,0.9885006213028656,-0.1512168035763503,821.8416672322352,-0.5095847531017368,-0.8604204666360755,1209.1460978719902,0,-0.9505852445736198,0.3104636738797495,377.0849968652956,0.9827928414245736,-0.1847112093095944,825.0975547539213,-0.5124296601981085,-0.8587292025715971,1225.3923677177445
-0.9505852445736198,0.3104636738797495,377.0849968652956,0.9827928414245736,-0.1847112093095944,825.0975547539213,-0.5124296601981085,-0.8587292025715971,1225.3923677177445,90,-0.9336720776352068,-0.358129098851736,385.997307386593,0.916639679128444,0.3997145214366166,814.267131419229,0.0826993463540328,-0.9965745421756548,1249.300764952019
-0.5199745588884372,0.8541817477028967,331.4839156504128,0.3967674372021017,-0.917919168977354,870.8282875142091,-0.9829507546340416,-0.1838690130619293,1276.6262046248817,-90,0.0344129386382887,0.9994076994171484,310.6799228923556,-0.1636769261373421,-0.9865139957700708,891.2654904619611,-0.9297095798345648,0.3682934932412423,1268.1921362665832
0.8628985205480018,-0.5053772286481355,278.71853362308,-0.9855014622758402,0.1696669321116539,935.073056496122,0.4674811074745674,0.8840030622991936,1155.1585263438956,45,0.9663275886797194,-0.2573149652788175,283.0456841710539,-0.98237199147142,-0.186936541030576,938.6343586977092,0.1504636981574532,0.9886155347438068,1135.7004091431245
0.9663262209024088,-0.2573201018118655,283.0461401589677,-0.9823713874721516,-0.1869397150849434,938.6347518917516,0.150462691627581,0.9886156879334778,1135.6985152138263,90,0.939451795038819,0.3426810832222005,274.2709544096859,-0.6333084489346315,-0.7738994821732416,955.9012064187386,-0.5157296375330899,0.8567513880759037,1117.04764286614
0.939451795038819,0.3426810832222005,274.2709544096859,-0.6333084489346315,-0.7738994821732416,955.9012064187386,-0.5157296375330899,0.8567513880759037,1117.04764286614,0,0.9597689761693768,0.2807908694790236,268.67949595354315,-0.6259199324311002,-0.7798873240317777,969.8487467362372,-0.5209743521243525,0.8535723311053441,1101.676591176308
0.9597689761693768,0.2807908694790236,268.67949595354315,-0.6259199324311002,-0.7798873240317777,969.8487467362372,-0.5209743521243525,0.8535723311053441,1101.676591176308,-45,0.991193979310206,-0.1324178816444319,271.228905275673,-0.8272063017585072,-0.5618983309558887,984.100400902794,-0.2306772791142442,0.9730303144817478,1075.9982895232872
0.991193979310206,-0.1324178816444319,271.228905275673,-0.8272063017585072,-0.5618983309558887,984.100400902794,-0.2306772791142442,0.9730303144817478,1075.9982895232872,45,0.9999850852852158,0.0054616121355883,269.83227305689365,-0.6663883326762959,-0.7456048484773328,1002.2723859226344,-0.4542886558380954,0.8908545432206183,1054.2737858749265
0.9999850852852158,0.0054616121355883,269.83227305689365,-0.6663883326762959,-0.7456048484773328,1002.2723859226344,-0.4542886558380954,0.8908545432206183,1054.2737858749265,-45,0.9591600140248772,-0.2828640441904859,275.2388591018717,-0.8015054212671899,-0.5979875079625864,1014.5712934829666,-0.2561816778460336,0.9666286504837268,1033.8275434325108
0.9591600140248772,-0.2828640441904859,275.2388591018717,-0.8015054212671899,-0.5979875079625864,1014.5712934829666,-0.2561816778460336,0.9666286504837268,1033.8275434325108,-45,0.7735186501787126,-0.633773538281382,289.04892628959897,-0.9475623129846892,-0.3195710609725264,1021.3979840342206,0.0794588907545626,0.9968381436723088,1011.4294052424864
0.7735186501787126,-0.633773538281382,289.04892628959897,-0.9475623129846892,-0.3195710609725264,1021.3979840342206,0.0794588907545626,0.9968381436723088,1011.4294052424864,-45,0.5432298042542169,-0.8395840516410047,308.97009956520066,-0.9965752295950404,-0.0826910621384968,1022.8580558539536,0.3464614143142045,0.9380642240227484,989.0478463781872
0.5432298042542169,-0.8395840516410047,308.97009956520066,-0.9965752295950404,-0.0826910621384968,1022.8580558539536,0.3464614143142045,0.9380642240227484,989.0478463781872,-45,0.3231153032970715,-0.9463596043657196,332.4206533674615,-0.9936677102088334,0.112358718790906,1019.68138689752,0.5541326054260952,0.8324284086957193,968.3057217559184
0.3231153032970715,-0.9463596043657196,332.4206533674615,-0.9936677102088334,0.112358718790906,1019.68138689752,0.5541326054260952,0.8324284086957193,968.3057217559184,45,0.5655577151351983,-0.824708718791704,352.44541996651054,-0.974628416870284,-0.2238290620739946,1025.118341488128,0.27587419400079,0.9611937521043374,944.4223705818124
0.5655577151351983,-0.824708718791704,352.44541996651054,-0.974628416870284,-0.2238290620739946,1025.118341488128,0.27587419400079,0.9611937521043374,944.4223705818124,-45,0.3491921241414085,-0.9370511514520492,377.2367110505683,-0.999444266551128,-0.0333340375303923,1025.5809749426176,0.4896045910806328,0.8719445764455253,921.2156838462153
0.3491921241414085,-0.9370511514520492,377.2367110505683,-0.999444266551128,-0.0333340375303923,1025.5809749426176,0.4896045910806328,0.8719445764455253,921.2156838462153,-90,-0.3009941548756535,-0.95362598471869,395.7805283625257,-0.8070440855863927,0.5904911886895716,1013.1939925951594,0.9363578941920117,0.3510468544002377,914.8009546512948
-0.3009941548756535,-0.95362598471869,395.7805283625257,-0.8070440855863927,0.5904911886895716,1013.1939925951594,0.9363578941920117,0.3510468544002377,914.8009546512948,45,0.00516112401765,-0.9999866813107436,418.0482406856176,-0.955831847603874,0.2939140675540467,1006.8126000107168,0.7949788752189703,0.6066371138955982,900.7996067607602
0.00516112401765,-0.9999866813107436,418.0482406856176,-0.955831847603874,0.2939140675540467,1006.8126000107168,0.7949788752189703,0.6066371138955982,900.7996067607602,-90,-0.5824079727605296,-0.8128966436546348,432.3742876566089,-0.5876740204152293,0.8090977973823688,991.2857129135676,0.9997355596099844,-0.0229958877043504,901.9429719370067
-0.5824079727605296,-0.8128966436546348,432.3742876566089,-0.5876740204152293,0.8090977973823688,991.2857129135676,0.9997355596099844,-0.0229958877043504,901.9429719370067,45,-0.2775352483153818,-0.9607154552428724,456.13862570469735,-0.8276839493818209,0.5611945116763984,977.7193287747614,0.9619292495803664,0.2732985890957962,894.3647387166883
-0.2775352483153818,-0.9607154552428724,456.13862570469735,-0.8276839493818209,0.5611945116763984,977.7193287747614,0.9619292495803664,0.2732985890957962,894.3647387166883,0,-0.2691043097590517,-0.9631110374557568,473.1203817119909,-0.8351761148985678,0.5499825970909754,967.9170706167446,0.967378506677012,0.2533353998543318,889.7099390201843
-0.2691043097590517,-0.9631110374557568,473.1203817119909,-0.8351761148985678,0.5499825970909754,967.9170706167446,0.967378506677012,0.2533353998543318,889.7099390201843,0,-0.2478444457287094,-0.9687998403805756,492.66029304129023,-0.8508602154321693,0.5253921333582399,957.1472636640248,0.9700119542023544,0.2430572128214454,884.5908909431128
-0.2478444457287094,-0.9687998403805756,492.66029304129023,-0.8508602154321693,0.5253921333582399,957.1472636640248,0.9700119542023544,0.2430572128214454,884.5908909431128,0,-0.2357242462748243,-0.971819983185243,516.192599814236,-0.8627364569310977,0.5056538399755076,944.7762063594638,0.9759047669907084,0.2181968967808923,878.8735518281228
-0.2357242462748243,-0.971819983185243,516.192599814236,-0.8627364569310977,0.5056538399755076,944.7762063594638,0.9759047669907084,0.2181968967808923,878.8735518281228,-90,-0.7073589946093647,-0.7068544777712232,531.7249686866322,-0.4536089641090319,0.8912008234286652,923.8976146331368,0.9270561443199836,-0.3749225323697762,887.875082612864
-0.7073589946093647,-0.7068544777712232,531.7249686866322,-0.4536089641090319,0.8912008234286652,923.8976146331368,0.9270561443199836,-0.3749225323697762,887.875082612864,45,-0.4896391785604433,-0.8719251543674229,549.4750682395882,-0.6752616726990978,0.7375782489903132,908.8367348522504,0.9885402271337896,-0.1509576739959778,890.6009042309018
-0.4896391785604433,-0.8719251543674229,549.4750682395882,-0.6752616726990978,0.7375782489903132,908.8367348522504,0.9885402271337896,-0.1509576739959778,890.6009042309018,90,0.0633949413036508,-0.9979885176779876,572.2336899027267,-0.9748853569925916,0.2227072983119935,904.6759618005168,0.9189372281498634,0.3944038168175428,880.1877730687299
0.0633949413036508,-0.9979885176779876,572.2336899027267,-0.9748853569925916,0.2227072983119935,904.6759618005168,0.9189372281498634,0.3944038168175428,880.1877730687299,-45,-0.1699092352936362,-0.9854597159508508,664.2653535362657,-0.9247836162143191,0.380493446962713,865.0985030091429,0.9993019756392928,0.0373572146098463,871.5145781389202
-0.1699092352936362,-0.9854597159508508,664.2653535362657,-0.9247836162143191,0.380493446962713,865.0985030091429,0.9993019756392928,0.0373572146098463,871.5145781389202,-45,-0.819251459590404,-0.5734344303919958,673.4435361237199,-0.3661210378250465,0.9305672386571058,848.236969453006,0.7051030992208694,-0.7091048014709284,884.689977532706
-0.819251459590404,-0.5734344303919958,673.4435361237199,-0.3661210378250465,0.9305672386571058,848.236969453006,0.7051030992208694,-0.7091048014709284,884.689977532706,-90,-0.9892065302248356,0.1465279514650412,669.6235015927458,0.4093646214235787,0.9123708712616432,830.583237180555,-0.0030018469733774,-0.9999954944472242,904.2928474146692
-0.9892065302248356,0.1465279514650412,669.6235015927458,0.4093646214235787,0.9123708712616432,830.583237180555,-0.0030018469733774,-0.9999954944472242,904.2928474146692,45,-0.7173467411927659,-0.6967163360364955,682.6516443241751,-0.4724757867769882,0.8813436508589972,816.8094438107947,0.7729302005219597,-0.6344910599221104,913.1567595426868
-0.7173467411927659,-0.6967163360364955,682.6516443241751,-0.4724757867769882,0.8813436508589972,816.8094438107947,0.7729302005219597,-0.6344910599221104,913.1567595426868,90,0.2059727034651171,-0.9785577374009522,704.7434319401823,-0.999468755265263,0.032591521113714,818.0454124697641,0.953232717097726,0.3022373025529556,903.7157212657232
0.2059727034651171,-0.9785577374009522,704.7434319401823,-0.999468755265263,0.032591521113714,818.0454124697641,0.953232717097726,0.3022373025529556,903.7157212657232,0,0.1869873029412621,-0.9823623305780574,733.6297944451888,-0.999968472785303,0.0079406193353366,817.4182988517507,0.9652871938981988,0.2611907986437139,895.4439096323622
0.1869873029412621,-0.9823623305780574,733.6297944451888,-0.999968472785303,0.0079406193353366,817.4182988517507,0.9652871938981988,0.2611907986437139,895.4439096323622,-90,-0.4668711692745065,-0.8843253424505345,748.4242012173335,-0.7791795333891418,0.6268008094661965,806.195659234037,0.9055553181431208,-0.4242282001266667,903.0446638831348
-0.4668711692745065,-0.8843253424505345,748.4242012173335,-0.7791795333891418,0.6268008094661965,806.195659234037,0.9055553181431208,-0.4242282001266667,903.0446638831348,-90,-0.971591425654322,-0.2366645338765443,749.932222175186,-0.0270439884563214,0.999634244455628,792.2743324484345,0.2626725311999712,-0.9648850404856528,916.8800236980912
-0.971591425654322,-0.2366645338765443,749.932222175186,-0.0270439884563214,0.999634244455628,792.2743324484345,0.2626725311999712,-0.9648850404856528,916.8800236980912,-45,-0.9175277203618672,0.3976718274753129,743.8019589489796,0.6050845970872604,0.7961611836605372,780.8024655034969,-0.3833657174686901,-0.9235966255188012,930.1911169949644
-0.9175277203618672,0.3976718274753129,743.8019589489796,0.6050845970872604,0.7961611836605372,780.8024655034969,-0.3833657174686901,-0.9235966255188012,930.1911169949644,-45,-0.2057823438210446,0.978597786105976,724.2946669284953,0.9980826744095008,-0.0618948708987919,783.3313248817898,-0.9712660259658834,-0.2379964428398874,933.1371413361812
-0.2057823438210446,0.978597786105976,724.2946669284953,0.9980826744095008,-0.0618948708987919,783.3313248817898,-0.9712660259658834,-0.2379964428398874,933.1371413361812,45,-0.7586982147382124,0.6514422606440646,711.2823599792534,0.853887525892208,0.520457580524757,771.47986857575,-0.6332907521398453,-0.7739139637286234,949.7778032875144
-0.7586982147382124,0.6514422606440646,711.2823599792534,0.853887525892208,0.520457580524757,771.47986857575,-0.6332907521398453,-0.7739139637286234,949.7778032875144,0,-0.7927747781472915,0.6095146849203167,680.3983937670047,0.8818923635572495,0.4714508024167611,747.2250894079508,-0.6090866573868928,-0.7931036778336499,988.0952455308748
-0.7927747781472915,0.6095146849203167,680.3983937670047,0.8818923635572495,0.4714508024167611,747.2250894079508,-0.6090866573868928,-0.7931036778336499,988.0952455308748,-90,-0.3025610262572418,0.9531300149455816,660.5487641794654,0.98846040614617,-0.151479455641181,750.8604916088068,-0.9492649329130732,-0.3144774827257729,993.5952243539714
-0.3025610262572418,0.9531300149455816,660.5487641794654,0.98846040614617,-0.151479455641181,750.8604916088068,-0.9492649329130732,-0.3144774827257729,993.5952243539714,-45,0.5850033030846332,0.8110309090164621,646.9270053300341,0.4748318929628252,-0.8800765156651665,767.2502161780641,-0.836172671893851,0.5484662822616339,982.4074461369304
0.5850033030846332,0.8110309090164621,646.9270053300341,0.4748318929628252,-0.8800765156651665,767.2502161780641,-0.836172671893851,0.5484662822616339,982.4074461369304,90,-0.2288179322061544,0.97346923623754,628.4268610631026,0.968000292673936,-0.2509490653163991,770.6592137291451,-0.9596557841671968,-0.2811774811652646,988.8397239723048
-0.2288179322061544,0.97346923623754,628.4268610631026,0.968000292673936,-0.2509490653163991,770.6592137291451,-0.9596557841671968,-0.2811774811652646,988.8397239723048,-45,0.6462476045097194,0.7631277964177752,616.0989568509673,0.3874239862982599,-0.9219016513927968,787.7541777946024,-0.8171341383950964,0.5764475690548998,976.8795650605298
0.6462476045097194,0.7631277964177752,616.0989568509673,0.3874239862982599,-0.9219016513927968,787.7541777946024,-0.8171341383950964,0.5764475690548998,976.8795650605298,0,0.7147566422170784,0.699373249707599,562.9666166590342,0.3495793106514354,-0.9369067752794124,855.8268349803715,-0.8474227649088654,0.5309186919992683,935.9786597313638
0.7147566422170784,0.699373249707599,562.9666166590342,0.3495793106514354,-0.9369067752794124,855.8268349803715,-0.8474227649088654,0.5309186919992683,935.9786597313638,0,0.7461649871739898,0.6657610772008526,545.7512895594933,0.3285082192222012,-0.9445011116475502,879.6382836460963,-0.8529512990182206,0.5219904994376142,922.6069531798738
0.7461649871739898,0.6657610772008526,545.7512895594933,0.3285082192222012,-0.9445011116475502,879.6382836460963,-0.8529512990182206,0.5219904994376142,922.6069531798738,90,0.28195771156428,0.9594268335258476,528.537417946251,0.772333863211309,-0.6352168163210851,890.026585091305,-0.9994267949260704,-0.033853826723172,923.9572512672272
0.28195771156428,0.9594268335258476,528.537417946251,0.772333863211309,-0.6352168163210851,890.026585091305,-0.9994267949260704,-0.033853826723172,923.9572512672272,90,-0.8793007372072382,0.476266956177738,522.327438387397,0.8142752815138308,0.5804789108275784,874.9033963200395,-0.2119753832571038,-0.9772750057650118,944.389047422904
-0.8793007372072382,0.476266956177738,522.327438387397,0.8142752815138308,0.5804789108275784,874.9033963200395,-0.2119753832571038,-0.9772750057650118,944.389047422904,90,-0.9793310053552042,-0.2022641390606969,526.6337045677669,0.2862422039490984,0.9581572943303008,857.107238790322,0.42897195357514,-0.9033178084405996,960.4682705778312
-0.9793310053552042,-0.2022641390606969,526.6337045677669,0.2862422039490984,0.9581572943303008,857.107238790322,0.42897195357514,-0.9033178084405996,960.4682705778312,0,-0.9455193710166692,-0.3255658443882622,542.5075857853142,0.2892406662995611,0.95725641129145,799.007684965927,0.4219760362646416,-0.9066069847615238,1015.5215018081152
-0.9455193710166692,-0.3255658443882622,542.5075857853142,0.2892406662995611,0.95725641129145,799.007684965927,0.4219760362646416,-0.9066069847615238,1015.5215018081152,-90,-0.5739931306156435,0.8188601138204576,499.0941406567102,0.99228338742116,-0.1239906409693404,806.5899585525846,-0.7608731315937496,-0.6489006685300306,1045.081585924209
-0.5739931306156435,0.8188601138204576,499.0941406567102,0.99228338742116,-0.1239906409693404,806.5899585525846,-0.7608731315937496,-0.6489006685300306,1045.081585924209,0,-0.6266778539917818,0.7792784273391988,450.8255015436128,0.9785477917336424,-0.2060199487748999,816.6836063262504,-0.7393932306323949,-0.6732738302466463,1084.800383868871
-0.6266778539917818,0.7792784273391988,450.8255015436128,0.9785477917336424,-0.2060199487748999,816.6836063262504,-0.7393932306323949,-0.6732738302466463,1084.800383868871,-90,0.902933536158946,0.4297802104326135,446.98449346698817,-0.3729361760145634,-0.9278569979364464,832.3965505694626,-0.5262957183837731,0.8503016034389845,1065.6608923104666
0.902933536158946,0.4297802104326135,446.98449346698817,-0.3729361760145634,-0.9278569979364464,832.3965505694626,-0.5262957183837731,0.8503016034389845,1065.6608923104666,-45,0.9910462252707152,0.1335192097664854,443.4590034357743,-0.587802932705032,-0.8090041485081294,850.1065625721577,-0.2943163195299109,0.9557080642426156,1044.6639879541412
0.9910462252707152,0.1335192097664854,443.4590034357743,-0.587802932705032,-0.8090041485081294,850.1065625721577,-0.2943163195299109,0.9557080642426156,1044.6639879541412,90,0.793988508436668,0.6079327664063807,413.2305639331147,-0.0255293251950859,-0.9996740736635534,896.5975568606465,-0.8057962420080934,0.5921928878039943,1016.9089531361597
0.793988508436668,0.6079327664063807,413.2305639331147,-0.0255293251950859,-0.9996740736635534,896.5975568606465,-0.8057962420080934,0.5921928878039943,1016.9089531361597,-45,0.9357178141105996,-0.3527494469961383,427.29014491534906,-0.7916352568044649,-0.6109939608409636,919.1644836163874,-0.0113171179734309,0.9999359593697864,976.8022051274148
0.9357178141105996,-0.3527494469961383,427.29014491534906,-0.7916352568044649,-0.6109939608409636,919.1644836163874,-0.0113171179734309,0.9999359593697864,976.8022051274148,-90,0.5707485257760349,-0.8211249115235044,445.70800216717,-0.9942741365026928,-0.1068594473213502,920.666553751058,0.5446340937367605,0.8386737768283551,958.418167187919
0.5707485257760349,-0.8211249115235044,445.70800216717,-0.9942741365026928,-0.1068594473213502,920.666553751058,0.5446340937367605,0.8386737768283551,958.418167187919,90,0.9053465158507992,-0.4246736231941166,453.8139322521071,-0.7691915941037573,-0.6390182247480276,934.6231995334376,0.0067662681360874,0.999977108545746,937.061814986674
0.9053465158507992,-0.4246736231941166,453.8139322521071,-0.7691915941037573,-0.6390182247480276,934.6231995334376,0.0067662681360874,0.999977108545746,937.061814986674,0,0.8913642818187718,-0.4532876758722932,462.03351191021846,-0.7562444783359876,-0.6542891478439252,946.715462072998,0.0020129588382361,0.9999979739963054,918.3562740723722
0.8913642818187718,-0.4532876758722932,462.03351191021846,-0.7562444783359876,-0.6542891478439252,946.715462072998,0.0020129588382361,0.9999979739963054,918.3562740723722,45,0.8576505533003941,0.5142329515147079,434.4087728904424,0.2203015482916333,-0.9754318160795808,991.0046730284272,-0.907814512653476,0.4193719239717081,900.4855701032527
0.8576505533003941,0.5142329515147079,434.4087728904424,0.2203015482916333,-0.9754318160795808,991.0046730284272,-0.907814512653476,0.4193719239717081,900.4855701032527,-90,0.985800163005578,-0.1679227162065213,438.0777268867478,-0.4149959433670462,-0.9098232614023976,1010.5181318483404,-0.4699017605549288,0.8827187181811533,880.9769206933063
0.985800163005578,-0.1679227162065213,438.0777268867478,-0.4149959433670462,-0.9098232614023976,1010.5181318483404,-0.4699017605549288,0.8827187181811533,880.9769206933063,-90,0.157567166745965,-0.9875082723520088,449.72890426928313,-0.9956385918116678,0.0932941289432462,1006.1749784879617,0.6957642200460349,0.7182702486555689,875.0719326633954
0.157567166745965,-0.9875082723520088,449.72890426928313,-0.9956385918116678,0.0932941289432462,1006.1749784879617,0.6957642200460349,0.7182702486555689,875.0719326633954,-90,-0.4946554939331538,-0.869089145209942,460.9695640715231,-0.7131981700894393,0.700962459894305,996.0183427027284,0.9956258673738014,0.0934298250890241,874.5995992454433
-0.4946554939331538,-0.869089145209942,460.9695640715231,-0.7131981700894393,0.700962459894305,996.0183427027284,0.9956258673738014,0.0934298250890241,874.5995992454433,-90,-0.8450315858619903,-0.5347163910855638,472.65097457453743,-0.2632634967100228,0.9647239663758808,973.0090974735334,0.8944388270708156,-0.4471903226012204,885.4875175666001
-0.8450315858619903,-0.5347163910855638,472.65097457453743,-0.2632634967100228,0.9647239663758808,973.0090974735334,0.8944388270708156,-0.4471903226012204,885.4875175666001,-45,-0.954868281761891,0.2970295683683596,464.3241519981488,0.6097566062168497,0.7925887213270889,957.1493290645928,0.1956108881760781,-0.9806815897257202,906.592454264208
-0.954868281761891,0.2970295683683596,464.3241519981488,0.6097566062168497,0.7925887213270889,957.1493290645928,0.1956108881760781,-0.9806815897257202,906.592454264208,-45,-0.2999633215108019,0.9539507354932996,446.5818305850116,0.9971887642315502,-0.074930424330533,960.5322958696704,-0.6884424031514115,-0.7252910157606458,917.9392852518406
-0.2999633215108019,0.9539507354932996,446.5818305850116,0.9971887642315502,-0.074930424330533,960.5322958696704,-0.6884424031514115,-0.7252910157606458,917.9392852518406,-90,0.773171518528049,0.634196974872185,435.3148398014706,0.3324690817990584,-0.9431141551517986,979.6006787213756,-0.948956978043107,0.3154055386693363,909.8174156122644
0.773171518528049,0.634196974872185,435.3148398014706,0.3324690817990584,-0.9431141551517986,979.6006787213756,-0.948956978043107,0.3154055386693363,909.8174156122644,90,0.2923889459238116,0.9562994846289328,375.4120133204584,0.7924939072510417,-0.6098798299419134,1015.4179138390851,-0.9326629774519516,-0.3607489022720099,931.2290909036938
0.2923889459238116,0.9562994846289328,375.4120133204584,0.7924939072510417,-0.6098798299419134,1015.4179138390851,-0.9326629774519516,-0.3607489022720099,931.2290909036938,-90,0.7341557101153158,0.678981143556341,363.8767479748741,0.4046254484357056,-0.9144825020076678,1031.7123861410068,-0.9945558071020172,0.1042053096519336,928.4609026322915
0.7341557101153158,0.678981143556341,363.8767479748741,0.4046254484357056,-0.9144825020076678,1031.7123861410068,-0.9945558071020172,0.1042053096519336,928.4609026322915,45,0.5931940190657907,0.8050595355280095,350.74998158028467,0.583211393364667,-0.8123204236319826,1044.6349168865504,-0.9918156079985184,-0.1276785014422136,930.5057278590874
0.5931940190657907,0.8050595355280095,350.74998158028467,0.583211393364667,-0.8123204236319826,1044.6349168865504,-0.9918156079985184,-0.1276785014422136,930.5057278590874,-45,0.8023309803051246,0.5968793831609681,339.68643140339003,0.3548522294948228,-0.9349224006421888,1061.811806150021,-0.9943522193657964,0.1061304096021256,928.1645929896108
0.8023309803051246,0.5968793831609681,339.68643140339003,0.3548522294948228,-0.9349224006421888,1061.811806150021,-0.9943522193657964,0.1061304096021256,928.1645929896108,90,-0.231403590388099,0.9728578407740244,318.8764488397505,0.9962025975490756,-0.0870654043605988,1060.6971432150883,-0.5022096429491306,-0.8647459017126977,948.5294458395322
-0.231403590388099,0.9728578407740244,318.8764488397505,0.9962025975490756,-0.0870654043605988,1060.6971432150883,-0.5022096429491306,-0.8647459017126977,948.5294458395322,90,-0.9069120677404268,0.4213199513277094,311.9988908044546,0.7331641665744522,0.68005169277871,1046.6702765738646,0.3079107724969739,-0.9514152385684796,965.808939626886
-0.9069120677404268,0.4213199513277094,311.9988908044546,0.7331641665744522,0.68005169277871,1046.6702765738646,0.3079107724969739,-0.9514152385684796,965.808939626886,45,-0.8702140727830785,-0.4926737942394409,318.64999677922486,-0.1045800967138095,0.994516467119238,1036.7530373465995,0.941549429862167,-0.3368748597420533,967.3042439932744
-0.8702140727830785,-0.4926737942394409,318.64999677922486,-0.1045800967138095,0.994516467119238,1036.7530373465995,0.941549429862167,-0.3368748597420533,967.3042439932744,45,-0.2497271630921728,-0.9683162417381708,331.813866037723,-0.7901520992839345,0.6129108091698101,1029.2263704816835,0.9048117581767868,0.4258117920690216,960.7100924289804
-0.2497271630921728,-0.9683162417381708,331.813866037723,-0.7901520992839345,0.6129108091698101,1029.2263704816835,0.9048117581767868,0.4258117920690216,960.7100924289804,0,-0.2068005251861602,-0.9783831267876242,365.3225946212744,-0.819363642867587,0.5732741235628531,1008.9491752020118,0.9092943068100656,0.4161536538381011,946.0974358599752
-0.2068005251861602,-0.9783831267876242,365.3225946212744,-0.819363642867587,0.5732741235628531,1008.9491752020118,0.9092943068100656,0.4161536538381011,946.0974358599752,45,0.0066548460629842,-0.9999778562667664,381.0478961361288,-0.9286641753802864,0.3709216215930969,1003.2397814828566,0.8069188678629103,0.5906622898804689,936.5236458038686
0.0066548460629842,-0.9999778562667664,381.0478961361288,-0.9286641753802864,0.3709216215930969,1003.2397814828566,0.8069188678629103,0.5906622898804689,936.5236458038686,0,0.0028612652951095,-0.9999959065720774,445.8793021245212,-0.948923066744096,0.3155075488811319,981.1984672139728,0.8411725798191046,0.5407667620707397,899.6118007579993
0.0028612652951095,-0.9999959065720774,445.8793021245212,-0.948923066744096,0.3155075488811319,981.1984672139728,0.8411725798191046,0.5407667620707397,899.6118007579993,-90,-0.5782604558952579,-0.8158522201647848,461.5850279631695,-0.5764422057166886,0.8171379219375875,964.447581799944,0.995278131871344,-0.0970641036567468,902.014688372512
-0.5782604558952579,-0.8158522201647848,461.5850279631695,-0.5764422057166886,0.8171379219375875,964.447581799944,0.995278131871344,-0.0970641036567468,902.014688372512,-45,-0.792786699828898,-0.6094991784854222,474.86421261680687,-0.2789442269432091,0.9603073040725324,942.602323583058,0.89709255268558,-0.4418426777893575,912.0031252272
-0.792786699828898,-0.6094991784854222,474.86421261680687,-0.2789442269432091,0.9603073040725324,942.602323583058,0.89709255268558,-0.4418426777893575,912.0031252272,-45,-0.9967515029608992,-0.0805384463792838,475.04575832407977,0.322359209941012,0.946617419957084,929.1779982875724,0.4803599402491201,-0.8770714496572453,925.0000175684864
-0.9967515029608992,-0.0805384463792838,475.04575832407977,0.322359209941012,0.946617419957084,929.1779982875724,0.4803599402491201,-0.8770714496572453,925.0000175684864,90,-0.3807915346612315,-0.9246609146764796,494.8723728366739,-0.6987918441799945,0.7153250719131283,914.9327982955906,0.9999738097625186,-0.0072373882743848,923.6444908063924
-0.3807915346612315,-0.9246609146764796,494.8723728366739,-0.6987918441799945,0.7153250719131283,914.9327982955906,0.9999738097625186,-0.0072373882743848,923.6444908063924,0,-0.3351503661933621,-0.9421646522983418,541.9836842456883,-0.7365502563499541,0.6763828205024258,879.7462327219878,0.9988524286036228,-0.0478939022490798,925.0986941881011
-0.3351503661933621,-0.9421646522983418,541.9836842456883,-0.7365502563499541,0.6763828205024258,879.7462327219878,0.9988524286036228,-0.0478939022490798,925.0986941881011,-90,-0.7400677778752782,-0.6725322922735739,553.6970557321124,-0.3102420274406269,0.9506576062965726,861.6514547811139,0.8351577364727665,-0.5500105046357615,936.0403140497796
-0.7400677778752782,-0.6725322922735739,553.6970557321124,-0.3102420274406269,0.9506576062965726,861.6514547811139,0.8351577364727665,-0.5500105046357615,936.0403140497796,0,-0.6887524260144935,-0.7249966176880757,594.974881205064,-0.3317273255850422,0.9433753131496474,805.7825942926416,0.8061177684828926,-0.5917551379888151,969.7339786070096
-0.6887524260144935,-0.7249966176880757,594.974881205064,-0.3317273255850422,0.9433753131496474,805.7825942926416,0.8061177684828926,-0.5917551379888151,969.7339786070096,-45,-0.8510348429852246,-0.5251092229480587,603.2734979911598,-0.0576866773923852,0.9983347370754094,789.5678016348501,0.602048159254617,-0.7984597760301564,982.6965927378044
-0.8510348429852246,-0.5251092229480587,603.2734979911598,-0.0576866773923852,0.9983347370754094,789.5678016348501,0.602048159254617,-0.7984597760301564,982.6965927378044,90,0.1621554304692084,-0.9867652285976364,623.9000920028739,-0.9567210191525592,0.2910066863693832,785.6066679969019,0.9699550895242424,0.2432840403849349,974.7136834995158
0.1621554304692084,-0.9867652285976364,623.9000920028739,-0.9567210191525592,0.2910066863693832,785.6066679969019,0.9699550895242424,0.2432840403849349,974.7136834995158,45,0.6325517518933933,-0.7745180960936929,641.3515925332664,-0.9611872816596406,-0.2758967371603924,792.3925499681056,0.7139750537626147,0.7001711380831628,957.747704379894
0.6325517518933933,-0.7745180960936929,641.3515925332664,-0.9611872816596406,-0.2758967371603924,792.3925499681056,0.7139750537626147,0.7001711380831628,957.747704379894,-90,-0.0421391650002672,-0.9991117508933024,659.5849397098258,-0.9091451540428304,0.4164793979063528,783.7875864620556,0.9996377497160068,0.0269141104760639,957.9831171226424
-0.0421391650002672,-0.9991117508933024,659.5849397098258,-0.9091451540428304,0.4164793979063528,783.7875864620556,0.9996377497160068,0.0269141104760639,957.9831171226424,90,0.4758045560558141,-0.8795510357202302,724.701989424205,-0.9672167790161909,-0.2539521655539583,800.0941328840003,0.8507517003371542,0.5255678304210037,915.7116650318486
0.4758045560558141,-0.8795510357202302,724.701989424205,-0.9672167790161909,-0.2539521655539583,800.0941328840003,0.8507517003371542,0.5255678304210037,915.7116650318486,-45,-0.2188295178043887,-0.9757631075919496,780.3792297735375,-0.915924980060192,0.401349512148373,774.5245529109711,0.9707873145413104,-0.2399416385825329,928.6795261347908
-0.2188295178043887,-0.9757631075919496,780.3792297735375,-0.915924980060192,0.401349512148373,774.5245529109711,0.9707873145413104,-0.2399416385825329,928.6795261347908,0,-0.2036867122010414,-0.979036119493418,836.5844419791815,-0.941947545273994,0.3357600660476122,753.397202385049,0.9550706937622896,-0.2963780860934545,944.02011448995
-0.2036867122010414,-0.979036119493418,836.5844419791815,-0.941947545273994,0.3357600660476122,753.397202385049,0.9550706937622896,-0.2963780860934545,944.02011448995,-45,-0.4840274123324548,-0.8750528350395466,852.7749308583963,-0.805822284107903,0.5921574507131714,742.0360548521496,0.8092531686760377,-0.5874600488439979,955.0272847937606
-0.4840274123324548,-0.8750528350395466,852.7749308583963,-0.805822284107903,0.5921574507131714,742.0360548521496,0.8092531686760377,-0.5874600488439979,955.0272847937606,-90,-0.9193898387661732,0.3933475872221793,845.2738372187184,0.524255724639516,0.8515608816653664,736.5041343308646,-0.50218540162963,-0.8647599796418005,960.6899957251852
-0.9193898387661732,0.3933475872221793,845.2738372187184,0.524255724639516,0.8515608816653664,736.5041343308646,-0.50218540162963,-0.8647599796418005,960.6899957251852,0,-0.9445270185234956,0.3284337243328034,823.6167940184797,0.560809014178868,0.8279451972296996,685.8742095962488,-0.474268605820104,-0.8803801960138896,1013.2772490238192
-0.9445270185234956,0.3284337243328034,823.6167940184797,0.560809014178868,0.8279451972296996,685.8742095962488,-0.474268605820104,-0.8803801960138896,1013.2772490238192,-90,-0.6262634684840422,0.7796114853196668,804.899591401172,0.9334356718649006,0.3587448208547708,677.8249746341409,-0.8675665286002727,-0.4973211421732161,1024.0390189039545
-0.6262634684840422,0.7796114853196668,804.899591401172,0.9334356718649006,0.3587448208547708,677.8249746341409,-0.8675665286002727,-0.4973211421732161,1024.0390189039545,0,-0.6693137266204955,0.7429799023912993,762.0516209346636,0.9564123421491034,0.2920195743180008,658.9826165910206,-0.8385959644790617,-0.5447538970575907,1053.9101825910727
-0.6693137266204955,0.7429799023912993,762.0516209346636,0.9564123421491034,0.2920195743180008,658.9826165910206,-0.8385959644790617,-0.5447538970575907,1053.9101825910727,0,-0.7002888911444497,0.7138595582743689,719.3695336483208,0.9804399856676752,0.1968182778706503,644.8639592514087,-0.8195664535319064,-0.5729841431009531,1086.3967074422687
-0.7002888911444497,0.7138595582743689,719.3695336483208,0.9804399856676752,0.1968182778706503,644.8639592514087,-0.8195664535319064,-0.5729841431009531,1086.3967074422687,90,-0.7110177952649057,-0.7031740146056541,739.7261940715905,-0.1995842650301455,0.9798806667918174,623.1933842681904,0.5486337556799177,-0.8360627979575149,1102.4711706868532
-0.7110177952649057,-0.7031740146056541,739.7261940715905,-0.1995842650301455,0.9798806667918174,623.1933842681904,0.5486337556799177,-0.8360627979575149,1102.4711706868532,90,-0.2418765763514093,-0.9703070245095212,761.3472499341627,-0.6929728118345767,0.7209637175739707,607.1186333677401,0.8922491620215233,-0.4515433897997948,1112.1322021155186
-0.2418765763514093,-0.9703070245095212,761.3472499341627,-0.6929728118345767,0.7209637175739707,607.1186333677401,0.8922491620215233,-0.4515433897997948,1112.1322021155186,45,-0.008785114586798,-0.9999614101362596,785.9017930600298,-0.8603286199265522,0.5097398019924224,594.3428878475539,0.9677910493246548,-0.2517548109710792,1117.9349660579412
-0.008785114586798,-0.9999614101362596,785.9017930600298,-0.8603286199265522,0.5097398019924224,594.3428878475539,0.9677910493246548,-0.2517548109710792,1117.9349660579412,90,0.6054273761512199,-0.7959005542193379,799.5386018474217,-0.9858117169969473,-0.1678548737199221,598.082649676556,0.919095176585794,0.3940356029304056,1109.813991551796
0.6054273761512199,-0.7959005542193379,799.5386018474217,-0.9858117169969473,-0.1678548737199221,598.082649676556,0.919095176585794,0.3940356029304056,1109.813991551796,-90,0.0919639695216182,-0.9957623352536624,813.5027712717947,-0.9334263392878764,0.358769102799606,592.5092057233288,0.986499879263096,-0.1637619864739577,1112.4607134037992
0.0919639695216182,-0.9957623352536624,813.5027712717947,-0.9334263392878764,0.358769102799606,592.5092057233288,0.986499879263096,-0.1637619864739577,1112.4607134037992,0,0.0998211672301627,-0.9950053942430704,835.7270651908553,-0.94905791832625,0.3151016782916986,585.0726172814107,0.9849575810775824,-0.1727963063198909,1116.122738542908
0.0998211672301627,-0.9950053942430704,835.7270651908553,-0.94905791832625,0.3151016782916986,585.0726172814107,0.9849575810775824,-0.1727963063198909,1116.122738542908,-45,-0.2104356746442383,-0.9776077060032948,856.7163845917271,-0.8209077986906931,0.5710607551292599,572.5574238693617,0.8737748892117523,-0.4863305902192356,1126.393005850054
-0.2104356746442383,-0.9776077060032948,856.7163845917271,-0.8209077986906931,0.5710607551292599,572.5574238693617,0.8737748892117523,-0.4863305902192356,1126.393005850054,-90,-0.7729609627027417,-0.6344535839111091,867.9058017538999,-0.2784855456804864,0.9604404202484615,554.4712803365744,0.3604297848245573,-0.9327863475691116,1143.9822379381944
-0.7729609627027417,-0.6344535839111091,867.9058017538999,-0.2784855456804864,0.9604404202484615,554.4712803365744,0.3604297848245573,-0.9327863475691116,1143.9822379381944,45,-0.5373978039992363,-0.8433288802458969,882.8389938720933,-0.5695564953668735,0.8219521875300319,539.949450505406,0.6166346022671845,-0.7872494949422268,1157.7367097492806
-0.5373978039992363,-0.8433288802458969,882.8389938720933,-0.5695564953668735,0.8219521875300319,539.949450505406,0.6166346022671845,-0.7872494949422268,1157.7367097492806,-45,-0.7152184971751387,-0.6989009238071846,892.6872002952098,-0.3657721625939453,0.9307044241172104,526.7152148655856,0.4062980048947456,-0.9137406257896982,1170.6916748533322
-0.7152184971751387,-0.6989009238071846,892.6872002952098,-0.3657721625939453,0.9307044241172104,526.7152148655856,0.4062980048947456,-0.9137406257896982,1170.6916748533322,-90,-0.9867232451697135,-0.1624107060564338,896.3090236803655,0.2701992129599017,0.9628044377316972,504.25980003451593,-0.2122752136636289,-0.9772099230278316,1193.4280480744744
-0.9867232451697135,-0.1624107060564338,896.3090236803655,0.2701992129599017,0.9628044377316972,504.25980003451593,-0.2122752136636289,-0.9772099230278316,1193.4280480744744,45,-0.9004378913000624,-0.4349846019241337,904.9085154022644,0.0063287375332334,0.999979973340084,484.4955121025684,0.0521724226759384,-0.9986380917590332,1213.1536346430034
-0.9004378913000624,-0.4349846019241337,904.9085154022644,0.0063287375332334,0.999979973340084,484.4955121025684,0.0521724226759384,-0.9986380917590332,1213.1536346430034,-45,-0.9785552377539428,-0.205984578705117,909.4102748906292,0.2824499644073805,0.9592820323587165,462.69247678847125,-0.2094447896518461,-0.9778204743651536,1235.318941843219
-0.9785552377539428,-0.205984578705117,909.4102748906292,0.2824499644073805,0.9592820323587165,462.69247678847125,-0.2094447896518461,-0.9778204743651536,1235.318941843219,-90,-0.9533282507900668,0.3019358313376396,901.5256242737086,0.759104263095575,0.650969060516799,448.40808558956655,-0.671117085991856,-0.7413513720833055,1251.2763608500322
-0.9533282507900668,0.3019358313376396,901.5256242737086,0.759104263095575,0.650969060516799,448.40808558956655,-0.671117085991856,-0.7413513720833055,1251.2763608500322,0,-0.9599859270282316,0.2800482456787526,894.3090520399141,0.7895208097606352,0.613723790442338,432.3928313010404,-0.664206252356223,-0.7475493658153296,1270.0934613486245
-0.9599859270282316,0.2800482456787526,894.3090520399141,0.7895208097606352,0.613723790442338,432.3928313010404,-0.664206252356223,-0.7475493658153296,1270.0934613486245,0,-0.9673622797277496,0.2533973554714639,887.3466004967844,0.8191953045381285,0.5735146493531642,416.9088022735908,-0.6545222195848188,-0.7560427660322941,1289.694347282797
-0.9673622797277496,0.2533973554714639,887.3466004967844,0.8191953045381285,0.5735146493531642,416.9088022735908,-0.6545222195848188,-0.7560427660322941,1289.694347282797,-45,-0.8973044207723639,0.4414122522793998,876.8077125687079,0.944340610351058,0.3289693171737927,409.1586548271587,-0.7975186484546016,-0.603294294160939,1303.0371924162296
-0.8973044207723639,0.4414122522793998,876.8077125687079,0.944340610351058,0.3289693171737927,409.1586548271587,-0.7975186484546016,-0.603294294160939,1303.0371924162296,45,-0.9933435357720184,0.1151894957882213,873.9916114683538,0.823253274757069,0.5676742425033584,395.2983391276139,-0.562959091598596,-0.8264847616178314,1322.3836269846397
-0.9933435357720184,0.1151894957882213,873.9916114683538,0.823253274757069,0.5676742425033584,395.2983391276139,-0.562959091598596,-0.8264847616178314,1322.3836269846397,-45,-0.9194129808656472,0.3932934917027551,863.9816093899221,0.9737429004070378,0.2276505302143829,389.28352310880047,-0.7818918596764399,-0.6234140837129991,1337.184467963938
-0.9194129808656472,0.3932934917027551,863.9816093899221,0.9737429004070378,0.2276505302143829,389.28352310880047,-0.7818918596764399,-0.6234140837129991,1337.184467963938,90,-0.9825394982301312,-0.1860541169060276,868.1562056990492,0.7315284429274272,0.6818109248084646,372.7839018704671,-0.3216716123555785,-0.9468512944515428,1359.4783402076584
-0.9825394982301312,-0.1860541169060276,868.1562056990492,0.7315284429274272,0.6818109248084646,372.7839018704671,-0.3216716123555785,-0.9468512944515428,1359.4783402076584,45,-0.8545437810415576,-0.5193793664395983,875.6662152973415,0.4727089651090712,0.8812186075574613,360.1632416185333,0.0173930706935824,-0.999848729104482,1373.5582552673804
-0.8545437810415576,-0.5193793664395983,875.6662152973415,0.4727089651090712,0.8812186075574613,360.1632416185333,0.0173930706935824,-0.999848729104482,1373.5582552673804,90,-0.3352776139394516,-0.942119377569036,895.0073768567777,-0.1939273289748906,0.9810158974637794,340.1981255504651,0.6312673426962725,-0.7755653048229961,1389.0590644850383
-0.3352776139394516,-0.942119377569036,895.0073768567777,-0.1939273289748906,0.9810158974637794,340.1981255504651,0.6312673426962725,-0.7755653048229961,1389.0590644850383,90,0.1665199766925835,-0.9860380810913448,920.2512237744484,-0.6912376637478231,0.7226274920153892,321.5190116592952,0.9248008453452798,-0.3804515691236608,1398.118791397344
0.1665199766925835,-0.9860380810913448,920.2512237744484,-0.6912376637478231,0.7226274920153892,321.5190116592952,0.9248008453452798,-0.3804515691236608,1398.118791397344,-90,-0.411066492472906,-0.9116053635022242,938.6093549595432,-0.170316676533548,0.9853893797350196,301.18579185872966,0.5414986583568162,-0.840701613533463,1415.6927919635566
-0.411066492472906,-0.9116053635022242,938.6093549595432,-0.170316676533548,0.9853893797350196,301.18579185872966,0.5414986583568162,-0.840701613533463,1415.6927919635566,-90,-0.8027163882940147,-0.5963609644872915,949.0648743956444,0.3694088011332707,0.9292669894305294,284.0133373833349,0.0474637245398019,-0.9988729623194382,1434.3487636595294
-0.851792549506844,0.5238792347522763,911.7245191230352,0.9301710076854114,-0.3671265401213951,291.6739254203742,-0.9223394827679964,-0.3863804841438872,1475.9369630069334,-90,-0.4535170503522081,0.8912476002996209,893.0346809770156,0.561282688951147,-0.8276241556913199,308.7633097175246,-0.9890222712186796,0.1477665287994694,1472.6275501387715
-0.4535170503522081,0.8912476002996209,893.0346809770156,0.561282688951147,-0.8276241556913199,308.7633097175246,-0.9890222712186796,0.1477665287994694,1472.6275501387715,90,-0.8775730467911222,0.4794429554657641,884.2248250417593,0.8978461570799783,-0.4403092983536857,316.0012993962683,-0.903353200684098,-0.4288974175881636,1482.3056436579232
0.1881132881061238,0.9821473366241454,807.9157871142388,-0.0981231712750616,-0.9951742778322422,393.1780246509461,-0.7239841427199768,0.6898166141011829,1426.541327501037,90,-0.4604966909838308,0.887661420583852,790.9176835841073,0.5054852494429519,-0.8628352464958746,409.43852066708376,-0.9957762598255095,0.0918130729685002,1425.581362885349
-0.4604966909838308,0.887661420583852,790.9176835841073,0.5054852494429519,-0.8628352464958746,409.43852066708376,-0.9957762598255095,0.0918130729685002,1425.581362885349,0,-0.4714015753522494,0.8819186780851268,771.5507676647403,0.4822328778886806,-0.8760430648565176,428.4701472495488,-0.9970049176437652,0.0773381807010547,1423.7779135399066
0.3743530795051983,0.9272862405239144,680.8225502137916,-0.3166748604179491,-0.9485341495061064,519.7343714625875,-0.6374939820527618,0.7704553347511542,1363.8327408005755,45,0.0672121127345212,0.9977387092329144,658.1473762786703,-0.0035546827860211,-0.9999936820951876,542.4560303863324,-0.8542462858478679,0.5198685248359655,1351.9242171447695
0.0672121127345212,0.9977387092329144,658.1473762786703,-0.0035546827860211,-0.9999936820951876,542.4560303863324,-0.8542462858478679,0.5198685248359655,1351.9242171447695,45,-0.1665640253128199,0.9860306412437648,633.9478989300704,0.2135064517111765,-0.9769416538758612,566.3940912102199,-0.9550469313059908,0.2964546491506081,1344.456387748539
-0.1665640253128199,0.9860306412437648,633.9478989300704,0.2135064517111765,-0.9769416538758612,566.3940912102199,-0.9550469313059908,0.2964546491506081,1344.456387748539,-45,0.1418819478252709,0.9898835855196848,611.7953836442193,-0.0859554532949986,-0.9962989812545484,588.6800620442123,-0.8299166267725885,0.5578874372186634,1331.8263518373471
0.1418819478252709,0.9898835855196848,611.7953836442193,-0.0859554532949986,-0.9962989812545484,588.6800620442123,-0.8299166267725885,0.5578874372186634,1331.8263518373471,45,-0.2184472888465676,0.9758487495486092,592.0860354815732,0.2576517790107069,-0.9662378386156372,608.1583996067857,-0.9755395780539736,0.2198238650608141,1327.2159256926836
0.2180903207447935,0.975928589599379,521.2599168821874,-0.133262881592293,-0.9910807254657504,679.8359603228008,-0.8318865405843673,0.5549457483345321,1284.7942329213752,45,0.0019920614241743,0.9999980158436728,501.03261349002025,0.0814259061618398,-0.9966793977030544,699.9854282630746,-0.9373806180178118,0.3483067282791781,1277.7035962149594
0.0019920614241743,0.9999980158436728,501.03261349002025,0.0814259061618398,-0.9966793977030544,699.9854282630746,-0.9373806180178118,0.3483067282791781,1277.7035962149594,-45,0.3706958216152857,0.928754331261485,482.6020039020974,-0.2704212894889923,-0.962742087057126,719.01770087413,-0.7602830614639358,0.6495919230186172,1264.7246871040036
0.3706958216152857,0.928754331261485,482.6020039020974,-0.2704212894889923,-0.962742087057126,719.01770087413,-0.7602830614639358,0.6495919230186172,1264.7246871040036,0,0.38879562902464,0.9213240248964176,460.4837635555134,-0.2623831517286062,-0.9649637722158088,742.0599008828398,-0.7694304412189902,0.6387306131113101,1249.3417853006638
0.38879562902464,0.9213240248964176,460.4837635555134,-0.2623831517286062,-0.9649637722158088,742.0599008828398,-0.7694304412189902,0.6387306131113101,1249.3417853006638,0,0.4108053491316902,0.9117230748011098,437.4129827160255,-0.2558221265096659,-0.9667238693588116,766.3585306164015,-0.7782635668805505,0.6279377520633417,1233.4703066748425
0.4108053491316902,0.9117230748011098,437.4129827160255,-0.2558221265096659,-0.9667238693588116,766.3585306164015,-0.7782635668805505,0.6279377520633417,1233.4703066748425,-45,0.7633107408010639,0.6460315108241479,387.8551935477079,-0.5071023583417331,-0.86188583824324,827.053306118735,-0.5683772218027826,0.8227680923174832,1174.111396402373
0.7633107408010639,0.6460315108241479,387.8551935477079,-0.5071023583417331,-0.86188583824324,827.053306118735,-0.5683772218027826,0.8227680923174832,1174.111396402373,-45,0.9608842530161062,0.2769502704560507,382.4823347497372,-0.7764476713762829,-0.6301817306256566,838.5536216579176,-0.2308837067555349,0.972981353343847,1155.770191861518
0.9608842530161062,0.2769502704560507,382.4823347497372,-0.7764476713762829,-0.6301817306256566,838.5536216579176,-0.2308837067555349,0.972981353343847,1155.770191861518,-45,0.9954334443913568,-0.0954581467825531,384.0699008279873,-0.92712950402272,-0.3747410876466384,846.1181056578449,0.0898065103118072,0.9959592314475604,1134.699541165863
0.9954334443913568,-0.0954581467825531,384.0699008279873,-0.92712950402272,-0.3747410876466384,846.1181056578449,0.0898065103118072,0.9959592314475604,1134.699541165863,45,0.9799727328223096,0.1991317225475998,379.7436493673331,-0.7374632320526068,-0.6753872825057657,858.4455016102188,-0.2535180074224518,0.9673306673069708,1117.3319109534195
0.9799727328223096,0.1991317225475998,379.7436493673331,-0.7374632320526068,-0.6753872825057657,858.4455016102188,-0.2535180074224518,0.9673306673069708,1117.3319109534195,45,0.8910468581868217,0.4539113311158844,370.978225750151,-0.486206441119288,-0.8738439772717532,874.1466490130417,-0.5457036054868319,0.8379782663999539,1102.613243154974
0.8910468581868217,0.4539113311158844,370.978225750151,-0.486206441119288,-0.8738439772717532,874.1466490130417,-0.5457036054868319,0.8379782663999539,1102.613243154974,45,0.7207521100404833,0.6931928994675227,357.0485477704257,-0.1713095005852884,-0.9852172628457232,893.3488822766669,-0.7977244268966514,0.6030221710123179,1090.9817163751966
0.7207521100404833,0.6931928994675227,357.0485477704257,-0.1713095005852884,-0.9852172628457232,893.3488822766669,-0.7977244268966514,0.6030221710123179,1090.9817163751966,45,0.48755969428856,0.8730896543341043,337.3709625264896,0.1491847680309151,-0.9888093370248696,915.3633411689864,-0.9547449180888372,0.2974258586329367,1084.254456461236
0.48755969428856,0.8730896543341043,337.3709625264896,0.1491847680309151,-0.9888093370248696,915.3633411689864,-0.9547449180888372,0.2974258586329367,1084.254456461236,-45,0.7229526447212665,0.6908975853847849,320.4352387353176,-0.0942676219395767,-0.995546892644368,939.2850165010406,-0.8629219977125596,0.5053371407919323,1071.7431139145986
0.7229526447212665,0.6908975853847849,320.4352387353176,-0.0942676219395767,-0.995546892644368,939.2850165010406,-0.8629219977125596,0.5053371407919323,1071.7431139145986,-90,0.99858069909208,0.0532596226119998,319.1546595026461,-0.661219413997901,-0.7501925663136582,954.6867217481608,-0.3939875991462302,0.9191157553425952,1052.051527579448
0.99858069909208,0.0532596226119998,319.1546595026461,-0.661219413997901,-0.7501925663136582,954.6867217481608,-0.3939875991462302,0.9191157553425952,1052.051527579448,-45,0.643756379043691,-0.7652305041231404,334.73297175851974,-0.9997311888716774,0.0231851244814961,952.07088096543,0.4764075400971615,0.8792245763959123,1036.3149339762938
0.643756379043691,-0.7652305041231404,334.73297175851974,-0.9997311888716774,0.0231851244814961,952.07088096543,0.4764075400971615,0.8792245763959123,1036.3149339762938,90,0.9413723131418288,-0.3373694829856469,341.1364674370068,-0.8292846807455204,-0.5588263757919809,966.089193302254,-0.1023680340552732,0.9947465936627572,1012.5295894024036
0.9413723131418288,-0.3373694829856469,341.1364674370068,-0.8292846807455204,-0.5588263757919809,966.089193302254,-0.1023680340552732,0.9947465936627572,1012.5295894024036,-45,0.797625253292156,-0.6031533431148535,353.0850770255945,-0.9374334735124285,-0.3481644478381202,972.6257819008142,0.1570970424786919,0.9875831707985144,992.7640765147428
0.797625253292156,-0.6031533431148535,353.0850770255945,-0.9374334735124285,-0.3481644478381202,972.6257819008142,0.1570970424786919,0.9875831707985144,992.7640765147428,90,0.9999997678270984,0.0006814291962139,351.5510026068053,-0.506240404139521,-0.8623924009502023,982.9264201525208,-0.5045389175557801,0.8633889509784346,983.7832014391432
0.9999997678270984,0.0006814291962139,351.5510026068053,-0.506240404139521,-0.8623924009502023,982.9264201525208,-0.5045389175557801,0.8633889509784346,983.7832014391432,0,0.9976710667260886,-0.0682088162749394,352.2739700190889,-0.4954260106662277,-0.868650141285516,1004.0720641233924,-0.5158577080050559,0.8566742817966292,962.873278242267
0.9976710667260886,-0.0682088162749394,352.2739700190889,-0.4954260106662277,-0.868650141285516,1004.0720641233924,-0.5158577080050559,0.8566742817966292,962.873278242267,45,0.9930959311429204,0.1173050363257104,347.8400999246924,-0.2475024558398956,-0.9688872660703208,1030.2353979142922,-0.7342593177950685,0.6788690994817195,944.5528969388744
0.9930959311429204,0.1173050363257104,347.8400999246924,-0.2475024558398956,-0.9688872660703208,1030.2353979142922,-0.7342593177950685,0.6788690994817195,944.5528969388744,90,0.8070191407582638,0.5905252801106772,334.3424527112583,0.2996279703090121,-0.954056119632646,1049.966092635843,-0.9867754337698428,0.1620933166677097,941.7983625410378
0.8070191407582638,0.5905252801106772,334.3424527112583,0.2996279703090121,-0.954056119632646,1049.966092635843,-0.9867754337698428,0.1620933166677097,941.7983625410378,0,0.8377797401552649,0.546008339666508,321.79425648393726,0.2946038767188398,-0.955619461826846,1070.9482636925325,-0.9903920761260812,0.1382878720158444,938.5461222050038
0.8377797401552649,0.546008339666508,321.79425648393726,0.2946038767188398,-0.955619461826846,1070.9482636925325,-0.9903920761260812,0.1382878720158444,938.5461222050038,0,0.8663384594283542,0.499457379278058,308.65296806313074,0.29995828282031,-0.9539523198606368,1094.6996732867783,-0.9950279304974806,0.0995962726707219,935.7047476069469
0.8663384594283542,0.499457379278058,308.65296806313074,0.29995828282031,-0.9539523198606368,1094.6996732867783,-0.9950279304974806,0.0995962726707219,935.7047476069469,0,0.8909272140503485,0.4541461210496954,299.59041520115426,0.297992317245436,-0.9545682683091322,1112.7521273313298,-0.9970759148321982,0.0764174067967184,934.0737534479812
0.8909272140503485,0.4541461210496954,299.59041520115426,0.297992317245436,-0.9545682683091322,1112.7521273313298,-0.9970759148321982,0.0764174067967184,934.0737534479812,0,0.921664846738448,0.3879869975741364,288.8005821297804,0.2966210954453558,-0.9549952490650396,1137.012830287548,-0.9990347802389252,0.0439261638771511,932.6155565068062
0.921664846738448,0.3879869975741364,288.8005821297804,0.2966210954453558,-0.9549952490650396,1137.012830287548,-0.9990347802389252,0.0439261638771511,932.6155565068062,-90,0.9509734118836636,-0.3092726465278561,294.905961566005,-0.3398961846259148,-0.9404629624162484,1153.690637115154,-0.7751663896793691,0.6317571276301143,920.2530555054788
0.9509734118836636,-0.3092726465278561,294.905961566005,-0.3398961846259148,-0.9404629624162484,1153.690637115154,-0.7751663896793691,0.6317571276301143,920.2530555054788,45,0.9989483373207062,-0.045849965803657,294.7605901242736,-0.0048071763589998,-0.9999884454609732,1175.3972798549478,-0.9495184415224864,0.3137112194498441,913.5350050711852
0.9989483373207062,-0.045849965803657,294.7605901242736,-0.0048071763589998,-0.9999884454609732,1175.3972798549478,-0.9495184415224864,0.3137112194498441,913.5350050711852,-45,0.9304474118584276,-0.3664254545824475,302.371822580511,-0.2543328406481392,-0.9671167489852754,1197.4246360797242,-0.8497915877578632,0.5271188266187897,901.2934700144344
0.9304474118584276,-0.3664254545824475,302.371822580511,-0.2543328406481392,-0.9671167489852754,1197.4246360797242,-0.8497915877578632,0.5271188266187897,901.2934700144344,0,0.8965641803035096,-0.4429138410534219,312.53162825115794,-0.2580742598168671,-0.9661250832164416,1221.635894469919,-0.8574539042766965,0.5145607855643974,888.2388072232152
-0.2067946209955498,-0.978384374735874,396.0444206699673,-0.9982159928788849,-0.0597062104041295,1242.4962869738524,0.2874963252658377,0.9577817407732514,804.876626038929,-90,-0.7248573695099068,-0.6888989721774728,410.08394381654347,-0.8427283907516675,0.5383389818888327,1230.460060699302,0.8169595221213767,0.5766950140370661,792.7671290966408
-0.7248573695099068,-0.6888989721774728,410.08394381654347,-0.8427283907516675,0.5383389818888327,1230.460060699302,0.8169595221213767,0.5766950140370661,792.7671290966408,-45,-0.8437673129528548,-0.536709159221565,422.589089397372,-0.6985191055163769,0.7155914052227016,1213.2428027718524,0.9415902928611498,0.3367606277308174,784.2335484265514
-0.8437673129528548,-0.536709159221565,422.589089397372,-0.6985191055163769,0.7155914052227016,1213.2428027718524,0.9415902928611498,0.3367606277308174,784.2335484265514,-90,-0.9917126063405992,-0.1284760928154958,424.0836224576587,-0.2829792716539542,0.9591260249905628,1191.3032018914455,0.9845864025672204,-0.1748988732946543,788.6818616126593
-0.9917126063405992,-0.1284760928154958,424.0836224576587,-0.2829792716539542,0.9591260249905628,1191.3032018914455,0.9845864025672204,-0.1748988732946543,788.6818616126593,90,-0.7499702937983782,-0.6614715099080037,439.1718329047299,-0.7558926291469373,0.6546956034687652,1177.0709319394905,0.9382269906575488,0.3460203953550709,779.9359837941189
-0.7499702937983782,-0.6614715099080037,439.1718329047299,-0.7558926291469373,0.6546956034687652,1177.0709319394905,0.9382269906575488,0.3460203953550709,779.9359837941189,90,-0.2443233193267748,-0.9696938257167296,500.89972773761815,-0.9958153315714616,0.0913883220505758,1170.6877881175749,0.6446914355414322,0.7644429036491394,729.5351788965492
-0.2443233193267748,-0.9696938257167296,500.89972773761815,-0.9958153315714616,0.0913883220505758,1170.6877881175749,0.6446914355414322,0.7644429036491394,729.5351788965492,45,0.0765999730638821,-0.9970619058647324,516.800411333892,-0.969459444855521,-0.2452516764069613,1174.5779604414854,0.3733167723036675,0.9277039331148552,714.6790784365246
0.0765999730638821,-0.9970619058647324,516.800411333892,-0.969459444855521,-0.2452516764069613,1174.5779604414854,0.3733167723036675,0.9277039331148552,714.6790784365246,45,0.3679817337641471,-0.9298330192114778,537.4749542207246,-0.8364594835704967,-0.5480287696325604,1186.8180848026248,0.0680760344143359,0.9976801358844518,692.3504072466268
0.3679817337641471,-0.9298330192114778,537.4749542207246,-0.8364594835704967,-0.5480287696325604,1186.8180848026248,0.0680760344143359,0.9976801358844518,692.3504072466268,-90,-0.1672507344480878,-0.985914393761738,560.4002956371647,-0.9989107593914716,-0.0466614913172884,1187.2118982516229,0.5986872205782164,0.8009829036354834,673.7780015333103
-0.1672507344480878,-0.985914393761738,560.4002956371647,-0.9989107593914716,-0.0466614913172884,1187.2118982516229,0.5986872205782164,0.8009829036354834,673.7780015333103,-45,-0.4538065894777167,-0.8911002072419257,580.5211712783286,-0.9673306987077692,0.2535178876086247,1181.1870090304762,0.836919857185342,0.5473254540480158,661.1269093769837
-0.4538065894777167,-0.8911002072419257,580.5211712783286,-0.9673306987077692,0.2535178876086247,1181.1870090304762,0.836919857185342,0.5473254540480158,661.1269093769837,-45,-0.6796183682716764,-0.7335658617382246,598.9461841046175,-0.8553489686570733,0.518052257805408,1167.3628276819004,0.9726688605017138,0.2321966576208573,654.9676048885796
-0.6796183682716764,-0.7335658617382246,598.9461841046175,-0.8553489686570733,0.518052257805408,1167.3628276819004,0.9726688605017138,0.2321966576208573,654.9676048885796,90,-0.1689539304448251,-0.9856239492764192,621.797489706101,-0.998851048397761,-0.0479226785008289,1169.3914478072809,0.7083826016750352,0.705828654592677,637.738696806779
-0.1689539304448251,-0.9856239492764192,621.797489706101,-0.998851048397761,-0.0479226785008289,1169.3914478072809,0.7083826016750352,0.705828654592677,637.738696806779,90,0.4737095798867223,-0.8806811193181928,636.7688069557911,-0.7407741646336533,-0.6717541492326735,1181.8621381159064,0.1104793889363667,0.9938784154111844,620.1424106702441
0.4737095798867223,-0.8806811193181928,636.7688069557911,-0.7407741646336533,-0.6717541492326735,1181.8621381159064,0.1104793889363667,0.9938784154111844,620.1424106702441,45,0.6334422810674817,-0.7737899434316948,650.5987922320118,-0.5766333347051722,-0.8170030583215664,1196.8321805724277,-0.1034327920116666,0.9946364449067164,602.0524532412043
0.6334422810674817,-0.7737899434316948,650.5987922320118,-0.5766333347051722,-0.8170030583215664,1196.8321805724277,-0.1034327920116666,0.9946364449067164,602.0524532412043,90,0.9499090040995194,-0.3125266131558388,657.5674854887831,-0.0106000338070511,-0.9999438180634396,1222.1811805015004,-0.6719014795203259,0.7406405348199605,583.3830010996558
0.9499090040995194,-0.3125266131558388,657.5674854887831,-0.0106000338070511,-0.9999438180634396,1222.1811805015004,-0.6719014795203259,0.7406405348199605,583.3830010996558,-45,0.7877909191517116,-0.6159427470975702,671.9690277699225,-0.3158978780836449,-0.9487931969730024,1244.9315701202436,-0.4236183946540038,0.9058407452255416,561.6306101718948
0.7877909191517116,-0.6159427470975702,671.9690277699225,-0.3158978780836449,-0.9487931969730024,1244.9315701202436,-0.4236183946540038,0.9058407452255416,561.6306101718948,-45,0.6250220051263178,-0.7806071310895624,690.2420096385616,-0.4990295460875418,-0.8665849710972733,1264.986684463469,-0.2338367825278627,0.9722758657587964,538.8124496240599
0.6250220051263178,-0.7806071310895624,690.2420096385616,-0.4990295460875418,-0.8665849710972733,1264.986684463469,-0.2338367825278627,0.9722758657587964,538.8124496240599,90,0.941606750418963,-0.3367146084823774,697.2203365070875,0.0610375425576446,-0.9981354709650008,1288.8823210980345,-0.7551595163375336,0.6555410779538245,523.3430897977505
0.941606750418963,-0.3367146084823774,697.2203365070875,0.0610375425576446,-0.9981354709650008,1288.8823210980345,-0.7551595163375336,0.6555410779538245,523.3430897977505,0,0.9334555407680248,-0.3586931187093981,703.3916304427405,0.0606629485503609,-0.99815830742081,1306.7093731112886,-0.77252688348382,0.6349820582463542,511.84790101835614
0.9334555407680248,-0.3586931187093981,703.3916304427405,0.0606629485503609,-0.99815830742081,1306.7093731112886,-0.77252688348382,0.6349820582463542,511.84790101835614,-45,0.7569660771069784,-0.6534541744524034,719.6105355324504,-0.2496202041719792,-0.9683438199674428,1331.381373930588,-0.5590146230039016,0.8291577963619505,490.6520180833867
0.7569660771069784,-0.6534541744524034,719.6105355324504,-0.2496202041719792,-0.9683438199674428,1331.381373930588,-0.5590146230039016,0.8291577963619505,490.6520180833867,45,0.91318774225597,-0.4075391360267675,727.4503412737463,0.0654424184506844,-0.9978563473102356,1352.1902525233977,-0.811927359500084,0.5837584799343144,478.5260693204604
0.91318774225597,-0.4075391360267675,727.4503412737463,0.0654424184506844,-0.9978563473102356,1352.1902525233977,-0.811927359500084,0.5837584799343144,478.5260693204604,45,0.9895897842747956,-0.1439168470296774,730.3068233444968,0.3585063591978314,-0.9335272842368966,1374.1926124905235,-0.9643091865841644,0.2647787617415474,471.88046815219
0.9895897842747956,-0.1439168470296774,730.3068233444968,0.3585063591978314,-0.9335272842368966,1374.1926124905235,-0.9643091865841644,0.2647787617415474,471.88046815219,45,0.99138429832206,0.1309853924698339,726.7872062549051,0.6160581167037663,-0.7877007025789736,1392.5507686170045,-0.99602603148011,-0.0890625881837212,473.46784809088143
-0.3483526842763693,-0.937363540659358,862.4429438111255,-0.9651063111824052,-0.2618583741565099,1475.2130664177294,0.3604842472622354,0.9327653013892506,337.57747455895213,90,0.1706659647199561,-0.985328944305508,883.4812787198152,-0.6915587790141817,-0.7223201888140841,1491.2587333686934,-0.1765004843453615,0.9843005531979816,316.5228109448038
-0.9625283441326832,-0.2711810958403907,961.2444991415036,-0.7816462254148538,0.6237220360823493,1471.8175250790432,0.9903564313664954,-0.1385429133915557,255.91925900525737,45,-0.8509498827856082,-0.5252468914588257,971.5922441959384,-0.9210763861668224,0.3893819344112754,1464.3480627848353,0.9989432674412928,0.0459602919237193,254.0086002120794
-0.8509498827856082,-0.5252468914588257,971.5922441959384,-0.9210763861668224,0.3893819344112754,1464.3480627848353,0.9989432674412928,0.0459602919237193,254.0086002120794,45,-0.6255711217548252,-0.7801671433907029,989.6903622817896,-0.9983868923484556,0.056776871935614,1463.2810438167578,0.9591023478982794,0.2830595100963891,246.1496560904768
-0.6255711217548252,-0.7801671433907029,989.6903622817896,-0.9983868923484556,0.056776871935614,1463.2810438167578,0.9591023478982794,0.2830595100963891,246.1496560904768,0,-0.6176168056192314,-0.7864791678211805,1002.1504724784648,-0.998956679528435,0.0456678489259523,1462.5174903189395,0.9749214869357395,0.2225490829255574,242.0866982897037
-0.6176168056192314,-0.7864791678211805,1002.1504724784648,-0.998956679528435,0.0456678489259523,1462.5174903189395,0.9749214869357395,0.2225490829255574,242.0866982897037,-45,-0.8278113857610339,-0.5610065147611004,1010.0258280395112,-0.9366180629625986,0.3503521144965298,1457.2934135948396,0.9879212821958896,-0.1549565751571375,244.03363150783127
-0.8278113857610339,-0.5610065147611004,1010.0258280395112,-0.9366180629625986,0.3503521144965298,1457.2934135948396,0.9879212821958896,-0.1549565751571375,244.03363150783127,-90,-0.9963663798759262,-0.0851706349215588,1011.1150983634702,-0.6367767789910601,0.7710482045486978,1440.2173385078274,0.7312125104872396,-0.6821497375994133,258.68432913218766
-0.9963663798759262,-0.0851706349215588,1011.1150983634702,-0.6367767789910601,0.7710482045486978,1440.2173385078274,0.7312125104872396,-0.6821497375994133,258.68432913218766,90,-0.7844134190616314,-0.6202383316081338,1021.3732838000512,-0.9559187239267544,0.2936313900901016,1436.013964020023,0.9715061775798992,-0.2370142335896585,261.42368840734383
-0.7844134190616314,-0.6202383316081338,1021.3732838000512,-0.9559187239267544,0.2936313900901016,1436.013964020023,0.9715061775798992,-0.2370142335896585,261.42368840734383,-45,-0.9027248764763736,-0.430218313639385,1028.831004110782,-0.8640273262600281,0.5034449120568674,1426.6718596157984,0.8584426134387148,-0.512909621115172,270.3981416718687
-0.9027248764763736,-0.430218313639385,1028.831004110782,-0.8640273262600281,0.5034449120568674,1426.6718596157984,0.8584426134387148,-0.512909621115172,270.3981416718687,-45,-0.9899860586374648,-0.141165164624486,1031.6267942328805,-0.665664920194603,0.7462507715388392,1409.004330220177,0.6089476485523474,-0.7932104142802002,288.70164976877084
-0.9899860586374648,-0.141165164624486,1031.6267942328805,-0.665664920194603,0.7462507715388392,1409.004330220177,0.6089476485523474,-0.7932104142802002,288.70164976877084,-45,-0.9960589009422304,0.0886942267216754,1029.6944765030546,-0.4670309813762159,0.8842409527016766,1392.2623585161311,0.3727970387854841,-0.9279129096379544,306.1480604885486
-0.9960589009422304,0.0886942267216754,1029.6944765030546,-0.4670309813762159,0.8842409527016766,1392.2623585161311,0.3727970387854841,-0.9279129096379544,306.1480604885486,90,-0.8237420431115083,-0.5669647664630297,1037.7937993837552,-0.9232688049104564,0.3841545442646979,1388.005262972504,0.8550380517256708,-0.5185652611785416,311.9471269932936
-0.8237420431115083,-0.5669647664630297,1037.7937993837552,-0.9232688049104564,0.3841545442646979,1388.005262972504,0.8550380517256708,-0.5185652611785416,311.9471269932936,45,-0.5900646932656055,-0.8073559671925185,1052.409560616802,-0.998520851313849,0.0543701157941206,1387.364682870964,0.9628032805684026,-0.2702033362612716,315.85953092735707
-0.5900646932656055,-0.8073559671925185,1052.409560616802,-0.998520851313849,0.0543701157941206,1387.364682870964,0.9628032805684026,-0.2702033362612716,315.85953092735707,-45,-0.8106807622747922,-0.585488430011697,1065.6766831291563,-0.9320160008811434,0.3624171272187896,1378.8434258338254,0.7882548402976807,-0.6153489308898472,329.5054369280726
-0.8106807622747922,-0.585488430011697,1065.6766831291563,-0.9320160008811434,0.3624171272187896,1378.8434258338254,0.7882548402976807,-0.6153489308898472,329.5054369280726,-90,-0.9982549851308188,-0.059050695689964,1065.7799992674895,-0.5823946397521904,0.8129061960570336,1360.459263204382,0.2993133165194448,-0.954154881847874,350.6045733281441
-0.9982549851308188,-0.059050695689964,1065.7799992674895,-0.5823946397521904,0.8129061960570336,1360.459263204382,0.2993133165194448,-0.954154881847874,350.6045733281441,-90,-0.8561303659346108,0.5167599022028214,1053.574803469597,-0.0014572529098901,0.9999989382064146,1338.1182707466482,-0.291405323193519,-0.956599674688676,371.7356406184373
-0.8561303659346108,0.5167599022028214,1053.574803469597,-0.0014572529098901,0.9999989382064146,1338.1182707466482,-0.291405323193519,-0.956599674688676,371.7356406184373,0,-0.8642855455489554,0.5030014868319422,1044.584718026283,-0.0029551472419888,0.999995633542856,1320.384532298849,-0.2774715062485488,-0.96073386701009,388.7547724903837
-0.8642855455489554,0.5030014868319422,1044.584718026283,-0.0029551472419888,0.999995633542856,1320.384532298849,-0.2774715062485488,-0.96073386701009,388.7547724903837,0,-0.8914800037132399,0.4530600434594092,1031.7427171659851,-0.0374792527496024,0.9992974059874924,1293.478903741785,-0.2281800672576909,-0.9736189485143948,414.8008611671991
-0.8914800037132399,0.4530600434594092,1031.7427171659851,-0.0374792527496024,0.9992974059874924,1293.478903741785,-0.2281800672576909,-0.9736189485143948,414.8008611671991,0,-0.8998116299158184,0.4362786158732035,1022.171799829559,-0.0379736196743051,0.9992787419978628,1271.821303629877,-0.2174789816524142,-0.9760650042591572,435.9491580067565
-0.8998116299158184,0.4362786158732035,1022.171799829559,-0.0379736196743051,0.9992787419978628,1271.821303629877,-0.2174789816524142,-0.9760650042591572,435.9491580067565,-45,-0.7104614464669005,0.7037361246121727,1006.7962203113996,0.3064692914901999,0.951880545747992,1251.187303817186,-0.5123825127655796,-0.8587573351139604,454.4025409626579
-0.7104614464669005,0.7037361246121727,1006.7962203113996,0.3064692914901999,0.951880545747992,1251.187303817186,-0.5123825127655796,-0.8587573351139604,454.4025409626579,-90,-0.1431186013473728,0.9897055450730644,988.5267070663544,0.8261295835572923,0.5634801781531049,1241.5715567712762,-0.9121459600246972,-0.409865523813145,460.7003479306804
-0.1431186013473728,0.9897055450730644,988.5267070663544,0.8261295835572923,0.5634801781531049,1241.5715567712762,-0.9121459600246972,-0.409865523813145,460.7003479306804,90,-0.7427244788145589,0.6695971539438036,980.4400548540486,0.2874626424474364,0.9577918506633564,1228.5867251285968,-0.4396404669135755,-0.8981738472322679,473.0373147672496
-0.7427244788145589,0.6695971539438036,980.4400548540486,0.2874626424474364,0.9577918506633564,1228.5867251285968,-0.4396404669135755,-0.8981738472322679,473.0373147672496,0,-0.7593174288119721,0.6507204025557949,963.9802801450504,0.2876000925280175,0.9577505869368474,1204.5439221998215,-0.4147137528644278,-0.9099519235570098,495.75403226653634
-0.7593174288119721,0.6507204025557949,963.9802801450504,0.2876000925280175,0.9577505869368474,1204.5439221998215,-0.4147137528644278,-0.9099519235570098,495.75403226653634,45,-0.8957403823354515,0.4445775156860041,953.7350359797264,0.0666066053483426,0.997779314339584,1181.313895141867,-0.1920782167911549,-0.98137962004228,518.6302332637869
-0.8957403823354515,0.4445775156860041,953.7350359797264,0.0666066053483426,0.997779314339584,1181.313895141867,-0.1920782167911549,-0.98137962004228,518.6302332637869,-45,-0.7424036209383464,0.6699528816399196,937.1774395302632,0.3581534546102836,0.9336627351194432,1158.7799243879313,-0.4475970858138743,-0.894235343056249,540.0370664727561
-0.7424036209383464,0.6699528816399196,937.1774395302632,0.3581534546102836,0.9336627351194432,1158.7799243879313,-0.4475970858138743,-0.894235343056249,540.0370664727561,90,-0.6828966725716,-0.7305149790323515,980.6899900899622,-0.9310816217518902,0.3648109286135352,1142.8650911908414,0.8213253445194726,-0.5704600585930357,564.4882077268311
-0.6828966725716,-0.7305149790323515,980.6899900899622,-0.9310816217518902,0.3648109286135352,1142.8650911908414,0.8213253445194726,-0.5704600585930357,564.4882077268311,-45,-0.9999610325938932,0.0088279835610839,976.2424430950427,-0.318647366914489,0.9478733330769796,1086.6067787843854,0.0724629540040284,-0.9973711046030008,622.979508250615
-0.9999610325938932,0.0088279835610839,976.2424430950427,-0.318647366914489,0.9478733330769796,1086.6067787843854,0.0724629540040284,-0.9973711046030008,622.979508250615,90,-0.1951095301311989,-0.980781459476056,1021.6310226732236,-0.9850357780375232,-0.1723499811024407,1098.7408513786756,0.9816827729125588,-0.1905227896255709,624.7424001045046
-0.1951095301311989,-0.980781459476056,1021.6310226732236,-0.9850357780375232,-0.1723499811024407,1098.7408513786756,0.9816827729125588,-0.1905227896255709,624.7424001045046,0,-0.1912843835027085,-0.9815346578842687,1041.1847026355422,-0.9817761145574084,-0.1900412083853359,1102.374176494652,0.975321437265864,-0.2207897053978044,628.8183084184672
-0.1912843835027085,-0.9815346578842687,1041.1847026355422,-0.9817761145574084,-0.1900412083853359,1102.374176494652,0.975321437265864,-0.2207897053978044,628.8183084184672,-45,-0.4852812570765361,-0.8743581082887131,1060.2793917687272,-0.9935633457170956,0.1132778797799947,1099.6113261555022,0.8384761316750512,-0.5449383236763976,640.557061165875
-0.4852812570765361,-0.8743581082887131,1060.2793917687272,-0.9935633457170956,0.1132778797799947,1099.6113261555022,0.8384761316750512,-0.5449383236763976,640.557061165875,90,0.0978222296790417,-0.9952039044239228,1077.496130256846,-0.874159276829667,-0.4856393298865255,1108.862562592172,0.9999929681006644,0.0037501665594669,639.2286529235672
0.0978222296790417,-0.9952039044239228,1077.496130256846,-0.874159276829667,-0.4856393298865255,1108.862562592172,0.9999929681006644,0.0037501665594669,639.2286529235672,0,0.0986697283630531,-0.9951202363055236,1100.4445574789258,-0.8637953466641686,-0.5038428317256571,1120.3314759860086,0.9995697085250326,-0.0293325382328455,639.4593842340488
0.0986697283630531,-0.9951202363055236,1100.4445574789258,-0.8637953466641686,-0.5038428317256571,1120.3314759860086,0.9995697085250326,-0.0293325382328455,639.4593842340488,-90,-0.4408831729085778,-0.8975644978752585,1117.8498086029826,-0.9998360822508596,0.0181054861644741,1119.304890096405,0.8152251111628106,-0.579144211858828,651.0676421031268
-0.4408831729085778,-0.8975644978752585,1117.8498086029826,-0.9998360822508596,0.0181054861644741,1119.304890096405,0.8152251111628106,-0.579144211858828,651.0676421031268,90,0.1518622932457118,-0.9884016612137768,1176.1607841309774,-0.8010899060145686,-0.5985440355408862,1154.5294306026135,0.995903808340502,-0.0904190496128143,652.7709170356746
0.1518622932457118,-0.9884016612137768,1176.1607841309774,-0.8010899060145686,-0.5985440355408862,1154.5294306026135,0.995903808340502,-0.0904190496128143,652.7709170356746,-45,-0.352187744224643,-0.9359293738407602,1259.591381675932,-0.9840406718155812,-0.1779436883194791,1167.0239898100997,0.7438183244208387,-0.6683818521292869,709.3282799890919
-0.352187744224643,-0.9359293738407602,1259.591381675932,-0.9840406718155812,-0.1779436883194791,1167.0239898100997,0.7438183244208387,-0.6683818521292869,709.3282799890919,0,-0.3431109969983476,-0.9392948651721672,1317.4741828180809,-0.9751255282931492,-0.221653342115581,1179.436468145771,0.6967893290184428,-0.7172758402218969,752.0649322978502
-0.3431109969983476,-0.9392948651721672,1317.4741828180809,-0.9751255282931492,-0.221653342115581,1179.436468145771,0.6967893290184428,-0.7172758402218969,752.0649322978502,45,0.2633730892420685,-0.9646940529842036,1331.677133075225,-0.6587049738037138,-0.7524013274086169,1191.2696028840196,0.9802161451278608,-0.1979300604523634,753.9929885320222
0.2633730892420685,-0.9646940529842036,1331.677133075225,-0.6587049738037138,-0.7524013274086169,1191.2696028840196,0.9802161451278608,-0.1979300604523634,753.9929885320222,-90,-0.998097151960152,-0.0616609702245505,1329.9059750706665,-0.5872034704309951,0.8094393641983293,1137.1011135904582,-0.4013137469004803,-0.9159406512152942,809.7347112040214
-0.998097151960152,-0.0616609702245505,1329.9059750706665,-0.5872034704309951,0.8094393641983293,1137.1011135904582,-0.4013137469004803,-0.9159406512152942,809.7347112040214,45,-0.400758949945104,-0.9161835318531422,1374.7039415701477,-0.983516662515748,-0.1808175172760765,1146.9957135789566,0.5919732045260735,-0.805957644745139,846.591168728153
-0.400758949945104,-0.9161835318531422,1374.7039415701477,-0.983516662515748,-0.1808175172760765,1146.9957135789566,0.5919732045260735,-0.805957644745139,846.591168728153,45,0.4761758197460436,-0.8793500944954651,1390.1042735363703,-0.4501254581997081,-0.892965325127747,1164.2806411274216,0.9990736532401416,-0.0430329571537598,845.4432986925143
0.4761758197460436,-0.8793500944954651,1390.1042735363703,-0.4501254581997081,-0.892965325127747,1164.2806411274216,0.9990736532401416,-0.0430329571537598,845.4432986925143,-45,-0.4841326521565722,-0.874994614335336,1429.5916891257027,-0.9922525723956536,-0.1242370016307887,1166.9553880150174,0.4662692780331615,-0.8846428433907293,887.4570849439876
-0.1164764849230063,0.9931934496662675,1354.4575580471949,0.776776622265796,0.6297762135086882,1085.9929633985523,-0.9220249865877342,0.3871303709448389,888.3363307617053,45,-0.8700752331591876,0.4929189473361574,1346.3526654663551,-0.0379211066529237,0.9992807361648766,1065.3780079428896,-0.8549812664441202,-0.5186588802185964,901.1415315078758
-0.8700752331591876,0.4929189473361574,1346.3526654663551,-0.0379211066529237,0.9992807361648766,1065.3780079428896,-0.8549812664441202,-0.5186588802185964,901.1415315078758,90,-0.7299755513978583,-0.6834732579709266,1409.2583076983224,-0.973981339626308,0.226628219910369,1044.6945284707583,0.1730700062461841,-0.9849095252549576,989.3309748596472
-0.7299755513978583,-0.6834732579709266,1409.2583076983224,-0.973981339626308,0.226628219910369,1044.6945284707583,0.1730700062461841,-0.9849095252549576,989.3309748596472,0,-0.7196950604780719,-0.6942902994594297,1421.9726468441545,-0.9788893353081228,0.2043909714738432,1040.7970255400282,0.1753032121079839,-0.984514491424389,1007.4238672837616
-0.7196950604780719,-0.6942902994594297,1421.9726468441545,-0.9788893353081228,0.2043909714738432,1040.7970255400282,0.1753032121079839,-0.984514491424389,1007.4238672837616,-90,-0.7552423584352579,0.6554456346831136,1392.255997128348,0.1456355429297392,0.9893383084847974,1001.9737529196312,-0.9596951318507012,-0.281043153095864,1013.6008492201702
-0.7552423584352579,0.6554456346831136,1392.255997128348,0.1456355429297392,0.9893383084847974,1001.9737529196312,-0.9596951318507012,-0.281043153095864,1013.6008492201702,45,-0.9709240760711112,0.239387632315162,1381.5733287793958,-0.3051184668293105,0.9523144024951692,960.4444714790023,-0.7259524548335319,-0.6877448897092358,1043.4419882267437
-0.9709240760711112,0.239387632315162,1381.5733287793958,-0.3051184668293105,0.9523144024951692,960.4444714790023,-0.7259524548335319,-0.6877448897092358,1043.4419882267437,-90,0.1341023559501623,0.990967485908905,1319.7651240552657,0.9345077523288556,0.3559427774759167,941.1808660786778,-0.7959511426100688,0.6053608664075717,999.878183916726
0.1341023559501623,0.990967485908905,1319.7651240552657,0.9345077523288556,0.3559427774759167,941.1808660786778,-0.7959511426100688,0.6053608664075717,999.878183916726,-90,0.6419825844125803,0.7667192193436553,1272.323112506273,0.973268295592463,-0.2296711231185629,954.5304723358234,-0.4010285072350031,0.916065574282139,942.4102835907776
0.6419825844125803,0.7667192193436553,1272.323112506273,0.973268295592463,-0.2296711231185629,954.5304723358234,-0.4010285072350031,0.916065574282139,942.4102835907776,-90,0.9279670740055088,-0.3726621922890147,1282.386951993668,0.0976883140270205,-0.9952170583860378,973.6784554685444,0.7496609828721794,0.6618220385867473,932.272864907914
0.9279670740055088,-0.3726621922890147,1282.386951993668,0.0976883140270205,-0.9952170583860378,973.6784554685444,0.7496609828721794,0.6618220385867473,932.272864907914,90,0.452285987200239,0.8918729650473239,1228.9606556178476,0.9994850591082948,-0.0320876396652698,968.1082858113808,-0.6408740891600034,0.7676460133703138,891.4378346562647
0.452285987200239,0.8918729650473239,1228.9606556178476,0.9994850591082948,-0.0320876396652698,968.1082858113808,-0.6408740891600034,0.7676460133703138,891.4378346562647,0,0.4536413433255184,0.8911843421121239,1210.4798494146444,0.998879565335946,-0.0473245597366866,968.8391950364622,-0.6571276070859451,0.7537793496809924,875.7612150802865
0.4536413433255184,0.8911843421121239,1210.4798494146444,0.998879565335946,-0.0473245597366866,968.8391950364622,-0.6571276070859451,0.7537793496809924,875.7612150802865,-90,0.938429386915028,-0.3454711070035878,1232.7628468623518,0.1106339427875826,-0.9938612230604804,1024.7348908884533,0.6745294204829818,0.7382479670834812,836.5840523247919
0.938429386915028,-0.3454711070035878,1232.7628468623518,0.1106339427875826,-0.9938612230604804,1024.7348908884533,0.6745294204829818,0.7382479670834812,836.5840523247919,-45,0.8364982034369063,-0.5479696667214601,1244.660873871823,-0.0992358490966492,-0.9950639407867552,1046.3557955816798,0.8273804631154601,0.5616418514096387,824.2907563156158
0.8364982034369063,-0.5479696667214601,1244.660873871823,-0.0992358490966492,-0.9950639407867552,1046.3557955816798,0.8273804631154601,0.5616418514096387,824.2907563156158,45,0.9678105509918452,0.2516798311125878,1227.5552531239357,0.6743179820778363,-0.7384411005939978,1084.2568604681137,0.101875472222887,0.994797159304028,769.863403125626
0.9678105509918452,0.2516798311125878,1227.5552531239357,0.6743179820778363,-0.7384411005939978,1084.2568604681137,0.101875472222887,0.994797159304028,769.863403125626,45,0.5419502202666004,0.8404105893865113,1181.9120929030792,0.9935695207327364,-0.1132237054283275,1087.5252104436645,-0.6520802945873284,0.7581499122277223,729.7990102422289
0.5419502202666004,0.8404105893865113,1181.9120929030792,0.9935695207327364,-0.1132237054283275,1087.5252104436645,-0.6520802945873284,0.7581499122277223,729.7990102422289,90,-0.977542793344644,0.2107370095164835,1183.070086665452,-0.2319351367920418,0.9727312539037988,1059.579515639388,-0.4933322030829684,-0.8698409839742577,760.4048066409101
-0.977542793344644,0.2107370095164835,1183.070086665452,-0.2319351367920418,0.9727312539037988,1059.579515639388,-0.4933322030829684,-0.8698409839742577,760.4048066409101,45,-0.6433551439426454,-0.76556786685606,1201.9845976094202,-0.9709599337477312,0.2392421515047072,1056.8803588345656,0.5138897024931057,-0.8578562663241129,777.8870437861013
-0.6433551439426454,-0.76556786685606,1201.9845976094202,-0.9709599337477312,0.2392421515047072,1056.8803588345656,0.5138897024931057,-0.8578562663241129,777.8870437861013,0,-0.6347055364529363,-0.772754088954559,1219.1166486125107,-0.9755640012134942,0.219715451291705,1051.7981379163018,0.501090995684427,-0.8653946001934548,797.0480305001701
-0.6347055364529363,-0.772754088954559,1219.1166486125107,-0.9755640012134942,0.219715451291705,1051.7981379163018,0.501090995684427,-0.8653946001934548,797.0480305001701,-45,-0.9802260506675844,-0.1978809985638605,1229.1804281102593,-0.6056182804526515,0.7957553005676893,1001.5048101977944,-0.1920500082932952,-0.9813851406632084,857.5394829681721
-0.9802260506675844,-0.1978809985638605,1229.1804281102593,-0.6056182804526515,0.7957553005676893,1001.5048101977944,-0.1920500082932952,-0.9813851406632084,857.5394829681721,45,-0.685017972948799,-0.7285261675033496,1277.0149406908597,-0.962207329586396,0.272317929799374,982.5935267177776,0.3518551391672287,-0.9360544647837592,918.3849077307837
-0.685017972948799,-0.7285261675033496,1277.0149406908597,-0.962207329586396,0.272317929799374,982.5935267177776,0.3518551391672287,-0.9360544647837592,918.3849077307837,45,0.0293002850201546,-0.9995706544800812,1336.445005593006,-0.8467150911132753,-0.5320465717219105,1013.8081342021724,0.8855734837114903,-0.4644993056475918,943.6103289888734
0.0293002850201546,-0.9995706544800812,1336.445005593006,-0.8467150911132753,-0.5320465717219105,1013.8081342021724,0.8855734837114903,-0.4644993056475918,943.6103289888734,90,0.9999927829170484,0.0037992254232883,1327.7305354147318,0.5161936607126033,-0.8564718936661738,1056.4714736672686,0.4687359686162279,0.8833383223462042,891.4154444885337
0.9999927829170484,0.0037992254232883,1327.7305354147318,0.5161936607126033,-0.8564718936661738,1056.4714736672686,0.4687359686162279,0.8833383223462042,891.4154444885337,-45,0.4470719893580666,-0.8944979800600004,1373.5421223449282,-0.503438399787439,-0.8640311207470843,1098.157712651425,0.9976258726372308,-0.0688666700574655,895.9876125571212
0.4470719893580666,-0.8944979800600004,1373.5421223449282,-0.503438399787439,-0.8640311207470843,1098.157712651425,0.9976258726372308,-0.0688666700574655,895.9876125571212,45,0.997052303918102,0.0767248541973506,1367.4484950477256,0.6143873779247808,-0.7890045309418143,1128.969382493737,0.4288198723931586,0.903390013803958,857.5592029756838
0.997052303918102,0.0767248541973506,1367.4484950477256,0.6143873779247808,-0.7890045309418143,1128.969382493737,0.4288198723931586,0.903390013803958,857.5592029756838,-45,0.5863316659140038,-0.8100710941309467,1408.6856477060026,-0.3176616090190822,-0.9482041458227272,1176.6397809240004,0.9976401567428276,0.0686594323756501,853.411725987451
0.5863316659140038,-0.8100710941309467,1408.6856477060026,-0.3176616090190822,-0.9482041458227272,1176.6397809240004,0.9976401567428276,0.0686594323756501,853.411725987451,-90,-0.8539609103958212,-0.5203371633046597,1427.750603292361,-0.9217663918069678,0.3877456884804309,1152.1574307366595,-0.0328522525148226,-0.9994602190706252,900.6210441699105
-0.8627713787384547,0.5055942523701649,1392.3501986206843,-0.0587081727889593,0.9982751877352164,1088.4180610404533,-0.8837944388883742,-0.4678753998555425,926.3504928476368,0,-0.8780195635866825,0.4786247444074025,1379.9601576274006,-0.0753620068680142,0.9971562404762984,1063.099071883256,-0.8650085763170369,-0.5017570755833674,938.7643562891808
-0.8780195635866825,0.4786247444074025,1379.9601576274006,-0.0753620068680142,0.9971562404762984,1063.099071883256,-0.8650085763170369,-0.5017570755833674,938.7643562891808,-90,-0.4100136278232617,0.9120793962146102,1361.1753019523237,0.5566960811082555,0.8307162411309355,1047.0257889111424,-0.9942066599118112,0.107485428719431,935.23719058055
-0.4100136278232617,0.9120793962146102,1361.1753019523237,0.5566960811082555,0.8307162411309355,1047.0257889111424,-0.9942066599118112,0.107485428719431,935.23719058055,0,-0.4472303365612801,0.8944188202734131,1275.9413959617189,0.5922504008733985,0.8057539715479526,969.1623424012822,-0.9999933290655018,-0.0036526462318579,930.9655020078562
-0.4472303365612801,0.8944188202734131,1275.9413959617189,0.5922504008733985,0.8057539715479526,969.1623424012822,-0.9999933290655018,-0.0036526462318579,930.9655020078562,45,-0.6787137867693228,0.7344028837424634,1201.8240917072555,0.4332473030332414,0.9012750825438496,879.1942830842169,-0.944859701558586,-0.3274754103297217,958.7897096902792
-0.6787137867693228,0.7344028837424634,1201.8240917072555,0.4332473030332414,0.9012750825438496,879.1942830842169,-0.944859701558586,-0.3274754103297217,958.7897096902792,-90,-0.1808845204562535,0.983504341759258,1143.7674034604152,0.8821085398180086,0.4710462015345636,849.844099360924,-0.9840559224858548,0.1778593304286102,946.566317390694
-0.1808845204562535,0.983504341759258,1143.7674034604152,0.8821085398180086,0.4710462015345636,849.844099360924,-0.9840559224858548,0.1778593304286102,946.566317390694,-90,0.9815954528038324,0.1909721629841351,1132.3234993416677,0.5004574398553706,-0.8657611396299837,911.2824519112391,0.1210402894762569,0.9926475952338292,878.1241069241637
0.9815954528038324,0.1909721629841351,1132.3234993416677,0.5004574398553706,-0.8657611396299837,911.2824519112391,0.1210402894762569,0.9926475952338292,878.1241069241637,90,-0.1431412693608814,0.9897022668488517,1077.835741531631,0.9174141656189287,0.3979337240316845,881.5562408167955,-0.9929743236888038,0.1183300151895649,876.3754251021877
-0.1431412693608814,0.9897022668488517,1077.835741531631,0.9174141656189287,0.3979337240316845,881.5562408167955,-0.9929743236888038,0.1183300151895649,876.3754251021877,0,-0.1530385856646434,0.9882202139694196,1025.0546300900162,0.9377217664535544,0.3473872316583121,861.4537217221712,-0.9984643825748556,0.0553974433472575,871.9335494571706
-0.1530385856646434,0.9882202139694196,1025.0546300900162,0.9377217664535544,0.3473872316583121,861.4537217221712,-0.9984643825748556,0.0553974433472575,871.9335494571706,45,-0.7228249646847009,0.6910311645856219,988.0606500783502,0.5938808919607041,0.8045529728762167,817.5793589818985,-0.8194786280726623,-0.5731097435327261,902.0243811745067
-0.7228249646847009,0.6910311645856219,988.0606500783502,0.5938808919607041,0.8045529728762167,817.5793589818985,-0.8194786280726623,-0.5731097435327261,902.0243811745067,45,-0.9992094174555796,-0.0397560066918381,989.598784314876,-0.1037054162647059,0.9946080567929078,745.1158795230983,-0.2140588910836488,-0.976820756919118,973.4502072101482
-0.9992094174555796,-0.0397560066918381,989.598784314876,-0.1037054162647059,0.9946080567929078,745.1158795230983,-0.2140588910836488,-0.976820756919118,973.4502072101482,45,-0.9282586023127138,-0.3719354342254136,1010.1412428647574,-0.4114256018432966,0.9114433466474376,692.5718233774436,0.0672071500456752,-0.9977390435292878,1030.7683631817367
-0.9282586023127138,-0.3719354342254136,1010.1412428647574,-0.4114256018432966,0.9114433466474376,692.5718233774436,0.0672071500456752,-0.9977390435292878,1030.7683631817367,45,-0.4861974343228307,-0.8738489885889305,1060.7205360021258,-0.91518474722897,0.4030345871503414,668.0993155936002,0.6334544440674588,-0.7737799863599386,1074.2005248074668
-0.4861974343228307,-0.8738489885889305,1060.7205360021258,-0.91518474722897,0.4030345871503414,668.0993155936002,0.6334544440674588,-0.7737799863599386,1074.2005248074668,-45,-0.9747708075865696,-0.2232081375690114,1071.9681260203995,-0.281757351749066,0.9594856928247304,608.056891420274,-0.1958239731332327,-0.9806390628290896,1134.8423569834213
-0.9747708075865696,-0.2232081375690114,1071.9681260203995,-0.281757351749066,0.9594856928247304,608.056891420274,-0.1958239731332327,-0.9806390628290896,1134.8423569834213,-90,-0.374383373939065,0.9272740098363602,1024.0791124951784,0.9389588845305904,0.3440293783400905,593.0911807209011,-0.9999659587686428,0.0082511395521416,1128.9977806217832
-0.374383373939065,0.9272740098363602,1024.0791124951784,0.9389588845305904,0.3440293783400905,593.0911807209011,-0.9999659587686428,0.0082511395521416,1128.9977806217832,-45,0.4212299158310162,0.9069538896818268,969.3789691778608,0.8633344805633979,-0.5046321181517561,622.0323350794009,-0.7227049368512076,0.6911566929798857,1085.8485391086238
0.4212299158310162,0.9069538896818268,969.3789691778608,0.8633344805633979,-0.5046321181517561,622.0323350794009,-0.7227049368512076,0.6911566929798857,1085.8485391086238,45,-0.5393649253932792,0.8420721330476995,926.4415720896004,0.9331203070071972,0.3595643094785607,599.2292937564467,-0.9673829764499592,-0.2533183311069645,1100.246002717506
-0.5393649253932792,0.8420721330476995,926.4415720896004,0.9331203070071972,0.3595643094785607,599.2292937564467,-0.9673829764499592,-0.2533183311069645,1100.246002717506,45,-0.9741670129546716,0.2258287644897633,909.760414038916,0.5289589458682771,0.8486474141750042,541.6408505202132,-0.5469897546628452,-0.8371393004117537,1155.4997927097434
-0.9741670129546716,0.2258287644897633,909.760414038916,0.5289589458682771,0.8486474141750042,541.6408505202132,-0.5469897546628452,-0.8371393004117537,1155.4997927097434,-90,0.3105233533616322,0.9505657510225408,858.5948893667606,0.7711956921049947,-0.6365981499177469,581.2487798238548,-0.8230749379486251,0.5679327834531716,1117.223945342526
0.3105233533616322,0.9505657510225408,858.5948893667606,0.7711956921049947,-0.6365981499177469,581.2487798238548,-0.8230749379486251,0.5679327834531716,1117.223945342526,-45,0.8590332883472673,0.511919729558532,831.0352970353064,0.1985598558510213,-0.9800887631456764,633.1562721149969,-0.3113481949962348,0.9502959020602932,1066.6055995158472
0.8590332883472673,0.511919729558532,831.0352970353064,0.1985598558510213,-0.9800887631456764,633.1562721149969,-0.3113481949962348,0.9502959020602932,1066.6055995158472,90,-0.513302530232474,0.8582077326946782,779.6835349529788,0.99826119609985,0.0589456051058698,620.6120903404742,-0.946918761501682,-0.3214729523865436,1090.6549292405791
-0.513302530232474,0.8582077326946782,779.6835349529788,0.99826119609985,0.0589456051058698,620.6120903404742,-0.946918761501682,-0.3214729523865436,1090.6549292405791,-45,0.3446259905023039,0.9387400740728532,722.4313933161612,0.6483657274124298,-0.7613290244808422,666.8914739661394,-0.8842821654266093,0.4669529439980293,1059.5379361064568
0.3446259905023039,0.9387400740728532,722.4313933161612,0.6483657274124298,-0.7613290244808422,666.8914739661394,-0.8842821654266093,0.4669529439980293,1059.5379361064568,-90,0.9683618997278836,-0.249550057414147,738.0646665748429,-0.5975878180658748,-0.8018034670037707,707.154548911505,0.3288564919078351,0.9443799064624744,1009.2512135470704
0.9683618997278836,-0.249550057414147,738.0646665748429,-0.5975878180658748,-0.8018034670037707,707.154548911505,0.3288564919078351,0.9443799064624744,1009.2512135470704,-90,-0.086281748006502,-0.9962707764262396,791.1655234008086,-0.9124152143637092,0.4092657774571758,678.7453877692839,0.9728888377392888,-0.2312732353781904,1025.5428637643947
-0.086281748006502,-0.9962707764262396,791.1655234008086,-0.9124152143637092,0.4092657774571758,678.7453877692839,0.9728888377392888,-0.2312732353781904,1025.5428637643947,-90,-0.993359813598354,-0.1150490361882419,790.5789932089639,0.3108267104318011,0.95046659914073,630.8273555445253,-0.0880537064824724,-0.9961157286052152,1076.5443346668535
-0.993359813598354,-0.1150490361882419,790.5789932089639,0.3108267104318011,0.95046659914073,630.8273555445253,-0.0880537064824724,-0.9961157286052152,1076.5443346668535,-45,-0.7881182083958078,0.6155239147222324,751.0288483389919,0.947465724165462,0.3198573143319011,610.0324278572348,-0.7718626840227896,-0.6357892709169723,1112.9601300304482
-0.7881182083958078,0.6155239147222324,751.0288483389919,0.947465724165462,0.3198573143319011,610.0324278572348,-0.7718626840227896,-0.6357892709169723,1112.9601300304482,90,-0.714664987977105,-0.6994669076944844,807.2625206762234,-0.1424458160560027,0.989802601273678,531.0469445242388,0.4339097056885713,-0.9009563625999084,1183.1097570760414
-0.714664987977105,-0.6994669076944844,807.2625206762234,-0.1424458160560027,0.989802601273678,531.0469445242388,0.4339097056885713,-0.9009563625999084,1183.1097570760414,-45,-0.9707618934401652,-0.2400444672231907,817.7216056810349,0.4782855919066912,0.8782043569548411,485.2970887998093,-0.138825512208356,-0.9903168569503842,1234.1637105334
-0.9707618934401652,-0.2400444672231907,817.7216056810349,0.4782855919066912,0.8782043569548411,485.2970887998093,-0.138825512208356,-0.9903168569503842,1234.1637105334,-90,-0.5181241350507518,0.8553054312220344,768.4167158455105,0.9454429508809408,-0.3257877017776132,504.120391564158,-0.9844645470968912,-0.1755834716290604,1238.8485335951284
-0.5181241350507518,0.8553054312220344,768.4167158455105,0.9454429508809408,-0.3257877017776132,504.120391564158,-0.9844645470968912,-0.1755834716290604,1238.8485335951284,45,-0.96470135713898,0.2633463338157759,750.9676375424177,0.9731602714051314,0.2301284123238395,485.48210331179047,-0.6299809954676024,-0.7766105493422355,1286.5480918473434
-0.96470135713898,0.2633463338157759,750.9676375424177,0.9731602714051314,0.2301284123238395,485.48210331179047,-0.6299809954676024,-0.7766105493422355,1286.5480918473434,-45,-0.562879159291565,0.8265392017534444,702.6158426143636,0.8189658513440012,-0.5738422556176874,516.8105632557176,-0.9829630768344392,-0.1838031272317545,1294.8554445546006
-0.562879159291565,0.8265392017534444,702.6158426143636,0.8189658513440012,-0.5738422556176874,516.8105632557176,-0.9829630768344392,-0.1838031272317545,1294.8554445546006,-45,0.1749274883153779,0.9845813190547916,646.8024733572109,0.181321147390483,-0.983423937836068,572.6261044879159,-0.8595614386311473,0.511032418950454,1264.389338590375
0.1749274883153779,0.9845813190547916,646.8024733572109,0.181321147390483,-0.983423937836068,572.6261044879159,-0.8595614386311473,0.511032418950454,1264.389338590375,0,0.2059538712813845,0.97856170112273,591.1757914507621,0.1529416696181028,-0.9882352177970724,628.6202227079837,-0.872350532604874,0.4888809141948503,1235.70932520453
0.2059538712813845,0.97856170112273,591.1757914507621,0.1529416696181028,-0.9882352177970724,628.6202227079837,-0.872350532604874,0.4888809141948503,1235.70932520453,-45,0.8164521516382414,0.5774130965654365,558.5267946650256,-0.463071227394391,-0.8863210695675987,675.6256036880097,-0.3921952623160055,0.9198819903753304,1186.42812692501
0.8164521516382414,0.5774130965654365,558.5267946650256,-0.463071227394391,-0.8863210695675987,675.6256036880097,-0.3921952623160055,0.9198819903753304,1186.42812692501,45,0.1453152148319123,0.9893854094024004,510.3349530356117,0.3081109440987498,-0.951350432872439,720.9981444427302,-0.9525250589764656,0.3044601977629926,1172.3370523402646
0.1453152148319123,0.9893854094024004,510.3349530356117,0.3081109440987498,-0.951350432872439,720.9981444427302,-0.9525250589764656,0.3044601977629926,1172.3370523402646,-45,0.874941499071673,0.4842286373214761,476.76336715274175,-0.4396757374383106,-0.8981565820657764,777.7410547597575,-0.4595710196093139,0.8881410236754383,1114.638752358279
0.874941499071673,0.4842286373214761,476.76336715274175,-0.4396757374383106,-0.8981565820657764,777.7410547597575,-0.4595710196093139,0.8881410236754383,1114.638752358279,0,0.918767747720569,0.3947984621911195,453.91589962635146,-0.4150220589323629,-0.9098113489067624,824.4524752425698,-0.4791373869333808,0.8777399184511615,1069.1259813200688
0.918767747720569,0.3947984621911195,453.91589962635146,-0.4150220589323629,-0.9098113489067624,824.4524752425698,-0.4791373869333808,0.8777399184511615,1069.1259813200688,-90,0.3104271545887022,-0.9505971710950764,507.1630011248159,-0.9082009899445916,0.4185343018961096,796.1344042998833,0.9254020301515508,0.3789869161216362,1051.1695532643296
0.3104271545887022,-0.9505971710950764,507.1630011248159,-0.9082009899445916,0.4185343018961096,796.1344042998833,0.9254020301515508,0.3789869161216362,1051.1695532643296,-90,-0.8732444904750253,-0.487282320482709,524.8307588632739,0.3420470315831058,0.9396828338248951,752.8023149864778,0.4610865145026948,-0.8873551860127692,1094.8717392685776
-0.8732444904750253,-0.487282320482709,524.8307588632739,0.3420470315831058,0.9396828338248951,752.8023149864778,0.4610865145026948,-0.8873551860127692,1094.8717392685776,90,0.3325047167879381,-0.943101592254924,577.2549328400288,-0.9226617217944532,0.3856103566234899,733.9405980650928,0.952827049114584,0.3035137797128727,1069.8322754002825
0.3325047167879381,-0.943101592254924,577.2549328400288,-0.9226617217944532,0.3856103566234899,733.9405980650928,0.952827049114584,0.3035137797128727,1069.8322754002825,-90,-0.8414444903327237,-0.5403435663433986,600.747415935435,0.266793199554964,0.963753800859548,683.4624040524119,0.426789448138536,-0.9043510197692066,1119.530695315275
-0.8414444903327237,-0.5403435663433986,600.747415935435,0.266793199554964,0.963753800859548,683.4624040524119,0.426789448138536,-0.9043510197692066,1119.530695315275,0,-0.7926538297218175,-0.6096719660828567,632.3807717278754,0.2774033572951484,0.9607535466296132,630.5568304055895,0.419107351071626,-0.9079366873729272,1169.3793911520518
-0.7926538297218175,-0.6096719660828567,632.3807717278754,0.2774033572951484,0.9607535466296132,630.5568304055895,0.419107351071626,-0.9079366873729272,1169.3793911520518,45,-0.2629109863232342,-0.9648200937327872,689.8459228430986,-0.3714936235192048,0.9284355053985016,575.1483193605336,0.84915520344796,-0.5281433900535476,1199.0708558143035
-0.2629109863232342,-0.9648200937327872,689.8459228430986,-0.3714936235192048,0.9284355053985016,575.1483193605336,0.84915520344796,-0.5281433900535476,1199.0708558143035,45,0.4725512404561263,-0.8813031970572762,740.984348123078,-0.9585438303816832,0.284945126712514,556.7692988692739,0.980832759213766,0.1948514779341195,1184.5379707562704
0.4725512404561263,-0.8813031970572762,740.984348123078,-0.9585438303816832,0.284945126712514,556.7692988692739,0.980832759213766,0.1948514779341195,1184.5379707562704,90,0.9476820628958382,0.3192157697631628,716.3312460717598,-0.3593373983628227,-0.933207712215152,608.5131174417853,-0.1039281763276347,0.9945848049136946,1132.311712426715
0.9476820628958382,0.3192157697631628,716.3312460717598,-0.3593373983628227,-0.933207712215152,608.5131174417853,-0.1039281763276347,0.9945848049136946,1132.311712426715,0,0.9748747044613968,0.222753923874091,696.2590328044946,-0.3238190883256333,-0.946119018959008,677.2903312183413,-0.1105307612583199,0.9938727035267928,1059.6722138292814
0.9748747044613968,0.222753923874091,696.2590328044946,-0.3238190883256333,-0.946119018959008,677.2903312183413,-0.1105307612583199,0.9938727035267928,1059.6722138292814,-90,0.2596035550798348,-0.9657152759431276,751.3276783915251,-0.980486502454226,0.1965864148538222,659.5911523945715,0.993935468231301,0.1099649261893284,1056.6909483463928
0.2596035550798348,-0.9657152759431276,751.3276783915251,-0.980486502454226,0.1965864148538222,659.5911523945715,0.993935468231301,0.1099649261893284,1056.6909483463928,0,0.241902200004162,-0.9703006367271674,808.4943818212029,-0.994161886421012,0.107898765460105,650.5560371224365,0.9984863298528722,0.0550004463340179,1051.8455235615393
0.241902200004162,-0.9703006367271674,808.4943818212029,-0.994161886421012,0.107898765460105,650.5560371224365,0.9984863298528722,0.0550004463340179,1051.8455235615393,45,0.7378793984608084,-0.6749325842831383,848.6804698396801,-0.8171930117251593,-0.5763641050478105,685.9918803362763,0.7946165629768978,0.6071116189324512,1011.3618046412964
0.7378793984608084,-0.6749325842831383,848.6804698396801,-0.8171930117251593,-0.5763641050478105,685.9918803362763,0.7946165629768978,0.6071116189324512,1011.3618046412964,-90,-0.6051535154891736,-0.7961088007873638,887.7981781840285,-0.6500388201671882,0.7599010016282713,641.0663656649598,0.6217005333596887,-0.7832550330641219,1056.2589101100546
-0.6051535154891736,-0.7961088007873638,887.7981781840285,-0.6500388201671882,0.7599010016282713,641.0663656649598,0.6217005333596887,-0.7832550330641219,1056.2589101100546,90,0.7420457453260385,-0.6703492461721158,922.2566838269436,-0.7396157194367603,-0.6730294106218861,682.9458769649839,0.8278225750112763,0.5609900037448972,1018.2714092340366
0.7420457453260385,-0.6703492461721158,922.2566838269436,-0.7396157194367603,-0.6730294106218861,682.9458769649839,0.8278225750112763,0.5609900037448972,1018.2714092340366,90,0.7305776571678042,0.6828296177284655,879.7480575150377,0.5987788771909814,-0.8009143875782901,725.499720676364,-0.5544898551996342,0.8321904832913488,972.1673254648512
0.7305776571678042,0.6828296177284655,879.7480575150377,0.5987788771909814,-0.8009143875782901,725.499720676364,-0.5544898551996342,0.8321904832913488,972.1673254648512,-45,0.9981942377276348,-0.0600688252535864,881.5221487221487,-0.0973688294220075,-0.995248366518121,781.8883671520598,0.1688475827842294,0.9856421733001904,916.2654651833792
0.9981942377276348,-0.0600688252535864,881.5221487221487,-0.0973688294220075,-0.995248366518121,781.8883671520598,0.1688475827842294,0.9856421733001904,916.2654651833792,-45,0.6040674840826346,-0.7969331682607245,932.2567097272266,-0.7546508438105028,-0.6561265913953618,820.6453538718382,0.8678308091401018,0.4968598260145775,884.5560812246075
0.6040674840826346,-0.7969331682607245,932.2567097272266,-0.7546508438105028,-0.6561265913953618,820.6453538718382,0.8678308091401018,0.4968598260145775,884.5560812246075,-45,0.0035195854377277,-0.999993806239992,991.6767582611784,-0.9899235236464742,-0.1416030272675993,826.4157264206677,0.9817527730339234,-0.1901617538839021,894.4593410968438
0.0035195854377277,-0.999993806239992,991.6767582611784,-0.9899235236464742,-0.1416030272675993,826.4157264206677,0.9817527730339234,-0.1901617538839021,894.4593410968438,45,0.7113929553361508,-0.7027944671794858,1023.4932644637776,-0.5448253109121011,-0.8385495695482363,866.1012772203492,0.8320967510760484,0.5546305047945747,866.656969280649
0.7113929553361508,-0.7027944671794858,1023.4932644637776,-0.5448253109121011,-0.8385495695482363,866.1012772203492,0.8320967510760484,0.5546305047945747,866.656969280649,-45,-0.0170324630547948,-0.999854937079518,1084.4847022699812,-0.9682543666951112,-0.2499669605684897,878.3155864822222,0.9583005194736892,-0.2857623389749907,883.1322151623787
-0.0170324630547948,-0.999854937079518,1084.4847022699812,-0.9682543666951112,-0.2499669605684897,878.3155864822222,0.9583005194736892,-0.2857623389749907,883.1322151623787,-90,-0.9924430186964296,-0.1227063757134016,1085.56760034423,-0.3523977375038737,0.9358503270299964,826.4608247927605,-0.1825736952782831,-0.9831921713441542,935.043172755745
-0.9924430186964296,-0.1227063757134016,1085.56760034423,-0.3523977375038737,0.9358503270299964,826.4608247927605,-0.1825736952782831,-0.9831921713441542,935.043172755745,-90,-0.1956436710010134,0.9806750501553748,1039.0415026158068,0.9308100965024072,0.3655031658538398,810.8803389885055,-0.997843406915526,0.0656394338428955,927.8656692421126
-0.1956436710010134,0.9806750501553748,1039.0415026158068,0.9308100965024072,0.3655031658538398,810.8803389885055,-0.997843406915526,0.0656394338428955,927.8656692421126,-45,0.4742081313856909,0.8804127714473997,991.1012221532698,0.9379810539625646,-0.3466865189292432,828.8746301785964,-0.7736310244710196,0.6336363609957375,891.8328680608856
0.4742081313856909,0.8804127714473997,991.1012221532698,0.9379810539625646,-0.3466865189292432,828.8746301785964,-0.7736310244710196,0.6336363609957375,891.8328680608856,90,-0.9257723585992098,0.3780813934242943,978.2184980829592,0.2978715199665646,0.954605969807862,783.3226091411382,-0.5657564291050514,-0.8245724121787613,932.714844950846
-0.9257723585992098,0.3780813934242943,978.2184980829592,0.2978715199665646,0.954605969807862,783.3226091411382,-0.5657564291050514,-0.8245724121787613,932.714844950846,-45,-0.4362441765378876,0.8998283272029062,922.9612814031664,0.9048377139985984,0.4257566339187104,756.2525550167583,-0.9626093964154868,-0.2708932445311479,946.555946032444
-0.4362441765378876,0.8998283272029062,922.9612814031664,0.9048377139985984,0.4257566339187104,756.2525550167583,-0.9626093964154868,-0.2708932445311479,946.555946032444,45,-0.9525943927046652,0.3042431971098621,905.1946036230366,0.3999938048970063,0.9165178427308524,700.7083775924664,-0.4961005570368229,-0.8682650731820059,998.7307336956576
-0.9525943927046652,0.3042431971098621,905.1946036230366,0.3999938048970063,0.9165178427308524,700.7083775924664,-0.4961005570368229,-0.8682650731820059,998.7307336956576,-45,-0.5421846378790067,0.8402593756977724,852.2773224101296,0.9390223044103314,0.3438562371397541,677.6895412315141,-0.9270343995568128,-0.3749762953019022,1019.5931317415688
-0.5421846378790067,0.8402593756977724,852.2773224101296,0.9390223044103314,0.3438562371397541,677.6895412315141,-0.9270343995568128,-0.3749762953019022,1019.5931317415688,-45,-0.005667171519531,0.9999839414545456,796.753792254286,0.957109169244735,-0.2897275239732207,692.4629589166385,-0.991754239729304,0.1281543131500087,1010.2118814741716
-0.005667171519531,0.9999839414545456,796.753792254286,0.957109169244735,-0.2897275239732207,692.4629589166385,-0.991754239729304,0.1281543131500087,1010.2118814741716,45,-0.6293221428850848,0.7771445428454895,756.8296740522748,0.9644692498127764,0.2641951289588439,675.6208903860747,-0.8540018990150552,-0.5202698881145049,1037.421551504533
-0.6293221428850848,0.7771445428454895,756.8296740522748,0.9644692498127764,0.2641951289588439,675.6208903860747,-0.8540018990150552,-0.5202698881145049,1037.421551504533,0,-0.6731029494927699,0.7395487944579002,703.4735351940814,0.9874004908191304,0.158241178996304,660.4956371683755,-0.826604837707268,-0.5627827665084826,1075.7806722183004
-0.6731029494927699,0.7395487944579002,703.4735351940814,0.9874004908191304,0.158241178996304,660.4956371683755,-0.826604837707268,-0.5627827665084826,1075.7806722183004,45,-0.993929439432896,0.1100194047821057,695.9335206217887,0.7417624603364967,0.6706626964693557,619.4114053882424,-0.3119748825820624,-0.9500903497235976,1131.0490109296934
-0.993929439432896,0.1100194047821057,695.9335206217887,0.7417624603364967,0.6706626964693557,619.4114053882424,-0.3119748825820624,-0.9500903497235976,1131.0490109296934,45,-0.7529089655368657,-0.6581246763449968,734.5552018227613,0.0753801624123809,0.9971548681697758,560.1092469553396,0.4128032097631031,-0.910820240228158,1184.320659502686
-0.7529089655368657,-0.6581246763449968,734.5552018227613,0.0753801624123809,0.9971548681697758,560.1092469553396,0.4128032097631031,-0.910820240228158,1184.320659502686,45,-0.2491618973545313,-0.9684618469029588,788.3468011380588,-0.5319293780679398,0.8467887202533195,512.6316795366923,0.8244506416077411,-0.565933864998892,1214.321983192518
-0.2491618973545313,-0.9684618469029588,788.3468011380588,-0.5319293780679398,0.8467887202533195,512.6316795366923,0.8244506416077411,-0.565933864998892,1214.321983192518,0,-0.2348555779781608,-0.972030276016413,847.8471166742739,-0.5877534542355629,0.8090400960608591,461.88528148543554,0.7989394514882314,-0.6014114671800695,1250.0260850289806
-0.2348555779781608,-0.972030276016413,847.8471166742739,-0.5877534542355629,0.8090400960608591,461.88528148543554,0.7989394514882314,-0.6014114671800695,1250.0260850289806,-45,-0.81304465166489,-0.5822013349341596,888.9024179965875,0.1882089163695014,0.9821290158624874,387.678718425683,0.1325046396571674,-0.9911823850681186,1324.884443534673
-0.81304465166489,-0.5822013349341596,888.9024179965875,0.1882089163695014,0.9821290158624874,387.678718425683,0.1325046396571674,-0.9911823850681186,1324.884443534673,0,-0.7771783430363154,-0.6292804010259078,926.6797581803812,0.2179542393402463,0.9759589896884062,326.7490998017439,0.1311474304046283,-0.991362875791838,1386.5288219944257
0.6790589067491476,0.7340837834775077,837.6039110499902,0.1183885121803352,-0.9929673510159972,473.40045606889737,-0.4162145898387629,0.9092664159669324,1240.1301189013352,90,-0.6843193796689956,0.729182409695572,791.1565583516389,0.9879704360807994,-0.154642870609398,472.9726205847544,-0.9401635748752596,-0.340723425196701,1267.272085947927
-0.6843193796689956,0.729182409695572,791.1565583516389,0.9879704360807994,-0.154642870609398,472.9726205847544,-0.9401635748752596,-0.340723425196701,1267.272085947927,90,-0.5800496583256667,-0.8145811155902629,833.265577574503,-0.0377392226183362,0.9992876217967296,426.8467673188705,0.4770097545146929,-0.8788979998258231,1303.8930028075808
-0.5800496583256667,-0.8145811155902629,833.265577574503,-0.0377392226183362,0.9992876217967296,426.8467673188705,0.4770097545146929,-0.8788979998258231,1303.8930028075808,-45,-0.9737893323473866,-0.2274518327172391,837.496605318135,0.6821870561709278,0.7311776941297125,410.0350276737343,-0.2452367877114241,-0.9694632112426864,1326.255572625201
-0.9737893323473866,-0.2274518327172391,837.496605318135,0.6821870561709278,0.7311776941297125,410.0350276737343,-0.2452367877114241,-0.9694632112426864,1326.255572625201,45,-0.4056720691193547,-0.9140186936471384,855.2795413638806,-0.1779375108589789,0.9840417888633138,392.0593499402992,0.6125254288015378,-0.79045088340231,1339.668874713304
-0.4056720691193547,-0.9140186936471384,855.2795413638806,-0.1779375108589789,0.9840417888633138,392.0593499402992,0.6125254288015378,-0.79045088340231,1339.668874713304,45,-0.1161084428450073,-0.9932365425718628,878.8422351388105,-0.4853383893564044,0.8743263966145202,371.2072120309357,0.8093985365255298,-0.5872597458283094,1353.367265107214
-0.1161084428450073,-0.9932365425718628,878.8422351388105,-0.4853383893564044,0.8743263966145202,371.2072120309357,0.8093985365255298,-0.5872597458283094,1353.367265107214,90,0.5038829468559419,-0.8637719466779249,892.970356938622,-0.9335206041131184,0.3585237533222571,365.41316119030256,0.9998933598347244,0.0146037309762307,1352.4287997418164
0.5038829468559419,-0.8637719466779249,892.970356938622,-0.9335206041131184,0.3585237533222571,365.41316119030256,0.9998933598347244,0.0146037309762307,1352.4287997418164,-90,-0.6785481005467823,-0.7345559714850556,901.2050221117336,0.0962592449619964,0.995356296890388,351.35100950390057,0.2927108281502178,-0.9562010097691874,1367.1992144085696
-0.6785481005467823,-0.7345559714850556,901.2050221117336,0.0962592449619964,0.995356296890388,351.35100950390057,0.2927108281502178,-0.9562010097691874,1367.1992144085696,90,-0.2111272636431301,-0.9774585814992696,921.890291284912,-0.4447514401062892,0.8956540384118088,332.6983456006056,0.7273294344779423,-0.6862884916287003,1381.0193442401087
-0.2111272636431301,-0.9774585814992696,921.890291284912,-0.4447514401062892,0.8956540384118088,332.6983456006056,0.7273294344779423,-0.6862884916287003,1381.0193442401087,0,-0.2051365922086493,-0.9787333541557794,946.266513862601,-0.4771084681599256,0.8788444171809304,310.6107455605488,0.7187901760701046,-0.6952270728223319,1398.1927747122998
-0.2051365922086493,-0.9787333541557794,946.266513862601,-0.4771084681599256,0.8788444171809304,310.6107455605488,0.7187901760701046,-0.6952270728223319,1398.1927747122998,45,0.2886541348631425,-0.9574334391624364,969.870025119294,-0.879786926623562,0.4753682401489051,298.337435842202,0.961460429786488,-0.2749433431723372,1404.491632451009
0.2886541348631425,-0.9574334391624364,969.870025119294,-0.879786926623562,0.4753682401489051,298.337435842202,0.961460429786488,-0.2749433431723372,1404.491632451009,-90,-0.7438434531984415,-0.6683538861515043,980.1816269815508,0.0872450598516044,0.9961868798230028,279.8797275120154,0.1438900910345856,-0.9895936750515631,1423.4407967569991
-0.7438434531984415,-0.6683538861515043,980.1816269815508,0.0872450598516044,0.9961868798230028,279.8797275120154,0.1438900910345856,-0.9895936750515631,1423.4407967569991,-45,-0.9962320215784856,0.0867280760863744,969.8509782175042,0.9403484556783998,0.3402128479397105,248.63475209521692,-0.654396148179567,-0.7561518903287527,1475.7439750679823
0.0082673364036628,0.9999658249904289,851.9228632156377,0.0432213379823141,-0.9990655213463322,348.4050586164472,-0.8163838506731275,0.5775096608370432,1461.2367655070584,0,0.0106915568228082,0.9999428436729296,826.0905662421343,0.0382209285166837,-0.9992693133601784,374.2176153446681,-0.8235079485255814,0.567304731793406,1446.4406049452048
0.0106915568228082,0.9999428436729296,826.0905662421343,0.0382209285166837,-0.9992693133601784,374.2176153446681,-0.8235079485255814,0.567304731793406,1446.4406049452048,45,-0.3258658665418565,0.9454160126753328,802.0743857978885,0.3389482768897913,-0.9408050093369196,397.9512034823616,-0.9678925429023888,0.2513643280060785,1440.3015379957976
0.8727126060133739,0.4882342750210657,767.964104567772,-0.6924665014874958,-0.7214500289816808,444.3250903387969,-0.0186928233149204,0.999825273913656,1353.0750111891728,0,0.8831183407121781,0.4691502918018587,756.6838698490209,-0.6626295100599717,-0.7489473495498077,461.64670354036974,-0.0244491915236031,0.999701073838496,1329.5380246121922
0.8831183407121781,0.4691502918018587,756.6838698490209,-0.6626295100599717,-0.7489473495498077,461.64670354036974,-0.0244491915236031,0.999701073838496,1329.5380246121922,-90,0.9795355105850104,-0.2012714175012508,761.404831151287,-0.9763007174190812,-0.2164183660574758,464.0102120649071,0.6070111036133351,0.794693349720583,1315.7119581810146
0.9795355105850104,-0.2012714175012508,761.404831151287,-0.9763007174190812,-0.2164183660574758,464.0102120649071,0.6070111036133351,0.794693349720583,1315.7119581810146,45,0.9996847749318633,0.0251067873179782,760.3123341052018,-0.8679923737081114,-0.4965775258552869,475.2379250359761,0.3901808568341403,0.9207382358521754,1294.2490198537917
0.9996847749318633,0.0251067873179782,760.3123341052018,-0.8679923737081114,-0.4965775258552869,475.2379250359761,0.3901808568341403,0.9207382358521754,1294.2490198537917,-45,0.9512299070251454,-0.3084828422796529,767.8415523729163,-0.9655359815226336,-0.2602696071098673,480.974021700185,0.6602311466932617,0.751062469396588,1275.4273674147228
0.9512299070251454,-0.3084828422796529,767.8415523729163,-0.9655359815226336,-0.2602696071098673,480.974021700185,0.6602311466932617,0.751062469396588,1275.4273674147228,-45,0.8175492852535468,-0.5758586338515858,782.4129906407229,-0.998992615329576,-0.0448748762335184,481.5387086448607,0.8471872925157625,0.531294354759969,1261.3638998811407
0.8175492852535468,-0.5758586338515858,782.4129906407229,-0.998992615329576,-0.0448748762335184,481.5387086448607,0.8471872925157625,0.531294354759969,1261.3638998811407,-90,0.2111920808539719,-0.9774445789836728,803.7215252865448,-0.7894675267609956,0.6137923298558534,467.19226257391074,0.9807923708421432,-0.1950546725865537,1266.4167600789758
0.2111920808539719,-0.9774445789836728,803.7215252865448,-0.7894675267609956,0.6137923298558534,467.19226257391074,0.9807923708421432,-0.1950546725865537,1266.4167600789758,-90,-0.5021331565310688,-0.8647903174250653,819.8787340498899,-0.1606906181191354,0.9870048253420498,447.6949168208748,0.57611238250616,-0.8173704929363892,1283.1037130907423
-0.5021331565310688,-0.8647903174250653,819.8787340498899,-0.1606906181191354,0.9870048253420498,447.6949168208748,0.57611238250616,-0.8173704929363892,1283.1037130907423,45,-0.1710223806673189,-0.985267144134464,841.3984677809974,-0.5112071249778521,0.8594575471609279,428.908780026954,0.813378289069172,-0.5817351277608277,1295.501980540443
-0.1710223806673189,-0.985267144134464,841.3984677809974,-0.5112071249778521,0.8594575471609279,428.908780026954,0.813378289069172,-0.5817351277608277,1295.501980540443,-90,-0.7443775256358511,-0.6677590129142756,854.0494947333264,0.1587393214926125,0.9873205294189245,409.0835360342066,0.2573323303382487,-0.9663229645220516,1315.266413869924
-0.7443775256358511,-0.6677590129142756,854.0494947333264,0.1587393214926125,0.9873205294189245,409.0835360342066,0.2573323303382487,-0.9663229645220516,1315.266413869924,90,-0.1590300308007464,-0.9872737458797908,876.1063699830804,-0.5220289911992455,0.8529277415745709,390.7710986305538,0.7977910644689769,-0.6029340075443222,1327.3263545657978
-0.1590300308007464,-0.9872737458797908,876.1063699830804,-0.5220289911992455,0.8529277415745709,390.7710986305538,0.7977910644689769,-0.6029340075443222,1327.3263545657978,-90,-0.7128354222787134,-0.7013313487537316,891.7055503747075,0.1115538229852559,0.9937583934626032,367.925194257012,0.2632982113812657,-0.964714492419092,1349.688256068437
-0.8241960771128612,0.5663045350973012,889.2403282814439,0.9478084904525144,-0.3188401879094384,319.79224731392407,-0.9291815291690726,-0.3696237084536434,1440.4632454325551,-90,-0.2474015102043299,0.9689130470525292,867.9730690531935,0.4716022614685276,-0.881811378344468,339.101000590709,-0.9455500536660416,0.3254767211524436,1432.765399010466
-0.2474015102043299,0.9689130470525292,867.9730690531935,0.4716022614685276,-0.881811378344468,339.101000590709,-0.9455500536660416,0.3254767211524436,1432.765399010466,-45,-0.0075085541416375,0.9999718104100246,843.6635846986522,0.2306977649954754,-0.9730254576454268,362.7640612665207,-0.8474372587640576,0.5308955570151812,1419.5188495214074
-0.0075085541416375,0.9999718104100246,843.6635846986522,0.2306977649954754,-0.9730254576454268,362.7640612665207,-0.8474372587640576,0.5308955570151812,1419.5188495214074,-45,0.3414795925101537,0.9398891891596048,819.1367071790276,-0.1044924293463226,-0.9945256820260118,388.68442861542576,-0.6266766814568716,0.7792793702634522,1399.0243118145231
0.3414795925101537,0.9398891891596048,819.1367071790276,-0.1044924293463226,-0.9945256820260118,388.68442861542576,-0.6266766814568716,0.7792793702634522,1399.0243118145231,0,0.3655061955547114,0.930808906817678,794.6667398271177,-0.1115099593222024,-0.9937633163746592,414.6994422319133,-0.6247990120882061,0.7807856264645257,1378.5878961413598
0.3655061955547114,0.930808906817678,794.6667398271177,-0.1115099593222024,-0.9937633163746592,414.6994422319133,-0.6247990120882061,0.7807856264645257,1378.5878961413598,-90,0.8970050210535374,0.4420203527041973,785.3174992654946,-0.7074081658724245,-0.7068052679890072,429.4962335720885,0.0396159543352646,0.9992149799528158,1356.454044430776
0.8970050210535374,0.4420203527041973,785.3174992654946,-0.7074081658724245,-0.7068052679890072,429.4962335720885,0.0396159543352646,0.9992149799528158,1356.454044430776,-45,0.9913745607048876,0.1310590721285293,781.7522083270185,-0.8573412724168725,-0.5147484265256359,441.787228452985,0.3340007328113118,0.9425728144188684,1332.7642984504687
0.9913745607048876,0.1310590721285293,781.7522083270185,-0.8573412724168725,-0.5147484265256359,441.787228452985,0.3340007328113118,0.9425728144188684,1332.7642984504687,45,0.921175665244904,0.389147007903965,770.6723027450837,-0.6382292816615569,-0.7698463379335989,462.27355344904817,0.0414552995574134,0.9991403595784754,1305.9885903859995
0.921175665244904,0.389147007903965,770.6723027450837,-0.6382292816615569,-0.7698463379335989,462.27355344904817,0.0414552995574134,0.9991403595784754,1305.9885903859995,45,0.7520547319900452,0.659100660059889,752.806374302981,-0.3246705737573629,-0.9458271610268256,486.99371370809297,-0.304842895773276,0.9524026506139952,1281.4320727963693
0.7520547319900452,0.659100660059889,752.806374302981,-0.3246705737573629,-0.9458271610268256,486.99371370809297,-0.304842895773276,0.9524026506139952,1281.4320727963693,-90,0.9996316207616612,-0.027140795371803,753.7867826395604,-0.8588111903837247,-0.5122922401048935,493.4549560822143,0.4107568500575024,0.9117449260241806,1268.8147042346648
0.9996316207616612,-0.027140795371803,753.7867826395604,-0.8588111903837247,-0.5122922401048935,493.4549560822143,0.4107568500575024,0.9117449260241806,1268.8147042346648,0,0.998642731767058,-0.0520835318390346,754.68445356205,-0.8307003284219925,-0.5567198257288793,507.3423148607358,0.4099692460480671,0.9120993461760508,1245.2623115023798
0.998642731767058,-0.0520835318390346,754.68445356205,-0.8307003284219925,-0.5567198257288793,507.3423148607358,0.4099692460480671,0.9120993461760508,1245.2623115023798,45,0.9759151306198972,0.2181505393693739,748.8709843644698,-0.6059917281882631,-0.7954709456462896,525.9526130964747,0.1219979574615019,0.9925303513622248,1222.0523684453992
0.9759151306198972,0.2181505393693739,748.8709843644698,-0.6059917281882631,-0.7954709456462896,525.9526130964747,0.1219979574615019,0.9925303513622248,1222.0523684453992,45,0.9053080350027816,0.4247556494732029,740.2923449569096,-0.3855277023873108,-0.922696261340622,543.6560272836125,-0.1212527963067377,0.9926216597414128,1203.107358468811
0.9053080350027816,0.4247556494732029,740.2923449569096,-0.3855277023873108,-0.922696261340622,543.6560272836125,-0.1212527963067377,0.9926216597414128,1203.107358468811,45,0.708412270671912,0.7057988769907938,724.2251412640544,-0.0296569069763039,-0.9995601371946556,565.7905259360036,-0.4761401647069351,0.8793694010783254,1183.7879097367652
0.708412270671912,0.7057988769907938,724.2251412640544,-0.0296569069763039,-0.9995601371946556,565.7905259360036,-0.4761401647069351,0.8793694010783254,1183.7879097367652,-90,0.9978621866443728,0.0653533202317279,722.8654039226383,-0.6344789826969914,-0.7729401144434095,583.6337757431786,0.1921302977937868,0.9813694251756934,1160.4855846533549
0.9978621866443728,0.0653533202317279,722.8654039226383,-0.6344789826969914,-0.7729401144434095,583.6337757431786,0.1921302977937868,0.9813694251756934,1160.4855846533549,-90,0.7828135083409209,-0.6222563869973365,735.8039506136009,-0.9803248957681846,-0.1973907260665962,585.6848075019383,0.7984887692731906,0.602009705357468,1149.9813971271808
0.7828135083409209,-0.6222563869973365,735.8039506136009,-0.9803248957681846,-0.1973907260665962,585.6848075019383,0.7984887692731906,0.602009705357468,1149.9813971271808,45,0.9391049763835267,-0.3436303876721257,743.8747425819339,-0.8322468045805487,-0.5544053176742321,599.540077602272,0.5509264555999035,0.8345537972594262,1128.655604093356
0.9391049763835267,-0.3436303876721257,743.8747425819339,-0.8322468045805487,-0.5544053176742321,599.540077602272,0.5509264555999035,0.8345537972594262,1128.655604093356,45,0.9991354524039842,-0.0415734019474711,744.2813212337883,-0.5774718717963,-0.8164105813156011,620.2326508154126,0.2429619224375032,0.9700358262690468,1103.9411420621634
0.9991354524039842,-0.0415734019474711,744.2813212337883,-0.5774718717963,-0.8164105813156011,620.2326508154126,0.2429619224375032,0.9700358262690468,1103.9411420621634,-90,0.7462142029749527,-0.6657059135072003,758.5743066393117,-0.949818440544119,-0.3128017423262501,624.6638669663168,0.8010302557011718,0.5986238630820819,1093.155185091903
0.7462142029749527,-0.6657059135072003,758.5743066393117,-0.949818440544119,-0.3128017423262501,624.6638669663168,0.8010302557011718,0.5986238630820819,1093.155185091903,45,0.870890285540281,-0.4914774771559401,769.1888218430323,-0.8316925474737004,-0.5552364419566737,637.1043710792385,0.6453337200660382,0.7639007721855818,1075.6829661421027
0.870890285540281,-0.4914774771559401,769.1888218430323,-0.8316925474737004,-0.5552364419566737,637.1043710792385,0.6453337200660382,0.7639007721855818,1075.6829661421027,-45,0.6757841476458861,-0.7370995765773598,787.3005390613212,-0.9454489839989344,-0.3257701930124713,644.5359778990207,0.8492199594272614,0.5280392603872941,1062.614576789838
0.6757841476458861,-0.7370995765773598,787.3005390613212,-0.9454489839989344,-0.3257701930124713,644.5359778990207,0.8492199594272614,0.5280392603872941,1062.614576789838,90,0.9674019783064212,-0.253245754888058,793.1213777691538,-0.5743386859459766,-0.8186177825003857,665.70282249247,0.4073425127017814,0.9132754663001732,1038.8447814156073
0.9674019783064212,-0.253245754888058,793.1213777691538,-0.5743386859459766,-0.8186177825003857,665.70282249247,0.4073425127017814,0.9132754663001732,1038.8447814156073,-90,0.5601447770620552,-0.8283947300231336,805.7232719154695,-0.9641887418934472,-0.2652170243516267,667.8451369188591,0.9104507152489398,0.4136175710758597,1034.2731123384044
0.5601447770620552,-0.8283947300231336,805.7232719154695,-0.9641887418934472,-0.2652170243516267,667.8451369188591,0.9104507152489398,0.4136175710758597,1034.2731123384044,-45,0.2966025246320281,-0.9550010169533366,829.7385069297736,-0.9997557719860348,-0.0220996918668083,667.9961600803181,0.9930268785966802,0.1178881604934709,1030.92994421641
0.2966025246320281,-0.9550010169533366,829.7385069297736,-0.9997557719860348,-0.0220996918668083,667.9961600803181,0.9930268785966802,0.1178881604934709,1030.92994421641,0,0.2754403268309583,-0.961318171239499,854.7602175763329,-0.9988532503076823,-0.047876762106249,668.8899980947092,0.9968266128038172,0.0796034170502019,1028.3710952526526
0.2754403268309583,-0.961318171239499,854.7602175763329,-0.9988532503076823,-0.047876762106249,668.8899980947092,0.9968266128038172,0.0796034170502019,1028.3710952526526,-90,-0.3338623951837534,-0.9426218229397022,874.428139469888,-0.8500359524642211,0.5267246714539242,656.6002825896209,0.8439972692977837,-0.5363474707853896,1040.4819705774676
-0.3338623951837534,-0.9426218229397022,874.428139469888,-0.8500359524642211,0.5267246714539242,656.6002825896209,0.8439972692977837,-0.5363474707853896,1040.4819705774676,0,-0.3248362996209912,-0.9457702566947966,898.6462088697921,-0.8674195823671013,0.4975773991311136,643.4731142138342,0.8328317204394029,-0.5535262644445557,1054.447859647906
-0.3248362996209912,-0.9457702566947966,898.6462088697921,-0.8674195823671013,0.4975773991311136,643.4731142138342,0.8328317204394029,-0.5535262644445557,1054.447859647906,0,-0.3107830103730478,-0.9504808890574634,923.18268888688,-0.8873215766975532,0.4611511894454661,631.1227115707452,0.8247978769224895,-0.5654276808082125,1068.8691393526196
-0.3107830103730478,-0.9504808890574634,923.18268888688,-0.8873215766975532,0.4611511894454661,631.1227115707452,0.8247978769224895,-0.5654276808082125,1068.8691393526196,-45,-0.5540304323973215,-0.8324964143932615,945.185141728434,-0.7416409904372677,0.6707970194501676,612.9215872721404,0.618848261491848,-0.7855105532381582,1089.6821151804777
-0.5540304323973215,-0.8324964143932615,945.185141728434,-0.7416409904372677,0.6707970194501676,612.9215872721404,0.618848261491848,-0.7855105532381582,1089.6821151804777,-90,-0.9587639606059776,-0.2842035676115613,950.032323021596,-0.1202353960096571,0.9927454102368848,591.5195810671106,-0.0482666530574688,-0.9988344858897444,1111.0326614397122
-0.9587639606059776,-0.2842035676115613,950.032323021596,-0.1202353960096571,0.9927454102368848,591.5195810671106,-0.0482666530574688,-0.9988344858897444,1111.0326614397122,-45,-0.9998615328949584,0.0166407643136907,949.1177223073912,0.2188913454163529,0.9757492397649198,566.7382912755852,-0.3629319905946181,-0.9318156310145416,1134.6089594208086
-0.9998615328949584,0.0166407643136907,949.1177223073912,0.2188913454163529,0.9757492397649198,566.7382912755852,-0.3629319905946181,-0.9318156310145416,1134.6089594208086,-45,-0.962015590545811,0.2729945119353033,941.4858881702104,0.5058523839263381,0.8626200587025789,544.261920056557,-0.6001321145377105,-0.7999008970494385,1155.167865560521
-0.962015590545811,0.2729945119353033,941.4858881702104,0.5058523839263381,0.8626200587025789,544.261920056557,-0.6001321145377105,-0.7999008970494385,1155.167865560521,-45,-0.8559350097483351,0.5170834159853877,927.4990660341442,0.7560085765896324,0.6545617099425523,527.1866059510712,-0.7931643457335277,-0.6090076523797587,1170.4978246430917
-0.8559350097483351,0.5170834159853877,927.4990660341442,0.7560085765896324,0.6545617099425523,527.1866059510712,-0.7931643457335277,-0.6090076523797587,1170.4978246430917,-90,-0.352563866565273,0.935787753709432,912.7196449106374,0.999926989628913,0.0120836836957838,527.5651525696139,-0.9999916014294548,0.0040984229350204,1169.5387253980948
-0.352563866565273,0.935787753709432,912.7196449106374,0.999926989628913,0.0120836836957838,527.5651525696139,-0.9999916014294548,0.0040984229350204,1169.5387253980948,45,-0.6466456345420386,0.7627905501038436,896.2282970742276,0.9553051863412182,0.2956213810764884,520.441928054005,-0.942572840524568,-0.3340006591392406,1176.9093934864186
-0.6466456345420386,0.7627905501038436,896.2282970742276,0.9553051863412182,0.2956213810764884,520.441928054005,-0.942572840524568,-0.3340006591392406,1176.9093934864186,-90,0.0133814348387499,0.9999104645925336,876.2327713650523,0.9008100916650524,-0.4342132871693358,529.5820518239643,-0.936207065257704,0.351448902347919,1168.9514744479686
0.0133814348387499,0.9999104645925336,876.2327713650523,0.9008100916650524,-0.4342132871693358,529.5820518239643,-0.936207065257704,0.351448902347919,1168.9514744479686,0,0.0039469785906494,0.9999922106496656,849.6518345794647,0.8851752057578822,-0.4652578372381177,541.4839609852262,-0.9466951233602452,0.3221309413979509,1160.0580675139715
0.0039469785906494,0.9999922106496656,849.6518345794647,0.8851752057578822,-0.4652578372381177,541.4839609852262,-0.9466951233602452,0.3221309413979509,1160.0580675139715,-90,0.6420371672088725,0.7666735132521576,833.6596249869488,0.3871347469892416,-0.9220231492069902,561.8366758528496,-0.5449634298107678,0.8384598142838358,1141.2338455958009
0.6420371672088725,0.7666735132521576,833.6596249869488,0.3871347469892416,-0.9220231492069902,561.8366758528496,-0.5449634298107678,0.8384598142838358,1141.2338455958009,-45,0.8497263191944316,0.5272240344182755,820.8673625017016,0.0996254610266862,-0.9950250084873346,585.7503451305001,-0.2844939554773898,0.958677833944662,1118.1420065539528
0.8497263191944316,0.5272240344182755,820.8673625017016,0.0996254610266862,-0.9950250084873346,585.7503451305001,-0.2844939554773898,0.958677833944662,1118.1420065539528,-90,0.988017263007551,-0.154343409315292,825.2048286284623,-0.5301169639362393,-0.8479245276243776,605.3814410697854,0.3915979472755558,0.9201364288460548,1096.4402989637556
0.988017263007551,-0.154343409315292,825.2048286284623,-0.5301169639362393,-0.8479245276243776,605.3814410697854,0.3915979472755558,0.9201364288460548,1096.4402989637556,0,0.965927857700274,-0.2588114636536778,839.7471365152012,-0.4988887306213076,-0.8666660455210302,667.7810818565317,0.4365085399878607,0.8997001136588048,1030.2848796742967
0.965927857700274,-0.2588114636536778,839.7471365152012,-0.4988887306213076,-0.8666660455210302,667.7810818565317,0.4365085399878607,0.8997001136588048,1030.2848796742967,-45,0.8082934125770632,-0.5887798902684478,854.891854460434,-0.7424629464059582,-0.6698871346832861,684.421801831882,0.7265999189770675,0.6870608108039047,1012.7460900061772
0.8082934125770632,-0.5887798902684478,854.891854460434,-0.7424629464059582,-0.6698871346832861,684.421801831882,0.7265999189770675,0.6870608108039047,1012.7460900061772,45,0.9541085588110666,-0.2994609457065638,860.0979081539613,-0.4603243551898675,-0.8877508028827868,700.8776295551314,0.4577362034780216,0.8890880541462286,996.180391099333
0.9541085588110666,-0.2994609457065638,860.0979081539613,-0.4603243551898675,-0.8877508028827868,700.8776295551314,0.4577362034780216,0.8890880541462286,996.180391099333,-45,0.7742753562536393,-0.6328488545445113,873.7360008791901,-0.729435161496861,-0.6840499580966644,715.3490051942199,0.7537037315593074,0.6572143372093883,981.9781867395832
0.7742753562536393,-0.6328488545445113,873.7360008791901,-0.729435161496861,-0.6840499580966644,715.3490051942199,0.7537037315593074,0.6572143372093883,981.9781867395832,0,0.7676204760000269,-0.6409046768634881,890.3535400090699,-0.7026249689342373,-0.7115603649938367,733.7705269405977,0.7587491854205175,0.6513828932538075,964.6973547215118
0.7676204760000269,-0.6409046768634881,890.3535400090699,-0.7026249689342373,-0.7115603649938367,733.7705269405977,0.7587491854205175,0.6513828932538075,964.6973547215118,0,0.7556399412094189,-0.6549872359435914,904.3218308219978,-0.6882182112514625,-0.7255037516800567,749.281504977435,0.7699532207050863,0.6381003353124527,950.7777730370278
0.7556399412094189,-0.6549872359435914,904.3218308219978,-0.6882182112514625,-0.7255037516800567,749.281504977435,0.7699532207050863,0.6381003353124527,950.7777730370278,0,0.7420345364715709,-0.6703616536492976,920.769434958358,-0.6719845063253279,-0.7405652052714232,767.5215908061047,0.7829076538941147,0.622137931229091,935.0929880784764
0.7420345364715709,-0.6703616536492976,920.769434958358,-0.6719845063253279,-0.7405652052714232,767.5215908061047,0.7829076538941147,0.622137931229091,935.0929880784764,90,0.9994337683298926,-0.033647328599913,920.5151005540324,-0.0166785083441636,-0.999860904005859,785.6218901914589,0.1803961554128417,0.983594035724224,917.1710788876852
0.9994337683298926,-0.033647328599913,920.5151005540324,-0.0166785083441636,-0.999860904005859,785.6218901914589,0.1803961554128417,0.983594035724224,917.1710788876852,-45,0.9201456810393788,-0.3915762067140673,930.3075746623784,-0.3422708346021855,-0.9396013387499632,808.8710499666784,0.5137875898034223,0.8579174275907853,895.8731112575022
0.9201456810393788,-0.3915762067140673,930.3075746623784,-0.3422708346021855,-0.9396013387499632,808.8710499666784,0.5137875898034223,0.8579174275907853,895.8731112575022,0,0.912775855406502,-0.4084608154853149,940.6181983801998,-0.3257444985175956,-0.945457837074462,833.3893754566427,0.5206610856098474,0.8537634531482213,873.5908121792565
