red_sin_t,red_cos_t,red_dist_t,green_sin_t,green_cos_t,green_dist_t,blue_sin_t,blue_cos_t,blue_dist_t,action,red_sin_t1,red_cos_t1,red_dist_t1,green_sin_t1,green_cos_t1,green_dist_t1,blue_sin_t1,blue_cos_t1,blue_dist_t1
-0.723171980072809,-0.6906680007337626,840.4877548768036,-0.15419151383909985,0.98804097944367,501.90906158172714,0.38864136830863616,-0.9213891071850107,1205.706757921614,0,-0.7147428436895162,-0.6993873514688579,859.2365273761644,-0.15193851993305635,0.9883899464080724,475.24003406431365,0.37095805260863085,-0.9286496234882198,1230.6741120123759
-0.7147428436895162,-0.6993873514688579,859.2365273761644,-0.15193851993305635,0.9883899464080724,475.24003406431365,0.37095805260863085,-0.9286496234882198,1230.6741120123759,45,-0.4073489379574016,-0.9132726004567184,883.4350274629255,-0.5195190618957936,0.8544588605233809,452.54348713512604,0.6668450600717841,-0.7451963941524803,1250.1111981533563
-0.4073489379574016,-0.9132726004567184,883.4350274629255,-0.5195190618957936,0.8544588605233809,452.54348713512604,0.6668450600717841,-0.7451963941524803,1250.1111981533563,-90,-0.8928296819559566,-0.45039444825444436,889.1029020858272,0.16028695435025775,0.9870704596254101,437.96617506086017,0.030775537319769272,-0.9995263209654258,1265.0639709111315
-0.8928296819559566,-0.45039444825444436,889.1029020858272,0.16028695435025775,0.9870704596254101,437.96617506086017,0.030775537319769272,-0.9995263209654258,1265.0639709111315,-45,-0.9892742115639078,-0.14607030613580754,891.330129981776,0.4958139637650524,0.8684287612323692,423.5552863716023,-0.2996114992211557,-0.9540612923363212,1280.8101657206387
-0.9892742115639078,-0.14607030613580754,891.330129981776,0.4958139637650524,0.8684287612323692,423.5552863716023,-0.2996114992211557,-0.9540612923363212,1280.8101657206387,45,-0.8575017124820997,-0.5144811105281383,902.9819886715404,0.15368793541623624,0.9881194353454924,401.11573375424956,0.06644822791450052,-0.9977898741754311,1303.403111805864
-0.8575017124820997,-0.5144811105281383,902.9819886715404,0.15368793541623624,0.9881194353454924,401.11573375424956,0.06644822791450052,-0.9977898741754311,1303.403111805864,45,-0.6787866485382245,-0.7343355403126318,921.8050980754283,-0.11914118381197596,0.9928773228953721,375.76652170975797,0.31962282354860627,-0.9475448541714616,1327.487521160877
-0.6787866485382245,-0.7343355403126318,921.8050980754283,-0.11914118381197596,0.9928773228953721,375.76652170975797,0.31962282354860627,-0.9475448541714616,1327.487521160877,90,-0.16657750395473347,-0.9860283642858408,945.2379744983272,-0.6726618006911338,0.7399500671605899,358.21316060929416,0.7747166332562254,-0.632308578271827,1341.9563735210247
-0.16657750395473347,-0.9860283642858408,945.2379744983272,-0.6726618006911338,0.7399500671605899,358.21316060929416,0.7747166332562254,-0.632308578271827,1341.9563735210247,0,-0.15315050759316584,-0.9882028749320433,967.39969109502,-0.7120468808646335,0.7021319245348031,342.1167086401072,0.7728523281278188,-0.6345859113685163,1356.0681997343422
-0.15315050759316584,-0.9882028749320433,967.39969109502,-0.7120468808646335,0.7021319245348031,342.1167086401072,0.7728523281278188,-0.6345859113685163,1356.0681997343422,90,0.4316710884210852,-0.9020310811836562,988.7161917364659,-0.9954529565538679,0.09525445547670248,340.09873243201014,0.9956452165326528,-0.09322340261783413,1356.9581083444912
0.4316710884210852,-0.9020310811836562,988.7161917364659,-0.9954529565538679,0.09525445547670248,340.09873243201014,0.9956452165326528,-0.09322340261783413,1356.9581083444912,45,0.6841441928810666,-0.7293467785265895,1005.7133357228838,-0.9565744194669399,-0.29148821592216545,346.8379933785369,0.9772903183997762,0.21190477475050928,1351.1517581866406
0.6841441928810666,-0.7293467785265895,1005.7133357228838,-0.9565744194669399,-0.29148821592216545,346.8379933785369,0.9772903183997762,0.21190477475050928,1351.1517581866406,-90,0.0973687880271746,-0.9952483705679297,1023.7146583377469,-0.9522295978230001,0.30538302675467643,340.19456447093626,0.8990789681387303,-0.43778648797170056,1359.63345858197
0.0973687880271746,-0.9952483705679297,1023.7146583377469,-0.9522295978230001,0.30538302675467643,340.19456447093626,0.8990789681387303,-0.43778648797170056,1359.63345858197,0,0.10574097545588969,-0.9943937077986953,1049.369239231954,-0.9747256569162849,0.2234052231912155,333.4778557059674,0.896459948269521,-0.44312476927904604,1370.8902363961347
0.10574097545588969,-0.9943937077986953,1049.369239231954,-0.9747256569162849,0.2234052231912155,333.4778557059674,0.896459948269521,-0.44312476927904604,1370.8902363961347,45,0.44797050757801443,-0.8940483344541815,1071.1595809792861,-0.9766889944962239,-0.21465928358669972,338.4361208909593,0.9942287900429142,-0.10728053434711653,1372.7905477252239
0.44797050757801443,-0.8940483344541815,1071.1595809792861,-0.9766889944962239,-0.21465928358669972,338.4361208909593,0.9942287900429142,-0.10728053434711653,1372.7905477252239,90,0.916379841350716,-0.4003098629387447,1078.7268854557208,-0.5688771047813929,-0.8224225432559228,357.84512488645146,0.8287853244427651,0.5595666948526338,1358.6735345199743
0.916379841350716,-0.4003098629387447,1078.7268854557208,-0.5688771047813929,-0.8224225432559228,357.84512488645146,0.8287853244427651,0.5595666948526338,1358.6735345199743,90,0.9500861933880222,0.31198754002917733,1070.7870100636308,0.1281771495071021,-0.9917512885518395,376.82253239556945,0.23111793706538297,0.9729257418563051,1339.3746977306275
0.9500861933880222,0.31198754002917733,1070.7870100636308,0.1281771495071021,-0.9917512885518395,376.82253239556945,0.23111793706538297,0.9729257418563051,1339.3746977306275,45,0.8504639073924366,0.5260334040940642,1060.7371387395135,0.35399035306083615,-0.9352490737444569,394.01786444435487,-0.01844978131329827,0.9998297882987341,1320.8481205275987
0.8504639073924366,0.5260334040940642,1060.7371387395135,0.35399035306083615,-0.9352490737444569,394.01786444435487,-0.01844978131329827,0.9998297882987341,1320.8481205275987,0,0.8567749958168063,0.5156904173466011,1050.9054333037202,0.3414874383496652,-0.9398863385800347,411.58832557214254,-0.021810038378754015,0.9997621328225615,1302.088840957974
0.8567749958168063,0.5156904173466011,1050.9054333037202,0.3414874383496652,-0.9398863385800347,411.58832557214254,-0.021810038378754015,0.9997621328225615,1302.088840957974,45,0.6174566208354403,0.7866049334872489,1032.9115513309016,0.636577498836359,-0.771212738467957,428.8224258044465,-0.3944959037181205,0.9188976993929321,1281.2010431125982
0.6174566208354403,0.7866049334872489,1032.9115513309016,0.636577498836359,-0.771212738467957,428.8224258044465,-0.3944959037181205,0.9188976993929321,1281.2010431125982,-45,0.8583080957221007,0.5131346926664591,1020.8988840651751,0.3203530525106576,-0.9472982221809053,450.9589465633429,-0.05947020296828332,0.9982300811731287,1257.8646554719312
0.8583080957221007,0.5131346926664591,1020.8988840651751,0.3203530525106576,-0.9472982221809053,450.9589465633429,-0.05947020296828332,0.9982300811731287,1257.8646554719312,45,0.644290085152953,0.764781201503803,1002.7640475767219,0.597622134651034,-0.8017778895524255,468.9383489462661,-0.4016631085915268,0.9157875011139819,1236.8787390494065
0.644290085152953,0.764781201503803,1002.7640475767219,0.597622134651034,-0.8017778895524255,468.9383489462661,-0.4016631085915268,0.9157875011139819,1236.8787390494065,0,0.6667656955069967,0.7452674065696627,983.5844704898508,0.5621047428268936,-0.8270660542493035,489.716010141388,-0.39739117094844817,0.9176493106041225,1213.5160199143645
0.6667656955069967,0.7452674065696627,983.5844704898508,0.5621047428268936,-0.8270660542493035,489.716010141388,-0.39739117094844817,0.9176493106041225,1213.5160199143645,45,0.43971688667457526,0.8981364370591023,916.5158954375969,0.71432861754236,-0.6998104215857468,538.290355282147,-0.6875170908561662,0.7261681966188509,1159.0257402619582
0.43971688667457526,0.8981364370591023,916.5158954375969,0.71432861754236,-0.6998104215857468,538.290355282147,-0.6875170908561662,0.7261681966188509,1159.0257402619582,45,0.1081086074062089,0.994139089365613,893.2744359190685,0.8939263478358678,-0.4482138826997967,548.0749016936736,-0.9025890977384109,0.4305031017818121,1149.0534965207364
0.1081086074062089,0.994139089365613,893.2744359190685,0.8939263478358678,-0.4482138826997967,548.0749016936736,-0.9025890977384109,0.4305031017818121,1149.0534965207364,-90,0.7037175676276506,0.7104798273084345,877.3107616290365,0.4230424799599578,-0.9061098499350555,569.6044350864203,-0.4628878308025715,0.8864168636115233,1127.8257012810623
0.7037175676276506,0.7104798273084345,877.3107616290365,0.4230424799599578,-0.9061098499350555,569.6044350864203,-0.4628878308025715,0.8864168636115233,1127.8257012810623,-45,0.9206357702642748,0.39042256403787085,867.8566097740168,0.07001166791136061,-0.9975461725435416,593.3719028808576,-0.11933691635616596,0.9928538162260351,1104.1582020382994
0.9206357702642748,0.39042256403787085,867.8566097740168,0.07001166791136061,-0.9975461725435416,593.3719028808576,-0.11933691635616596,0.9928538162260351,1104.1582020382994,45,0.7806440087406891,0.6249759448308926,850.5139442724851,0.34382326983270617,-0.9390343758998102,617.9520769460524,-0.41460616879897955,0.9100009476884252,1080.2549927688092
0.7806440087406891,0.6249759448308926,850.5139442724851,0.34382326983270617,-0.9390343758998102,617.9520769460524,-0.41460616879897955,0.9100009476884252,1080.2549927688092,-90,0.999869280195142,-0.016168565862458364,851.295594523195,-0.2991638528132914,-0.9542017549606097,638.0485477254846,0.2416884360415741,0.970353904451246,1059.7176365686287
0.999869280195142,-0.016168565862458364,851.295594523195,-0.2991638528132914,-0.9542017549606097,638.0485477254846,0.2416884360415741,0.970353904451246,1059.7176365686287,45,0.951485734158721,0.30769286259586803,843.0392761535194,0.05030633555433757,-0.9987338347142818,662.8289229789615,-0.11520509472414954,0.9933417267736213,1035.0843932440725
0.951485734158721,0.30769286259586803,843.0392761535194,0.05030633555433757,-0.9987338347142818,662.8289229789615,-0.11520509472414954,0.9933417267736213,1035.0843932440725,0,0.9570077936886169,0.2900622050858156,837.5694317907856,0.05082703705150463,-0.9987074708364632,680.8522725748513,-0.11931072605766951,0.9928569638410115,1017.1676720533048
0.9570077936886169,0.2900622050858156,837.5694317907856,0.05082703705150463,-0.9987074708364632,680.8522725748513,-0.11931072605766951,0.9928569638410115,1017.1676720533048,90,0.6221646885850309,0.7828863904027783,816.3995497790552,0.606025293805011,-0.7954453741574905,701.481946224879,-0.6905035945009703,0.7233289611105306,998.1174604621663
0.6221646885850309,0.7828863904027783,816.3995497790552,0.606025293805011,-0.7954453741574905,701.481946224879,-0.6905035945009703,0.7233289611105306,998.1174604621663,-45,0.8652897456010362,0.5012720380768252,804.2661614909997,0.28823445447757384,-0.9575598671895222,724.2408235659371,-0.41044057750782886,0.911887346296153,976.3577103292968
0.8652897456010362,0.5012720380768252,804.2661614909997,0.28823445447757384,-0.9575598671895222,724.2408235659371,-0.41044057750782886,0.911887346296153,976.3577103292968,-90,0.9900810317266366,-0.14049751106378605,807.6703440374473,-0.32585653660418884,-0.9454192284655114,747.3560815552171,0.2168972158835226,0.9761944466867124,952.3863631098297
0.9900810317266366,-0.14049751106378605,807.6703440374473,-0.32585653660418884,-0.9454192284655114,747.3560815552171,0.2168972158835226,0.9761944466867124,952.3863631098297,90,0.8899089576594404,0.45613818857610267,795.3621564151916,0.29163594389766223,-0.9565293911986812,768.8838558959498,-0.41890524380486477,0.9080299536429328,932.0846613143162
0.8899089576594404,0.45613818857610267,795.3621564151916,0.29163594389766223,-0.9565293911986812,768.8838558959498,-0.41890524380486477,0.9080299536429328,932.0846613143162,-90,0.9608046632556659,-0.2772262596980423,802.4085312900678,-0.4059230861181377,-0.9139072426435447,789.3273941065796,0.2987737457362532,0.954323974789866,910.5035371084967
0.9608046632556659,-0.2772262596980423,802.4085312900678,-0.4059230861181377,-0.9139072426435447,789.3273941065796,0.2987737457362532,0.954323974789866,910.5035371084967,0,0.9546895756368485,-0.2976034512070283,810.0200058416027,-0.3841464039981605,-0.9232721918780409,813.9929745787921,0.2970391767969338,0.9548652928281559,884.8843776808527
0.9546895756368485,-0.2976034512070283,810.0200058416027,-0.3841464039981605,-0.9232721918780409,813.9929745787921,0.2970391767969338,0.9548652928281559,884.8843776808527,-45,0.8098718020270604,-0.586606907802356,827.3677105166573,-0.6179937723772675,-0.7861829922498413,837.2537620133905,0.5778762461572837,0.8161244048104225,860.3342469096388
0.8098718020270604,-0.586606907802356,827.3677105166573,-0.6179937723772675,-0.7861829922498413,837.2537620133905,0.5778762461572837,0.8161244048104225,860.3342469096388,-90,0.24237325717075267,-0.9701830776757757,849.3628493078207,-0.9719858098813945,-0.23503954005488004,841.3024983823,0.9724294923620348,0.23319708914245751,855.7545382785298
0.24237325717075267,-0.9701830776757757,849.3628493078207,-0.9719858098813945,-0.23503954005488004,841.3024983823,0.9724294923620348,0.23319708914245751,855.7545382785298,-90,-0.4473897271277868,-0.8943391035063403,869.5511929900952,-0.8957794944246208,0.44449870344959463,829.7842064238736,0.8728950437171062,-0.4879080268391895,867.7828712474669
-0.4473897271277868,-0.8943391035063403,869.5511929900952,-0.8957794944246208,0.44449870344959463,829.7842064238736,0.8728950437171062,-0.4879080268391895,867.7828712474669,-90,-0.9124388856221772,-0.4092130007765629,877.7836085699067,-0.39838959530289747,0.917216294204586,807.9084400314229,0.3362607205444294,-0.9417689354714038,890.093115282894
-0.9124388856221772,-0.4092130007765629,877.7836085699067,-0.39838959530289747,0.917216294204586,807.9084400314229,0.3362607205444294,-0.9417689354714038,890.093115282894,90,-0.470588403602667,-0.8823528514118903,899.6101945451588,-0.8839742844130647,0.4675355221760269,797.2829849743304,0.8233161742730624,-0.5675830134706009,902.6734016960834
-0.470588403602667,-0.8823528514118903,899.6101945451588,-0.8839742844130647,0.4675355221760269,797.2829849743304,0.8233161742730624,-0.5675830134706009,902.6734016960834,45,-0.12892337799125222,-0.9916545581034379,924.5164874220696,-0.9952359606398424,0.09749555194617857,794.8274476358008,0.9629858616559089,-0.2695519064128959,908.73747557545
-0.12892337799125222,-0.9916545581034379,924.5164874220696,-0.9952359606398424,0.09749555194617857,794.8274476358008,0.9629858616559089,-0.2695519064128959,908.73747557545,-45,-0.45057259931649585,-0.8927397900537292,945.772239434197,-0.9129259971557644,0.40812513242528103,784.3673685744302,0.799653580261719,-0.6004616154048605,923.2866688544659
-0.45057259931649585,-0.8927397900537292,945.772239434197,-0.9129259971557644,0.40812513242528103,784.3673685744302,0.799653580261719,-0.6004616154048605,923.2866688544659,-45,-0.6869804037256526,-0.726675942148176,963.3417696905393,-0.7617080953259656,0.6479203481253615,767.8321204732842,0.567656023168306,-0.8232658376009195,943.7659483317354
-0.6869804037256526,-0.726675942148176,963.3417696905393,-0.7617080953259656,0.6479203481253615,767.8321204732842,0.567656023168306,-0.8232658376009195,943.7659483317354,-45,-0.8268074060669771,-0.5624851227124117,976.488179674034,-0.6035751952548425,0.7973060790393353,748.5990415723951,0.3506315658741943,-0.9365134836256286,966.1280222843701
-0.8268074060669771,-0.5624851227124117,976.488179674034,-0.6035751952548425,0.7973060790393353,748.5990415723951,0.3506315658741943,-0.9365134836256286,966.1280222843701,-90,-0.9929219054054964,0.11876906064257022,973.975150959579,0.08508732944604225,0.9963734974234013,734.7268844181043,-0.35825781677589774,-0.9336226950535036,978.8955455444337
-0.9929219054054964,0.11876906064257022,973.975150959579,0.08508732944604225,0.9963734974234013,734.7268844181043,-0.35825781677589774,-0.9336226950535036,978.8955455444337,-90,-0.7909530232980186,0.6118768789027119,959.2492331960464,0.615060545207137,0.7884798828946109,717.1432014508698,-0.7863954089546038,-0.6177234500770725,992.1351416955268
-0.7909530232980186,0.6118768789027119,959.2492331960464,0.615060545207137,0.7884798828946109,717.1432014508698,-0.7863954089546038,-0.6177234500770725,992.1351416955268,0,-0.8073108126102471,0.5901264710573341,944.7114759482955,0.6264069640234861,0.7794961933344376,698.0278596076283,-0.7703136860417167,-0.6376651355506459,1007.4661705429155
-0.8073108126102471,0.5901264710573341,944.7114759482955,0.6264069640234861,0.7794961933344376,698.0278596076283,-0.7703136860417167,-0.6376651355506459,1007.4661705429155,45,-0.9607273888404916,0.27749393566658526,938.0589738472058,0.35475516037657806,0.9349592377137029,675.9082174491392,-0.5153261259302343,-0.8569941563008094,1027.656015607982
-0.9607273888404916,0.27749393566658526,938.0589738472058,0.35475516037657806,0.9349592377137029,675.9082174491392,-0.5153261259302343,-0.8569941563008094,1027.656015607982,-90,-0.64352954455513,0.7654212730808224,921.9127613546644,0.8371093559888787,0.5470355803015785,665.4668883938423,-0.903045432584724,-0.4295450461684649,1035.269810024702
-0.64352954455513,0.7654212730808224,921.9127613546644,0.8371093559888787,0.5470355803015785,665.4668883938423,-0.903045432584724,-0.4295450461684649,1035.269810024702,-90,0.03630417986132483,0.9993407859807367,897.4867892929511,0.9817873091589981,-0.18998336657279727,670.0948417615002,-0.9644804709938778,0.26415416156371213,1028.1385008622963
0.03630417986132483,0.9993407859807367,897.4867892929511,0.9817873091589981,-0.18998336657279727,670.0948417615002,-0.9644804709938778,0.26415416156371213,1028.1385008622963,45,-0.21785563646370637,0.9759810047644336,872.217303565906,0.9998102039328742,0.01948219986819856,668.8047133803559,-0.9999739107650022,-0.007223419505151741,1028.2820161024795
-0.21785563646370637,0.9759810047644336,872.217303565906,0.9998102039328742,0.01948219986819856,668.8047133803559,-0.9999739107650022,-0.007223419505151741,1028.2820161024795,45,-0.5417988200922941,0.8405082025456967,853.4753707356118,0.9472998319365274,0.32034829235228773,660.6350039562617,-0.9338230876435134,-0.3577351548058076,1036.7399521829425
-0.5417988200922941,0.8405082025456967,853.4753707356118,0.9472998319365274,0.32034829235228773,660.6350039562617,-0.9338230876435134,-0.3577351548058076,1036.7399521829425,45,-0.8126932298187894,0.5826917831982054,839.5904291465214,0.7953855623018956,0.6061037924990219,645.8248127119614,-0.7410779389912318,-0.6714190110061735,1052.6760986715906
-0.8126932298187894,0.5826917831982054,839.5904291465214,0.7953855623018956,0.6061037924990219,645.8248127119614,-0.7410779389912318,-0.6714190110061735,1052.6760986715906,45,-0.9675722063328657,0.2525945872978091,833.684721802103,0.5649344195812295,0.8251358079567384,626.0551216676132,-0.46632079183851716,-0.8846156900593038,1073.6255470909073
-0.9675722063328657,0.2525945872978091,833.684721802103,0.5649344195812295,0.8251358079567384,626.0551216676132,-0.46632079183851716,-0.8846156900593038,1073.6255470909073,45,-0.9996787475058206,-0.025345646276897452,834.2693857126305,0.3540981464812676,0.9352082669964646,603.2085277392306,-0.2266744242790111,-0.9739705875321795,1097.3036625917778
-0.9996787475058206,-0.025345646276897452,834.2693857126305,0.3540981464812676,0.9352082669964646,603.2085277392306,-0.2266744242790111,-0.9739705875321795,1097.3036625917778,-90,-0.8638753326804399,0.5037056775402271,821.1121737079593,0.8271234143843313,0.5620203353769379,589.8138704806881,-0.7106273050353867,-0.7035686415255752,1113.7343317916575
-0.8638753326804399,0.5037056775402271,821.1121737079593,0.8271234143843313,0.5620203353769379,589.8138704806881,-0.7106273050353867,-0.7035686415255752,1113.7343317916575,90,-0.9663551627942033,-0.25721139037956486,827.5961002392229,0.21582842991101928,0.9764313026742558,568.136484597821,-0.028298450320521917,-0.9995995186620774,1135.6937373830895
-0.9663551627942033,-0.25721139037956486,827.5961002392229,0.21582842991101928,0.9764313026742558,568.136484597821,-0.028298450320521917,-0.9995995186620774,1135.6937373830895,0,-0.957945932929066,-0.2869487577681095,833.19886949307,0.21597438912765465,0.9763990286972516,548.3625407743767,-0.020462880675719483,-0.9997906133358381,1155.9191477454337
-0.957945932929066,-0.2869487577681095,833.19886949307,0.21597438912765465,0.9763990286972516,548.3625407743767,-0.020462880675719483,-0.9997906133358381,1155.9191477454337,-45,-0.9989727503954606,0.0453149419874811,831.836088847779,0.5652361744121432,0.8249291285534323,531.1488668062561,-0.36633207069603946,-0.9304841825520475,1175.2070110025595
-0.9989727503954606,0.0453149419874811,831.836088847779,0.5652361744121432,0.8249291285534323,531.1488668062561,-0.36633207069603946,-0.9304841825520475,1175.2070110025595,-90,-0.7116606366282554,0.7025234076341274,815.6028124891428,0.9844013140092805,0.17593763945444343,527.5424795598929,-0.8956174085054732,-0.4448251989062,1184.2086757578666
-0.7116606366282554,0.7025234076341274,815.6028124891428,0.9844013140092805,0.17593763945444343,527.5424795598929,-0.8956174085054732,-0.4448251989062,1184.2086757578666,-90,-0.08681642869193362,0.9962243259975027,793.6118801653237,0.8453771093836184,-0.5341699569708107,539.787565936397,-0.9742974058767431,0.2252655430860408,1178.1333949683033
-0.08681642869193362,0.9962243259975027,793.6118801653237,0.8453771093836184,-0.5341699569708107,539.787565936397,-0.9742974058767431,0.2252655430860408,1178.1333949683033,0,-0.09262702055518911,0.9957008762992371,775.7552745518655,0.8323506585838085,-0.5542493853448105,549.5127350617454,-0.9783234010799046,0.20708288895862026,1174.297988585112
-0.09262702055518911,0.9957008762992371,775.7552745518655,0.8323506585838085,-0.5542493853448105,549.5127350617454,-0.9783234010799046,0.20708288895862026,1174.297988585112,45,-0.3871851599957449,0.922001980409516,753.7700277692792,0.9440438825586343,-0.3298198717536885,556.6734543368311,-0.9945766736544871,-0.10400596243665954,1176.8102203683056
-0.3871851599957449,0.922001980409516,753.7700277692792,0.9440438825586343,-0.3298198717536885,556.6734543368311,-0.9945766736544871,-0.10400596243665954,1176.8102203683056,-90,0.21785620825260307,0.9759808771312061,733.0358783987521,0.5674488345810027,-0.8234086592529021,574.4371358293527,-0.8821726277905027,0.47092616701262136,1166.131278638829
0.21785620825260307,0.9759808771312061,733.0358783987521,0.5674488345810027,-0.8234086592529021,574.4371358293527,-0.8821726277905027,0.47092616701262136,1166.131278638829,-45,0.48105818924938776,0.876688666834527,708.4102193449742,0.3184824934109415,-0.9479287427812016,600.8962896144345,-0.7408710841022044,0.6716472561852869,1147.130122903411
0.48105818924938776,0.876688666834527,708.4102193449742,0.3184824934109415,-0.9479287427812016,600.8962896144345,-0.7408710841022044,0.6716472561852869,1147.130122903411,90,-0.178559270373107,0.9839291574924608,685.316820740417,0.8226677317542918,-0.5685224737248727,613.5266846598875,-0.9991519538956836,0.04117490772834733,1146.4488234499406
-0.178559270373107,0.9839291574924608,685.316820740417,0.8226677317542918,-0.5685224737248727,613.5266846598875,-0.9991519538956836,0.04117490772834733,1146.4488234499406,0,-0.18731834366819602,0.9822992609818068,659.6976081600209,0.8038743080313103,-0.594799207201205,628.6881056708903,-0.9998615976496408,0.016636873068816994,1145.6956900556327
-0.18731834366819602,0.9822992609818068,659.6976081600209,0.8038743080313103,-0.594799207201205,628.6881056708903,-0.9998615976496408,0.016636873068816994,1145.6956900556327,90,-0.7293818092149397,0.6841068457385449,642.7587013826844,0.9969941755479623,-0.0774765378901181,629.1613104786045,-0.8247480313677137,-0.5655003843987029,1160.690703074318
-0.7293818092149397,0.6841068457385449,642.7587013826844,0.9969941755479623,-0.0774765378901181,629.1613104786045,-0.8247480313677137,-0.5655003843987029,1160.690703074318,90,-0.996313171133014,0.08579082134399632,641.6640373484873,0.8650341498778293,0.501712985226754,616.6670615707968,-0.32564882465843803,-0.9454907947719945,1182.1241630329534
-0.996313171133014,0.08579082134399632,641.6640373484873,0.8650341498778293,0.501712985226754,616.6670615707968,-0.32564882465843803,-0.9454907947719945,1182.1241630329534,45,-0.9458084940866055,-0.324724949016283,649.043549543961,0.6329538441021655,0.7741895318565678,598.5567852799131,0.05003000906484344,-0.9987477149876097,1204.9993565162697
-0.9458084940866055,-0.324724949016283,649.043549543961,0.6329538441021655,0.7741895318565678,598.5567852799131,0.05003000906484344,-0.9987477149876097,1204.9993565162697,0,-0.9321835322222095,-0.3619859973171958,658.1114405905529,0.6530446652634756,0.7573193944241194,578.4822523087229,0.05104617501002953,-0.9986962941839954,1231.0874982048078
-0.9321835322222095,-0.3619859973171958,658.1114405905529,0.6530446652634756,0.7573193944241194,578.4822523087229,0.05104617501002953,-0.9986962941839954,1231.0874982048078,45,-0.8040434470518977,-0.5945705469100384,673.629295828362,0.4769392748091548,0.8789362480547253,555.3022566118518,0.2762763624884556,-0.9610782338239419,1255.8736354419639
-0.8040434470518977,-0.5945705469100384,673.629295828362,0.4769392748091548,0.8789362480547253,555.3022566118518,0.2762763624884556,-0.9610782338239419,1255.8736354419639,-90,-0.9992600732464085,-0.03846174743277166,673.8219766209975,0.9197064140716378,0.392606815931014,546.2148589863041,-0.3389858925857342,-0.9407914565023713,1277.219376684142
-0.9992600732464085,-0.03846174743277166,673.8219766209975,0.9197064140716378,0.392606815931014,546.2148589863041,-0.3389858925857342,-0.9407914565023713,1277.219376684142,-90,-0.8386647736511881,0.5446479573418057,661.3354098899714,0.962807199380334,-0.2701893721473843,552.3979836805493,-0.8259441872721622,-0.5637518953505412,1288.3264665349138
-0.8386647736511881,0.5446479573418057,661.3354098899714,0.962807199380334,-0.2701893721473843,552.3979836805493,-0.8259441872721622,-0.5637518953505412,1288.3264665349138,45,-0.9827407107985868,0.18498836541547262,655.8171724824687,0.9996601489664565,0.026068881225745556,550.9129184570825,-0.5733196459311265,-0.8193317909061064,1310.7087867725995
-0.9827407107985868,0.18498836541547262,655.8171724824687,0.9996601489664565,0.026068881225745556,550.9129184570825,-0.5733196459311265,-0.8193317909061064,1310.7087867725995,-90,-0.6856809275742579,0.7279022362659049,638.2084665572985,0.7909757064330736,-0.6118475560404734,565.4783592547273,-0.9477028182768854,-0.31915414493634375,1317.0239355400563
-0.6856809275742579,0.7279022362659049,638.2084665572985,0.7909757064330736,-0.6118475560404734,565.4783592547273,-0.9477028182768854,-0.31915414493634375,1317.0239355400563,45,-0.9085590017587897,0.41775655628975067,629.3946839352608,0.942424111425818,-0.3344200864231357,571.8181355693144,-0.7708748295090468,-0.6369866538864044,1330.9598296590195
-0.9085590017587897,0.41775655628975067,629.3946839352608,0.942424111425818,-0.3344200864231357,571.8181355693144,-0.7708748295090468,-0.6369866538864044,1330.9598296590195,45,-0.9941050812294518,0.10842088117048741,626.9938574787096,0.9960414247109404,-0.08889027089507667,573.0638091138128,-0.550316155941201,-0.8349563632370854,1348.7098195371875
-0.4230361893138176,0.906112786870842,568.3282170105906,0.31821945348832087,-0.9480170776001846,633.5820785426596,-0.9985569807411946,0.05370247864884452,1357.9991171758682,-45,-0.07310188003283613,0.9973244783598089,546.471851500306,-0.03999571125278228,-0.9991998514218184,655.4361025166164,-0.9191709003601505,0.3938589289721769,1348.8998941664174
-0.07310188003283613,0.9973244783598089,546.471851500306,-0.03999571125278228,-0.9991998514218184,655.4361025166164,-0.9191709003601505,0.3938589289721769,1348.8998941664174,-90,0.5828131748845996,0.8126061796349651,528.1426334580873,-0.6341262265843205,-0.7732295446747564,672.4763083381032,-0.4827643738255077,0.8757502836795803,1328.4783781740837
0.5828131748845996,0.8126061796349651,528.1426334580873,-0.6341262265843205,-0.7732295446747564,672.4763083381032,-0.4827643738255077,0.8757502836795803,1328.4783781740837,-45,0.844866919573094,0.5349765305236027,513.5498408716066,-0.8399168640083028,-0.5427150832199693,686.4625547393335,-0.16380978594496062,0.9864919432152836,1302.787994671141
0.844866919573094,0.5349765305236027,513.5498408716066,-0.8399168640083028,-0.5427150832199693,686.4625547393335,-0.16380978594496062,0.9864919432152836,1302.787994671141,0,0.8585025576767782,0.5128092807881212,500.62211302840797,-0.8149478325467614,-0.5795343218717384,700.3050164414275,-0.1820668579932667,0.9832861532740403,1278.5912638732632
0.8585025576767782,0.5128092807881212,500.62211302840797,-0.8149478325467614,-0.5795343218717384,700.3050164414275,-0.1820668579932667,0.9832861532740403,1278.5912638732632,90,0.34889617493469344,0.9371613837093054,477.22034279184913,-0.2508052398146969,-0.9680375672883219,724.3017434566688,-0.7770383590549581,0.6294532457277331,1263.6228454623515
0.34889617493469344,0.9371613837093054,477.22034279184913,-0.2508052398146969,-0.9680375672883219,724.3017434566688,-0.7770383590549581,0.6294532457277331,1263.6228454623515,45,-0.013282941395546548,0.9999117778423667,453.72055911017526,0.11147111470639672,-0.9937676743515625,747.6466717368907,-0.9570553323239471,0.28990531362894856,1256.661269300224
-0.013282941395546548,0.9999117778423667,453.72055911017526,0.11147111470639672,-0.9937676743515625,747.6466717368907,-0.9570553323239471,0.28990531362894856,1256.661269300224,-45,0.2555839134338743,0.966786875786916,396.24773375162664,-0.11664924848585942,-0.9931731736347313,806.4120203117634,-0.8820216732843018,0.4712088367770285,1227.542792127142
0.2555839134338743,0.966786875786916,396.24773375162664,-0.11664924848585942,-0.9931731736347313,806.4120203117634,-0.8820216732843018,0.4712088367770285,1227.542792127142,0,0.27133333402535575,0.9624854398102263,373.078846101357,-0.11334429555196883,-0.9935557712910876,830.2626002707336,-0.890100217926009,0.4557648538973484,1216.454514319512
0.27133333402535575,0.9624854398102263,373.078846101357,-0.11334429555196883,-0.9935557712910876,830.2626002707336,-0.890100217926009,0.4557648538973484,1216.454514319512,90,-0.3840352770957837,0.9233184206686037,352.4184268719926,0.4917937044103936,-0.8707117504101471,849.3736678276117,-0.9824833595458072,-0.18635033731008926,1221.6951614862562
0.83391506417876,-0.5518928027576864,297.4946231353602,-0.9973969303577499,0.07210661074366048,931.8229503475701,0.42770597233162816,0.9039179173087878,1121.0060529695859,0,0.7888640323521137,-0.6145677655565441,312.3760297151656,-0.9985028504686018,0.05469970389387131,930.1391207451766,0.445523147823525,0.895270419903069,1098.2073319462997
0.7888640323521137,-0.6145677655565441,312.3760297151656,-0.9985028504686018,0.05469970389387131,930.1391207451766,0.445523147823525,0.895270419903069,1098.2073319462997,0,0.7531926116832872,-0.6578000377817782,327.01546763393316,-0.9995367675037107,0.030434362293846412,929.1828216620452,0.45441622853574193,0.890789476387857,1077.6364860526205
0.7531926116832872,-0.6578000377817782,327.01546763393316,-0.9995367675037107,0.030434362293846412,929.1828216620452,0.45441622853574193,0.890789476387857,1077.6364860526205,45,0.9128952076996778,-0.40819399770080167,335.28720092305934,-0.9386343360198943,-0.3449138780108623,936.8633556196015,0.1135167055977309,0.9935360876939691,1055.414073765752
0.9128952076996778,-0.40819399770080167,335.28720092305934,-0.9386343360198943,-0.3449138780108623,936.8633556196015,0.1135167055977309,0.9935360876939691,1055.414073765752,-90,0.4842809554906516,-0.8749125420000913,356.5174890641131,-0.9728349940564882,0.23149962060252405,930.5430672508285,0.6745884576470171,0.7381940211146515,1037.6646857287667
0.4842809554906516,-0.8749125420000913,356.5174890641131,-0.9728349940564882,0.23149962060252405,930.5430672508285,0.6745884576470171,0.7381940211146515,1037.6646857287667,45,0.708614315031828,-0.7055960264428742,373.534143994709,-0.9921191480826026,-0.12529802874686727,933.6810572834066,0.4053706579643273,0.9141524105211167,1014.546675481153
0.708614315031828,-0.7055960264428742,373.534143994709,-0.9921191480826026,-0.12529802874686727,933.6810572834066,0.4053706579643273,0.9141524105211167,1014.546675481153,0,0.6760138183875729,-0.7368889450582452,390.13824152618,-0.9892669043864798,-0.14611978608522339,936.8286542912423,0.4170308488002534,0.9088923319892958,993.5432791283629
0.6760138183875729,-0.7368889450582452,390.13824152618,-0.9892669043864798,-0.14611978608522339,936.8286542912423,0.4170308488002534,0.9088923319892958,993.5432791283629,0,0.637163019096013,-0.7707290620551775,408.204079646468,-0.9873146992355281,-0.15877557958785346,940.3967304494523,0.4376592764258603,0.8991408998362784,971.9781533758976
0.637163019096013,-0.7707290620551775,408.204079646468,-0.9873146992355281,-0.15877557958785346,940.3967304494523,0.4376592764258603,0.8991408998362784,971.9781533758976,-45,0.36146142239931217,-0.9323870656101285,430.83243018893086,-0.993463110312643,0.11415361776102086,937.2424355002818,0.6961679189573474,0.7178789790867234,954.3983355509899
0.36146142239931217,-0.9323870656101285,430.83243018893086,-0.993463110312643,0.11415361776102086,937.2424355002818,0.6961679189573474,0.7178789790867234,954.3983355509899,-90,-0.3368239251212204,-0.9415676520919432,452.2085263167093,-0.6742884864681715,0.7384680338487661,919.7942331160431,0.9990247312261031,0.044154120969762935,953.6389627492839
-0.3368239251212204,-0.9415676520919432,452.2085263167093,-0.6742884864681715,0.7384680338487661,919.7942331160431,0.9990247312261031,0.044154120969762935,953.6389627492839,-45,-0.5914305987515055,-0.8063559058259794,467.91443954349177,-0.41931689259924526,0.9078399327970283,901.4952039435929,0.9577291883742928,-0.28767134326505045,959.5405581492113
-0.5914305987515055,-0.8063559058259794,467.91443954349177,-0.41931689259924526,0.9078399327970283,901.4952039435929,0.9577291883742928,-0.28767134326505045,959.5405581492113,90,0.0167405926678519,-0.99985986645986,495.17168120618527,-0.8970465581841685,0.4419360501814005,889.9993448697364,0.9446087528434608,0.3281985741156132,949.2973158439668
0.0167405926678519,-0.99985986645986,495.17168120618527,-0.8970465581841685,0.4419360501814005,889.9993448697364,0.9446087528434608,0.3281985741156132,949.2973158439668,0,0.015153111094716877,-0.9998851850208359,521.3030510746124,-0.9082676777578178,0.41838956194009047,878.8186565268742,0.95307814396076,0.30272438207767943,940.9838208278078
0.015153111094716877,-0.9998851850208359,521.3030510746124,-0.9082676777578178,0.41838956194009047,878.8186565268742,0.95307814396076,0.30272438207767943,940.9838208278078,0,0.012928108792954064,-0.9999164285094218,545.8842098160561,-0.9181264286138404,0.39628759894903914,868.8364924003249,0.9607918500457077,0.27727066358658725,933.8182534768208
0.012928108792954064,-0.9999164285094218,545.8842098160561,-0.9181264286138404,0.39628759894903914,868.8364924003249,0.9607918500457077,0.27727066358658725,933.8182534768208,45,0.21977214767826725,-0.9755512303845871,571.0647667684026,-0.9875106420359042,0.15755231469526623,864.7225265044563,0.8887561357781708,0.45838033456579874,921.3394639568252
0.21977214767826725,-0.9755512303845871,571.0647667684026,-0.9875106420359042,0.15755231469526623,864.7225265044563,0.8887561357781708,0.45838033456579874,921.3394639568252,-45,-0.0842100684040191,-0.9964480239226683,591.9600190107859,-0.902439542878341,0.43081651715031866,855.4407192244533,0.9895670459787146,0.14407311169319753,918.1251462122416
-0.0842100684040191,-0.9964480239226683,591.9600190107859,-0.902439542878341,0.43081651715031866,855.4407192244533,0.9895670459787146,0.14407311169319753,918.1251462122416,-90,-0.5849844490471504,-0.811044508256484,610.3279123697768,-0.5439348347027052,0.8391274608764396,835.4371793364538,0.9036600202132005,-0.42825059003844723,928.4565259707371
-0.5849844490471504,-0.811044508256484,610.3279123697768,-0.5439348347027052,0.8391274608764396,835.4371793364538,0.9036600202132005,-0.42825059003844723,928.4565259707371,-90,-0.9568282268492473,-0.2906539941313818,615.911494440638,0.11816443049866661,0.9929940419584228,811.7789902332407,0.41636539173830245,-0.9091973716210413,950.5769242855099
-0.9568282268492473,-0.2906539941313818,615.911494440638,0.11816443049866661,0.9929940419584228,811.7789902332407,0.41636539173830245,-0.9091973716210413,950.5769242855099,0,-0.9484240394283971,-0.31700448172592466,623.773326450282,0.13417804059442162,0.9909572409656442,786.1370127343262,0.3953670107568139,-0.9185232315000103,974.197332572231
-0.9484240394283971,-0.31700448172592466,623.773326450282,0.13417804059442162,0.9909572409656442,786.1370127343262,0.3953670107568139,-0.9185232315000103,974.197332572231,45,-0.7562658012893506,-0.6542645014061029,640.8154079617855,-0.2304301385431666,0.9730888711988115,760.6475682477593,0.6795010673130711,-0.7336745187890861,993.1017204099636
-0.7562658012893506,-0.6542645014061029,640.8154079617855,-0.2304301385431666,0.9730888711988115,760.6475682477593,0.6795010673130711,-0.7336745187890861,993.1017204099636,90,-0.15391600968889668,-0.9880839346743006,660.6365134148883,-0.8160387173392736,0.577997242037774,749.7992550389605,0.9896740450217388,-0.14333626411452607,994.7352828049179
-0.15391600968889668,-0.9880839346743006,660.6365134148883,-0.8160387173392736,0.577997242037774,749.7992550389605,0.9896740450217388,-0.14333626411452607,994.7352828049179,45,0.19828972883739004,-0.9801434504385541,681.3287839201206,-0.9742865457660614,0.2253125090607182,745.2198063645856,0.9807364398776729,0.1953356994920991,989.8763315677722
0.19828972883739004,-0.9801434504385541,681.3287839201206,-0.9742865457660614,0.2253125090607182,745.2198063645856,0.9807364398776729,0.1953356994920991,989.8763315677722,45,0.5102087478259363,-0.8600505994660373,701.0691014388739,-0.9876748844745995,-0.1565194000055151,748.8291587487163,0.8627399255438899,0.505647921851285,977.6297279605966
0.5102087478259363,-0.8600505994660373,701.0691014388739,-0.9876748844745995,-0.1565194000055151,748.8291587487163,0.8627399255438899,0.505647921851285,977.6297279605966,-45,0.24668103560885613,-0.9690967272006145,724.9235234274317,-0.996149064035382,0.08767577898959605,746.1482284495769,0.9741438694684011,0.22592857627385415,971.8944566250196
0.24668103560885613,-0.9690967272006145,724.9235234274317,-0.996149064035382,0.08767577898959605,746.1482284495769,0.9741438694684011,0.22592857627385415,971.8944566250196,0,0.24589711301043887,-0.96929593510606,748.6951568018956,-0.9988810044727917,0.04729417409604048,744.6294021985801,0.9778690495028044,0.2092178817034575,966.413430069458
0.24589711301043887,-0.96929593510606,748.6951568018956,-0.9988810044727917,0.04729417409604048,744.6294021985801,0.9778690495028044,0.2092178817034575,966.413430069458,-45,0.007765261926446061,-0.9999698498990925,772.8858015953509,-0.9672328034500128,0.2538911261352567,737.8990976466146,0.9984909758478503,-0.05491603727881027,967.6704306258863
0.007765261926446061,-0.9999698498990925,772.8858015953509,-0.9672328034500128,0.2538911261352567,737.8990976466146,0.9984909758478503,-0.05491603727881027,967.6704306258863,-90,-0.6115279216252525,-0.7912228517129034,788.6412060877976,-0.6030918349884042,0.7976717611714228,720.9345379017543,0.7297950341115921,-0.6836660063116055,982.1715898658524
-0.6115279216252525,-0.7912228517129034,788.6412060877976,-0.6030918349884042,0.7976717611714228,720.9345379017543,0.7297950341115921,-0.6836660063116055,982.1715898658524,-45,-0.8128812982957869,-0.5824293904680257,803.5878090076669,-0.3343537788638864,0.9424476380995601,695.9165171094464,0.468086473758668,-0.88368266537495,1005.5332947176549
-0.8128812982957869,-0.5824293904680257,803.5878090076669,-0.3343537788638864,0.9424476380995601,695.9165171094464,0.468086473758668,-0.88368266537495,1005.5332947176549,90,-0.3207266203087593,-0.9471718086098851,828.2363087062602,-0.8333289864957026,0.552777351440926,681.636471338918,0.8805426841676446,-0.47396685681473516,1017.1430297944196
-0.3207266203087593,-0.9471718086098851,828.2363087062602,-0.8333289864957026,0.552777351440926,681.636471338918,0.8805426841676446,-0.47396685681473516,1017.1430297944196,-45,-0.6258271168733752,-0.7799618066200157,846.6879376507085,-0.5948600390838346,0.8038292940053745,661.6462980801828,0.6393048616170837,-0.7689533756429979,1036.054469496276
-0.6258271168733752,-0.7799618066200157,846.6879376507085,-0.5948600390838346,0.8038292940053745,661.6462980801828,0.6393048616170837,-0.7689533756429979,1036.054469496276,90,0.0722879297810343,-0.9973838053668067,869.9332228775379,-0.9892213229453938,0.14642805137734047,658.7017931250074,0.9890602667145939,-0.1475119954663229,1038.3547237173334
0.0722879297810343,-0.9973838053668067,869.9332228775379,-0.9892213229453938,0.14642805137734047,658.7017931250074,0.9890602667145939,-0.1475119954663229,1038.3547237173334,-90,-0.6134686320165496,-0.789719087734204,884.6022688401833,-0.6394505117338485,0.7688322593669696,642.7503823703257,0.6164924641217611,-0.7873608078137234,1054.4796887741365
-0.6134686320165496,-0.789719087734204,884.6022688401833,-0.6394505117338485,0.7688322593669696,642.7503823703257,0.6164924641217611,-0.7873608078137234,1054.4796887741365,-90,-0.9745255678510721,-0.22427643122839605,888.4893111669999,0.01767708715138878,0.999843748087591,620.0927479482484,-0.04325764527830219,-0.9990639499676568,1077.092408318808
-0.9745255678510721,-0.22427643122839605,888.4893111669999,0.01767708715138878,0.999843748087591,620.0927479482484,-0.04325764527830219,-0.9990639499676568,1077.092408318808,90,-0.5765253603713316,-0.8170792549371855,907.2656452978807,-0.6629196274650354,0.7486905686073644,604.2905188216839,0.6132846223999222,-0.7898619954952795,1093.5752699918648
-0.5765253603713316,-0.8170792549371855,907.2656452978807,-0.6629196274650354,0.7486905686073644,604.2905188216839,0.6132846223999222,-0.7898619954952795,1093.5752699918648,-45,-0.8187947274307794,-0.5740863997096218,917.9863604024844,-0.36487376757458895,0.9310569981133942,586.1656403142374,0.2887366697359619,-0.9574085520559058,1112.136933064
-0.8187947274307794,-0.5740863997096218,917.9863604024844,-0.36487376757458895,0.9310569981133942,586.1656403142374,0.2887366697359619,-0.9574085520559058,1112.136933064,90,-0.323596021543607,-0.9461953365141627,941.0908950770271,-0.8581558030607181,0.5133893431628805,574.0506535114127,0.7817960048326714,-0.6235342868100147,1126.4243218240983
-0.323596021543607,-0.9461953365141627,941.0908950770271,-0.8581558030607181,0.5133893431628805,574.0506535114127,0.7817960048326714,-0.6235342868100147,1126.4243218240983,45,-0.08167532376983877,-0.9966589895681933,958.6716917387151,-0.9656436091036096,0.2598700063442398,569.4506585659288,0.9043226832554604,-0.42684948699704933,1133.6131494214285
-0.08167532376983877,-0.9966589895681933,958.6716917387151,-0.9656436091036096,0.2598700063442398,569.4506585659288,0.9043226832554604,-0.42684948699704933,1133.6131494214285,90,0.49883967395154183,-0.8666942827156063,979.0242617914023,-0.9238878765408243,-0.3826632874746239,578.8388594213419,0.9879628267549503,0.15469147665714522,1128.980223554071
0.49883967395154183,-0.8666942827156063,979.0242617914023,-0.9238878765408243,-0.3826632874746239,578.8388594213419,0.9879628267549503,0.15469147665714522,1128.980223554071,-45,0.1948507204194123,-0.9808329097007482,999.7984017626753,-0.9942712680875803,-0.10688613313014494,580.6749556913919,0.982917496434066,-0.18404672016579887,1132.730384587259
0.1948507204194123,-0.9808329097007482,999.7984017626753,-0.9942712680875803,-0.10688613313014494,580.6749556913919,0.982917496434066,-0.18404672016579887,1132.730384587259,0,0.19117505449001712,-0.9815559579263624,1022.8358564466392,-0.9890715199091693,-0.14743652364514573,583.7972843658405,0.9791475367682266,-0.20315043992252205,1137.1506800916623
0.19117505449001712,-0.9815559579263624,1022.8358564466392,-0.9890715199091693,-0.14743652364514573,583.7972843658405,0.9791475367682266,-0.20315043992252205,1137.1506800916623,-45,-0.14043192999836648,-0.9900903357961505,1050.919786030769,-0.9900167837335236,0.14094952261689117,578.7328197631076,0.8456210936856422,-0.5337836321150157,1152.4014147296755
-0.14043192999836648,-0.9900903357961505,1050.919786030769,-0.9900167837335236,0.14094952261689117,578.7328197631076,0.8456210936856422,-0.5337836321150157,1152.4014147296755,-90,-0.7432298565473819,-0.6690361577198635,1064.4182752994661,-0.6742955831124181,0.738461553904524,561.6961676845322,0.28615170090952774,-0.9581843267694291,1173.5659609887678
-0.7432298565473819,-0.6690361577198635,1064.4182752994661,-0.6742955831124181,0.738461553904524,561.6961676845322,0.28615170090952774,-0.9581843267694291,1173.5659609887678,45,-0.5131854971426362,-0.8582777205091983,1087.3044896515648,-0.8761986171839657,0.4819501875141312,548.3653647126613,0.5346830856620216,-0.8450526598425327,1196.0451551745234
-0.5131854971426362,-0.8582777205091983,1087.3044896515648,-0.8761986171839657,0.4819501875141312,548.3653647126613,0.5346830856620216,-0.8450526598425327,1196.0451551745234,90,0.18000637178859732,-0.9836654442011803,1109.732104809869,-0.9659476915850187,-0.258737428915056,554.7800144613561,0.9551259974595198,-0.29619981258764755,1201.7489024108747
0.18000637178859732,-0.9836654442011803,1109.732104809869,-0.9659476915850187,-0.258737428915056,554.7800144613561,0.9551259974595198,-0.29619981258764755,1201.7489024108747,90,0.7683387880363644,-0.6400433632175329,1119.7188863262197,-0.552608649043918,-0.8334408683295149,570.3027129478077,0.9231434554166408,0.38445566808336246,1193.3990315043957
0.7683387880363644,-0.6400433632175329,1119.7188863262197,-0.552608649043918,-0.8334408683295149,570.3027129478077,0.9231434554166408,0.38445566808336246,1193.3990315043957,-45,0.5424495111740568,-0.8400884047688235,1139.9206227451666,-0.7480403956219156,-0.6636531974742591,585.9095375224134,0.9965408429834476,0.08310444191401373,1191.2635116378442
0.5424495111740568,-0.8400884047688235,1139.9206227451666,-0.7480403956219156,-0.6636531974742591,585.9095375224134,0.9965408429834476,0.08310444191401373,1191.2635116378442,0,0.5311804691886114,-0.8472587026124705,1163.4468248352866,-0.7249022780621638,-0.6888517164530299,604.8983007244361,0.9982284661926905,0.05949730483466103,1189.1620857643043
0.5311804691886114,-0.8472587026124705,1163.4468248352866,-0.7249022780621638,-0.6888517164530299,604.8983007244361,0.9982284661926905,0.05949730483466103,1189.1620857643043,-45,0.31100469438026956,-0.9504083754226049,1187.1467814145637,-0.848425622511896,-0.5293146163344647,617.6119498705947,0.9804267251581766,-0.1968843228792306,1193.9407642856318
0.31100469438026956,-0.9504083754226049,1187.1467814145637,-0.848425622511896,-0.5293146163344647,617.6119498705947,0.9804267251581766,-0.1968843228792306,1193.9407642856318,45,0.5552559034154321,-0.8316795547098127,1208.8858931354318,-0.6447964527226392,-0.7643543252682627,637.782958867553,0.9979060766373992,0.06467968931707457,1191.649770117819
0.5552559034154321,-0.8316795547098127,1208.8858931354318,-0.6447964527226392,-0.7643543252682627,637.782958867553,0.9979060766373992,0.06467968931707457,1191.649770117819,45,0.9859741453095636,-0.16689812695496473,1210.1322984513065,0.12207011040863566,-0.9925214799412774,654.9281027372715,0.6330012001832572,0.7741508125465967,1177.0874409979244
0.9859741453095636,-0.16689812695496473,1210.1322984513065,0.12207011040863566,-0.9925214799412774,654.9281027372715,0.6330012001832572,0.7741508125465967,1177.0874409979244,0,0.9822952928654582,-0.18733915131216847,1214.4884360518095,0.11693051583252527,-0.9931400981065761,679.4261117322252,0.643944042410157,0.7650725914868901,1158.085396377819
0.9822952928654582,-0.18733915131216847,1214.4884360518095,0.11693051583252527,-0.9931400981065761,679.4261117322252,0.643944042410157,0.7650725914868901,1158.085396377819,-45,0.8468566284511568,-0.5318212583644426,1224.3553257351111,-0.23363509650348938,-0.972324350040564,697.0340333555674,0.8788000797456317,0.47719012965386387,1149.57710296262
0.8468566284511568,-0.5318212583644426,1224.3553257351111,-0.23363509650348938,-0.972324350040564,697.0340333555674,0.8788000797456317,0.47719012965386387,1149.57710296262,90,0.9999978458108759,-0.0020756622094298778,1223.6889644752634,0.3235914251327563,-0.9461969084606817,716.6387944972994,0.48467139809497745,0.8746963106522514,1130.96189227513
0.9999978458108759,-0.0020756622094298778,1223.6889644752634,0.3235914251327563,-0.9461969084606817,716.6387944972994,0.48467139809497745,0.8746963106522514,1130.96189227513,45,0.953036054637041,0.3028568615069881,1217.6763755813488,0.5955278769975728,-0.8033346424241667,731.2559576844008,0.1835760312921815,0.9830055140918651,1112.697549044182
0.953036054637041,0.3028568615069881,1217.6763755813488,0.5955278769975728,-0.8033346424241667,731.2559576844008,0.1835760312921815,0.9830055140918651,1112.697549044182,0,0.9588161444213508,0.28402746556798947,1210.4658440892952,0.5794045067709074,-0.8150401324680654,750.9032692076989,0.18809401168410378,0.9821510284923497,1088.7765425957753
0.9588161444213508,0.28402746556798947,1210.4658440892952,0.5794045067709074,-0.8150401324680654,750.9032692076989,0.18809401168410378,0.9821510284923497,1088.7765425957753,-90,0.9302336129389414,-0.3669678805543666,1218.4028498658233,-0.02913648036688715,-0.9995754426314354,770.0041977555446,0.7529274005923706,0.658103585643792,1076.912208381519
0.9302336129389414,-0.3669678805543666,1218.4028498658233,-0.02913648036688715,-0.9995754426314354,770.0041977555446,0.7529274005923706,0.658103585643792,1076.912208381519,0,0.927994607355298,-0.372593624099348,1223.6359437938231,-0.023883490146797953,-0.9997147487650704,784.2972669493372,0.7563298674599817,0.6541904398475773,1067.4878748464546
0.927994607355298,-0.372593624099348,1223.6359437938231,-0.023883490146797953,-0.9997147487650704,784.2972669493372,0.7563298674599817,0.6541904398475773,1067.4878748464546,-45,0.8045914641237754,-0.5938287428705009,1235.1569475492092,-0.2558612158964143,-0.9667135243700734,802.9422177710424,0.8980833089487149,0.4398253860200967,1058.9811920327386
0.8045914641237754,-0.5938287428705009,1235.1569475492092,-0.2558612158964143,-0.9667135243700734,802.9422177710424,0.8980833089487149,0.4398253860200967,1058.9811920327386,0,0.8001158247801922,-0.5998455358976282,1250.1205156949309,-0.240016138104973,-0.9707688980644026,827.3420717945872,0.9035988841113711,0.428379570746184,1047.9898586157024
0.8001158247801922,-0.5998455358976282,1250.1205156949309,-0.240016138104973,-0.9707688980644026,827.3420717945872,0.9035988841113711,0.428379570746184,1047.9898586157024,0,0.7931093065765341,-0.6090793280203237,1260.9160566965113,-0.23535144282197398,-0.9719103345276328,844.6443168784598,0.9102491831053773,0.41406089486450337,1040.5102700286432
0.7931093065765341,-0.6090793280203237,1260.9160566965113,-0.23535144282197398,-0.9719103345276328,844.6443168784598,0.9102491831053773,0.41406089486450337,1040.5102700286432,-45,0.552357824595354,-0.8336071218555466,1281.0640585238546,-0.5165786798704293,-0.8562397254877424,865.2477576056525,0.9965098517564628,0.08347523795900562,1038.2741073731975
0.552357824595354,-0.8336071218555466,1281.0640585238546,-0.5165786798704293,-0.8562397254877424,865.2477576056525,0.9965098517564628,0.08347523795900562,1038.2741073731975,0,0.5343402139368796,-0.8452695048148193,1296.9714415814715,-0.5185158202096657,-0.8550680348324907,881.4024508009494,0.9986557005095742,0.05183427282919746,1037.0494492925206
0.5343402139368796,-0.8452695048148193,1296.9714415814715,-0.5185158202096657,-0.8550680348324907,881.4024508009494,0.9986557005095742,0.05183427282919746,1037.0494492925206,-90,-0.01092206390039192,-0.9999403524811646,1319.7601336768626,-0.8898643150520699,-0.45622527417593894,891.1849249413783,0.8567135662736373,-0.5157924634605532,1048.9921689139392
-0.01092206390039192,-0.9999403524811646,1319.7601336768626,-0.8898643150520699,-0.45622527417593894,891.1849249413783,0.8567135662736373,-0.5157924634605532,1048.9921689139392,-90,-0.5686163407225326,-0.8226028550055712,1335.7089699222095,-0.9942772344643922,0.10683061839117128,888.0641712909321,0.406659247098412,-0.9135799126236044,1067.5387638538707
-0.5686163407225326,-0.8226028550055712,1335.7089699222095,-0.9942772344643922,0.10683061839117128,888.0641712909321,0.406659247098412,-0.9135799126236044,1067.5387638538707,-90,-0.912350470892887,-0.4094100856861336,1344.4466259391818,-0.7979998681226808,0.6026576229304531,873.4203169146284,-0.1373852997449622,-0.9905176825347375,1090.386614921171
-0.912350470892887,-0.4094100856861336,1344.4466259391818,-0.7979998681226808,0.6026576229304531,873.4203169146284,-0.1373852997449622,-0.9905176825347375,1090.386614921171,-90,-0.9786439336582178,0.20556276684742764,1338.8480420813858,-0.2812898778798187,0.9596228449773154,851.1904133536514,-0.6948184846428536,-0.7191851454240477,1106.2616687679097
-0.9786439336582178,0.20556276684742764,1338.8480420813858,-0.2812898778798187,0.9596228449773154,851.1904133536514,-0.6948184846428536,-0.7191851454240477,1106.2616687679097,-90,-0.6358079434296877,0.7718473029503381,1322.8801895716633,0.3973663074408635,0.9176600774310786,833.6570013867574,-0.9906244265304036,-0.13661348967546694,1107.5292122382868
-0.6358079434296877,0.7718473029503381,1322.8801895716633,0.3973663074408635,0.9176600774310786,833.6570013867574,-0.9906244265304036,-0.13661348967546694,1107.5292122382868,90,-0.9660625363119097,0.2583082962945637,1317.938038137226,-0.20055792454790092,0.9796818457545483,812.0445507292072,-0.7282274554459306,-0.6853355186583758,1123.4121738565057
-0.9660625363119097,0.2583082962945637,1317.938038137226,-0.20055792454790092,0.9796818457545483,812.0445507292072,-0.7282274554459306,-0.6853355186583758,1123.4121738565057,-45,-0.8427106390522607,0.538366769803013,1306.9419738706458,0.12079056731013628,0.9926780136826319,792.6050990656696,-0.8998720835793529,-0.4361539099842557,1131.4790157421833
-0.8427106390522607,0.538366769803013,1306.9419738706458,0.12079056731013628,0.9926780136826319,792.6050990656696,-0.8998720835793529,-0.4361539099842557,1131.4790157421833,-90,-0.33874581096792267,0.9408779280818975,1288.0093123714944,0.7180679349468178,0.6959730172939269,779.2460386525491,-0.9814525580513586,0.19170518066668085,1126.7310543140675
-0.33874581096792267,0.9408779280818975,1288.0093123714944,0.7180679349468178,0.6959730172939269,779.2460386525491,-0.9814525580513586,0.19170518066668085,1126.7310543140675,-90,0.31388170105360325,0.9494620991612548,1268.3656806317017,0.9965081507856616,0.08349554130455876,777.5153116204979,-0.6671754840538767,0.7449005795926563,1110.9960125060395
0.31388170105360325,0.9494620991612548,1268.3656806317017,0.9965081507856616,0.08349554130455876,777.5153116204979,-0.6671754840538767,0.7449005795926563,1110.9960125060395,45,-0.0033698855014987943,0.9999943219197331,1247.931762741449,0.9280689487054878,0.3724084135041668,769.1122183784237,-0.8766786858040788,0.4810763784024666,1101.5509087005375
-0.0033698855014987943,0.9999943219197331,1247.931762741449,0.9280689487054878,0.3724084135041668,769.1122183784237,-0.8766786858040788,0.4810763784024666,1101.5509087005375,0,-0.003469992078513516,0.9999939795593646,1230.3033324750486,0.9358282315867081,0.35245641002157224,762.7011799513687,-0.8834123554239062,0.4685964258126453,1093.1997301038864
-0.003469992078513516,0.9999939795593646,1230.3033324750486,0.9358282315867081,0.35245641002157224,762.7011799513687,-0.8834123554239062,0.4685964258126453,1093.1997301038864,-90,0.5521726298166577,0.8337298044818574,1211.973972254623,0.969875859927827,-0.2435997051091361,768.2293599066949,-0.4921515431870287,0.8705095396023103,1073.6132401487278
0.5521726298166577,0.8337298044818574,1211.973972254623,0.969875859927827,-0.2435997051091361,768.2293599066949,-0.4921515431870287,0.8705095396023103,1073.6132401487278,0,0.5621428759568767,0.8270401362757018,1191.0056525089879,0.9615977682728413,-0.2744626241452395,774.6731338495998,-0.5021053804544459,0.8648064447717166,1051.7970452080383
0.5621428759568767,0.8270401362757018,1191.0056525089879,0.9615977682728413,-0.2744626241452395,774.6731338495998,-0.5021053804544459,0.8648064447717166,1051.7970452080383,-90,0.9483238097552625,0.31730419450625713,1185.4665226490372,0.5999962445951831,-0.8000028165398402,791.0195928809854,0.111639554756801,0.9937487659432354,1032.2033890283446
0.9483238097552625,0.31730419450625713,1185.4665226490372,0.5999962445951831,-0.8000028165398402,791.0195928809854,0.111639554756801,0.9937487659432354,1032.2033890283446,-90,0.9295668325668333,-0.36865363661798456,1193.7034601569687,-0.03931830680261357,-0.9992267364067955,810.77796639445,0.7255478099708925,0.6881717630406247,1019.2839598417705
0.9295668325668333,-0.36865363661798456,1193.7034601569687,-0.03931830680261357,-0.9992267364067955,810.77796639445,0.7255478099708925,0.6881717630406247,1019.2839598417705,90,0.9582923786653139,0.28578963765674664,1186.1090778412665,0.5882407650914115,-0.8086858489454795,828.9660695935992,0.1277802659495587,0.9918025023329292,996.1512859688834
0.9582923786653139,0.28578963765674664,1186.1090778412665,0.5882407650914115,-0.8086858489454795,828.9660695935992,0.1277802659495587,0.9918025023329292,996.1512859688834,-45,0.9983352605185264,0.05767761788949078,1185.112966854388,0.3918741255707217,-0.9200188420397608,843.5993031092487,0.34514512621459476,0.9385493284054448,981.2055565509247
0.9983352605185264,0.05767761788949078,1185.112966854388,0.3918741255707217,-0.9200188420397608,843.5993031092487,0.34514512621459476,0.9385493284054448,981.2055565509247,-90,0.8195782347173413,-0.572967291542551,1203.100113975196,-0.23192651443793566,-0.9727333097517891,875.1947236170531,0.8550782426017687,0.518498986526561,963.7020100877294
0.8195782347173413,-0.572967291542551,1203.100113975196,-0.23192651443793566,-0.9727333097517891,875.1947236170531,0.8550782426017687,0.518498986526561,963.7020100877294,-90,0.3118407934333953,-0.9501343692082875,1217.0687671664448,-0.7586823499241664,-0.6514607370467884,884.1190327167774,0.9939493042006766,-0.10983979551597275,965.7853923165591
0.3118407934333953,-0.9501343692082875,1217.0687671664448,-0.7586823499241664,-0.6514607370467884,884.1190327167774,0.9939493042006766,-0.10983979551597275,965.7853923165591,-90,-0.24587465978231732,-0.9693016309059476,1238.5612491160864,-0.9865755349304266,-0.16330558434034803,886.9788993048256,0.7661948494785333,-0.6426083197660669,980.3772579022832
-0.24587465978231732,-0.9693016309059476,1238.5612491160864,-0.9865755349304266,-0.16330558434034803,886.9788993048256,0.7661948494785333,-0.6426083197660669,980.3772579022832,45,0.34189698146214825,-0.9397374388982656,1257.8427988802932,-0.7082577055233814,-0.7059539804879318,902.1738783045151,0.9933514582420337,-0.1151211553469873,981.7284485513343
0.34189698146214825,-0.9397374388982656,1257.8427988802932,-0.7082577055233814,-0.7059539804879318,902.1738783045151,0.9933514582420337,-0.1151211553469873,981.7284485513343,-90,-0.2782921207234668,-0.9604964838786425,1279.4402440586782,-0.985217608300868,-0.1713075138279623,904.980120288247,0.7192532952955515,-0.6947479378929384,997.9930952250772
-0.2782921207234668,-0.9604964838786425,1279.4402440586782,-0.985217608300868,-0.1713075138279623,904.980120288247,0.7192532952955515,-0.6947479378929384,997.9930952250772,-90,-0.8070091247919795,-0.5905389678103243,1290.6580842160522,-0.887469265166482,0.46086690419780035,893.4790710208325,0.12985970049387457,-0.991532378789337,1019.4538784821264
-0.8070091247919795,-0.5905389678103243,1290.6580842160522,-0.887469265166482,0.46086690419780035,893.4790710208325,0.12985970049387457,-0.991532378789337,1019.4538784821264,-90,-0.9984029250369383,0.05649424110195538,1288.6363061745233,-0.3873876771750007,0.9219169092564456,880.5285739776535,-0.5315229849516535,-0.847043869270113,1030.2557398971965
-0.9984029250369383,0.05649424110195538,1288.6363061745233,-0.3873876771750007,0.9219169092564456,880.5285739776535,-0.5315229849516535,-0.847043869270113,1030.2557398971965,45,-0.9458740163873047,-0.32453404308846995,1296.0885379829458,-0.708017072023927,0.7061953169787132,864.4159058524838,-0.18510415330654595,-0.982718908146509,1052.73247232655
-0.9458740163873047,-0.32453404308846995,1296.0885379829458,-0.708017072023927,0.7061953169787132,864.4159058524838,-0.18510415330654595,-0.982718908146509,1052.73247232655,90,-0.6411090878909613,-0.7674497621496925,1315.149578936457,-0.9751015492939848,0.2217588071858036,859.8509260195863,0.33194786139999777,-0.9432977352416192,1074.9772532368952
-0.6411090878909613,-0.7674497621496925,1315.149578936457,-0.9751015492939848,0.2217588071858036,859.8509260195863,0.33194786139999777,-0.9432977352416192,1074.9772532368952,0,-0.6217926465044991,-0.7831819103841272,1333.2342167781512,-0.9832722623926513,0.18214186231955898,855.2435657682846,0.33819085230886264,-0.9410775459092652,1096.852094308093
-0.6217926465044991,-0.7831819103841272,1333.2342167781512,-0.9832722623926513,0.18214186231955898,855.2435657682846,0.33819085230886264,-0.9410775459092652,1096.852094308093,45,-0.42315650038764796,-0.9060566076022395,1354.5803701669386,-0.997478904634041,-0.07096361610060267,856.8278118978166,0.5313906115842401,-0.8471269196053961,1116.5485297297203
-0.42315650038764796,-0.9060566076022395,1354.5803701669386,-0.997478904634041,-0.07096361610060267,856.8278118978166,0.5313906115842401,-0.8471269196053961,1116.5485297297203,45,-0.06536779514534162,-0.9978612385286025,1372.839769669753,-0.8956823781183609,-0.4446943641741343,865.1026258120479,0.7943475337415224,-0.6074635755654497,1127.287218585796
-0.06536779514534162,-0.9978612385286025,1372.839769669753,-0.8956823781183609,-0.4446943641741343,865.1026258120479,0.7943475337415224,-0.6074635755654497,1127.287218585796,-45,-0.3634617000097704,-0.9316091415534777,1394.3077315134706,-0.9848311467559893,-0.17351545285444514,868.6115646007944,0.5594776699310381,-0.8288454239775571,1146.524474295355
-0.3634617000097704,-0.9316091415534777,1394.3077315134706,-0.9848311467559893,-0.17351545285444514,868.6115646007944,0.5594776699310381,-0.8288454239775571,1146.524474295355,45,-0.036519211811564166,-0.9993329511072184,1415.8711499802234,-0.8624302015640227,-0.5061760043998916,879.615230283287,0.791836318909997,-0.6107333657620694,1159.3053408599135
-0.036519211811564166,-0.9993329511072184,1415.8711499802234,-0.8624302015640227,-0.5061760043998916,879.615230283287,0.791836318909997,-0.6107333657620694,1159.3053408599135,-90,-0.6101863613757836,-0.7922579153223914,1430.914133521645,-0.9971342167285272,0.07565285076708332,876.9821306685786,0.27735453493813683,-0.9607676420182196,1178.54556870407
-0.6101863613757836,-0.7922579153223914,1430.914133521645,-0.9971342167285272,0.07565285076708332,876.9821306685786,0.27735453493813683,-0.9607676420182196,1178.54556870407,-90,-0.9499821354012477,-0.31230424655852124,1435.4247876833706,-0.7842122881280039,0.6204926165145244,865.8769433908319,-0.31655916219398045,-0.9485727683372769,1194.3056564782107
-0.9499821354012477,-0.31230424655852124,1435.4247876833706,-0.7842122881280039,0.6204926165145244,865.8769433908319,-0.31655916219398045,-0.9485727683372769,1194.3056564782107,90,-0.5123061341323523,-0.8588029022600961,1449.9325795090783,-0.998234724298051,-0.05939221502515244,867.0305214476881,0.37274130722275145,-0.9279352983316641,1209.6917645093936
-0.5123061341323523,-0.8588029022600961,1449.9325795090783,-0.998234724298051,-0.05939221502515244,867.0305214476881,0.37274130722275145,-0.9279352983316641,1209.6917645093936,-90,-0.9030325794187887,-0.4295720667225106,1459.197044216966,-0.867194226981568,0.49797005200096195,854.561228848776,-0.21529875315784672,-0.9765482307027527,1232.3632962124157
-0.9602128707371073,0.2792691226591355,1451.5632580115998,-0.3097497909521681,0.9508181040583358,790.0799782359062,-0.8155110720372017,-0.5787414719758157,1285.039786158098,0,-0.9602137178742507,0.27926620992542034,1445.9827481011039,-0.3046285890135148,0.9524712188594651,771.1798414157493,-0.8158489305628761,-0.5782650970786767,1296.490010685011
-0.9602137178742507,0.27926620992542034,1445.9827481011039,-0.3046285890135148,0.9524712188594651,771.1798414157493,-0.8158489305628761,-0.5782650970786767,1296.490010685011,-90,-0.6334572130479479,0.7737777195277251,1431.1395616501873,0.30325986973447866,0.9529078924054659,753.4201782009094,-0.9997722641968552,-0.021340565660111985,1296.3047654468799
-0.6334572130479479,0.7737777195277251,1431.1395616501873,0.30325986973447866,0.9529078924054659,753.4201782009094,-0.9997722641968552,-0.021340565660111985,1296.3047654468799,-45,-0.40174383181676543,0.9157520917787644,1373.972439701248,0.6035982723923469,0.797288608701375,702.8604022553839,-0.9754795011670409,0.2200903060175552,1281.2370682502906
-0.40174383181676543,0.9157520917787644,1373.972439701248,0.6035982723923469,0.797288608701375,702.8604022553839,-0.9754795011670409,0.2200903060175552,1281.2370682502906,-90,0.18412332442209411,0.9829031495542968,1353.6092579192123,0.9556765951304524,0.2944184870551869,697.083368848089,-0.6921330598328679,0.7217699269756199,1265.654808833989
0.18412332442209411,0.9829031495542968,1353.6092579192123,0.9556765951304524,0.2944184870551869,697.083368848089,-0.6921330598328679,0.7217699269756199,1265.654808833989,45,-0.034437216271219886,0.9994068631620904,1284.4022403172185,0.910597500544694,0.41329431644018033,665.3172438257482,-0.8568341112430039,0.5155921894389127,1228.8257463659727
-0.034437216271219886,0.9994068631620904,1284.4022403172185,0.910597500544694,0.41329431644018033,665.3172438257482,-0.8568341112430039,0.5155921894389127,1228.8257463659727,90,-0.6034121780676562,0.79742945980171,1267.0058204629174,0.5305633087601178,0.8476453122606861,645.478542700616,-0.9969159898199511,-0.07847616989447884,1231.5357165291273
-0.6034121780676562,0.79742945980171,1267.0058204629174,0.5305633087601178,0.8476453122606861,645.478542700616,-0.9969159898199511,-0.07847616989447884,1231.5357165291273,-45,-0.28896471718091865,0.9573397475424029,1248.403863498207,0.8091290313618315,0.5876310156956187,633.8648802365138,-0.9650170321450802,0.2621871996682929,1226.3127033498633
-0.28896471718091865,0.9573397475424029,1248.403863498207,0.8091290313618315,0.5876310156956187,633.8648802365138,-0.9650170321450802,0.2621871996682929,1226.3127033498633,0,-0.2886301400769907,0.9574406729605426,1225.8319628152017,0.8301577850107462,0.5575285212310233,620.2255082301676,-0.9682744268174858,0.24988924420884814,1220.3978411400808
-0.2886301400769907,0.9574406729605426,1225.8319628152017,0.8301577850107462,0.5575285212310233,620.2255082301676,-0.9682744268174858,0.24988924420884814,1220.3978411400808,0,-0.2943468071433769,0.9556986748575619,1202.9705931993442,0.8478216212561236,0.5302815276158864,607.1368940382247,-0.9729065367890053,0.23119876875369372,1214.7255986857206
-0.2943468071433769,0.9556986748575619,1202.9705931993442,0.8478216212561236,0.5302815276158864,607.1368940382247,-0.9729065367890053,0.23119876875369372,1214.7255986857206,45,-0.5056948361389862,0.8627124275808039,1180.7355112989571,0.7328187731141089,0.6804238721352538,588.9595127361557,-0.9999657418856781,-0.008277382136002542,1215.0265625254494
-0.5056948361389862,0.8627124275808039,1180.7355112989571,0.7328187731141089,0.6804238721352538,588.9595127361557,-0.9999657418856781,-0.008277382136002542,1215.0265625254494,90,-0.9067458339652694,0.4216775931759098,1172.7641905135158,0.23782688730466914,0.9713075577153574,568.5361611637576,-0.8191970650619205,-0.5735121346527339,1227.6703590747893
-0.9067458339652694,0.4216775931759098,1172.7641905135158,0.23782688730466914,0.9713075577153574,568.5361611637576,-0.8191970650619205,-0.5735121346527339,1227.6703590747893,90,-0.9717410020165176,-0.2360496240198963,1178.4998733646662,-0.4201895083859639,0.9074363763054476,550.434693238475,-0.29462002207990284,-0.9556144842925088,1247.4635287336196
-0.9717410020165176,-0.2360496240198963,1178.4998733646662,-0.4201895083859639,0.9074363763054476,550.434693238475,-0.29462002207990284,-0.9556144842925088,1247.4635287336196,-45,-0.999062862822974,-0.04328274630800838,1179.185553457176,-0.2263169537426733,0.9740537133282932,527.6616429892422,-0.4835749277913769,-0.8753029699547263,1267.7897213189995
-0.999062862822974,-0.04328274630800838,1179.185553457176,-0.2263169537426733,0.9740537133282932,527.6616429892422,-0.4835749277913769,-0.8753029699547263,1267.7897213189995,0,-0.9959890665341564,-0.08947502078468479,1180.952619997026,-0.262363661942284,0.9649690714692544,503.3605175993047,-0.4533510818656342,-0.8913320349742059,1289.999802588295
-0.9959890665341564,-0.08947502078468479,1180.952619997026,-0.262363661942284,0.9649690714692544,503.3605175993047,-0.4533510818656342,-0.8913320349742059,1289.999802588295,0,-0.9942337780321888,-0.10723429777753123,1183.0731683164868,-0.273598958374911,0.9618438594575336,483.0911731654906,-0.4467581447303857,-0.894654771471691,1308.8222650881248
-0.9942337780321888,-0.10723429777753123,1183.0731683164868,-0.273598958374911,0.9618438594575336,483.0911731654906,-0.4467581447303857,-0.894654771471691,1308.8222650881248,45,-0.8811213466246678,-0.4728902330587215,1191.0298248731222,-0.6224806915587527,0.7826351567854187,470.49859057950425,-0.08904284647882744,-0.9960277965453314,1325.0552757290166
-0.8811213466246678,-0.4728902330587215,1191.0298248731222,-0.6224806915587527,0.7826351567854187,470.49859057950425,-0.08904284647882744,-0.9960277965453314,1325.0552757290166,90,-0.3421651397447045,-0.9396398337360368,1213.7134511879894,-0.992128569035631,0.12522341036448079,467.6380882634134,0.5831455812612009,-0.8123676698733993,1343.9565251877234
-0.3421651397447045,-0.9396398337360368,1213.7134511879894,-0.992128569035631,0.12522341036448079,467.6380882634134,0.5831455812612009,-0.8123676698733993,1343.9565251877234,-90,-0.8607727212827759,-0.5089895109876476,1224.6229403778004,-0.6992452273484272,0.7148818867690286,450.43834883318937,-0.07959513098390322,-0.9968272744681775,1366.8119058961881
-0.8607727212827759,-0.5089895109876476,1224.6229403778004,-0.6992452273484272,0.7148818867690286,450.43834883318937,-0.07959513098390322,-0.9968272744681775,1366.8119058961881,45,-0.6302009877217091,-0.7764320415043304,1244.8882982308774,-0.9206003687490019,0.3905060320394574,440.342406624856,0.2543994901774783,-0.9670992190036342,1391.5031566878208
-0.6302009877217091,-0.7764320415043304,1244.8882982308774,-0.9206003687490019,0.3905060320394574,440.342406624856,0.2543994901774783,-0.9670992190036342,1391.5031566878208,0,-0.6292387982611215,-0.777212026903148,1266.0412773487128,-0.9374840353796735,0.34802827960992333,430.217289228083,0.23771524212374764,-0.9713348874935194,1417.9486154126885
-0.6292387982611215,-0.777212026903148,1266.0412773487128,-0.9374840353796735,0.34802827960992333,430.217289228083,0.23771524212374764,-0.9713348874935194,1417.9486154126885,90,0.029012627198865156,-0.9995790451300085,1287.8421971499342,-0.9205769050238213,-0.39056134209207427,439.4562148382589,0.8064622160691535,-0.5912856281466936,1429.737348172723
-0.9934807007501648,0.11400042647710384,1271.2739462407344,-0.22331460917794035,0.9747464210386739,368.05359173697786,-0.7115975508066543,-0.7025873082300669,1474.362834037297,-45,-0.9027695385370706,0.4301245869391384,1261.053755044776,0.12965814403079268,0.9915587555392218,345.3037114085656,-0.9019589291958536,-0.4318218267339772,1483.9503000816874
-0.9027695385370706,0.4301245869391384,1261.053755044776,0.12965814403079268,0.9915587555392218,345.3037114085656,-0.9019589291958536,-0.4318218267339772,1483.9503000816874,0,-0.9087912312587567,0.4172511210137045,1252.2581501957893,0.13863113014471548,0.990344086545075,324.642810996609,-0.8968196999574195,-0.44239623163888286,1493.0975034242674
-0.9087912312587567,0.4172511210137045,1252.2581501957893,0.13863113014471548,0.990344086545075,324.642810996609,-0.8968196999574195,-0.44239623163888286,1493.0975034242674,45,-0.9861525752406956,0.16584058111977357,1248.2635762522796,-0.11464665348688857,0.9934063342078393,301.0459695762924,-0.7549081577015754,-0.6558305218847423,1508.700247165795
-0.7032022038700965,0.7109899158723978,1192.1950952215204,0.672262096279206,0.7403132268886512,214.77920073938728,-0.996108739451067,-0.08813273619493599,1532.9541496960207,-90,-0.08474191341485621,0.9964029346157051,1170.3939723675487,0.9993499557195252,0.03605088075738314,213.91486753914515,-0.8275311202479324,0.5614198473702208,1519.7659196581196
-0.08474191341485621,0.9964029346157051,1170.3939723675487,0.9993499557195252,0.03605088075738314,213.91486753914515,-0.8275311202479324,0.5614198473702208,1519.7659196581196,-90,0.6126383273433765,0.790363384697134,1156.5866309858377,0.7276371801367132,-0.685962195811615,227.25051149594805,-0.24072078878063355,0.9705944064586555,1501.48928566779
0.6126383273433765,0.790363384697134,1156.5866309858377,0.7276371801367132,-0.685962195811615,227.25051149594805,-0.24072078878063355,0.9705944064586555,1501.48928566779,45,0.3066239345429386,0.9518307427087064,1132.9540163626941,0.8785679152181771,-0.477617439326901,237.87055974281472,-0.5702184358807931,0.8214931134109779,1481.1881187723454
0.3066239345429386,0.9518307427087064,1132.9540163626941,0.8785679152181771,-0.477617439326901,237.87055974281472,-0.5702184358807931,0.8214931134109779,1481.1881187723454,45,0.07526174137112894,0.9971638131650111,1107.4106679880774,0.9353491725956743,-0.35372577701460706,245.37413794815458,-0.7563370038619129,0.6541821891409034,1464.5843600058688
0.07526174137112894,0.9971638131650111,1107.4106679880774,0.9353491725956743,-0.35372577701460706,245.37413794815458,-0.7563370038619129,0.6541821891409034,1464.5843600058688,-90,0.7198968462574209,0.6940810692913467,1093.567446048839,0.4448486185443578,-0.8956057763207964,264.33478593968675,-0.1444138142934669,0.9895173824856297,1443.8263327207258
0.7198968462574209,0.6940810692913467,1093.567446048839,0.4448486185443578,-0.8956057763207964,264.33478593968675,-0.1444138142934669,0.9895173824856297,1443.8263327207258,-45,0.9889710159472636,-0.14810918140425122,1098.4896350368765,-0.3857711432038717,-0.9225945073926995,283.89032791458396,0.6908139522319369,0.7230325604021518,1428.9739669719145
0.9889710159472636,-0.14810918140425122,1098.4896350368765,-0.3857711432038717,-0.9225945073926995,283.89032791458396,0.6908139522319369,0.7230325604021518,1428.9739669719145,-45,0.9085198446142293,-0.41784170680071736,1108.7591920061363,-0.5708251107751064,-0.8210716734296631,303.90891046183555,0.8621693426969674,0.5066201974985591,1416.2931849931708
0.9085198446142293,-0.41784170680071736,1108.7591920061363,-0.5708251107751064,-0.8210716734296631,303.90891046183555,0.8621693426969674,0.5066201974985591,1416.2931849931708,-90,0.527720466705587,-0.8494181002427705,1130.657414915314,-0.8928858061958751,-0.45028317434026127,314.0303646193788,0.9982718137949803,-0.058765515248997424,1418.1201182914585
0.527720466705587,-0.8494181002427705,1130.657414915314,-0.8928858061958751,-0.45028317434026127,314.0303646193788,0.9982718137949803,-0.058765515248997424,1418.1201182914585,45,0.7048568887491511,-0.7093495375221349,1144.749542405019,-0.7298823995205779,-0.6835727341476425,327.6657974773992,0.9862183628663632,0.16544890675126983,1414.4218023052742
0.7048568887491511,-0.7093495375221349,1144.749542405019,-0.7298823995205779,-0.6835727341476425,327.6657974773992,0.9862183628663632,0.16544890675126983,1414.4218023052742,90,0.9750603187749833,-0.22194002512036398,1147.8795792894828,-0.22536344237062547,-0.974274765578408,345.809208306835,0.7400797079484642,0.6725191639521627,1401.334281515228
0.9750603187749833,-0.22194002512036398,1147.8795792894828,-0.22536344237062547,-0.974274765578408,345.809208306835,0.7400797079484642,0.6725191639521627,1401.334281515228,90,0.8867527084016884,0.4622441282939895,1138.022070198641,0.4472339911160376,-0.894416992901197,361.96860673157835,0.11526020993599735,0.9933353331103801,1382.5175269265849
0.8867527084016884,0.4622441282939895,1138.022070198641,0.4472339911160376,-0.894416992901197,361.96860673157835,0.11526020993599735,0.9933353331103801,1382.5175269265849,-90,0.9939334329586349,-0.10998332076757306,1140.8656898934248,-0.09808451918854919,-0.995178088130738,385.95476726683916,0.6416497518896885,0.7669977808963343,1364.1819682051218
0.9939334329586349,-0.10998332076757306,1140.8656898934248,-0.09808451918854919,-0.995178088130738,385.95476726683916,0.6416497518896885,0.7669977808963343,1364.1819682051218,90,-0.13248972414322494,0.9911843789106304,1122.7451020706571,0.9960296899056529,0.08902166492741477,377.34896875922425,-0.9018663223938245,0.4320152040517072,1361.6290259184586
-0.13248972414322494,0.9911843789106304,1122.7451020706571,0.9960296899056529,0.08902166492741477,377.34896875922425,-0.9018663223938245,0.4320152040517072,1361.6290259184586,90,-0.7489426232402794,0.6626348520067209,1108.4523445972272,0.7354280509537059,0.6776028201464582,360.52434070821073,-0.9646328178114006,-0.26359728147543016,1368.784088248797
-0.7489426232402794,0.6626348520067209,1108.4523445972272,0.7354280509537059,0.6776028201464582,360.52434070821073,-0.9646328178114006,-0.26359728147543016,1368.784088248797,90,-0.999999979298951,-0.00020347505367733767,1109.997716471615,0.11440106571549921,0.9934346461459647,346.1692802260189,-0.5543618116906266,-0.8322757846646064,1381.5440820227923
-0.999999979298951,-0.00020347505367733767,1109.997716471615,0.11440106571549921,0.9934346461459647,346.1692802260189,-0.5543618116906266,-0.8322757846646064,1381.5440820227923,90,-0.7653767343585923,-0.6435825156905498,1126.4664683419785,-0.5739187667090132,0.8189122353581031,326.3899267729475,0.09253268640412518,-0.9957096474107479,1405.855662683353
-0.4530000521140263,0.8915104894417617,1073.0747463956554,0.9904755841392235,0.13768847890823643,291.2135493964867,-0.9916765454491918,0.12875414248076425,1414.4365561424452,0,-0.46295376776680125,0.8863824281372701,1051.8356534699183,0.9983782731724,0.05692823251512986,288.85955395397605,-0.9937966839774108,0.1112121887002598,1411.5922080794048
-0.46295376776680125,0.8863824281372701,1051.8356534699183,0.9983782731724,0.05692823251512986,288.85955395397605,-0.9937966839774108,0.1112121887002598,1411.5922080794048,45,-0.7572120607811511,0.6531691166976301,1037.2588730524699,0.9410484755254537,0.3382717350167165,280.0800773458905,-0.9650592856485553,-0.262031630120297,1417.7234884581972
-0.7572120607811511,0.6531691166976301,1037.2588730524699,0.9410484755254537,0.3382717350167165,280.0800773458905,-0.9650592856485553,-0.262031630120297,1417.7234884581972,0,-0.7632195161449966,0.6461392807865788,1020.9894268366348,0.9691138366275648,0.2466138107588495,272.74436696694585,-0.9630026162899439,-0.2694920425888735,1424.3760913860497
0.5150443631975785,0.8571635222863843,962.6299941178697,0.372782410074567,-0.9279187867151938,341.5076361889585,-0.4761014974287077,0.8793903366231302,1357.3272065258877,45,0.16808806475703492,0.9857719830093746,944.4435103917915,0.6599505448421892,-0.7513090431789688,354.87364557144844,-0.7719260072068082,0.6357123873244525,1345.8233555415695
0.16808806475703492,0.9857719830093746,944.4435103917915,0.6599505448421892,-0.7513090431789688,354.87364557144844,-0.7719260072068082,0.6357123873244525,1345.8233555415695,-45,0.5166794249820514,0.8561789367884594,925.0042855482184,0.3318147586792615,-0.9433445637319502,376.22159465210126,-0.5044285349876458,0.8634534458152433,1326.1444447278623
0.5166794249820514,0.8561789367884594,925.0042855482184,0.3318147586792615,-0.9433445637319502,376.22159465210126,-0.5044285349876458,0.8634534458152433,1326.1444447278623,0,0.5491865293978274,0.8356998001244043,869.2842178922898,0.28481595993236253,-0.9585822181575281,438.79563748584604,-0.5273805577513236,0.849629182235346,1269.8290638808871
0.5491865293978274,0.8356998001244043,869.2842178922898,0.28481595993236253,-0.9585822181575281,438.79563748584604,-0.5273805577513236,0.849629182235346,1269.8290638808871,0,0.5694313606358197,0.8220388832193031,848.5144084372463,0.26251281489229167,-0.9649285061688899,462.93228589677125,-0.5294600877258977,0.8483348486920036,1248.512771791146
0.5694313606358197,0.8220388832193031,848.5144084372463,0.26251281489229167,-0.9649285061688899,462.93228589677125,-0.5294600877258977,0.8483348486920036,1248.512771791146,45,0.32655349416977175,0.9451787214307741,822.5011531436111,0.49638591395610754,-0.8681019666064349,486.4437345907233,-0.7566608894585917,0.6538075392374524,1230.5416315275845
0.32655349416977175,0.9451787214307741,822.5011531436111,0.49638591395610754,-0.8681019666064349,486.4437345907233,-0.7566608894585917,0.6538075392374524,1230.5416315275845,-90,0.8688375885463974,0.49509720735314294,812.8449620484646,-0.16785263140029172,-0.9858120987957075,506.87778835491497,-0.16193347302142125,0.9868016772965177,1209.7145003378153
0.8688375885463974,0.49509720735314294,812.8449620484646,-0.16785263140029172,-0.9858120987957075,506.87778835491497,-0.16193347302142125,0.9868016772965177,1209.7145003378153,-45,0.9114320268315977,-0.4114506780473763,823.3366062753253,-0.865846913501082,-0.5003090268830354,516.1172417513001,0.695474471996847,0.7185508046065406,1194.8096949861806
0.9114320268315977,-0.4114506780473763,823.3366062753253,-0.865846913501082,-0.5003090268830354,516.1172417513001,0.695474471996847,0.7185508046065406,1194.8096949861806,0,0.8759675813091892,-0.48236997884956434,852.9611577977745,-0.8132734737187272,-0.5818816520096459,552.6609238147022,0.7293301676628144,0.6841619008224084,1147.6639302129
0.8759675813091892,-0.48236997884956434,852.9611577977745,-0.8132734737187272,-0.5818816520096459,552.6609238147022,0.7293301676628144,0.6841619008224084,1147.6639302129,0,0.8615367709583283,-0.5076951765446438,866.4333163658587,-0.7911861630746921,-0.6115753881241025,568.7674144223981,0.7424449500169358,0.6699070802688607,1129.3820840214971
0.8615367709583283,-0.5076951765446438,866.4333163658587,-0.7911861630746921,-0.6115753881241025,568.7674144223981,0.7424449500169358,0.6699070802688607,1129.3820840214971,-90,0.3757490742752899,-0.9267214431431177,886.5856314436073,-0.9986702420056521,-0.05155334841086614,568.8867039070784,0.9975051830515865,0.0705932701128149,1128.2383799012778
0.3757490742752899,-0.9267214431431177,886.5856314436073,-0.9986702420056521,-0.05155334841086614,568.8867039070784,0.9975051830515865,0.0705932701128149,1128.2383799012778,90,0.9002445591397825,-0.43538458142109104,894.5011195668343,-0.6734771155076077,-0.7392080727965249,584.965719428344,0.6854436684459324,0.7281256604373881,1112.1415435574377
0.9002445591397825,-0.43538458142109104,894.5011195668343,-0.6734771155076077,-0.7392080727965249,584.965719428344,0.6854436684459324,0.7281256604373881,1112.1415435574377,-90,0.48748423640822447,-0.8731317880214248,912.3479485184695,-0.9651931020649475,-0.26153828730463896,589.2720756712132,0.9806726768384868,0.1956555670111047,1108.6655668712094
0.48748423640822447,-0.8731317880214248,912.3479485184695,-0.9651931020649475,-0.26153828730463896,589.2720756712132,0.9806726768384868,0.1956555670111047,1108.6655668712094,-45,0.18168255401402839,-0.9833572339526159,935.8970663064395,-0.9998629298700484,0.016556614137033823,588.3221895534792,0.9893248909504735,-0.14572666243976673,1111.9683263119502
0.18168255401402839,-0.9833572339526159,935.8970663064395,-0.9998629298700484,0.016556614137033823,588.3221895534792,0.9893248909504735,-0.14572666243976673,1111.9683263119502,-45,-0.16098558873087887,-0.9869567570167258,956.4674347863235,-0.9455937594173437,0.3253497228383246,580.9422293195167,0.8723613521108785,-0.48886160755706703,1122.2687885737223
-0.16098558873087887,-0.9869567570167258,956.4674347863235,-0.9455937594173437,0.3253497228383246,580.9422293195167,0.8723613521108785,-0.48886160755706703,1122.2687885737223,-45,-0.45870471535111157,-0.888588759840375,978.7915098980068,-0.8115096875543276,0.5843389658455763,565.1143068870404,0.6576991652725206,-0.7532806966860558,1141.8368797023593
-0.45870471535111157,-0.888588759840375,978.7915098980068,-0.8115096875543276,0.5843389658455763,565.1143068870404,0.6576991652725206,-0.7532806966860558,1141.8368797023593,45,-0.1256500769776865,-0.9920746232796712,996.8082318073522,-0.9703123524191805,0.24185520201714925,560.7480815828976,0.8686024326283015,-0.49550965079622505,1150.4445797164242
-0.1256500769776865,-0.9920746232796712,996.8082318073522,-0.9703123524191805,0.24185520201714925,560.7480815828976,0.8686024326283015,-0.49550965079622505,1150.4445797164242,-90,-0.8945320764989035,-0.4470037629758386,1000.6814732019575,-0.32838417982519896,0.9445442448295005,546.1049448683284,0.05835276572424539,-0.9982960256017908,1165.1031417044758
-0.8945320764989035,-0.4470037629758386,1000.6814732019575,-0.32838417982519896,0.9445442448295005,546.1049448683284,0.05835276572424539,-0.9982960256017908,1165.1031417044758,90,-0.4002235895691146,-0.9164175240317117,1023.4813921192411,-0.8730521150756211,0.4876269110313586,534.6349782929844,0.6672357150689945,-0.7448466288682306,1182.5165707144827
-0.4002235895691146,-0.9164175240317117,1023.4813921192411,-0.8730521150756211,0.4876269110313586,534.6349782929844,0.6672357150689945,-0.7448466288682306,1182.5165707144827,90,0.7455047300776417,-0.6665003356577268,1032.747335795789,-0.713167042364813,-0.7009941295650235,548.1391972786657,0.9153321667063953,0.40269967046494554,1173.3468453928276
0.7455047300776417,-0.6665003356577268,1032.747335795789,-0.713167042364813,-0.7009941295650235,548.1391972786657,0.9153321667063953,0.40269967046494554,1173.3468453928276,90,0.6404843445335829,0.7679712262887111,991.3900165625232,0.6946177061488934,-0.7193790671853397,577.8399128996197,-0.47842669794740195,0.8781274934149058,1133.0370183448729
0.6404843445335829,0.7679712262887111,991.3900165625232,0.6946177061488934,-0.7193790671853397,577.8399128996197,-0.47842669794740195,0.8781274934149058,1133.0370183448729,-45,0.9847939574437932,0.17372639805795922,978.6309678528161,0.11558684893378167,-0.9932973776032831,639.3616904699089,0.1480486245743588,0.9889800830965407,1071.6718281454166
0.9847939574437932,0.17372639805795922,978.6309678528161,0.11558684893378167,-0.9932973776032831,639.3616904699089,0.1480486245743588,0.9889800830965407,1071.6718281454166,-90,0.24331763721258076,-0.9699466621527634,1031.284906864462,-0.9619711936723669,-0.27315091532806807,646.2254089142908,0.9930131598420071,-0.11800366257278844,1082.2657155830275
0.24331763721258076,-0.9699466621527634,1031.284906864462,-0.9619711936723669,-0.27315091532806807,646.2254089142908,0.9930131598420071,-0.11800366257278844,1082.2657155830275,90,0.9966220441204708,0.08212491201294657,1020.7143080705883,0.13932239794735152,-0.9902470749415015,692.4309775710645,0.23944835721766225,0.9709091019378502,1034.7223099460164
0.9966220441204708,0.08212491201294657,1020.7143080705883,0.13932239794735152,-0.9902470749415015,692.4309775710645,0.23944835721766225,0.9709091019378502,1034.7223099460164,45,0.8786910730522081,0.4773908232657591,1009.4042158174185,0.5282969999807299,-0.8490596444369268,711.0705667583053,-0.19614603102443,0.9805746960397068,1012.8533195433472
0.8786910730522081,0.4773908232657591,1009.4042158174185,0.5282969999807299,-0.8490596444369268,711.0705667583053,-0.19614603102443,0.9805746960397068,1012.8533195433472,0,0.9025310634477159,0.43062475487590685,982.2824959495829,0.49323251118680095,-0.8698975168997566,762.0741314655303,-0.20884000417056403,0.9779498211350308,954.7073550826674
0.9025310634477159,0.43062475487590685,982.2824959495829,0.49323251118680095,-0.8698975168997566,762.0741314655303,-0.20884000417056403,0.9779498211350308,954.7073550826674,45,-0.0397560060394837,0.999209417481535,907.5164689085218,0.9999822929021117,0.005950956413482161,755.0373112238839,-0.992485049222594,0.12236595551715068,945.4903517964591
-0.0397560060394837,0.999209417481535,907.5164689085218,0.9999822929021117,0.005950956413482161,755.0373112238839,-0.992485049222594,0.12236595551715068,945.4903517964591,-90,0.9901487128081343,-0.14001973619599073,919.1578108314699,-0.1080046154165104,-0.9941503925708282,801.6806753393149,0.2683693938130744,0.9633160792099357,901.0416423298649
0.9901487128081343,-0.14001973619599073,919.1578108314699,-0.1080046154165104,-0.9941503925708282,801.6806753393149,0.2683693938130744,0.9633160792099357,901.0416423298649,45,0.8477298122374445,0.5304282849206545,895.4877781018196,0.5631845790152393,-0.8263311260986286,834.6109229633494,-0.46879984074334596,0.8833044261855668,865.0287583252558
0.8477298122374445,0.5304282849206545,895.4877781018196,0.5631845790152393,-0.8263311260986286,834.6109229633494,-0.46879984074334596,0.8833044261855668,865.0287583252558,0,0.891240383066852,0.45353123331348505,851.8806626452329,0.5166704122812028,-0.8561843756301396,908.8768186002332,-0.5142093879367128,0.8576646811882551,788.1811970536223
0.891240383066852,0.45353123331348505,851.8806626452329,0.5166704122812028,-0.8561843756301396,908.8768186002332,-0.5142093879367128,0.8576646811882551,788.1811970536223,0,0.9130091252686211,0.40793913415634364,834.1680834118459,0.49152877419958513,-0.8708613346186942,944.1733524003907,-0.5321954354992686,0.8466215319927457,753.3525704363082
0.9130091252686211,0.40793913415634364,834.1680834118459,0.49152877419958513,-0.8708613346186942,944.1733524003907,-0.5321954354992686,0.8466215319927457,753.3525704363082,45,0.732207125247594,0.681082025703699,818.196566272673,0.7477501967605551,-0.6639801527489743,959.2276586193667,-0.8046634818184949,0.593731152145259,739.5361661611909
0.732207125247594,0.681082025703699,818.196566272673,0.7477501967605551,-0.6639801527489743,959.2276586193667,-0.8046634818184949,0.593731152145259,739.5361661611909,-90,0.9964991490053529,0.08360290683706835,817.0554620034119,0.19699898905054708,-0.98040369150318,977.2522028573836,-0.29397391492675934,0.9558134427505373,721.8831179558148
0.9964991490053529,0.08360290683706835,817.0554620034119,0.19699898905054708,-0.98040369150318,977.2522028573836,-0.29397391492675934,0.9558134427505373,721.8831179558148,45,0.9469124406364027,0.3214915702907484,807.5220727126524,0.44520019447800846,-0.8954310620236174,1002.14233416124,-0.5615201397286995,0.8274630702811224,698.6538670315498
0.9469124406364027,0.3214915702907484,807.5220727126524,0.44520019447800846,-0.8954310620236174,1002.14233416124,-0.5615201397286995,0.8274630702811224,698.6538670315498,45,0.7987760848162236,0.6016284287877901,792.23780844588,0.7076139665590062,-0.706599231764817,1019.1239498368836,-0.8236264259169394,0.5671327098054638,684.6846523262595
0.7987760848162236,0.6016284287877901,792.23780844588,0.7076139665590062,-0.706599231764817,1019.1239498368836,-0.8236264259169394,0.5671327098054638,684.6846523262595,-90,0.9999816273202111,0.006061767235908844,792.276966543066,0.17184332837076247,-0.9851242919015135,1042.219435490762,-0.3610505518782666,0.9325462449596797,662.6658522322411
0.9999816273202111,0.006061767235908844,792.276966543066,0.17184332837076247,-0.9851242919015135,1042.219435490762,-0.3610505518782666,0.9325462449596797,662.6658522322411,45,0.9483985995569021,0.31708058338300527,782.7875592696026,0.48744540955658616,-0.8731534645766528,1066.1935860561448,-0.6800392662673308,0.7331756926784946,642.2610520242229
0.9483985995569021,0.31708058338300527,782.7875592696026,0.48744540955658616,-0.8731534645766528,1066.1935860561448,-0.6800392662673308,0.7331756926784946,642.2610520242229,-45,0.9992530470258401,0.038643861214613294,781.4448862632952,0.24994551913237037,-0.968259901816475,1091.6100907682442,-0.49461292801193424,0.8691133708806126,619.2703951159416
0.9992530470258401,0.038643861214613294,781.4448862632952,0.24994551913237037,-0.968259901816475,1091.6100907682442,-0.49461292801193424,0.8691133708806126,619.2703951159416,0,0.9999751061644672,-0.0070559940024467445,781.0440673695691,0.2332892417955783,-0.972407388732955,1117.6981681890688,-0.503923305660167,0.8637484020318243,595.9682501385455
0.9999751061644672,-0.0070559940024467445,781.0440673695691,0.2332892417955783,-0.972407388732955,1117.6981681890688,-0.503923305660167,0.8637484020318243,595.9682501385455,45,0.9523991482891837,0.3048538376632932,772.778425592498,0.5396249101425513,-0.8419055507321729,1138.151771540694,-0.7882406502290427,0.615367107771041,580.7962939458378
0.9523991482891837,0.3048538376632932,772.778425592498,0.5396249101425513,-0.8419055507321729,1138.151771540694,-0.7882406502290427,0.615367107771041,580.7962939458378,-45,0.999952157147543,0.009781790018980715,772.4125179064616,0.28591539627330037,-0.958254864936193,1156.4625276326942,-0.6072249658261127,0.7945299496415955,565.4672915550466
0.999952157147543,0.009781790018980715,772.4125179064616,0.28591539627330037,-0.958254864936193,1156.4625276326942,-0.6072249658261127,0.7945299496415955,565.4672915550466,0,0.9998368068844199,-0.018065425518574187,772.4846801487846,0.2810018386395633,-0.9597072296701661,1177.1922277455667,-0.6262035179815643,0.7796596398862216,548.4574924864916
0.9998368068844199,-0.018065425518574187,772.4846801487846,0.2810018386395633,-0.9597072296701661,1177.1922277455667,-0.6262035179815643,0.7796596398862216,548.4574924864916,-45,0.9477196909806666,-0.3191040384067708,779.5869443304191,0.006225282710998597,-0.999980622739845,1200.167773176084,-0.4030659443809138,0.9151709373009624,527.3213477287261
0.9477196909806666,-0.3191040384067708,779.5869443304191,0.006225282710998597,-0.999980622739845,1200.167773176084,-0.4030659443809138,0.9151709373009624,527.3213477287261,45,0.9930683795409496,-0.11753805152337907,782.1336944789555,0.24092900261957434,-0.9705427428489366,1227.480051177737,-0.6384008647108683,0.7697040573729721,505.4491033123909
0.9930683795409496,-0.11753805152337907,782.1336944789555,0.24092900261957434,-0.9705427428489366,1227.480051177737,-0.6384008647108683,0.7697040573729721,505.4491033123909,-90,0.706310652472909,-0.7079020145495375,795.7991567082299,-0.3918387400253559,-0.9200339134050123,1244.3834689586365,-0.039952643552452566,0.9992015743948619,486.7198555817607
0.706310652472909,-0.7079020145495375,795.7991567082299,-0.3918387400253559,-0.9200339134050123,1244.3834689586365,-0.039952643552452566,0.9992015743948619,486.7198555817607,-90,0.08264060725055719,-0.9965794148151261,817.6094738129445,-0.8853530634106086,-0.4649192974156384,1253.4934110990293,0.6370309799161825,0.7708382000309976,470.3181600456015
0.08264060725055719,-0.9965794148151261,817.6094738129445,-0.8853530634106086,-0.4649192974156384,1253.4934110990293,0.6370309799161825,0.7708382000309976,470.3181600456015,-45,-0.1811985872630085,-0.9834465272570186,843.0675003642353,-0.9730360298096038,-0.23065316969936434,1258.986993646241,0.8460810670153692,0.5330542449302269,456.1735746077363
-0.1811985872630085,-0.9834465272570186,843.0675003642353,-0.9730360298096038,-0.23065316969936434,1258.986993646241,0.8460810670153692,0.5330542449302269,456.1735746077363,-90,-0.7013962673058702,-0.7127715455946542,858.0740050499375,-0.9340365073953645,0.357177550880048,1250.2478946762678,0.9950261019503776,-0.09961453928737984,458.6023529621713
-0.7013962673058702,-0.7127715455946542,858.0740050499375,-0.9340365073953645,0.357177550880048,1250.2478946762678,0.9950261019503776,-0.09961453928737984,458.6023529621713,45,-0.4636724984165369,-0.8860066671375372,879.5889758002257,-0.9980000547612271,0.06321305795947296,1249.0069200566063,0.9914319547245817,0.1306241905276162,454.3267176265226
-0.4636724984165369,-0.8860066671375372,879.5889758002257,-0.9980000547612271,0.06321305795947296,1249.0069200566063,0.9914319547245817,0.1306241905276162,454.3267176265226,0,-0.4616894540948436,-0.8870416269700117,900.5397893605145,-0.9985288987894484,0.05422211986202289,1247.7991794441443,0.9975853844399634,0.06945070735255644,451.7957859713612
-0.4616894540948436,-0.8870416269700117,900.5397893605145,-0.9985288987894484,0.05422211986202289,1247.7991794441443,0.9975853844399634,0.06945070735255644,451.7957859713612,0,-0.4548480746435079,-0.8905690478526042,918.2136816462985,-0.9991740368391974,0.04063550302952046,1246.857828768962,0.9997314963377435,0.02317186290086462,450.87271503435426
-0.4548480746435079,-0.8905690478526042,918.2136816462985,-0.9991740368391974,0.04063550302952046,1246.857828768962,0.9997314963377435,0.02317186290086462,450.87271503435426,0,-0.4446673408888752,-0.8956957943112254,938.3474692667425,-0.999756870405523,0.02204994505558683,1246.2039211458532,0.9996559640043037,-0.026228870174413096,450.8552462590404
-0.4446673408888752,-0.8956957943112254,938.3474692667425,-0.999756870405523,0.02204994505558683,1246.2039211458532,0.9996559640043037,-0.026228870174413096,450.8552462590404,90,0.23906886374189676,-0.9710026150269413,960.5167699924297,-0.7641713315576797,-0.6450133146109178,1262.1502863909234,0.7996451594459532,0.6004728295057622,435.4308962817062
0.23906886374189676,-0.9710026150269413,960.5167699924297,-0.7641713315576797,-0.6450133146109178,1262.1502863909234,0.7996451594459532,0.6004728295057622,435.4308962817062,0,0.2316225346738613,-0.9728057367384589,982.8451042501713,-0.7565827830712266,-0.6538979219726861,1277.1008491691368,0.8261912189937298,0.5633898025857895,422.02438193607964
0.2316225346738613,-0.9728057367384589,982.8451042501713,-0.7565827830712266,-0.6538979219726861,1277.1008491691368,0.8261912189937298,0.5633898025857895,422.02438193607964,-90,-0.42552882909604095,-0.9049448688224893,1001.7054131941586,-0.99893266990356,-0.04619005303466527,1277.1774406175832,0.9909911786643856,-0.13392715859515505,425.07012929924866
-0.42552882909604095,-0.9049448688224893,1001.7054131941586,-0.99893266990356,-0.04619005303466527,1277.1774406175832,0.9909911786643856,-0.13392715859515505,425.07012929924866,0,-0.4143550148323688,-0.9101153342754243,1025.5485164249812,-0.9976718980417019,-0.06819665576747842,1278.8112603279187,0.9813650758452118,-0.1921525121129608,429.2139787349429
-0.4143550148323688,-0.9101153342754243,1025.5485164249812,-0.9976718980417019,-0.06819665576747842,1278.8112603279187,0.9813650758452118,-0.1921525121129608,429.2139787349429,-90,-0.9910468775833774,0.13351436788689924,1019.0419089186714,-0.33867142482704843,0.9409047061236419,1259.0321092540134,0.08606464130303469,-0.9962895550578557,449.12983883573133
-0.9910468775833774,0.13351436788689924,1019.0419089186714,-0.33867142482704843,0.9409047061236419,1259.0321092540134,0.08606464130303469,-0.9962895550578557,449.12983883573133,45,-0.9858562989850277,-0.16759283323443047,1023.7080105947251,-0.5923325176842298,0.8056936070826561,1236.2456434527119,0.3329487948559299,-0.9429449082549753,475.6657765236112
-0.9858562989850277,-0.16759283323443047,1023.7080105947251,-0.5923325176842298,0.8056936070826561,1236.2456434527119,0.3329487948559299,-0.9429449082549753,475.6657765236112,45,-0.857628506099994,-0.5142697205987269,1036.1538977905984,-0.8427064924959302,0.5383732603920878,1223.4323601681665,0.6128885005549367,-0.7901694032848408,494.2020031390504
-0.857628506099994,-0.5142697205987269,1036.1538977905984,-0.8427064924959302,0.5383732603920878,1223.4323601681665,0.6128885005549367,-0.7901694032848408,494.2020031390504,-90,-0.991008703706956,0.13379741842449241,1033.0358530775686,-0.31064887985411477,0.9505247358408848,1207.5621531597037,-0.027707413577083204,-0.9996160759175837,510.59819206857753
-0.991008703706956,0.13379741842449241,1033.0358530775686,-0.31064887985411477,0.9505247358408848,1207.5621531597037,-0.027707413577083204,-0.9996160759175837,510.59819206857753,-90,-0.6680552433154355,0.7441116797086001,1018.8350192526414,0.39589898853604705,0.9182940655781975,1190.96098863713,-0.6588860395267565,-0.7522427712625396,523.7820887120234
-0.6680552433154355,0.7441116797086001,1018.8350192526414,0.39589898853604705,0.9182940655781975,1190.96098863713,-0.6588860395267565,-0.7522427712625396,523.7820887120234,-45,-0.38281777082825075,0.9238238762546078,998.6548138532853,0.6936817272978153,0.7202816540861772,1175.3027853418623,-0.8574873520051556,-0.5145050448257883,534.5092676767541
-0.38281777082825075,0.9238238762546078,998.6548138532853,0.6936817272978153,0.7202816540861772,1175.3027853418623,-0.8574873520051556,-0.5145050448257883,534.5092676767541,0,-0.39673517601443015,0.917933113093105,981.3713731770761,0.6961774367731448,0.7178697489990603,1161.7620806737755,-0.8377848962046641,-0.5460004282886051,544.5120495374368
-0.39673517601443015,0.917933113093105,981.3713731770761,0.6961774367731448,0.7178697489990603,1161.7620806737755,-0.8377848962046641,-0.5460004282886051,544.5120495374368,45,-0.6811987815512823,0.7320985043100746,969.097723288859,0.43191279092506746,0.9019153735441696,1146.4064886782742,-0.6014851907770493,-0.798883949817429,558.0545468712265
-0.6811987815512823,0.7320985043100746,969.097723288859,0.43191279092506746,0.9019153735441696,1146.4064886782742,-0.6014851907770493,-0.798883949817429,558.0545468712265,90,-0.9998679666034481,0.016249595696073926,966.2795192836129,-0.3035725029167918,0.9528083414164857,1083.7104545896796,0.0813347444827576,-0.9966868411592101,623.531450198761
-0.9998679666034481,0.016249595696073926,966.2795192836129,-0.3035725029167918,0.9528083414164857,1083.7104545896796,0.0813347444827576,-0.9966868411592101,623.531450198761,90,-0.7802135057364749,-0.6255132975935842,979.8389834821191,-0.8421581708317194,0.5392305771201895,1073.6396385898167,0.6702354391345458,-0.7421485404742926,637.623739795871
-0.7802135057364749,-0.6255132975935842,979.8389834821191,-0.8421581708317194,0.5392305771201895,1073.6396385898167,0.6702354391345458,-0.7421485404742926,637.623739795871,90,0.38156929901936115,-0.9243402350032554,1000.4516233084817,-0.7357498617001119,-0.6772533802117685,1092.7024272786146,0.9082671170847512,0.4183907790840459,623.6743465788664
0.38156929901936115,-0.9243402350032554,1000.4516233084817,-0.7357498617001119,-0.6772533802117685,1092.7024272786146,0.9082671170847512,0.4183907790840459,623.6743465788664,-90,-0.3368330434991968,-0.941564390154528,1017.8046712377542,-0.9998237534387889,-0.01877397292987858,1091.666705910459,0.943147754440239,-0.3323737554235212,630.8698350637736
-0.3368330434991968,-0.941564390154528,1017.8046712377542,-0.9998237534387889,-0.01877397292987858,1091.666705910459,0.943147754440239,-0.3323737554235212,630.8698350637736,45,-0.0024355588765281842,-0.999997034022081,1041.5708228886629,-0.9285355751228737,-0.37124343190315734,1100.7013378264635,0.99938805698087,-0.034978730165650763,630.7887911916048
-0.0024355588765281842,-0.999997034022081,1041.5708228886629,-0.9285355751228737,-0.37124343190315734,1100.7013378264635,0.99938805698087,-0.034978730165650763,630.7887911916048,0,-0.014210248785480113,-0.999899029317188,1066.8744648609443,-0.925069075515645,-0.37979890142630734,1110.1892936667718,0.9962205540162503,-0.0868597015626659,632.3474391284637
-0.014210248785480113,-0.999899029317188,1066.8744648609443,-0.925069075515645,-0.37979890142630734,1110.1892936667718,0.9962205540162503,-0.0868597015626659,632.3474391284637,45,0.22467232914219482,-0.9744343715806731,1092.722817564874,-0.7930059087750909,-0.6092139432480121,1126.3574335116348,0.9930574813811578,0.11763009254825642,628.4617060942671
0.22467232914219482,-0.9744343715806731,1092.722817564874,-0.7930059087750909,-0.6092139432480121,1126.3574335116348,0.9930574813811578,0.11763009254825642,628.4617060942671,90,0.7593017634787679,-0.6507386817901892,1106.2336440691784,-0.25680554017852775,-0.9664630952776285,1148.3495196457277,0.7351151712934543,0.6779422430666165,612.1445542276542
0.7593017634787679,-0.6507386817901892,1106.2336440691784,-0.25680554017852775,-0.9664630952776285,1148.3495196457277,0.7351151712934543,0.6779422430666165,612.1445542276542,45,0.8792105170627633,-0.4764334861092663,1118.6922298476904,-0.025779947482192228,-0.999667641922962,1175.3054416285147,0.5791549451853332,0.8152174859921577,589.8828910229535
0.8792105170627633,-0.4764334861092663,1118.6922298476904,-0.025779947482192228,-0.999667641922962,1175.3054416285147,0.5791549451853332,0.8152174859921577,589.8828910229535,-90,0.4443384929822522,-0.8958589753160153,1139.3199292641318,-0.5806171088852674,-0.8141767454734343,1193.118081842039,0.9521466308351934,0.3056416093878418,583.4234664619055
0.4443384929822522,-0.8958589753160153,1139.3199292641318,-0.5806171088852674,-0.8141767454734343,1193.118081842039,0.9521466308351934,0.3056416093878418,583.4234664619055,45,0.66096577430362,-0.7504160480688137,1156.2128831375373,-0.3318685419073496,-0.9433256441400762,1214.6366300804602,0.8512184757347393,0.524811496223003,571.0166995221917
0.66096577430362,-0.7504160480688137,1156.2128831375373,-0.3318685419073496,-0.9433256441400762,1214.6366300804602,0.8512184757347393,0.524811496223003,571.0166995221917,-90,-0.025859559259480917,-0.9996655856809843,1178.1429504527378,-0.877783115275215,-0.4790582454542857,1224.3603928996897,0.9728131886066428,-0.231591234879424,576.4136116552787
-0.025859559259480917,-0.9996655856809843,1178.1429504527378,-0.877783115275215,-0.4790582454542857,1224.3603928996897,0.9728131886066428,-0.231591234879424,576.4136116552787,-90,-0.6908682746584143,-0.7229806547000451,1191.5485543499813,-0.972715371011873,0.23200173921165812,1218.3508022624394,0.540491276682346,-0.8413496180722303,593.7615997801896
-0.6908682746584143,-0.7229806547000451,1191.5485543499813,-0.972715371011873,0.23200173921165812,1218.3508022624394,0.540491276682346,-0.8413496180722303,593.7615997801896,45,-0.4093022032225224,-0.912398874636082,1206.5129463771357,-0.993420585800885,-0.11452309682778619,1220.4551518903254,0.7739967857975306,-0.6331895257938902,603.6489458084367
-0.4093022032225224,-0.912398874636082,1206.5129463771357,-0.993420585800885,-0.11452309682778619,1220.4551518903254,0.7739967857975306,-0.6331895257938902,603.6489458084367,-45,-0.6522461292349361,-0.758007247259578,1225.3610382343977,-0.9860014931221226,0.16673648539220473,1215.7637469602723,0.5317005080236639,-0.8469324469917171,624.9904271449936
-0.6522461292349361,-0.758007247259578,1225.3610382343977,-0.9860014931221226,0.16673648539220473,1215.7637469602723,0.5317005080236639,-0.8469324469917171,624.9904271449936,90,-0.03656364197273788,-0.999331326480707,1251.7145756906891,-0.8654332441809655,-0.5010242507767557,1229.537423178539,0.9301391551072687,-0.36720723322987026,633.3270395273847
-0.03656364197273788,-0.999331326480707,1251.7145756906891,-0.8654332441809655,-0.5010242507767557,1229.537423178539,0.9301391551072687,-0.36720723322987026,633.3270395273847,-45,-0.294427265912353,-0.9556738905543964,1277.4717875974886,-0.9618318233663432,-0.273641268013024,1236.4512962941658,0.7789089211099551,-0.6271370604702976,650.1142731147521
-0.294427265912353,-0.9556738905543964,1277.4717875974886,-0.9618318233663432,-0.273641268013024,1236.4512962941658,0.7789089211099551,-0.6271370604702976,650.1142731147521,-45,-0.5755102437273665,-0.8177945703933643,1300.1972688968026,-0.9996261052145242,0.02734318514074431,1235.0023360490882,0.517293492849048,-0.8558080639115478,674.2522807130168
-0.5755102437273665,-0.8177945703933643,1300.1972688968026,-0.9996261052145242,0.02734318514074431,1235.0023360490882,0.517293492849048,-0.8558080639115478,674.2522807130168,-90,-0.9664154770605771,-0.2569846798892443,1302.1231820895136,-0.7466381656812643,0.665230373290424,1225.3964376212787,-0.15813385140104025,-0.9874176851976441,686.7306177351644
-0.9664154770605771,-0.2569846798892443,1302.1231820895136,-0.7466381656812643,0.665230373290424,1225.3964376212787,-0.15813385140104025,-0.9874176851976441,686.7306177351644,90,-0.6433112085236736,-0.7656047864190836,1320.0715736010416,-0.9941661659698829,0.10785932709201897,1223.116870715767,0.41460421184712776,-0.9100018392940874,707.5683991173786
-0.6433112085236736,-0.7656047864190836,1320.0715736010416,-0.9941661659698829,0.10785932709201897,1223.116870715767,0.41460421184712776,-0.9100018392940874,707.5683991173786,90,-0.03398951361874386,-0.9994221895495222,1341.0074142269684,-0.8412927764093707,-0.540579748382616,1235.7521454610953,0.8753077633414355,-0.48356625133916614,715.8965323366917
-0.03398951361874386,-0.9994221895495222,1341.0074142269684,-0.8412927764093707,-0.540579748382616,1235.7521454610953,0.8753077633414355,-0.48356625133916614,715.8965323366917,-45,-0.30757985474283434,-0.9515222713927284,1362.5355454215094,-0.9539246385853767,-0.3000463029263291,1242.2996387897288,0.6892241219079862,-0.7245482108046126,732.1958157058056
-0.30757985474283434,-0.9515222713927284,1362.5355454215094,-0.9539246385853767,-0.3000463029263291,1242.2996387897288,0.6892241219079862,-0.7245482108046126,732.1958157058056,45,0.03743545650441025,-0.9992990476310414,1384.0136152395937,-0.784356067174833,-0.6203108574626345,1255.9701935828612,0.8843805926832838,-0.46676650188843194,741.493794423507
-0.7133256915798297,-0.7008326888296219,1447.2263796774366,-0.9911466114749865,0.13277196451680676,1256.010745986777,0.18234631125911452,-0.983234368179934,815.3869964834245,0,-0.7018533359709902,-0.7123214827494622,1466.950519744821,-0.9941304889552788,0.10818766532991779,1252.6178616719467,0.17899995384573977,-0.9838490821885352,842.8720349967722
-0.7018533359709902,-0.7123214827494622,1466.950519744821,-0.9941304889552788,0.10818766532991779,1252.6178616719467,0.17899995384573977,-0.9838490821885352,842.8720349967722,-45,-0.8333691553132102,-0.5527167909269145,1479.7208272608318,-0.9519908755600104,0.3061264001200889,1245.1816119062632,-0.03936807938410978,-0.9992247766772031,866.2902785033895
-0.8333691553132102,-0.5527167909269145,1479.7208272608318,-0.9519908755600104,0.3061264001200889,1245.1816119062632,-0.03936807938410978,-0.9992247766772031,866.2902785033895,45,-0.5816728724581152,-0.8134228109945806,1504.5534341289344,-0.9978350508885969,-0.0657663380320902,1246.9385213991786,0.29782932053170547,-0.9546191365312255,895.3906388550029
-0.5816728724581152,-0.8134228109945806,1504.5534341289344,-0.9978350508885969,-0.0657663380320902,1246.9385213991786,0.29782932053170547,-0.9546191365312255,895.3906388550029,-90,-0.9604899024681014,-0.27831483477676333,1509.1339110625174,-0.8239335006677913,0.5666864975251474,1233.7513045662201,-0.36113899709369696,-0.9325119971229103,914.7262549631174
-0.9604899024681014,-0.27831483477676333,1509.1339110625174,-0.8239335006677913,0.5666864975251474,1233.7513045662201,-0.36113899709369696,-0.9325119971229103,914.7262549631174,90,-0.5304625576166234,-0.8477083666962539,1525.8394741815077,-0.990732973926748,-0.13582405668460085,1237.3610390546892,0.3389971654296021,-0.9407873945959815,932.1693949977654
-0.3546983554778782,0.9349807894397022,1408.7990123411075,0.5716148854586873,0.8205220428008329,1091.0602995129464,-0.9785922744191741,0.205808552900767,941.8219455785048,45,-0.5453683476302957,0.8381964956995471,1391.9161761794314,0.3980534774287165,0.9173622126002936,1072.3880274928335,-0.9997907284337879,-0.020457256361393335,942.2352155963871
-0.5453683476302957,0.8381964956995471,1391.9161761794314,0.3980534774287165,0.9173622126002936,1072.3880274928335,-0.9997907284337879,-0.020457256361393335,942.2352155963871,0,-0.5536488987487551,0.8327502007891027,1371.0927674873426,0.40671768932074315,0.9135538961624516,1049.5357149978747,-0.9989016250297064,-0.04685662720482568,943.1102252950606
-0.5536488987487551,0.8327502007891027,1371.0927674873426,0.40671768932074315,0.9135538961624516,1049.5357149978747,-0.9989016250297064,-0.04685662720482568,943.1102252950606,-90,0.04810352664025561,0.9988423552917498,1347.5034649477159,0.8783474444149403,0.47802276817087225,1038.9859999278624,-0.8441643357994072,0.5360844841667642,929.2798437747911
0.04810352664025561,0.9988423552917498,1347.5034649477159,0.8783474444149403,0.47802276817087225,1038.9859999278624,-0.8441643357994072,0.5360844841667642,929.2798437747911,-45,0.3227538599448342,0.9464829348121975,1322.318222542853,0.9802175984240887,0.19792286310507948,1033.6089597468135,-0.6819450651390192,0.7314033963091359,909.4478553874818
0.3227538599448342,0.9464829348121975,1322.318222542853,0.9802175984240887,0.19792286310507948,1033.6089597468135,-0.6819450651390192,0.7314033963091359,909.4478553874818,0,0.3298026674668755,0.9440498930309422,1297.9449852134296,0.9849674792908832,0.17273987593883305,1028.766632740725,-0.6954847535354943,0.7185408531180901,890.817638263124
0.3298026674668755,0.9440498930309422,1297.9449852134296,0.9849674792908832,0.17273987593883305,1028.766632740725,-0.6954847535354943,0.7185408531180901,890.817638263124,90,-0.3662045156551392,0.9305343909355446,1279.5654257490157,0.6478139783927088,0.7617985622190494,1012.0730797587,-0.9972125295581697,0.07461347661244894,890.7493916766151
-0.3662045156551392,0.9305343909355446,1279.5654257490157,0.6478139783927088,0.7617985622190494,1012.0730797587,-0.9972125295581697,0.07461347661244894,890.7493916766151,0,-0.38283524412816594,0.9238166354062518,1257.2587905946573,0.6514688089678135,0.7586754187016069,993.632319586848,-0.9993186170780092,0.0369093695597091,889.5612775562682
-0.38283524412816594,0.9238166354062518,1257.2587905946573,0.6514688089678135,0.7586754187016069,993.632319586848,-0.9993186170780092,0.0369093695597091,889.5612775562682,90,-0.9836960515020065,-0.17983903430390713,1264.2285678790565,-0.6041387006360784,0.7968791818047143,978.5350028698667,-0.2595790872337145,-0.9657218530565163,911.0319159291457
-0.9836960515020065,-0.17983903430390713,1264.2285678790565,-0.6041387006360784,0.7968791818047143,978.5350028698667,-0.2595790872337145,-0.9657218530565163,911.0319159291457,-45,-0.988639350270246,0.15030713588258504,1259.815038351146,-0.30001863201166384,0.9539333417204002,954.4671868931378,-0.5629776587715566,-0.8264721143051934,931.4114508935887
-0.988639350270246,0.15030713588258504,1259.815038351146,-0.30001863201166384,0.9539333417204002,954.4671868931378,-0.5629776587715566,-0.8264721143051934,931.4114508935887,-45,-0.8863473432327051,0.46302093596761396,1248.6286080781106,0.04339988902908117,0.9990577809277417,931.2684472863235,-0.7984007966454042,-0.602126372048247,944.9750689362551
-0.8863473432327051,0.46302093596761396,1248.6286080781106,0.04339988902908117,0.9990577809277417,931.2684472863235,-0.7984007966454042,-0.602126372048247,944.9750689362551,-90,-0.5111855421343153,0.8594703843139949,1189.9684835963094,0.620021020432299,0.78458519882935,877.857364241196,-0.9906393491937383,-0.13650523736841255,951.1871908055217
-0.5111855421343153,0.8594703843139949,1189.9684835963094,0.620021020432299,0.78458519882935,877.857364241196,-0.9906393491937383,-0.13650523736841255,951.1871908055217,90,-0.9240945486226853,0.3821639245217105,1181.7374280106897,0.04514593955206489,0.9989804022812266,854.608394974751,-0.7127225544549265,-0.7014460495086163,968.0028867525757
-0.9240945486226853,0.3821639245217105,1181.7374280106897,0.04514593955206489,0.9989804022812266,854.608394974751,-0.7127225544549265,-0.7014460495086163,968.0028867525757,45,-0.9999729989102532,0.007348567917280627,1181.782067396781,-0.3242740906160362,0.9459631674410705,834.8283025991691,-0.40586116557239216,-0.9139347429002901,987.3271265495596
-0.9999729989102532,0.007348567917280627,1181.782067396781,-0.3242740906160362,0.9459631674410705,834.8283025991691,-0.40586116557239216,-0.9139347429002901,987.3271265495596,-45,-0.9461027536163971,0.32386660772526576,1172.831110122361,0.013755398682121995,0.9999053900280246,808.7913531133045,-0.6765793847503646,-0.7363697007148094,1006.1564952187358
-0.9461027536163971,0.32386660772526576,1172.831110122361,0.013755398682121995,0.9999053900280246,808.7913531133045,-0.6765793847503646,-0.7363697007148094,1006.1564952187358,-45,-0.7843351353360439,0.6203373239435054,1156.5102844664807,0.37299133441930876,0.9278348260590908,785.1584031752701,-0.8804507220171461,-0.47413766576753424,1017.6842526426062
-0.7843351353360439,0.6203373239435054,1156.5102844664807,0.37299133441930876,0.9278348260590908,785.1584031752701,-0.8804507220171461,-0.47413766576753424,1017.6842526426062,45,-0.9547155362828667,0.29752015861134234,1147.9249364818702,0.03973931581599117,0.999210081403544,756.9464841036688,-0.6556071372727421,-0.7551021663040306,1038.9209997862713
-0.9547155362828667,0.29752015861134234,1147.9249364818702,0.03973931581599117,0.999210081403544,756.9464841036688,-0.6556071372727421,-0.7551021663040306,1038.9209997862713,45,-0.9977814875007532,-0.06657404299563083,1149.9297668141285,-0.314384407923246,0.9492957621599024,735.9626543549582,-0.3510964250987407,-0.9363393083080963,1060.041925871423
-0.9977814875007532,-0.06657404299563083,1149.9297668141285,-0.314384407923246,0.9492957621599024,735.9626543549582,-0.3510964250987407,-0.9363393083080963,1060.041925871423,45,-0.9369971570172595,-0.34933698307160843,1158.7776163069152,-0.5725647907668002,0.8198594759921789,715.48442614353,-0.08697560011159657,-0.9962104421181438,1085.0257858935595
-0.9369971570172595,-0.34933698307160843,1158.7776163069152,-0.5725647907668002,0.8198594759921789,715.48442614353,-0.08697560011159657,-0.9962104421181438,1085.0257858935595,0,-0.9332523074500276,-0.3592215620465998,1168.427055105503,-0.5815591368739809,0.8135041304863734,693.2750270293301,-0.09597120101317724,-0.9953841110727498,1112.1144073801572
-0.9332523074500276,-0.3592215620465998,1168.427055105503,-0.5815591368739809,0.8135041304863734,693.2750270293301,-0.09597120101317724,-0.9953841110727498,1112.1144073801572,90,-0.42845522823636917,-0.9035630124108228,1187.4411205066094,-0.9861337734554504,0.16595234511905665,690.7207356594937,0.6019145640705781,-0.7985604908582229,1127.7169319780528
-0.42845522823636917,-0.9035630124108228,1187.4411205066094,-0.9861337734554504,0.16595234511905665,690.7207356594937,0.6019145640705781,-0.7985604908582229,1127.7169319780528,90,0.16564812505843757,-0.986184921130223,1205.5925079256633,-0.8918513069219837,-0.4523286928125936,700.1531940700481,0.9466811337997855,-0.32217205171701757,1132.3157011922472
0.16564812505843757,-0.986184921130223,1205.5925079256633,-0.8918513069219837,-0.4523286928125936,700.1531940700481,0.9466811337997855,-0.32217205171701757,1132.3157011922472,90,0.7473369429619957,-0.6644452525861095,1220.0930037685325,-0.38684633906652155,-0.9221441915182407,722.3503705577511,0.9408101323391123,0.3389340568430119,1122.8560842088893
0.7473369429619957,-0.6644452525861095,1220.0930037685325,-0.38684633906652155,-0.9221441915182407,722.3503705577511,0.9408101323391123,0.3389340568430119,1122.8560842088893,90,0.9990873065863062,-0.042714796243458246,1219.4907159966738,0.2899431774612463,-0.9570438620270632,742.7340886226241,0.5071981084691659,0.8618294951817906,1103.393096952342
0.9990873065863062,-0.042714796243458246,1219.4907159966738,0.2899431774612463,-0.9570438620270632,742.7340886226241,0.5071981084691659,0.8618294951817906,1103.393096952342,0,0.9979192348492428,-0.06447635782131093,1220.8319634098748,0.2800666806674537,-0.9599805489591519,767.8580877240338,0.5180034273443556,0.8553785415004874,1080.837768993668
0.9979192348492428,-0.06447635782131093,1220.8319634098748,0.2800666806674537,-0.9599805489591519,767.8580877240338,0.5180034273443556,0.8553785415004874,1080.837768993668,45,0.9864786748115334,0.16388967063875912,1215.5382445518035,0.4945014559302074,-0.8691768002442916,792.2348792928017,0.2954614217136897,0.9553546714592048,1053.5934433964935
0.9864786748115334,0.16388967063875912,1215.5382445518035,0.4945014559302074,-0.8691768002442916,792.2348792928017,0.2954614217136897,0.9553546714592048,1053.5934433964935,90,0.6911528976351279,0.7227085664986728,1196.863277126761,0.9106189370787853,-0.41324708278886046,801.0382413684192,-0.3577137550088381,0.9338312853387795,1030.976674874175
0.6911528976351279,0.7227085664986728,1196.863277126761,0.9106189370787853,-0.41324708278886046,801.0382413684192,-0.3577137550088381,0.9338312853387795,1030.976674874175,-45,0.9025223970501771,0.4306429179991267,1189.90741272207,0.7035528273468306,-0.7106429617833986,812.5000743697997,-0.01567213268179267,0.9998771845867893,1014.8312031322895
0.9025223970501771,0.4306429179991267,1189.90741272207,0.7035528273468306,-0.7106429617833986,812.5000743697997,-0.01567213268179267,0.9998771845867893,1014.8312031322895,0,0.9139837198748847,0.40575085927656185,1181.110846320467,0.6826298481007472,-0.7307643193820773,827.7389632582544,-0.004631824580310745,0.9999892730429948,993.7241625802656
0.9139837198748847,0.40575085927656185,1181.110846320467,0.6826298481007472,-0.7307643193820773,827.7389632582544,-0.004631824580310745,0.9999892730429948,993.7241625802656,90,0.4437224107798537,0.8961642830261173,1157.9645054354646,0.989118431418692,-0.14712147575329124,830.457437710326,-0.66269698241794,0.748887648111622,974.9399344823248
0.4437224107798537,0.8961642830261173,1157.9645054354646,0.989118431418692,-0.14712147575329124,830.457437710326,-0.66269698241794,0.748887648111622,974.9399344823248,-45,0.7439052489559961,0.668285104259939,1143.5908754527206,0.8603269203541205,-0.5097426704857999,841.7226683526587,-0.3589459561591719,0.9333583452013369,954.4151352628058
0.7439052489559961,0.668285104259939,1143.5908754527206,0.8603269203541205,-0.5097426704857999,841.7226683526587,-0.3589459561591719,0.9333583452013369,954.4151352628058,45,0.47546737544075773,0.8797333544270545,1130.027514098931,0.9794253371350972,-0.20180686058159986,844.3290961589621,-0.6649791119050255,0.7468619556049187,943.2222339515805
0.47546737544075773,0.8797333544270545,1130.027514098931,0.9794253371350972,-0.20180686058159986,844.3290961589621,-0.6649791119050255,0.7468619556049187,943.2222339515805,0,0.48555849571544557,0.8742041793760503,1104.901001579603,0.9724170718846409,-0.23324887632591326,850.5161158329747,-0.6808523860298284,0.732420663578991,922.0749553542868
0.48555849571544557,0.8742041793760503,1104.901001579603,0.9724170718846409,-0.23324887632591326,850.5161158329747,-0.6808523860298284,0.732420663578991,922.0749553542868,0,0.49030236064783955,0.8715524052764446,1082.5435435310767,0.9667461330761996,-0.25573797954589195,856.639179375319,-0.6991394554550617,0.7149853297977516,903.6751427591776
0.49030236064783955,0.8715524052764446,1082.5435435310767,0.9667461330761996,-0.25573797954589195,856.639179375319,-0.6991394554550617,0.7149853297977516,903.6751427591776,-45,0.8777359600493094,0.4791446383257534,1071.5082585452012,0.6846656232590418,-0.7288573141070259,873.5686510690331,-0.23789847513829426,0.9712900264734907,881.1027795499058
0.8777359600493094,0.4791446383257534,1071.5082585452012,0.6846656232590418,-0.7288573141070259,873.5686510690331,-0.23789847513829426,0.9712900264734907,881.1027795499058,0,0.8964901428687253,0.4430636791017883,1058.8639530308415,0.6560237603282718,-0.754740237356373,893.9422749977203,-0.2277332456893842,0.973723558720738,854.4087025704384
0.8964901428687253,0.4430636791017883,1058.8639530308415,0.6560237603282718,-0.754740237356373,893.9422749977203,-0.2277332456893842,0.973723558720738,854.4087025704384,-90,0.9671038574548355,-0.2543818564598843,1065.3033261469006,0.02073902212801024,-0.9997849233516046,917.2575956074988,0.4606603861644495,0.887576480433557,834.0037270298317
0.9671038574548355,-0.2543818564598843,1065.3033261469006,0.02073902212801024,-0.9997849233516046,917.2575956074988,0.4606603861644495,0.887576480433557,834.0037270298317,0,0.9619501046472853,-0.2732251748449931,1072.2318443390916,0.024268607586409124,-0.9997054739701173,943.5120391467243,0.47012731514472833,0.8825986106689775,810.7593527149779
0.9619501046472853,-0.2732251748449931,1072.2318443390916,0.024268607586409124,-0.9997054739701173,943.5120391467243,0.47012731514472833,0.8825986106689775,810.7593527149779,0,0.9563095642122026,-0.2923559771858055,1079.6713805825984,0.027004412668813392,-0.9996353143503947,969.709025455128,0.480872766401606,0.8767903868846114,787.7199312250098
0.9563095642122026,-0.2923559771858055,1079.6713805825984,0.027004412668813392,-0.9996353143503947,969.709025455128,0.480872766401606,0.8767903868846114,787.7199312250098,45,0.9996016816945525,-0.028221940993180247,1079.3069871086318,0.3053869812113881,-0.9522283296072405,993.7786536354624,0.21379651992142648,0.9768782155772986,762.5616646681844
0.9996016816945525,-0.028221940993180247,1079.3069871086318,0.3053869812113881,-0.9522283296072405,993.7786536354624,0.21379651992142648,0.9768782155772986,762.5616646681844,-90,0.8032012964693747,-0.595707711339979,1093.7893140296842,-0.2716093756893637,-0.9624075784394229,1016.5836667414674,0.7389509713195846,0.673759201781944,746.6583311565786
0.8032012964693747,-0.595707711339979,1093.7893140296842,-0.2716093756893637,-0.9624075784394229,1016.5836667414674,0.7389509713195846,0.673759201781944,746.6583311565786,-45,0.5892851215906054,-0.8079251484339037,1112.6065317563618,-0.5252102165252382,-0.8509725192140534,1036.2243572252682,0.9128133892258905,0.408376929380129,737.0036733333967
0.5892851215906054,-0.8079251484339037,1112.6065317563618,-0.5252102165252382,-0.8509725192140534,1036.2243572252682,0.9128133892258905,0.408376929380129,737.0036733333967,-90,-0.1090955189170956,-0.9940312710132462,1132.31555171397,-0.9570207453068018,-0.2900194701264273,1040.9595134554045,0.9405351124682633,-0.3396964854312027,744.3932486618297
-0.1090955189170956,-0.9940312710132462,1132.31555171397,-0.9570207453068018,-0.2900194701264273,1040.9595134554045,0.9405351124682633,-0.3396964854312027,744.3932486618297,-45,-0.3825523786652593,-0.9239338058419294,1149.1167629624458,-0.9997502185975925,-0.02234950590205302,1041.229952950495,0.7928225886597419,-0.6094524943839886,755.3259792442532
-0.3825523786652593,-0.9239338058419294,1149.1167629624458,-0.9997502185975925,-0.02234950590205302,1041.229952950495,0.7928225886597419,-0.6094524943839886,755.3259792442532,90,0.3025986053517078,-0.9531180850446609,1172.2642171355953,-0.7341474151288385,-0.6789901124903402,1058.5928937870922,0.9998126617290686,0.019355656698625764,753.3987754015333
0.3025986053517078,-0.9531180850446609,1172.2642171355953,-0.7341474151288385,-0.6789901124903402,1058.5928937870922,0.9998126617290686,0.019355656698625764,753.3987754015333,-45,-0.05318050281055578,-0.9985849158288025,1197.4955933957378,-0.9184938066892268,-0.3954353639642431,1068.3299566155627,0.9310039112382121,-0.3650092016088789,762.2547711901908
-0.05318050281055578,-0.9985849158288025,1197.4955933957378,-0.9184938066892268,-0.3954353639642431,1068.3299566155627,0.9310039112382121,-0.3650092016088789,762.2547711901908,45,0.22452098604584167,-0.9744692539146645,1221.2815852448934,-0.7594878869423316,-0.6505214443720301,1084.3440369450464,0.9926770977479922,-0.1207980943832446,764.5141139693105
0.22452098604584167,-0.9744692539146645,1221.2815852448934,-0.7594878869423316,-0.6505214443720301,1084.3440369450464,0.9926770977479922,-0.1207980943832446,764.5141139693105,0,0.2093978824039772,-0.9778305205119802,1247.6632843395848,-0.7542877265468731,-0.6565440012525814,1101.9764748346672,0.9861302160847957,-0.16597348259452244,768.4231068161862
0.2093978824039772,-0.9778305205119802,1247.6632843395848,-0.7542877265468731,-0.6565440012525814,1101.9764748346672,0.9861302160847957,-0.16597348259452244,768.4231068161862,-45,-0.14229270180481102,-0.9898246243719577,1267.9863939767058,-0.9295999787545273,-0.3685700469375969,1109.3721356290007,0.8547790093152126,-0.518992143711351,778.8885769543998
-0.14229270180481102,-0.9898246243719577,1267.9863939767058,-0.9295999787545273,-0.3685700469375969,1109.3721356290007,0.8547790093152126,-0.518992143711351,778.8885769543998,45,0.1790727123835575,-0.9838358418352097,1290.4739707990393,-0.75232677764021,-0.6587901180539202,1124.7852191906861,0.969419640709226,-0.24540896521356997,783.6707658895028
0.1790727123835575,-0.9838358418352097,1290.4739707990393,-0.75232677764021,-0.6587901180539202,1124.7852191906861,0.969419640709226,-0.24540896521356997,783.6707658895028,45,0.43096183726898524,-0.9023701539932162,1314.4312557053868,-0.5349545440657943,-0.8448808411742794,1147.3931871748412,0.999972287330378,-0.0074447680455473645,783.1844265402882
0.43096183726898524,-0.9023701539932162,1314.4312557053868,-0.5349545440657943,-0.8448808411742794,1147.3931871748412,0.999972287330378,-0.0074447680455473645,783.1844265402882,90,0.9430072521087037,0.3327721780293415,1303.52761209058,0.781192879080423,-0.624289744969465,1154.420198836875,0.09775170794073773,0.9952108337406043,764.8518781323413
0.9430072521087037,0.3327721780293415,1303.52761209058,0.781192879080423,-0.624289744969465,1154.420198836875,0.09775170794073773,0.9952108337406043,764.8518781323413,0,0.9528391179625819,0.3034758891251313,1294.4952161551853,0.7627973193217424,-0.6466376494108302,1172.6673972822218,0.11176896477555887,0.9937342192523109,736.40034264567
0.9528391179625819,0.3034758891251313,1294.4952161551853,0.7627973193217424,-0.6466376494108302,1172.6673972822218,0.11176896477555887,0.9937342192523109,736.40034264567,0,0.964648566386783,0.2635396428773558,1278.036455620948,0.7396240063953886,-0.6730203036785994,1210.5986807758197,0.11968442991731995,0.9928119848366891,679.1632954571056
0.964648566386783,0.2635396428773558,1278.036455620948,0.7396240063953886,-0.6730203036785994,1210.5986807758197,0.11968442991731995,0.9928119848366891,679.1632954571056,-90,0.9346365885110368,-0.355604341110244,1286.6685026687314,0.21379978656157064,-0.9768775006449001,1233.417306413282,0.6871311425889483,0.7265334079616754,662.4859815571916
0.9346365885110368,-0.355604341110244,1286.6685026687314,0.21379978656157064,-0.9768775006449001,1233.417306413282,0.6871311425889483,0.7265334079616754,662.4859815571916,0,0.9279473383290863,-0.37271133238468124,1296.0493675286448,0.2098022608672936,-0.9777438372779305,1258.7909608316227,0.7066613559762849,0.707551925988304,643.7917388965161
0.9279473383290863,-0.37271133238468124,1296.0493675286448,0.2098022608672936,-0.9777438372779305,1258.7909608316227,0.7066613559762849,0.707551925988304,643.7917388965161,0,0.9215045283243132,-0.3883676148673897,1305.5368990397428,0.20656343904117783,-0.9784332096016987,1283.1215105181222,0.7257338732157272,0.6879755411839136,626.4523882581246
0.9215045283243132,-0.3883676148673897,1305.5368990397428,0.20656343904117783,-0.9784332096016987,1283.1215105181222,0.7257338732157272,0.6879755411839136,626.4523882581246,-45,0.7722756956806002,-0.635287533217082,1316.8913508455776,-0.06993011508884019,-0.9975518928876139,1300.6839546684237,0.8987154184955902,0.4385323209961794,618.7810840126659
0.7722756956806002,-0.635287533217082,1316.8913508455776,-0.06993011508884019,-0.9975518928876139,1300.6839546684237,0.8987154184955902,0.4385323209961794,618.7810840126659,90,0.9992073966601288,-0.03980676399417669,1317.2507464807852,0.5541855332715985,-0.8323931731534527,1323.0579710293066,0.4499880112484623,0.8930345960446626,594.099729931083
0.9992073966601288,-0.03980676399417669,1317.2507464807852,0.5541855332715985,-0.8323931731534527,1323.0579710293066,0.4499880112484623,0.8930345960446626,594.099729931083,-90,0.7272811665795268,-0.6863396424065293,1334.5026078401572,-0.11346926995883246,-0.9935415063171793,1346.6024039530676,0.9353621206120004,0.35369153697002936,586.4843820019252
-0.9246901453335187,0.3807205472824865,1292.3868579133039,-0.2008192000318493,0.979628321813211,1261.4747141766347,-0.7083836205657588,-0.7058276320137566,637.1113799854953,-45,-0.7599742023666956,0.6499532381157163,1280.9293708790153,0.1263878251971376,0.9919809058857624,1244.3065495208605,-0.8866346467373684,-0.4624705430672336,644.7854629103464
-0.7599742023666956,0.6499532381157163,1280.9293708790153,0.1263878251971376,0.9919809058857624,1244.3065495208605,-0.8866346467373684,-0.4624705430672336,644.7854629103464,-90,-0.18205657245142723,0.9832880577060001,1256.498222453832,0.7344920313825559,0.6786173117711678,1227.7885025645255,-0.9864523551411621,0.1640480144239927,639.7216449594621
-0.18205657245142723,0.9832880577060001,1256.498222453832,0.7344920313825559,0.6786173117711678,1227.7885025645255,-0.9864523551411621,0.1640480144239927,639.7216449594621,0,-0.184184052607167,0.9828917716438572,1229.5502712354214,0.7469570040452883,0.664872344219315,1209.3326016837132,-0.9923037914891778,0.12382724012188231,635.8199977156257
-0.184184052607167,0.9828917716438572,1229.5502712354214,0.7469570040452883,0.664872344219315,1209.3326016837132,-0.9923037914891778,0.12382724012188231,635.8199977156257,-90,0.4613760395143293,0.8872046833521969,1209.0391712542505,0.9986243850912897,0.05243412534832206,1208.5796268459785,-0.7292839261851146,0.6842111918172811,619.0629997239091
0.4613760395143293,0.8872046833521969,1209.0391712542505,0.9986243850912897,0.05243412534832206,1208.5796268459785,-0.7292839261851146,0.6842111918172811,619.0629997239091,45,0.22927042035644518,0.9733627660587696,1184.8815084327418,0.9595056686893692,0.28168931778284834,1201.090150249285,-0.893859538338649,0.4483471040622626,607.8438195999446
0.22927042035644518,0.9733627660587696,1184.8815084327418,0.9595056686893692,0.28168931778284834,1201.090150249285,-0.893859538338649,0.4483471040622626,607.8438195999446,-45,0.5702994363844632,0.8214368830650128,1165.2923042955636,0.995200209052657,-0.0978598176043041,1203.612174435962,-0.6955657195586248,0.7184624762469454,590.0719231165506
0.5702994363844632,0.8214368830650128,1165.2923042955636,0.995200209052657,-0.0978598176043041,1203.612174435962,-0.6955657195586248,0.7184624762469454,590.0719231165506,-45,0.8258144508704282,0.5639419231920724,1155.9134223101548,0.894686066813372,-0.44669546880399225,1211.4438195297273,-0.4151153211478944,0.9097688003818775,574.4054316219289
0.8258144508704282,0.5639419231920724,1155.9134223101548,0.894686066813372,-0.44669546880399225,1211.4438195297273,-0.4151153211478944,0.9097688003818775,574.4054316219289,45,0.5835373515877844,0.8120863004028048,1137.1370096314306,0.9925722465775283,-0.1216566287714663,1213.6351587991805,-0.7292446096909105,0.6842530958912437,558.8498355314356
0.5835373515877844,0.8120863004028048,1137.1370096314306,0.9925722465775283,-0.1216566287714663,1213.6351587991805,-0.7292446096909105,0.6842530958912437,558.8498355314356,45,0.23632711658013483,0.9716735531900204,1121.624608317573,0.9681762992569214,0.2502691622177453,1209.2542139614602,-0.943066253003072,0.33260493448947165,553.6658938236569
0.23632711658013483,0.9716735531900204,1121.624608317573,0.9681762992569214,0.2502691622177453,1209.2542139614602,-0.943066253003072,0.33260493448947165,553.6658938236569,-90,0.7560376515114697,0.6545281273536084,1106.3733799579418,0.9331377702978939,-0.3595189864853802,1217.7036650513787,-0.608623106799308,0.7934594594999533,534.7811289486195
0.7560376515114697,0.6545281273536084,1106.3733799579418,0.9331377702978939,-0.3595189864853802,1217.7036650513787,-0.608623106799308,0.7934594594999533,534.7811289486195,-45,0.929289600236793,0.3693519174063424,1098.5688910900262,0.7659913773246151,-0.6428508457366601,1231.602634160373,-0.34325210302130854,0.9392433091438283,514.5101053145312
0.929289600236793,0.3693519174063424,1098.5688910900262,0.7659913773246151,-0.6428508457366601,1231.602634160373,-0.34325210302130854,0.9392433091438283,514.5101053145312,90,0.5303382213420625,0.8477861587592342,1077.4403499946063,0.9973245606917647,-0.07310075677432168,1232.6523061254945,-0.8608065339432658,0.5089323246961046,502.016441759132
