red_sin_t,red_cos_t,red_dist_t,green_sin_t,green_cos_t,green_dist_t,blue_sin_t,blue_cos_t,blue_dist_t,action,red_sin_t1,red_cos_t1,red_dist_t1,green_sin_t1,green_cos_t1,green_dist_t1,blue_sin_t1,blue_cos_t1,blue_dist_t1
0.5303261808575672,0.8477936906447386,1077.4400284771168,0.9973255715624548,-0.0730869640060579,1232.6519277414732,-0.8608139591760252,0.5089197654716274,502.01670785420083,0,0.5400583921552019,0.8416275500853915,1055.5013662100348,0.9957079215272892,-0.09255125611144181,1234.701751060251,-0.8838249016235191,0.4678178526629534,489.4406747209002
0.5400583921552019,0.8416275500853915,1055.5013662100348,0.9957079215272892,-0.09255125611144181,1234.701751060251,-0.8838249016235191,0.4678178526629534,489.4406747209002,45,0.2606376283091316,0.965436702590797,1032.6097308558155,0.9799236340308208,0.19937319646288926,1229.0541958181177,-0.9919367649624269,0.12673379310931643,486.66602126933003
0.2606376283091316,0.965436702590797,1032.6097308558155,0.9799236340308208,0.19937319646288926,1229.0541958181177,-0.9919367649624269,0.12673379310931643,486.66602126933003,-45,0.47640409275606754,0.8792264443277785,1011.3947499797742,0.9991752909057973,-0.04060465543894522,1229.8004636064543,-0.9548536276840168,0.29707667309749,478.9718783881262
0.47640409275606754,0.8792264443277785,1011.3947499797742,0.9991752909057973,-0.04060465543894522,1229.8004636064543,-0.9548536276840168,0.29707667309749,478.9718783881262,0,0.48031412466963197,0.8770965406629109,990.699029917689,0.9985981184188044,-0.0529320119627382,1230.880176085329,-0.9696076621455534,0.24466503940823764,472.6085990329101
0.48031412466963197,0.8770965406629109,990.699029917689,0.9985981184188044,-0.0529320119627382,1230.880176085329,-0.9696076621455534,0.24466503940823764,472.6085990329101,45,0.23503434781949317,0.9719870654206596,967.7852510992147,0.9805586334203575,0.1962263143026463,1225.8863455660032,-0.9974354874019395,-0.07157128244802671,473.87607266580784
0.23503434781949317,0.9719870654206596,967.7852510992147,0.9805586334203575,0.1962263143026463,1225.8863455660032,-0.9974354874019395,-0.07157128244802671,473.87607266580784,0,0.24835180896364858,0.9686699019709879,943.4341609382448,0.9855913094343968,0.1691442306654033,1221.2949258984293,-0.9931819955112796,-0.11657411287345298,476.24474382952513
0.24835180896364858,0.9686699019709879,943.4341609382448,0.9855913094343968,0.1691442306654033,1221.2949258984293,-0.9931819955112796,-0.11657411287345298,476.24474382952513,-45,0.497418758917448,0.8675105637841107,925.4287563913766,0.9944317898623596,-0.10538223432412032,1223.353449807573,-0.9951490113559485,0.09837908922773297,473.71128670962656
0.497418758917448,0.8675105637841107,925.4287563913766,0.9944317898623596,-0.10538223432412032,1223.353449807573,-0.9951490113559485,0.09837908922773297,473.71128670962656,-45,0.7264080672855068,0.6872636464869466,908.4140046270973,0.9220979155465052,-0.38695663083191906,1232.5624056422619,-0.9483434932184194,0.31724536067574866,465.4314168625062
0.7264080672855068,0.6872636464869466,908.4140046270973,0.9220979155465052,-0.38695663083191906,1232.5624056422619,-0.9483434932184194,0.31724536067574866,465.4314168625062,90,0.10053244145153198,0.9949337808195048,887.691268149648,0.9553083807020323,0.2956110582513126,1224.9435364738777,-0.9091972464350517,-0.416365665100906,474.97438620322464
0.10053244145153198,0.9949337808195048,887.691268149648,0.9553083807020323,0.2956110582513126,1224.9435364738777,-0.9091972464350517,-0.416365665100906,474.97438620322464,45,-0.2739470299029138,0.9617447815337352,865.7623720960042,0.7922970708324297,0.6101355190040585,1210.5782770797186,-0.673330596101568,-0.7393415370135152,491.88121018930985
-0.2739470299029138,0.9617447815337352,865.7623720960042,0.7922970708324297,0.6101355190040585,1210.5782770797186,-0.673330596101568,-0.7393415370135152,491.88121018930985,-45,0.002027625000286711,0.9999979443663163,838.8368693571176,0.9372938708387338,0.34854009767621147,1201.0265331760368,-0.8263940660587629,-0.5630922194302325,506.45135343174866
0.002027625000286711,0.9999979443663163,838.8368693571176,0.9372938708387338,0.34854009767621147,1201.0265331760368,-0.8263940660587629,-0.5630922194302325,506.45135343174866,45,-0.23318591832386115,0.9724321711540901,819.2679590749902,0.8399910338113957,0.5426002793184524,1189.7822610742269,-0.6558983042129967,-0.7548492660992095,521.6480698391397
-0.23318591832386115,0.9724321711540901,819.2679590749902,0.8399910338113957,0.5426002793184524,1189.7822610742269,-0.6558983042129967,-0.7548492660992095,521.6480698391397,-90,0.34414971300268277,0.938914785824662,794.1572230911773,0.9997194032287898,-0.02368786203675553,1190.786133185926,-0.9460143891206879,-0.32412462969760814,529.1083962553325
0.34414971300268277,0.938914785824662,794.1572230911773,0.9997194032287898,-0.02368786203675553,1190.786133185926,-0.9460143891206879,-0.32412462969760814,529.1083962553325,0,0.3565463917410392,0.9342776196272955,769.6053464545644,0.9988856534368176,-0.04719588285117694,1191.6759246084691,-0.930654296643077,-0.36589968589735045,538.1882842383789
0.3565463917410392,0.9342776196272955,769.6053464545644,0.9988856534368176,-0.04719588285117694,1191.6759246084691,-0.930654296643077,-0.36589968589735045,538.1882842383789,-90,0.8518868122242254,0.523725938978057,757.132758620871,0.7709016343199302,-0.6369542135843523,1207.2568302465097,-0.9780679466426235,0.20828608150878022,532.1777279977526
0.8518868122242254,0.523725938978057,757.132758620871,0.7709016343199302,-0.6369542135843523,1207.2568302465097,-0.9780679466426235,0.20828608150878022,532.1777279977526,0,0.8660960583581819,0.49987760271532544,744.2035274708795,0.761338536281354,-0.6483545582264117,1223.398385768144,-0.9868914898552775,0.1613852138556398,527.570516898073
0.8660960583581819,0.49987760271532544,744.2035274708795,0.761338536281354,-0.6483545582264117,1223.398385768144,-0.9868914898552775,0.1613852138556398,527.570516898073,-90,0.9693584702348638,-0.24565047564359577,749.6529903857185,0.11857544046300197,-0.9929450462734607,1243.9007379989168,-0.6345033390489423,0.772920120540113,511.0926393465768
0.9693584702348638,-0.24565047564359577,749.6529903857185,0.11857544046300197,-0.9929450462734607,1243.9007379989168,-0.6345033390489423,0.772920120540113,511.0926393465768,45,0.9993897601295111,0.03493003504547641,748.3482841793451,0.4112132413497313,-0.9115391764146221,1263.75081184313,-0.8607973362269303,0.5089478813637218,499.77686464478325
0.9993897601295111,0.03493003504547641,748.3482841793451,0.4112132413497313,-0.9115391764146221,1263.75081184313,-0.8607973362269303,0.5089478813637218,499.77686464478325,-45,0.9689334526164681,-0.24732158094418388,754.5248979630626,0.16869565406157938,-0.9856681877288807,1289.664135209695,-0.7341629542184263,0.6789733107076248,481.4819432192344
0.9689334526164681,-0.24732158094418388,754.5248979630626,0.16869565406157938,-0.9856681877288807,1289.664135209695,-0.7341629542184263,0.6789733107076248,481.4819432192344,-90,0.5647598353022047,-0.8252553110579941,769.7603467987489,-0.5065617286536901,-0.8622036969668974,1304.595673572364,-0.11831156022101777,0.9929765227426419,463.59520220093947
0.5647598353022047,-0.8252553110579941,769.7603467987489,-0.5065617286536901,-0.8622036969668974,1304.595673572364,-0.11831156022101777,0.9929765227426419,463.59520220093947,45,0.7899616620771388,-0.6131562382038728,782.9057357857841,-0.1928746708827864,-0.9812234003181216,1326.8242201310165,-0.45842103662231287,0.8887351423130089,443.7011056175993
0.7899616620771388,-0.6131562382038728,782.9057357857841,-0.1928746708827864,-0.9812234003181216,1326.8242201310165,-0.45842103662231287,0.8887351423130089,443.7011056175993,90,0.9997578558457133,0.022005219262300434,780.8944147124245,0.48494134656070176,-0.8745466770824147,1344.580948447902,-0.9427739631515177,0.33343253351102475,437.4083754674343
0.9997578558457133,0.022005219262300434,780.8944147124245,0.48494134656070176,-0.8745466770824147,1344.580948447902,-0.9427739631515177,0.33343253351102475,437.4083754674343,90,0.7291756974931738,0.6843265318437854,766.5380122807022,0.9461214962207344,-0.32381185029124376,1349.5604781821562,-0.9014488462504915,-0.4328856403181535,446.6421881901104
0.7291756974931738,0.6843265318437854,766.5380122807022,0.9461214962207344,-0.32381185029124376,1349.5604781821562,-0.9014488462504915,-0.4328856403181535,446.6421881901104,0,0.7332747987049887,0.6799324007459552,747.1136826283534,0.9466164634492003,-0.3223620187412421,1358.696630882148,-0.865580437851926,-0.5007699128422834,459.96805842416927
0.7332747987049887,0.6799324007459552,747.1136826283534,0.9466164634492003,-0.3223620187412421,1358.696630882148,-0.865580437851926,-0.5007699128422834,459.96805842416927,-90,0.9991025524579628,-0.04235669571607063,748.7387330787221,0.4574611699747558,-0.889229598003422,1378.6763834969865,-0.9820643133627004,0.18854623947310065,454.32764654193124
0.9991025524579628,-0.04235669571607063,748.7387330787221,0.4574611699747558,-0.889229598003422,1378.6763834969865,-0.9820643133627004,0.18854623947310065,454.32764654193124,-45,0.9087936239651331,-0.4172459095549293,759.0986615669204,0.11553438982099207,-0.993303480698971,1403.8928655679856,-0.8785087395745813,0.4777262756967429,441.5400978310917
0.9087936239651331,-0.4172459095549293,759.0986615669204,0.11553438982099207,-0.993303480698971,1403.8928655679856,-0.8785087395745813,0.4777262756967429,441.5400978310917,45,0.9401886305369599,0.34065428077309706,749.5314566429416,0.7878739441013954,-0.61583654341563,1416.1016504818042,-0.9383866111435404,-0.34558727989690513,450.4724236812838
-0.12423601686785693,-0.992252695694403,828.9218185732898,-0.8945733167613918,-0.44692122453349936,1441.6691233798585,0.2022300246876137,0.9793380504784072,371.88065465529394,0,-0.1218873270769816,-0.9925439433586953,846.6950313433815,-0.8897057593426415,-0.4565344037337533,1449.7464316567812,0.21255535735620296,0.9771490265354497,354.3618434616938
-0.1218873270769816,-0.9925439433586953,846.6950313433815,-0.8897057593426415,-0.4565344037337533,1449.7464316567812,0.21255535735620296,0.9771490265354497,354.3618434616938,-45,-0.4222102632376717,-0.9064979280818991,869.9659054486331,-0.9864046761326399,-0.16433446048732972,1453.7533066662515,0.5485224932405116,0.8361357990238265,332.5515247943693
-0.4222102632376717,-0.9064979280818991,869.9659054486331,-0.9864046761326399,-0.16433446048732972,1453.7533066662515,0.5485224932405116,0.8361357990238265,332.5515247943693,45,-0.09493237340639955,-0.9954837238646486,892.3060307183014,-0.8693256309379706,-0.49423976711136824,1464.822136798953,0.25610432712117676,0.9666491471210272,310.7876002292402
-0.09493237340639955,-0.9954837238646486,892.3060307183014,-0.8693256309379706,-0.49423976711136824,1464.822136798953,0.25610432712117676,0.9666491471210272,310.7876002292402,-45,-0.381177325400948,-0.9245019451575966,917.487998910558,-0.9742444272962432,-0.22549455843149577,1470.7235185937907,0.5790956240275563,0.815259626273824,288.1280065264396
-0.381177325400948,-0.9245019451575966,917.487998910558,-0.9742444272962432,-0.22549455843149577,1470.7235185937907,0.5790956240275563,0.815259626273824,288.1280065264396,-90,-0.8888770119928244,-0.4581458911206213,924.7812497466847,-0.8854842201019648,0.46466944804927196,1462.0040628818513,0.985207280950367,0.1713668975105304,285.2359722809169
-0.8888770119928244,-0.4581458911206213,924.7812497466847,-0.8854842201019648,0.46466944804927196,1462.0040628818513,0.985207280950367,0.1713668975105304,285.2359722809169,45,-0.6492212592597065,-0.7605996032902206,944.1525762431091,-0.9954648028710098,0.09513057471171739,1459.581860406089,0.8946150275082284,0.44683772508199404,272.7530883903975
-0.9788293010197461,-0.20467828283722578,953.6762977595962,-0.6951528761084419,0.7188619330846231,1396.9493909617663,0.8602844453641008,-0.5098143515678835,309.1120199999508,-45,-0.9932721378286734,0.1158035414538641,950.3769986849481,-0.41515403876973683,0.9097511330540764,1374.5589982352194,0.5980741698818355,-0.8014407572117563,328.49870567387325
-0.9932721378286734,0.1158035414538641,950.3769986849481,-0.41515403876973683,0.9097511330540764,1374.5589982352194,0.5980741698818355,-0.8014407572117563,328.49870567387325,-45,-0.917112297831083,0.3986289417076876,921.9933529488485,-0.07371098913937006,0.9972796448740422,1308.5489302589567,0.23410627923940033,-0.9722110110571078,392.49069145886756
-0.917112297831083,0.3986289417076876,921.9933529488485,-0.07371098913937006,0.9972796448740422,1308.5489302589567,0.23410627923940033,-0.9722110110571078,392.49069145886756,0,-0.9318845018122207,0.36275511751343925,911.874966668726,-0.0869144952650911,0.9962157750772743,1281.5774166382184,0.22966221437758275,-0.973270397827441,418.78103447635976
-0.9318845018122207,0.36275511751343925,911.874966668726,-0.0869144952650911,0.9962157750772743,1281.5774166382184,0.22966221437758275,-0.973270397827441,418.78103447635976,-90,-0.5401540570783356,0.841566155820096,897.7080630757697,0.5294406716616925,0.8483469662764263,1268.331441899652,-0.37938590202184136,-0.9252385299732571,433.32196633825293
-0.5401540570783356,0.841566155820096,897.7080630757697,0.5294406716616925,0.8483469662764263,1268.331441899652,-0.37938590202184136,-0.9252385299732571,433.32196633825293,90,-0.9675834487187897,0.25255151903216394,893.8617752919353,-0.17013464598493075,0.9854208249451512,1251.4278218611132,0.31717853782640004,-0.9483658445675418,449.43465968708955
-0.9675834487187897,0.25255151903216394,893.8617752919353,-0.17013464598493075,0.9854208249451512,1251.4278218611132,0.31717853782640004,-0.9483658445675418,449.43465968708955,45,-0.9999977842852291,0.0021050949224294137,893.4708328848625,-0.39010305623866287,0.9207712015008152,1224.578576170582,0.48930315654585044,-0.8721137660846014,474.56671734959457
-0.9999977842852291,0.0021050949224294137,893.4708328848625,-0.39010305623866287,0.9207712015008152,1224.578576170582,0.48930315654585044,-0.8721137660846014,474.56671734959457,0,-0.9993642480308488,-0.03565248599657733,893.9251309067051,-0.4087706898406997,0.9126371256568289,1204.3402756972673,0.48118610250837074,-0.876618465897681,493.86190343715526
-0.9993642480308488,-0.03565248599657733,893.9251309067051,-0.4087706898406997,0.9126371256568289,1204.3402756972673,0.48118610250837074,-0.876618465897681,493.86190343715526,-45,-0.957270332463374,0.28919458948165216,886.4743420215725,-0.06716847864852662,0.9977416476603763,1179.960965058836,0.13963302040983835,-0.990203322359214,518.0510004454967
-0.957270332463374,0.28919458948165216,886.4743420215725,-0.06716847864852662,0.9977416476603763,1179.960965058836,0.13963302040983835,-0.990203322359214,518.0510004454967,90,-0.9147164726856634,-0.4040962442259245,896.6807678936635,-0.6939872198070206,0.7199873184609032,1163.3338985477772,0.7113157163811641,-0.7028726425385692,533.8309090998479
-0.9147164726856634,-0.4040962442259245,896.6807678936635,-0.6939872198070206,0.7199873184609032,1163.3338985477772,0.7113157163811641,-0.7028726425385692,533.8309090998479,0,-0.9069717524999815,-0.4211914531031136,907.0009794409817,-0.7000570590449608,0.714086909333395,1145.2345684212034,0.6834204743811405,-0.7300249688857614,551.9205528940737
-0.9069717524999815,-0.4211914531031136,907.0009794409817,-0.7000570590449608,0.714086909333395,1145.2345684212034,0.6834204743811405,-0.7300249688857614,551.9205528940737,45,-0.7228880862275571,-0.6909651328325185,918.4915166393699,-0.892771672449381,0.4505094237326618,1137.8407033229607,0.863107472978693,-0.5050202868086933,559.9383770902741
-0.7228880862275571,-0.6909651328325185,918.4915166393699,-0.892771672449381,0.4505094237326618,1137.8407033229607,0.863107472978693,-0.5050202868086933,559.9383770902741,90,-0.06898850900801339,-0.9976174545510174,936.3602932746188,-0.9593882475971206,-0.2820889759854612,1143.5092123902325,0.9842181170127763,0.17695959466450262,555.7304012030744
-0.06898850900801339,-0.9976174545510174,936.3602932746188,-0.9593882475971206,-0.2820889759854612,1143.5092123902325,0.9842181170127763,0.17695959466450262,555.7304012030744,90,0.5033426959483984,-0.864086876671205,958.5846823466354,-0.613171446113309,-0.7899498576943434,1164.4471105334067,0.7279617991513784,0.6856176915572469,537.0367149735669
0.5033426959483984,-0.864086876671205,958.5846823466354,-0.613171446113309,-0.7899498576943434,1164.4471105334067,0.7279617991513784,0.6856176915572469,537.0367149735669,90,0.9229800136891544,-0.3848478846640168,965.1281241329826,0.007208087099895566,-0.9999740214027364,1184.8641002209704,0.14978704742095278,0.9887182816277411,516.6546002819001
0.9229800136891544,-0.3848478846640168,965.1281241329826,0.007208087099895566,-0.9999740214027364,1184.8641002209704,0.14978704742095278,0.9887182816277411,516.6546002819001,-45,0.7936454509238886,-0.6083805537883484,978.6546615609207,-0.2271266882060908,-0.9738652203998935,1206.533541429711,0.39723664030136613,0.91771621517879,496.1733432933696
0.7936454509238886,-0.6083805537883484,978.6546615609207,-0.2271266882060908,-0.9738652203998935,1206.533541429711,0.39723664030136613,0.91771621517879,496.1733432933696,90,0.9999551620047707,0.009469634629309482,976.8635367968752,0.43433660396821233,-0.9007506394409944,1227.5644380330102,-0.2917857248340323,0.9564837117186462,473.4990280067109
0.9999551620047707,0.009469634629309482,976.8635367968752,0.43433660396821233,-0.9007506394409944,1227.5644380330102,-0.2917857248340323,0.9564837117186462,473.4990280067109,-90,0.7578784149207672,-0.6523958217195949,991.3795374904306,-0.24747798503803983,-0.9688935168126123,1247.8011489635437,0.4160479873184379,0.9093426594239803,454.58837133690525
0.7578784149207672,-0.6523958217195949,991.3795374904306,-0.24747798503803983,-0.9688935168126123,1247.8011489635437,0.4160479873184379,0.9093426594239803,454.58837133690525,-90,0.132709495252679,-0.9911549777253702,1014.6734698939358,-0.8188503235743967,-0.5740070971530804,1259.8196738051838,0.9332732654374004,0.3591671087666735,447.03951783550406
0.132709495252679,-0.9911549777253702,1014.6734698939358,-0.8188503235743967,-0.5740070971530804,1259.8196738051838,0.9332732654374004,0.3591671087666735,447.03951783550406,0,0.1302483144252022,-0.9914814050648624,1039.6901357582124,-0.8089780350868021,-0.5878388714155408,1274.534133867324,0.9509538560867645,0.3093327716128913,438.5392780503589
0.1302483144252022,-0.9914814050648624,1039.6901357582124,-0.8089780350868021,-0.5878388714155408,1274.534133867324,0.9509538560867645,0.3093327716128913,438.5392780503589,-90,-0.5568638796596524,-0.8306037680689874,1055.855805019085,-0.9960913512185858,0.08832904407685958,1272.0386947701315,0.8969113275507834,-0.4422104369088221,447.5222910565461
-0.5568638796596524,-0.8306037680689874,1055.855805019085,-0.9960913512185858,0.08832904407685958,1272.0386947701315,0.8969113275507834,-0.4422104369088221,447.5222910565461,-90,-0.9616793264133882,-0.27417671883128947,1060.2201013714935,-0.6973275750909768,0.7167525744758355,1256.6798253143797,0.3681370259329368,-0.9297715472831228,466.7403811030068
-0.9616793264133882,-0.27417671883128947,1060.2201013714935,-0.6973275750909768,0.7167525744758355,1256.6798253143797,0.3681370259329368,-0.9297715472831228,466.7403811030068,90,-0.6348467881913401,-0.7726380494922184,1076.7720066483248,-0.9820405243444078,0.18867010506532467,1252.6598078893805,0.803149824197728,-0.595777105880344,479.0005786024272
-0.6348467881913401,-0.7726380494922184,1076.7720066483248,-0.9820405243444078,0.18867010506532467,1252.6598078893805,0.803149824197728,-0.595777105880344,479.0005786024272,0,-0.616699051292223,-0.7871990092316377,1127.9346797702826,-0.9885080759039179,0.1511680649897131,1241.8495568419269,0.729883302241489,-0.6835717702692667,520.6870862893471
-0.616699051292223,-0.7871990092316377,1127.9346797702826,-0.9885080759039179,0.1511680649897131,1241.8495568419269,0.729883302241489,-0.6835717702692667,520.6870862893471,0,-0.6009779849354692,-0.7992655764030521,1180.7865015152029,-0.9935647545359387,0.11326552230904073,1233.4153923802444,0.6579232430364583,-0.7530849927281711,568.2102798793
-0.6009779849354692,-0.7992655764030521,1180.7865015152029,-0.9935647545359387,0.11326552230904073,1233.4153923802444,0.6579232430364583,-0.7530849927281711,568.2102798793,90,0.07531605205960328,-0.9971597125346346,1198.2411983663796,-0.8138242992823439,-0.5811110134024323,1245.1643238795823,0.9870523579982202,-0.16039838705595919,568.8714876512072
0.07531605205960328,-0.9971597125346346,1198.2411983663796,-0.8138242992823439,-0.5811110134024323,1245.1643238795823,0.9870523579982202,-0.16039838705595919,568.8714876512072,90,0.6492383393384339,-0.7605850239999947,1215.0785456309038,-0.29706049682963565,-0.9548586603384451,1267.4861703594688,0.9015981531245094,0.43257458349107114,557.6497395789875
0.6492383393384339,-0.7605850239999947,1215.0785456309038,-0.29706049682963565,-0.9548586603384451,1267.4861703594688,0.9015981531245094,0.43257458349107114,557.6497395789875,0,0.6415394945981775,-0.7670900057168748,1234.0390078191126,-0.28873766656733313,-0.9574082514294785,1291.259311222645,0.9173223652943289,0.39814529776303764,547.2900810531647
0.6415394945981775,-0.7670900057168748,1234.0390078191126,-0.28873766656733313,-0.9574082514294785,1291.259311222645,0.9173223652943289,0.39814529776303764,547.2900810531647,90,0.9877644894708425,-0.15595292026892535,1236.0558715755378,0.4208816533742233,-0.9071155570559796,1310.432022524008,0.4268676778726401,0.9043140967537883,527.0610948043524
0.9877644894708425,-0.15595292026892535,1236.0558715755378,0.4208816533742233,-0.9071155570559796,1310.432022524008,0.4268676778726401,0.9043140967537883,527.0610948043524,90,0.9118445699158737,0.41053560176303266,1227.3367613574576,0.8497177933148636,-0.5272377753197496,1320.3366531984987,-0.15929984465985067,0.9872302464427168,507.573842686375
0.9118445699158737,0.41053560176303266,1227.3367613574576,0.8497177933148636,-0.5272377753197496,1320.3366531984987,-0.15929984465985067,0.9872302464427168,507.573842686375,-90,0.9840576192603849,-0.17784994229850984,1232.0245062436136,0.4125723125957476,-0.9109248524875126,1341.5305229419193,0.43000325414421453,0.9028273375487619,487.1244440436345
0.9840576192603849,-0.17784994229850984,1232.0245062436136,0.4125723125957476,-0.9109248524875126,1341.5305229419193,0.43000325414421453,0.9028273375487619,487.1244440436345,45,0.9902463720625331,0.13932739363453048,1228.1960132771724,0.6822319718083617,-0.7311357853658066,1358.8739187393141,0.11135444662041785,0.9937807540991426,463.1512140002874
0.9902463720625331,0.13932739363453048,1228.1960132771724,0.6822319718083617,-0.7311357853658066,1358.8739187393141,0.11135444662041785,0.9937807540991426,463.1512140002874,0,0.9925409457941013,0.12191173414462954,1225.4306749633984,0.6740733100047738,-0.738664452061427,1374.1464911505068,0.11721440989530416,0.993106631793835,442.45905928260754
0.9925409457941013,0.12191173414462954,1225.4306749633984,0.6740733100047738,-0.738664452061427,1374.1464911505068,0.11721440989530416,0.993106631793835,442.45905928260754,90,0.7610164370129286,0.6487325971431891,1210.2006553401714,0.9689330163458664,-0.2473232901182196,1378.5612594969366,-0.4844090709042504,0.8748416153942843,423.3288393031828
0.7610164370129286,0.6487325971431891,1210.2006553401714,0.9689330163458664,-0.2473232901182196,1378.5612594969366,-0.4844090709042504,0.8748416153942843,423.3288393031828,90,0.304574308399313,0.9524885777074076,1185.7492027976657,0.9571861793124425,0.2894730006982492,1370.0576819737553,-0.9008033564145418,0.43422725970659193,412.59739690805134
0.304574308399313,0.9524885777074076,1185.7492027976657,0.9571861793124425,0.2894730006982492,1370.0576819737553,-0.9008033564145418,0.43422725970659193,412.59739690805134,45,0.02340860917137693,0.9997259809651151,1157.8105641746624,0.8456647408653689,0.5337144799020431,1354.8051455890068,-0.9954738725011327,0.09503562051987911,409.16336897925015
0.02340860917137693,0.9997259809651151,1157.8105641746624,0.8456647408653689,0.5337144799020431,1354.8051455890068,-0.9954738725011327,0.09503562051987911,409.16336897925015,-45,0.2950848048753627,0.9554710659835122,1134.9196266172905,0.9621520449107881,0.2725131968804242,1348.1753887685127,-0.952523974859146,0.3044635894791575,401.1339911814131
0.2950848048753627,0.9554710659835122,1134.9196266172905,0.9621520449107881,0.2725131968804242,1348.1753887685127,-0.952523974859146,0.3044635894791575,401.1339911814131,90,-0.29344322915716686,0.955976501417171,1114.7343845238918,0.6547585495837495,0.7558381055139948,1330.8738888564385,-0.9457811507987327,-0.32480457939170865,409.02267423684475
-0.29344322915716686,0.955976501417171,1114.7343845238918,0.6547585495837495,0.7558381055139948,1330.8738888564385,-0.9457811507987327,-0.32480457939170865,409.02267423684475,90,-0.7859064539410303,0.6183454096650473,1101.1893092645698,0.12516415537195918,0.9921360462204889,1308.281397421281,-0.580606917992549,-0.8141840128491799,427.7489624050302
-0.7859064539410303,0.6183454096650473,1101.1893092645698,0.12516415537195918,0.9921360462204889,1308.281397421281,-0.580606917992549,-0.8141840128491799,427.7489624050302,-90,0.24879987089349917,0.9685549154505273,1083.3495944804752,0.9604259333888346,0.2785355030766916,1306.1839777998389,-0.9882503430066824,0.15284390582281873,420.872835736651
0.24879987089349917,0.9685549154505273,1083.3495944804752,0.9604259333888346,0.2785355030766916,1306.1839777998389,-0.9882503430066824,0.15284390582281873,420.872835736651,0,0.2638564568319825,0.9645619576720161,1060.3881727026994,0.9677120171138558,0.252058429602012,1299.8989640767354,-0.9942663110214376,0.10693223446567435,417.7646667775651
0.2638564568319825,0.9645619576720161,1060.3881727026994,0.9677120171138558,0.252058429602012,1299.8989640767354,-0.9942663110214376,0.10693223446567435,417.7646667775651,45,-0.04299336394102723,0.9990753578469616,1040.5251120668352,0.8521294270849615,0.5233310993012503,1289.022679723557,-0.969494005714405,-0.2451150197026637,422.6050033325446
-0.04299336394102723,0.9990753578469616,1040.5251120668352,0.8521294270849615,0.5233310993012503,1289.022679723557,-0.969494005714405,-0.2451150197026637,422.6050033325446,90,-0.677779367059893,0.7352653463804009,1029.660553433509,0.32640342428305374,0.9452305563280827,1273.798498702601,-0.5754867561017316,-0.8178110989412568,436.0189620842194
-0.677779367059893,0.7352653463804009,1029.660553433509,0.32640342428305374,0.9452305563280827,1273.798498702601,-0.5754867561017316,-0.8178110989412568,436.0189620842194,0,-0.6925194676030417,0.72139918699067,1010.7849611160032,0.3301184326787786,0.943939521582663,1249.2866434963114,-0.5462519855564878,-0.8376208977070682,457.51170216539816
-0.6925194676030417,0.72139918699067,1010.7849611160032,0.3301184326787786,0.943939521582663,1249.2866434963114,-0.5462519855564878,-0.8376208977070682,457.51170216539816,-45,-0.525678018421331,0.8506836197721352,989.4017689233934,0.5410351194259762,0.8409999997311056,1228.282614201121,-0.6920117791974163,-0.7218862081048691,475.12046930093425
-0.525678018421331,0.8506836197721352,989.4017689233934,0.5410351194259762,0.8409999997311056,1228.282614201121,-0.6920117791974163,-0.7218862081048691,475.12046930093425,-45,-0.18822588385894934,0.9821257641694965,972.6376033693639,0.8135028985239109,0.5815608601799089,1218.5800866123243,-0.8908184286949515,-0.4543594690302576,482.30876779102823
-0.18822588385894934,0.9821257641694965,972.6376033693639,0.8135028985239109,0.5815608601799089,1218.5800866123243,-0.8908184286949515,-0.4543594690302576,482.30876779102823,-90,0.5265349068978246,0.8501535107367958,951.4845001987684,0.9916177771450407,-0.12920597528724545,1222.0678025864604,-0.9785468664722987,0.20602434350640497,476.02885849336906
0.5265349068978246,0.8501535107367958,951.4845001987684,0.9916177771450407,-0.12920597528724545,1222.0678025864604,-0.9785468664722987,0.20602434350640497,476.02885849336906,90,-0.1492615582764952,0.9887977483898679,932.5855953897744,0.8485426273014349,0.5291270260082904,1210.671670077606,-0.8647288581390161,-0.5022389888306098,486.55553920236076
-0.1492615582764952,0.9887977483898679,932.5855953897744,0.8485426273014349,0.5291270260082904,1210.671670077606,-0.8647288581390161,-0.5022389888306098,486.55553920236076,0,-0.1418806725069965,0.9898837683127057,912.0368549445412,0.861717702637936,0.5073880181482389,1199.9727100134946,-0.8515694475239706,-0.5242418106596606,497.1515913452656
-0.1418806725069965,0.9898837683127057,912.0368549445412,0.861717702637936,0.5073880181482389,1199.9727100134946,-0.8515694475239706,-0.5242418106596606,497.1515913452656,45,-0.38720871538692314,0.9219920882135642,888.6791821655552,0.7240315755767885,0.6897668284049278,1182.1157171844218,-0.6748359072706038,-0.7379678165463999,515.7924861942446
-0.38720871538692314,0.9219920882135642,888.6791821655552,0.7240315755767885,0.6897668284049278,1182.1157171844218,-0.6748359072706038,-0.7379678165463999,515.7924861942446,0,-0.4033926425758782,0.9150269809768725,865.2244376613793,0.7307524682282964,0.6826425346975185,1164.5125879639302,-0.6462746850630777,-0.7631048626804967,535.0403793420176
-0.4033926425758782,0.9150269809768725,865.2244376613793,0.7307524682282964,0.6826425346975185,1164.5125879639302,-0.6462746850630777,-0.7631048626804967,535.0403793420176,0,-0.4157841242378447,0.909463337376372,846.7566692273524,0.7368371080731103,0.676070318950962,1150.7375273627779,-0.6250035731997331,-0.7806218889369974,550.6890745974538
-0.4157841242378447,0.909463337376372,846.7566692273524,0.7368371080731103,0.676070318950962,1150.7375273627779,-0.6250035731997331,-0.7806218889369974,550.6890745974538,90,-0.9264813039742937,0.37634079420930755,837.7662129332383,0.10090783728391244,0.9948957776444141,1126.1624694210423,0.05033221141999052,-0.9987325310079638,575.2568709128992
-0.9264813039742937,0.37634079420930755,837.7662129332383,0.10090783728391244,0.9948957776444141,1126.1624694210423,0.05033221141999052,-0.9987325310079638,575.2568709128992,90,-0.936260756757206,-0.3513058430433858,847.2016507800372,-0.5886305023905156,0.8084022090862254,1105.7669180638477,0.671180423342163,-0.741294030275595,593.476264971414
-0.936260756757206,-0.3513058430433858,847.2016507800372,-0.5886305023905156,0.8084022090862254,1105.7669180638477,0.671180423342163,-0.741294030275595,593.476264971414,90,-0.5656434736454395,-0.8246499019113026,868.3307426614642,-0.9477302301768604,0.3190727359222583,1098.51173805791,0.9607530809440475,-0.2774049701366586,598.9139158936032
-0.5656434736454395,-0.8246499019113026,868.3307426614642,-0.9477302301768604,0.3190727359222583,1098.51173805791,0.9607530809440475,-0.2774049701366586,598.9139158936032,45,-0.23704679591220848,-0.9714982329102589,888.9629820364174,-0.9987095376989785,-0.0507864087044231,1099.5484088620565,0.9992079364337488,0.039793212584679064,597.5313074903105
-0.23704679591220848,-0.9714982329102589,888.9629820364174,-0.9987095376989785,-0.0507864087044231,1099.5484088620565,0.9992079364337488,0.039793212584679064,597.5313074903105,45,-0.01852665762901691,-0.9998283667495622,916.2259178477434,-0.956756653058538,-0.2908895096565438,1107.6141261901366,0.9767311615004959,0.21446733586700872,590.6443367509249
-0.01852665762901691,-0.9998283667495622,916.2259178477434,-0.956756653058538,-0.2908895096565438,1107.6141261901366,0.9767311615004959,0.21446733586700872,590.6443367509249,-90,-0.5492142129655377,-0.835681606999128,936.9395102307566,-0.9661060728464861,0.25814541640157046,1100.7321044793098,0.9207471589313476,-0.3901597997229489,600.1121610427921
-0.5492142129655377,-0.835681606999128,936.9395102307566,-0.9661060728464861,0.25814541640157046,1100.7321044793098,0.9207471589313476,-0.3901597997229489,600.1121610427921,45,-0.26920709914299434,-0.9630823110051466,962.5100540998831,-0.9979178562522614,-0.06449769122139962,1102.5371486908548,0.9898098421401517,-0.14239549291493764,602.8943557899344
-0.26920709914299434,-0.9630823110051466,962.5100540998831,-0.9979178562522614,-0.06449769122139962,1102.5371486908548,0.9898098421401517,-0.14239549291493764,602.8943557899344,90,0.4399964414798722,-0.8979995164169352,981.2904012215141,-0.6845659838209971,-0.7289508994405524,1119.6471459926472,0.8429720206391954,0.5379574076258007,589.3372307342206
0.4399964414798722,-0.8979995164169352,981.2904012215141,-0.6845659838209971,-0.7289508994405524,1119.6471459926472,0.8429720206391954,0.5379574076258007,589.3372307342206,-45,0.08769581833711323,-0.996147300074735,1005.7496874786489,-0.8912305944631329,-0.45355046851799274,1130.571587235147,0.9870220327334259,0.16058489000767143,584.8943441882474
0.08769581833711323,-0.996147300074735,1005.7496874786489,-0.8912305944631329,-0.45355046851799274,1130.571587235147,0.9870220327334259,0.16058489000767143,584.8943441882474,-90,-0.5962229217345689,-0.8028189257848212,1019.2124346162981,-0.9684260643880591,0.2493009382530576,1125.4800233129336,0.8253638612244597,-0.564601183655021,595.0689933751225
-0.5962229217345689,-0.8028189257848212,1019.2124346162981,-0.9684260643880591,0.2493009382530576,1125.4800233129336,0.8253638612244597,-0.564601183655021,595.0689933751225,-90,-0.9600966098598129,0.2796685533550281,996.3583172409586,-0.044317746517251566,0.9990174860049411,1062.5010420395995,-0.265591242021625,-0.9640857286369354,654.3634894576827
-0.9600966098598129,0.2796685533550281,996.3583172409586,-0.044317746517251566,0.9990174860049411,1062.5010420395995,-0.265591242021625,-0.9640857286369354,654.3634894576827,0,-0.9781218404415397,0.20803284656816873,978.0899703748025,-0.04683579530112498,0.9989026019980682,986.2142394772964,-0.2403092073442671,-0.9706963917031782,728.3700640112703
-0.9781218404415397,0.20803284656816873,978.0899703748025,-0.04683579530112498,0.9989026019980682,986.2142394772964,-0.2403092073442671,-0.9706963917031782,728.3700640112703,90,-0.8717574999828331,-0.4899376095215396,1005.1854175686634,-0.689010282239246,0.7247515649990655,947.2203522373705,0.38934474974896083,-0.9210921049726347,777.4591717207331
-0.8717574999828331,-0.4899376095215396,1005.1854175686634,-0.689010282239246,0.7247515649990655,947.2203522373705,0.38934474974896083,-0.9210921049726347,777.4591717207331,90,0.3133164661319092,-0.9496487729948437,1023.6492200527483,-0.8300270193926278,-0.5577231814065022,960.2751926997802,0.981995556838371,0.18890401358811212,771.149768666632
0.3133164661319092,-0.9496487729948437,1023.6492200527483,-0.8300270193926278,-0.5577231814065022,960.2751926997802,0.981995556838371,0.18890401358811212,771.149768666632,0,0.29787196484523,-0.9546058309895462,1078.449027002992,-0.801908230720633,-0.5974472273787067,993.645574560517,0.9932280228202349,0.11618130092492059,762.2445695731128
0.29787196484523,-0.9546058309895462,1078.449027002992,-0.801908230720633,-0.5974472273787067,993.645574560517,0.9932280228202349,0.11618130092492059,762.2445695731128,-45,-0.025746140180310316,-0.9996685131911557,1146.7836903754867,-0.9306297160463038,-0.3659621997031604,1016.8522963101476,0.9556120972127682,-0.2946277645786543,779.3421536855426
-0.025746140180310316,-0.9996685131911557,1146.7836903754867,-0.9306297160463038,-0.3659621997031604,1016.8522963101476,0.9556120972127682,-0.2946277645786543,779.3421536855426,-90,-0.6374330047912736,-0.7705057847951359,1162.870364893783,-0.960208308550085,0.27928480837916136,1009.9069885629073,0.5475449631046395,-0.8367762624374205,797.7391839117595
-0.6374330047912736,-0.7705057847951359,1162.870364893783,-0.960208308550085,0.27928480837916136,1009.9069885629073,0.5475449631046395,-0.8367762624374205,797.7391839117595,-45,-0.9987723338705968,-0.04953609890454763,1163.4390843019587,-0.4138029595168042,0.9103664705464136,947.911822313331,-0.280115545692122,-0.9599662916277867,861.8993113359472
-0.9987723338705968,-0.04953609890454763,1163.4390843019587,-0.4138029595168042,0.9103664705464136,947.911822313331,-0.280115545692122,-0.9599662916277867,861.8993113359472,45,-0.5518382696330759,-0.8339511521476378,1180.4572334505388,-0.9811098111787931,0.19345164359268904,946.4978816699486,0.5894875196386599,-0.8077774843298497,875.5465493083163
-0.5518382696330759,-0.8339511521476378,1180.4572334505388,-0.9811098111787931,0.19345164359268904,946.4978816699486,0.5894875196386599,-0.8077774843298497,875.5465493083163,0,-0.5417109437858565,-0.8405648418668464,1201.2871201259297,-0.9859060060520024,0.1673001710417207,942.0104590610712,0.5767277937206716,-0.8169363818254677,895.7568112944773
-0.5417109437858565,-0.8405648418668464,1201.2871201259297,-0.9859060060520024,0.1673001710417207,942.0104590610712,0.5767277937206716,-0.8169363818254677,895.7568112944773,90,0.15250571144318487,-0.9883025892798258,1220.7731689775828,-0.837547632894916,-0.5463643131026432,953.7853480189187,0.969196077551965,-0.24629040431548577,899.2544523634954
0.15250571144318487,-0.9883025892798258,1220.7731689775828,-0.837547632894916,-0.5463643131026432,953.7853480189187,0.969196077551965,-0.24629040431548577,899.2544523634954,-45,-0.1892058979398014,-0.9819374359829619,1236.7964095155558,-0.9692735565014474,-0.24598530986023404,957.4662388776798,0.8197631751958983,-0.5727026598443027,908.7074328905701
-0.1892058979398014,-0.9819374359829619,1236.7964095155558,-0.9692735565014474,-0.24598530986023404,957.4662388776798,0.8197631751958983,-0.5727026598443027,908.7074328905701,90,0.4077900369348195,-0.913075728390969,1290.6152060736654,-0.6086338458693386,-0.7934512219804681,1004.793595793967,0.9990017676050383,-0.044670665117155325,908.3815113423269
0.4077900369348195,-0.913075728390969,1290.6152060736654,-0.6086338458693386,-0.7934512219804681,1004.793595793967,0.9990017676050383,-0.044670665117155325,908.3815113423269,45,0.7181601250235152,-0.6958778878698538,1307.2561200162804,-0.2510588091848262,-0.9679718355048854,1028.1585496994226,0.9477361856766954,0.3190550459701089,900.3363389978325
0.7181601250235152,-0.6958778878698538,1307.2561200162804,-0.2510588091848262,-0.9679718355048854,1028.1585496994226,0.9477361856766954,0.3190550459701089,900.3363389978325,45,0.902073265142051,-0.43158292866604325,1318.8765338298806,0.08634262595360541,-0.9962655022349393,1056.0673991214387,0.8004173924839603,0.5994430730346109,883.0447052596601
0.902073265142051,-0.43158292866604325,1318.8765338298806,0.08634262595360541,-0.9962655022349393,1056.0673991214387,0.8004173924839603,0.5994430730346109,883.0447052596601,-90,0.3680624370938147,-0.9298010767903863,1336.0922136146928,-0.6018728383544494,-0.7985919398861717,1069.5104315909266,0.9927117760888475,-0.12051277780603163,886.4233769942047
0.3680624370938147,-0.9298010767903863,1336.0922136146928,-0.6018728383544494,-0.7985919398861717,1069.5104315909266,0.9927117760888475,-0.12051277780603163,886.4233769942047,-90,-0.20702878232127567,-0.9783348523335811,1357.907567252002,-0.9374760922969784,-0.34804967514937774,1076.7273383732067,0.7461219895581799,-0.6658092645027879,901.4715531841535
-0.20702878232127567,-0.9783348523335811,1357.907567252002,-0.9374760922969784,-0.34804967514937774,1076.7273383732067,0.7461219895581799,-0.6658092645027879,901.4715531841535,0,-0.19845288845870562,-0.9801104279939055,1382.9852910798907,-0.9277067017215462,-0.37330989215520416,1086.0658522130827,0.7354697981068713,-0.6775575075760271,918.5717148613547
-0.19845288845870562,-0.9801104279939055,1382.9852910798907,-0.9277067017215462,-0.37330989215520416,1086.0658522130827,0.7354697981068713,-0.6775575075760271,918.5717148613547,-45,-0.9433439312561434,-0.3318165567933653,1399.8974151832876,-0.7968109998098433,0.6042286244312147,1046.6018025193964,-0.22893150920171013,-0.9734425325075062,977.0993260855571
-0.9433439312561434,-0.3318165567933653,1399.8974151832876,-0.7968109998098433,0.6042286244312147,1046.6018025193964,-0.22893150920171013,-0.9734425325075062,977.0993260855571,0,-0.9420588489317354,-0.33544764889534373,1407.5059360585306,-0.8004471671647593,0.5994033137862286,1032.824167048777,-0.23488672845470907,-0.9720227491143629,999.3354592127711
-0.9420588489317354,-0.33544764889534373,1407.5059360585306,-0.8004471671647593,0.5994033137862286,1032.824167048777,-0.23488672845470907,-0.9720227491143629,999.3354592127711,-90,-0.5654032481952918,0.8248146257979506,1357.1803245383128,0.41876663062558184,0.9080938878081372,980.4383679323857,-0.9982806884351355,-0.05861456386830731,998.162408285305
-0.5654032481952918,0.8248146257979506,1357.1803245383128,0.41876663062558184,0.9080938878081372,980.4383679323857,-0.9982806884351355,-0.05861456386830731,998.162408285305,90,-0.9624833909521379,-0.27134060171908336,1373.2119513729263,-0.7291496822461924,0.6843542510135205,946.5570576533884,-0.28740841652417576,-0.9578081238489606,1048.352013110787
-0.9624833909521379,-0.27134060171908336,1373.2119513729263,-0.7291496822461924,0.6843542510135205,946.5570576533884,-0.28740841652417576,-0.9578081238489606,1048.352013110787,90,-0.5070887472142677,-0.8618938463921555,1389.7389434111215,-0.9997138779717673,-0.023919912011762686,948.0313975989719,0.441963713427791,-0.8970329291687777,1064.3625748932832
-0.5070887472142677,-0.8618938463921555,1389.7389434111215,-0.9997138779717673,-0.023919912011762686,948.0313975989719,0.441963713427791,-0.8970329291687777,1064.3625748932832,-90,-0.9477755615467384,-0.31893805814729104,1395.0919342741,-0.7721279471041638,0.6354670985194353,934.7400842355322,-0.2615434149279973,-0.9651917126186909,1083.1454496403749
-0.9477755615467384,-0.31893805814729104,1395.0919342741,-0.7721279471041638,0.6354670985194353,934.7400842355322,-0.2615434149279973,-0.9651917126186909,1083.1454496403749,90,-0.5834625527158133,-0.8121400430826858,1413.6338167791862,-0.9987317294165635,0.05034811472736757,934.249949393464,0.33548832254936445,-0.9420443648963744,1103.7759953639552
-0.6562257423430591,0.7545646261827419,1345.5970167082157,0.34747555361930904,0.9376890420800249,859.0508549405267,-0.9886357803866223,-0.15033061477734447,1105.3946857905778,0,-0.6560376315857438,0.7547281801704293,1325.8364648890677,0.3700484752718987,0.9290124466060414,834.7070453934961,-0.9870386853591927,-0.1604825024867088,1109.370421288372
-0.6560376315857438,0.7547281801704293,1325.8364648890677,0.3700484752718987,0.9290124466060414,834.7070453934961,-0.9870386853591927,-0.1604825024867088,1109.370421288372,0,-0.6660096523155402,0.7459431231820113,1307.0982419645893,0.3799096971044458,0.9250235791838002,811.5094418100877,-0.9831110083227003,-0.18301023281424333,1113.7049762602842
-0.6660096523155402,0.7459431231820113,1307.0982419645893,0.3799096971044458,0.9250235791838002,811.5094418100877,-0.9831110083227003,-0.18301023281424333,1113.7049762602842,-45,-0.4339351133633701,0.9009441255651314,1286.9160629121077,0.6401808330294902,0.7682242517791715,794.2790397468638,-0.9965299992294187,0.08323437172115118,1111.5501936400353
-0.4339351133633701,0.9009441255651314,1286.9160629121077,0.6401808330294902,0.7682242517791715,794.2790397468638,-0.9965299992294187,0.08323437172115118,1111.5501936400353,45,-0.6532413341067904,0.7571497602287018,1264.9591923410019,0.4462754292477381,0.8948956594205534,768.2321512980305,-0.9819202146153596,-0.18929525120754123,1116.7909017752606
-0.6532413341067904,0.7571497602287018,1264.9591923410019,0.4462754292477381,0.8948956594205534,768.2321512980305,-0.9819202146153596,-0.18929525120754123,1116.7909017752606,90,-0.5342126551729539,-0.8453501280848442,1332.7704789667612,-0.9955050108569612,0.09470888743239185,764.0063020717107,0.411701448638802,-0.9113187791265535,1182.976225291654
-0.5342126551729539,-0.8453501280848442,1332.7704789667612,-0.9955050108569612,0.09470888743239185,764.0063020717107,0.411701448638802,-0.9113187791265535,1182.976225291654,-45,-0.9956997791653482,-0.09263881351829152,1335.2979566356714,-0.5281166497571022,0.8491718343476392,713.4314774352193,-0.4868728660000369,-0.8734728458016942,1232.415251851177
-0.9956997791653482,-0.09263881351829152,1335.2979566356714,-0.5281166497571022,0.8491718343476392,713.4314774352193,-0.4868728660000369,-0.8734728458016942,1232.415251851177,45,-0.5234444811075095,-0.8520597838168928,1384.4112245184556,-0.9995920954404287,0.028559459606457293,711.6954675791394,0.37012883555735343,-0.9289804331033876,1284.0511354976054
0.5232959101727991,0.8521510373146428,1277.3437985016649,0.9870431011835146,-0.16045534084607518,694.2274408078825,-0.4442755829460358,0.8958901754110044,1196.2249970514167,45,0.34758272151054714,0.9376493223520835,1216.6829312726936,0.9991629352101971,-0.04090756534118773,693.6259476478042,-0.6507944080404228,0.7592540012823875,1146.7500352083337
0.34758272151054714,0.9376493223520835,1216.6829312726936,0.9991629352101971,-0.04090756534118773,693.6259476478042,-0.6507944080404228,0.7592540012823875,1146.7500352083337,-45,0.8140606492919749,0.5807798716160266,1189.5490814340783,0.7912660680628303,-0.6114720022473543,722.1592463859059,-0.14914898878329427,0.988814734490198,1100.116245285315
0.8140606492919749,0.5807798716160266,1189.5490814340783,0.7912660680628303,-0.6114720022473543,722.1592463859059,-0.14914898878329427,0.988814734490198,1100.116245285315,-90,0.999199862555468,-0.03999543310346525,1190.724029396119,0.26071076114960395,-0.965416956045829,742.2044153609771,0.48128169666533654,0.8765659863666483,1082.2312295352274
0.999199862555468,-0.03999543310346525,1190.724029396119,0.26071076114960395,-0.965416956045829,742.2044153609771,0.48128169666533654,0.8765659863666483,1082.2312295352274,-90,0.41764430315181966,-0.9086106074908167,1235.2883841561572,-0.6987301717830111,-0.7153853136877244,773.878357386437,0.9981677038584983,-0.0605081397322151,1086.677188511441
0.41764430315181966,-0.9086106074908167,1235.2883841561572,-0.6987301717830111,-0.7153853136877244,773.878357386437,0.9981677038584983,-0.0605081397322151,1086.677188511441,-90,-0.7821065513721741,-0.6231447201900412,1269.0660009757255,-0.8748251442907884,0.4844388164841886,739.9456431607122,0.13666396917264848,-0.9906174637719534,1146.7933880313924
-0.7821065513721741,-0.6231447201900412,1269.0660009757255,-0.8748251442907884,0.4844388164841886,739.9456431607122,0.13666396917264848,-0.9906174637719534,1146.7933880313924,-45,-0.8931228057432088,-0.4498129098429463,1278.9904992770666,-0.7618249583212261,0.6477829365449989,725.0305767628012,-0.0832340860304288,-0.9965300230914668,1169.3131219827305
-0.8931228057432088,-0.4498129098429463,1278.9904992770666,-0.7618249583212261,0.6477829365449989,725.0305767628012,-0.0832340860304288,-0.9965300230914668,1169.3131219827305,45,-0.5678717433232332,-0.8231170531188331,1297.1719688077021,-0.9831247800710283,0.18293623700702952,721.3535587078294,0.3894382089721889,-0.9210525942597055,1189.0429751108452
-0.5678717433232332,-0.8231170531188331,1297.1719688077021,-0.9831247800710283,0.18293623700702952,721.3535587078294,0.3894382089721889,-0.9210525942597055,1189.0429751108452,90,0.4299456044233216,-0.9028547929966727,1311.8010122062758,-0.6336078663954271,-0.7736543618708774,736.6524659738878,0.9916109303449163,-0.1292585115978419,1188.4242910784894
0.4299456044233216,-0.9028547929966727,1311.8010122062758,-0.6336078663954271,-0.7736543618708774,736.6524659738878,0.9916109303449163,-0.1292585115978419,1188.4242910784894,-45,-0.3866598139361307,-0.9222224180136139,1377.9213021956841,-0.9929237794478828,-0.1187533924017848,740.1516567870736,0.5197145899503364,-0.854339946972371,1250.8165313284958
-0.3866598139361307,-0.9222224180136139,1377.9213021956841,-0.9929237794478828,-0.1187533924017848,740.1516567870736,0.5197145899503364,-0.854339946972371,1250.8165313284958,90,0.7253435784441465,-0.6883870228366019,1387.0582555008605,-0.22973773697023817,-0.9732525736990341,757.2406514134658,0.9834868199777993,0.18097976386865972,1244.4907890993368
0.7253435784441465,-0.6883870228366019,1387.0582555008605,-0.22973773697023817,-0.9732525736990341,757.2406514134658,0.9834868199777993,0.18097976386865972,1244.4907890993368,45,0.829417602611126,-0.5586290723537509,1434.9412541675322,-0.010581635529864707,-0.9999440129274804,847.2985323437601,0.9446402521252113,0.3281079000341461,1211.5875217712874
0.829417602611126,-0.5586290723537509,1434.9412541675322,-0.010581635529864707,-0.9999440129274804,847.2985323437601,0.9446402521252113,0.3281079000341461,1211.5875217712874,-45,0.6859630043871594,-0.727636417871001,1447.1546086339565,-0.21855056309822946,-0.975825625493329,863.5473242912052,0.9943506385509339,0.10614521945594182,1209.860248661183
-0.701184858415439,0.712979518870578,1382.1343478616866,0.2705413198190864,0.962708364080497,717.7979628969771,-0.9902341320390177,-0.139414359895003,1275.9962678389973,0,-0.7155692471174333,0.6985418044611142,1335.5053825116033,0.3107331753247172,0.9504971824011992,655.030554033523,-0.9843982557994414,-0.17595474980521983,1286.012259162977
-0.7155692471174333,0.6985418044611142,1335.5053825116033,0.3107331753247172,0.9504971824011992,655.030554033523,-0.9843982557994414,-0.17595474980521983,1286.012259162977,90,-0.9846568570075201,0.1745017878076671,1331.9304079820552,-0.2719385664011557,0.9623146138886618,632.4879538040578,-0.717843827900405,-0.6962041645561262,1302.8826177776891
-0.9846568570075201,0.1745017878076671,1331.9304079820552,-0.2719385664011557,0.9623146138886618,632.4879538040578,-0.717843827900405,-0.6962041645561262,1302.8826177776891,0,-0.9866705879971358,0.16273030074754458,1329.25331617909,-0.27883159127235024,0.9603400146346757,617.0830564625057,-0.7116851788760895,-0.7024985453138736,1314.1139077618454
-0.9866705879971358,0.16273030074754458,1329.25331617909,-0.27883159127235024,0.9603400146346757,617.0830564625057,-0.7116851788760895,-0.7024985453138736,1314.1139077618454,45,-0.710159191253278,-0.7040411373481595,1342.9521703921291,-0.9479463430024254,0.31843010345808714,611.8787886182444,0.14007571739954522,-0.9901407947332554,1332.3106649580382
-0.8299764405218074,0.5577984476302803,1212.9207897489432,0.40155157384941237,0.9158364119967386,338.72378452833806,-0.9469176821881273,-0.32147613155483984,1450.015628262399,90,-0.7950348171901489,-0.6065637966903616,1227.9648210762145,-0.7650869041729147,0.6439270370648411,326.96776874906186,-0.014201854523766374,-0.9998991485785382,1471.103396026513
-0.7919495796647047,0.6105864912269986,1168.375727693151,0.6490562893601841,0.7607403849158981,221.86446552456297,-0.9719164598898544,-0.23532614600841334,1512.3808518566016,-90,0.25435825020014763,0.9671100664118428,1131.098311122906,0.8993247064674431,-0.43728145665834867,237.39037348866952,-0.6145585639821443,0.7888712007902207,1480.7356649399276
0.25435825020014763,0.9671100664118428,1131.098311122906,0.8993247064674431,-0.43728145665834867,237.39037348866952,-0.6145585639821443,0.7888712007902207,1480.7356649399276,-90,0.9827119793533194,0.1851409345214639,1129.337110649628,0.01578482904364704,-0.9998754118249248,257.10696118629306,0.4396733889334841,0.898157731728534,1463.9313335981471
0.9827119793533194,0.1851409345214639,1129.337110649628,0.01578482904364704,-0.9998754118249248,257.10696118629306,0.4396733889334841,0.898157731728534,1463.9313335981471,-45,0.9789885119610552,-0.20391540757941498,1139.7909965963408,-0.2647662380137433,-0.9643126252455942,310.73846868722256,0.7355921107965863,0.6774247165064342,1425.5375954081603
0.9789885119610552,-0.20391540757941498,1139.7909965963408,-0.2647662380137433,-0.9643126252455942,310.73846868722256,0.7355921107965863,0.6774247165064342,1425.5375954081603,45,0.8174979032786405,0.5759315741778936,1125.9723615484927,0.5038335816206962,-0.8638007420877,329.61043516716825,-0.009067116302646496,0.9999588928560785,1402.9519446406887
0.8174979032786405,0.5759315741778936,1125.9723615484927,0.5038335816206962,-0.8638007420877,329.61043516716825,-0.009067116302646496,0.9999588928560785,1402.9519446406887,90,-0.5558210251443938,0.8313019836421871,1117.433276641988,0.8950465718763082,0.4459726832132981,318.15318283312837,-0.9998658223581595,0.016381003633525865,1408.318745081116
-0.5558210251443938,0.8313019836421871,1117.433276641988,0.8950465718763082,0.4459726832132981,318.15318283312837,-0.9998658223581595,0.016381003633525865,1408.318745081116,-45,-0.3654863352687625,0.9308167052281613,1103.2801632410192,0.9809504685894278,0.1942580195878205,315.03015506635234,-0.9745829383108436,0.22402699916171329,1404.6914246912486
0.9979886038600646,-0.06339358457635119,1118.5359176015852,-0.10732190889307933,-0.994224324723322,388.08447400639466,0.5933828437746173,0.8049203691757019,1350.4790109308697,45,0.9779687746568219,0.2087512294484377,1103.8279279643725,0.19048936845326636,-0.9816892586283481,450.58390401136165,0.31533176234019394,0.9489814959520694,1289.91265384681
0.9779687746568219,0.2087512294484377,1103.8279279643725,0.19048936845326636,-0.9816892586283481,450.58390401136165,0.31533176234019394,0.9489814959520694,1289.91265384681,45,0.9066210030511986,0.42194591694485983,1075.1650194347378,0.399977030254892,-0.9165251634671452,507.6571077175025,0.0455103367318886,0.998963867840349,1226.6484659494342
0.9066210030511986,0.42194591694485983,1075.1650194347378,0.399977030254892,-0.9165251634671452,507.6571077175025,0.0455103367318886,0.998963867840349,1226.6484659494342,90,-0.40066726048064966,0.9162236333881217,1040.647536736416,0.9565530695304134,0.29155827062860723,488.7893776623731,-0.998426741381401,0.05607175843967239,1229.8435411529265
-0.40066726048064966,0.9162236333881217,1040.647536736416,0.9565530695304134,0.29155827062860723,488.7893776623731,-0.998426741381401,0.05607175843967239,1229.8435411529265,-90,0.7412412507832316,0.6712387117392071,1017.7166845919546,0.5722785626127463,-0.8200592946695312,520.1672520419178,-0.2976112770210036,0.9546871360764884,1193.9239716568388
0.7412412507832316,0.6712387117392071,1017.7166845919546,0.5722785626127463,-0.8200592946695312,520.1672520419178,-0.2976112770210036,0.9546871360764884,1193.9239716568388,-90,0.9747333045141684,-0.2233718538018825,1023.2264496147957,-0.3141279123107884,-0.9493806690191589,537.9461378161386,0.6064215541570723,0.7951433195680644,1179.4060060858178
0.9747333045141684,-0.2233718538018825,1023.2264496147957,-0.3141279123107884,-0.9493806690191589,537.9461378161386,0.6064215541570723,0.7951433195680644,1179.4060060858178,-90,0.6679502639644836,-0.7442059156374509,1079.9258337112951,-0.7033951091224849,-0.7107990717935466,590.980918741913,0.9573825314076683,0.28882293633893596,1154.1418553700562
0.6679502639644836,-0.7442059156374509,1079.9258337112951,-0.7033951091224849,-0.7107990717935466,590.980918741913,0.9573825314076683,0.28882293633893596,1154.1418553700562,0,0.6487493745692017,-0.7610021346856194,1097.4394989511068,-0.6922236308409514,-0.7216830640283657,607.5731510345535,0.9658547383495711,0.25908420331560456,1147.8348582692793
0.6487493745692017,-0.7610021346856194,1097.4394989511068,-0.6922236308409514,-0.7216830640283657,607.5731510345535,0.9658547383495711,0.25908420331560456,1147.8348582692793,45,0.9975342591864612,-0.07018120652509474,1097.4018147891327,0.04042968659745547,-0.9991823859744684,621.6137249952595,0.48509903205224475,0.8744592209485673,1135.0412358599497
0.9975342591864612,-0.07018120652509474,1097.4018147891327,0.04042968659745547,-0.9991823859744684,621.6137249952595,0.48509903205224475,0.8744592209485673,1135.0412358599497,-90,0.7556907739894341,-0.6549285870285784,1138.7144242954025,-0.4871107945347228,-0.8733401822015011,676.2481645804372,0.9162304278747982,0.4006517228670857,1108.5616537199949
0.7556907739894341,-0.6549285870285784,1138.7144242954025,-0.4871107945347228,-0.8733401822015011,676.2481645804372,0.9162304278747982,0.4006517228670857,1108.5616537199949,-45,0.5875142489827144,-0.8092138204716212,1187.2719203354952,-0.6065595600851164,-0.7950380494475406,723.4774722250404,0.9871089290951882,0.16004987379111124,1097.2486084826603
0.5875142489827144,-0.8092138204716212,1187.2719203354952,-0.6065595600851164,-0.7950380494475406,723.4774722250404,0.9871089290951882,0.16004987379111124,1097.2486084826603,0,0.5587858399161396,-0.8293119950351703,1226.1410580131187,-0.5860743406048765,-0.8102572846229519,761.4353643911807,0.9944730373549343,0.10499227578279993,1091.075530907705
0.5587858399161396,-0.8293119950351703,1226.1410580131187,-0.5860743406048765,-0.8102572846229519,761.4353643911807,0.9944730373549343,0.10499227578279993,1091.075530907705,-45,-0.3001481442066266,-0.9538925995778131,1246.1962957215449,-0.9976234391758835,-0.0689019129406608,761.7776102446828,0.6885276628133592,-0.7252100782123572,1107.008512826392
-0.3001481442066266,-0.9538925995778131,1246.1962957215449,-0.9976234391758835,-0.0689019129406608,761.7776102446828,0.6885276628133592,-0.7252100782123572,1107.008512826392,-45,-0.5408551352080169,-0.8411157605936995,1264.4525413418608,-0.9840133244439097,0.17809485482979318,757.3467827263083,0.45673656718263,-0.8896019942638544,1126.5681645181928
-0.5408551352080169,-0.8411157605936995,1264.4525413418608,-0.9840133244439097,0.17809485482979318,757.3467827263083,0.45673656718263,-0.8896019942638544,1126.5681645181928,45,0.44427585899813515,-0.8958900385155921,1282.2586285410755,-0.63928466844527,-0.7689701637195173,774.8336534173254,0.9972289937043581,-0.07439310529473268,1125.7347424984448
0.44427585899813515,-0.8958900385155921,1282.2586285410755,-0.63928466844527,-0.7689701637195173,774.8336534173254,0.9972289937043581,-0.07439310529473268,1125.7347424984448,0,0.42895546130730117,-0.9033256401844467,1330.5123972051144,-0.6057186469957596,-0.795678905515049,816.974980716362,0.9927094940420481,-0.1205315744474485,1130.8109475577692
0.42895546130730117,-0.9033256401844467,1330.5123972051144,-0.6057186469957596,-0.795678905515049,816.974980716362,0.9927094940420481,-0.1205315744474485,1130.8109475577692,45,0.6093495498558099,-0.7929017127554473,1344.641396906569,-0.40922101371633385,-0.9124352919155287,833.3708935851131,0.9965119315253639,0.08345040639558603,1129.066342725196
0.6093495498558099,-0.7929017127554473,1344.641396906569,-0.40922101371633385,-0.9124352919155287,833.3708935851131,0.9965119315253639,0.08345040639558603,1129.066342725196,90,0.9999073880270004,-0.013609385328573857,1341.3132093257339,0.4711832479457748,-0.8820353433141274,894.7118002528524,0.5346597925454621,0.8450673974513769,1066.6147221521462
0.9999073880270004,-0.013609385328573857,1341.3132093257339,0.4711832479457748,-0.8820353433141274,894.7118002528524,0.5346597925454621,0.8450673974513769,1066.6147221521462,-90,0.28452757296012615,-0.9586678570941137,1359.087480808226,-0.6892653827043559,-0.7245089593686318,905.0299776745796,0.9622562603290107,-0.2721449787477754,1074.4632801960474
0.28452757296012615,-0.9586678570941137,1359.087480808226,-0.6892653827043559,-0.7245089593686318,905.0299776745796,0.9622562603290107,-0.2721449787477754,1074.4632801960474,0,0.26244009513201033,-0.964948286939306,1391.6971414044508,-0.6826154674892554,-0.7307777524969034,929.7575454887796,0.9486529992394848,-0.31631864793895753,1084.3867821922765
0.26244009513201033,-0.964948286939306,1391.6971414044508,-0.6826154674892554,-0.7307777524969034,929.7575454887796,0.9486529992394848,-0.31631864793895753,1084.3867821922765,90,0.9583848276136552,0.28547946020676257,1374.3165709823957,0.7402170531764632,-0.6723679901562485,949.9178265917583,0.27345829580929765,0.9618838601687184,1046.194837148803
0.9583848276136552,0.28547946020676257,1374.3165709823957,0.7402170531764632,-0.6723679901562485,949.9178265917583,0.27345829580929765,0.9618838601687184,1046.194837148803,-45,0.9918380484527061,-0.12750406127464145,1381.8047688691229,0.42332040106199487,-0.9059800428512274,1018.9138232792066,0.6328198751443549,0.7742990414705956,985.4252377879561
0.9918380484527061,-0.12750406127464145,1381.8047688691229,0.42332040106199487,-0.9059800428512274,1018.9138232792066,0.6328198751443549,0.7742990414705956,985.4252377879561,-45,0.87561910733522,-0.48300225555319354,1412.2775524685082,0.09609745460883723,-0.9953719300933207,1084.1268768951538,0.8812638542949244,0.4726246069696903,952.7691248179907
0.87561910733522,-0.48300225555319354,1412.2775524685082,0.09609745460883723,-0.9953719300933207,1084.1268768951538,0.8812638542949244,0.4726246069696903,952.7691248179907,0,0.8668591582736476,-0.49855310621547955,1424.2015110797279,0.09110239146355946,-0.9958415307013563,1108.2300592213603,0.8931153266029791,0.4498277596890326,941.6484822702047
-0.5398069795549435,0.8417888243637883,1334.307921360778,0.4538820681176993,0.8910617645490128,1011.2737458305343,-0.998235099793152,-0.05938590355426009,944.032980888973,90,-0.9834637906981905,-0.18110486571471757,1340.155583913588,-0.6535654633260032,0.7568699922360952,999.0313053627349,-0.3316732824581231,-0.9433943150684416,962.2390290851697
-0.9834637906981905,-0.18110486571471757,1340.155583913588,-0.6535654633260032,0.7568699922360952,999.0313053627349,-0.3316732824581231,-0.9433943150684416,962.2390290851697,-45,-0.9982911843182208,0.05843553125046475,1338.5610651596364,-0.44838337900208786,0.8938413424286605,978.7893977568924,-0.5500971974287249,-0.8351006366786357,980.9372075527057
-0.9982911843182208,0.05843553125046475,1338.5610651596364,-0.44838337900208786,0.8938413424286605,978.7893977568924,-0.5500971974287249,-0.8351006366786357,980.9372075527057,-45,-0.6134482009699727,0.7897349585314709,1292.3216171476085,0.4243067281640217,0.9055185257269688,927.487424252755,-0.9858183776819749,-0.1678157508235717,987.5113984896631
-0.6134482009699727,0.7897349585314709,1292.3216171476085,0.4243067281640217,0.9055185257269688,927.487424252755,-0.9858183776819749,-0.1678157508235717,987.5113984896631,90,-0.9957348044436906,0.09226158040856079,1285.172489072035,-0.3454066249693099,0.9384531226584045,860.6304239728049,-0.5643880035035519,-0.8255096495506729,1046.4462559862357
-0.9957348044436906,0.09226158040856079,1285.172489072035,-0.3454066249693099,0.9384531226584045,860.6304239728049,-0.5643880035035519,-0.8255096495506729,1046.4462559862357,90,-0.8673729087113067,-0.49765875580932684,1296.4992252406246,-0.8267836184830557,0.5625200869374044,850.3007944542567,-0.0009588354225481232,-0.9999995403172106,1066.7482182078113
-0.8673729087113067,-0.49765875580932684,1296.4992252406246,-0.8267836184830557,0.5625200869374044,850.3007944542567,-0.0009588354225481232,-0.9999995403172106,1066.7482182078113,45,-0.6433461190575254,-0.7655754509475995,1314.750737959542,-0.9734750693502908,0.22879311474221944,844.5404329960526,0.3248996275479638,-0.9457485035775602,1089.3399391214664
-0.6433461190575254,-0.7655754509475995,1314.750737959542,-0.9734750693502908,0.22879311474221944,844.5404329960526,0.3248996275479638,-0.9457485035775602,1089.3399391214664,90,0.4641287807794607,-0.885767731886961,1327.7464190848982,-0.5680887272276904,-0.8229673128361921,860.1792797973977,0.9978532288843716,-0.06548995041251736,1086.753842133889
0.4641287807794607,-0.885767731886961,1327.7464190848982,-0.5680887272276904,-0.8229673128361921,860.1792797973977,0.9978532288843716,-0.06548995041251736,1086.753842133889,-45,-0.2951331041721848,-0.9554561480369941,1365.0589511278479,-0.9759381284457965,-0.21804763113988657,866.5530451474162,0.6373159404334992,-0.7706026161838309,1117.8600717684928
-0.2951331041721848,-0.9554561480369941,1365.0589511278479,-0.9759381284457965,-0.21804763113988657,866.5530451474162,0.6373159404334992,-0.7706026161838309,1117.8600717684928,-45,-0.9271029584934575,-0.37480675601258634,1369.0894100323214,-0.7866094867676566,0.6174508201688,855.2632183501463,-0.20131239433496811,-0.979527089919989,1132.8656993053721
-0.9271029584934575,-0.37480675601258634,1369.0894100323214,-0.7866094867676566,0.6174508201688,855.2632183501463,-0.20131239433496811,-0.979527089919989,1132.8656993053721,45,-0.8034732531980283,-0.595340853121451,1378.866772328966,-0.9195466503174216,0.3929808619894989,848.9800326467638,0.0405953660180259,-0.9991756683676112,1149.048743889005
-0.8034732531980283,-0.595340853121451,1378.866772328966,-0.9195466503174216,0.3929808619894989,848.9800326467638,0.0405953660180259,-0.9991756683676112,1149.048743889005,-45,-0.924590441732744,-0.3809626163502783,1407.7651131724958,-0.8093732250525439,0.5872946301202184,798.5381480339996,-0.24132740062039648,-0.9704437571079545,1227.8884207718427
-0.2941260000181048,0.9557666535893318,1252.704314092309,0.8016681057476776,0.5977693938526215,638.0612028210793,-0.9659287095754637,0.25880828429144126,1226.1075265022569,45,-0.857800501491531,0.5139827814634241,1215.294248486876,0.2727062959887461,0.962097331941056,568.3528045195878,-0.8903604683242092,-0.4552562316382884,1258.2652273687297
-0.857800501491531,0.5139827814634241,1215.294248486876,0.2727062959887461,0.962097331941056,568.3528045195878,-0.8903604683242092,-0.4552562316382884,1258.2652273687297,-45,-0.053588672998422994,0.9985630947147346,1161.6837513333567,0.9751072858248387,0.221733581424457,555.8258163417205,-0.8923846021585977,0.45127566057814517,1231.5568432321506
-0.053588672998422994,0.9985630947147346,1161.6837513333567,0.9751072858248387,0.221733581424457,555.8258163417205,-0.8923846021585977,0.45127566057814517,1231.5568432321506,-45,0.6625257477572349,0.7490391402047805,1119.524387566814,0.8229537712656793,-0.5681083438566944,586.3492255958474,-0.3647024839639645,0.9311241046125454,1178.9438215440337
0.6625257477572349,0.7490391402047805,1119.524387566814,0.8229537712656793,-0.5681083438566944,586.3492255958474,-0.3647024839639645,0.9311241046125454,1178.9438215440337,0,0.6705994100221153,0.741819675715056,1106.29710080266,0.8086886512523339,-0.5882369125919259,596.6209477083175,-0.36969578943525455,0.9291528524811425,1162.429354087538
0.6705994100221153,0.741819675715056,1106.29710080266,0.8086886512523339,-0.5882369125919259,596.6209477083175,-0.36969578943525455,0.9291528524811425,1162.429354087538,90,-0.532228704517593,0.8466006178166449,1054.3879572685757,0.8530377711859564,0.5218491745036069,560.2121423469863,-0.9921482547890432,-0.12506734393540025,1170.6665641560794
-0.532228704517593,0.8466006178166449,1054.3879572685757,0.8530377711859564,0.5218491745036069,560.2121423469863,-0.9921482547890432,-0.12506734393540025,1170.6665641560794,90,-0.948897202020328,0.3155853291868823,1050.340737082029,0.3464046241809501,0.938085196741775,547.0436033571913,-0.6900866065538622,-0.7237267961426984,1180.9590272206822
-0.948897202020328,0.3155853291868823,1050.340737082029,0.3464046241809501,0.938085196741775,547.0436033571913,-0.6900866065538622,-0.7237267961426984,1180.9590272206822,90,-0.6079465907370541,-0.7939779233777176,1060.6457421940513,-0.7826968293174971,0.6224031437712513,542.16420984271,0.4495393246329706,-0.8932605418401356,1189.5690103707182
-0.6079465907370541,-0.7939779233777176,1060.6457421940513,-0.7826968293174971,0.6224031437712513,542.16420984271,0.4495393246329706,-0.8932605418401356,1189.5690103707182,0,-0.5888193020316324,-0.8082647026531478,1079.5977060268792,-0.810508813613775,0.5857264404603832,528.0393232122964,0.4512042303686021,-0.8924207205670863,1210.5368424209566
-0.5888193020316324,-0.8082647026531478,1079.5977060268792,-0.810508813613775,0.5857264404603832,528.0393232122964,0.4512042303686021,-0.8924207205670863,1210.5368424209566,-90,-0.9979223453269783,0.06442819799670817,1071.4119212774563,0.13709887830979806,0.9905573671252944,467.8634683916345,-0.5354555913480941,-0.8445633840595168,1260.1781402069512
-0.9979223453269783,0.06442819799670817,1071.4119212774563,0.13709887830979806,0.9905573671252944,467.8634683916345,-0.5354555913480941,-0.8445633840595168,1260.1781402069512,0,-0.9990425634588671,0.04374878738360115,1070.2980093851245,0.1431785764102897,0.9896968703886675,446.2898485219667,-0.5274310417175708,-0.8495978438253702,1278.6616397209075
-0.9990425634588671,0.04374878738360115,1070.2980093851245,0.1431785764102897,0.9896968703886675,446.2898485219667,-0.5274310417175708,-0.8495978438253702,1278.6616397209075,0,-0.9999723275096912,-0.007439369250879209,1069.3353451442115,0.1626720963690378,0.9866801858063748,392.28775200698016,-0.5087384324610089,-0.8609211388606482,1325.4119964655104
-0.9999723275096912,-0.007439369250879209,1069.3353451442115,0.1626720963690378,0.9866801858063748,392.28775200698016,-0.5087384324610089,-0.8609211388606482,1325.4119964655104,-45,-0.605777784988106,0.7956338826463489,1034.8602476886674,0.9374432518964324,0.34813811838671455,376.96818466052275,-0.992998469929057,-0.11812721413184858,1328.3285633630899
-0.605777784988106,0.7956338826463489,1034.8602476886674,0.9374432518964324,0.34813811838671455,376.96818466052275,-0.992998469929057,-0.11812721413184858,1328.3285633630899,-45,-0.3265283919874779,0.94518739370882,1016.3302666799312,0.9997872226846573,-0.020627878138565713,376.88546134031225,-0.9817384373325363,0.19023575022552852,1324.4440082425908
-0.3265283919874779,0.94518739370882,1016.3302666799312,0.9997872226846573,-0.020627878138565713,376.88546134031225,-0.9817384373325363,0.19023575022552852,1324.4440082425908,0,-0.3316495448392283,0.9434026602718124,995.8727621601566,0.9968215956404562,-0.07966621909451185,377.9171316737308,-0.9843767079994675,0.17607525876207347,1320.5279847138795
-0.3316495448392283,0.9434026602718124,995.8727621601566,0.9968215956404562,-0.07966621909451185,377.9171316737308,-0.9843767079994675,0.17607525876207347,1320.5279847138795,90,-0.8735287209671082,0.4867726097939036,960.3339884289527,0.917240461883802,0.3983339491973909,343.0011214731812,-0.8625902433641056,-0.5059032239994652,1356.048970108329
-0.8735287209671082,0.4867726097939036,960.3339884289527,0.917240461883802,0.3983339491973909,343.0011214731812,-0.8625902433641056,-0.5059032239994652,1356.048970108329,45,-0.9754984901262677,0.2200061266450823,955.3385399584851,0.8132678700036703,0.5818894840256982,329.4442076133833,-0.692653656463541,-0.7212703461169653,1372.1309434343393
-0.9754984901262677,0.2200061266450823,955.3385399584851,0.8132678700036703,0.5818894840256982,329.4442076133833,-0.692653656463541,-0.7212703461169653,1372.1309434343393,-90,-0.22709135159106744,0.9738734609961102,936.2396043065312,0.8547663751267022,-0.5190129516233268,341.247295479466,-0.9543210411998405,0.2987831158604053,1363.7995295027968
-0.22709135159106744,0.9738734609961102,936.2396043065312,0.8547663751267022,-0.5190129516233268,341.247295479466,-0.9543210411998405,0.2987831158604053,1363.7995295027968,0,-0.25106713952738763,0.9679696748604965,873.74045834825,0.7750130518762632,-0.6319452265991417,378.5100111682781,-0.9689143564933591,0.24739638190777938,1346.1658102011838
-0.25106713952738763,0.9679696748604965,873.74045834825,0.7750130518762632,-0.6319452265991417,378.5100111682781,-0.9689143564933591,0.24739638190777938,1346.1658102011838,-90,0.2541390590156137,0.9671676890191578,853.4813412877168,0.3565480318290368,-0.934276993722333,398.3863450549981,-0.7366717506999895,0.67625049480249,1331.3389951196802
0.2541390590156137,0.9671676890191578,853.4813412877168,0.3565480318290368,-0.934276993722333,398.3863450549981,-0.7366717506999895,0.67625049480249,1331.3389951196802,-45,0.8413440370070369,0.5404999642855693,823.4246183909734,-0.2811094255077816,-0.9596757217366109,449.90481456894855,-0.14404690516548754,0.9895708610868881,1277.641554651507
0.8413440370070369,0.5404999642855693,823.4246183909734,-0.2811094255077816,-0.9596757217366109,449.90481456894855,-0.14404690516548754,0.9895708610868881,1277.641554651507,-45,0.9449220094257104,0.3272955791068337,818.0881981262655,-0.4683721834773111,-0.8835312658557681,463.9532518621677,0.07557729838469611,0.9971399460300798,1261.6975152204589
0.9449220094257104,0.3272955791068337,818.0881981262655,-0.4683721834773111,-0.8835312658557681,463.9532518621677,0.07557729838469611,0.9971399460300798,1261.6975152204589,-90,0.6272051002160149,-0.7788541341374638,835.0368200260452,-0.9962825670189013,0.08614549700494205,459.76873621333806,0.9646804488410607,0.2634229140067539,1258.1557339213655
0.6272051002160149,-0.7788541341374638,835.0368200260452,-0.9962825670189013,0.08614549700494205,459.76873621333806,0.9646804488410607,0.2634229140067539,1258.1557339213655,0,0.6071869011674962,-0.7945590393737983,854.9731688626549,-0.999273174748434,0.038119840348374304,458.1796148619556,0.97132094947402,0.23777218742503972,1251.8219679631165
0.6071869011674962,-0.7945590393737983,854.9731688626549,-0.999273174748434,0.038119840348374304,458.1796148619556,0.97132094947402,0.23777218742503972,1251.8219679631165,-90,-0.6991755925694056,-0.714949991786293,864.2980337582691,-0.0834216730994398,0.9965143373064385,440.9286236551331,0.356977879985607,-0.9341128375099989,1269.0575602227073
-0.6991755925694056,-0.714949991786293,864.2980337582691,-0.0834216730994398,0.9965143373064385,440.9286236551331,0.356977879985607,-0.9341128375099989,1269.0575602227073,0,-0.685436445630166,-0.7281324597914066,881.6657648059269,-0.08838454639628193,0.9960864279560903,417.0078666294198,0.35077052037797,-0.9364614471689521,1291.498184602216
-0.685436445630166,-0.7281324597914066,881.6657648059269,-0.08838454639628193,0.9960864279560903,417.0078666294198,0.35077052037797,-0.9364614471689521,1291.498184602216,-90,-0.7445504853369012,0.6675661576088058,868.543329446292,0.9975746520660994,0.06960469492211481,420.6066988596948,-0.9264436559772248,-0.37643346330999,1292.2623863309068
-0.7445504853369012,0.6675661576088058,868.543329446292,0.9975746520660994,0.06960469492211481,420.6066988596948,-0.9264436559772248,-0.37643346330999,1292.2623863309068,0,-0.7597269215184416,0.6502422661747786,851.3428257069239,0.9999726143968727,0.007400706471909431,419.51510924238477,-0.9192561583545296,-0.3936598980430595,1302.4252634537806
-0.7597269215184416,0.6502422661747786,851.3428257069239,0.9999726143968727,0.007400706471909431,419.51510924238477,-0.9192561583545296,-0.3936598980430595,1302.4252634537806,0,-0.7989769775050299,0.6013616128561308,810.1992729166326,0.9890862813085621,-0.14733746342054319,423.99167661009574,-0.9000803983592904,-0.4357238534776138,1329.9069372834479
-0.7989769775050299,0.6013616128561308,810.1992729166326,0.9890862813085621,-0.14733746342054319,423.99167661009574,-0.9000803983592904,-0.4357238534776138,1329.9069372834479,-45,-0.17464791469646657,0.9846309490830438,792.6060724350906,0.6022984711813169,-0.7982709763060715,438.50508099790585,-0.958402811072256,0.28541908087722084,1323.9708101242186
-0.17464791469646657,0.9846309490830438,792.6060724350906,0.6022984711813169,-0.7982709763060715,438.50508099790585,-0.958402811072256,0.28541908087722084,1323.9708101242186,-90,0.9740901219156406,0.22616019629097525,794.1999942974692,-0.7295788992632793,-0.6838966513661122,444.80659948128016,0.22118863006477496,0.9752310443838773,1310.212910538627
0.9740901219156406,0.22616019629097525,794.1999942974692,-0.7295788992632793,-0.6838966513661122,444.80659948128016,0.22118863006477496,0.9752310443838773,1310.212910538627,-45,0.764766958485659,-0.6443069914323406,806.2588537158584,-0.992179423457242,0.12481983683715868,440.41269190977,0.9124603913753776,0.40916504514815627,1305.3175779078476
0.764766958485659,-0.6443069914323406,806.2588537158584,-0.992179423457242,0.12481983683715868,440.41269190977,0.9124603913753776,0.40916504514815627,1305.3175779078476,0,0.7278697457136218,-0.6857154171190752,841.2307474027385,-0.9999075721366455,0.013595851712896208,436.7166247989307,0.9300509486244853,0.36743058250871674,1284.97136558593
0.7278697457136218,-0.6857154171190752,841.2307474027385,-0.9999075721366455,0.013595851712896208,436.7166247989307,0.9300509486244853,0.36743058250871674,1284.97136558593,0,0.6999991757064385,-0.7141436508226524,886.2323474775957,-0.9890847606176569,-0.147347671559181,441.6115190024486,0.941766303980942,0.3362680904963716,1261.6598011015687
0.6999991757064385,-0.7141436508226524,886.2323474775957,-0.9890847606176569,-0.147347671559181,441.6115190024486,0.941766303980942,0.3362680904963716,1261.6598011015687,90,0.8360814922739865,0.5486052663590678,873.9878391489724,-0.04226888222666351,-0.9991062714222689,457.62948220180266,-0.165215245305261,0.986257533668931,1246.675267654047
0.8360814922739865,0.5486052663590678,873.9878391489724,-0.04226888222666351,-0.9991062714222689,457.62948220180266,-0.165215245305261,0.986257533668931,1246.675267654047,-90,0.49639200536494965,-0.8680984834739454,927.7618596023658,-0.9982921967729738,-0.05841823227546556,453.0836436386112,0.9962630186687256,0.08637127782474066,1244.1030777764518
0.49639200536494965,-0.8680984834739454,927.7618596023658,-0.9982921967729738,-0.05841823227546556,453.0836436386112,0.9962630186687256,0.08637127782474066,1244.1030777764518,-45,0.20430267436661523,-0.978907767487136,948.0883266427502,-0.9788114224567415,0.20476376453906703,448.16554432067846,0.9715691205174272,-0.23675608557541464,1249.0681787301485
0.20430267436661523,-0.978907767487136,948.0883266427502,-0.9788114224567415,0.20476376453906703,448.16554432067846,0.9715691205174272,-0.23675608557541464,1249.0681787301485,-90,-0.9650084784237919,-0.26221868081850686,946.5547349839682,0.17825434850693278,0.9839844446119913,435.3997086822292,-0.1876894858268232,-0.982228413817307,1261.6714732134392
-0.9650084784237919,-0.26221868081850686,946.5547349839682,0.17825434850693278,0.9839844446119913,435.3997086822292,-0.1876894858268232,-0.982228413817307,1261.6714732134392,45,-0.39133653353508957,-0.9202476392367109,962.5550516771184,-0.681224378487,0.7320746861864578,424.86739991336117,0.6444745254850984,-0.7646257816741188,1272.572759220132
-0.39133653353508957,-0.9202476392367109,962.5550516771184,-0.681224378487,0.7320746861864578,424.86739991336117,0.6444745254850984,-0.7646257816741188,1272.572759220132,0,-0.3853550170239698,-0.9227683950236137,977.1098029542687,-0.7001838645774828,0.713962573098437,413.4576725970024,0.6385300448423751,-0.7695968956756482,1284.6775031226045
-0.3853550170239698,-0.9227683950236137,977.1098029542687,-0.7001838645774828,0.713962573098437,413.4576725970024,0.6385300448423751,-0.7695968956756482,1284.6775031226045,-45,-0.953182222731702,-0.30239651166680503,981.1957999396502,0.11751223741317063,0.9930714345192649,396.0176736197641,-0.18840878854206175,-0.9820906925534488,1301.8202018017735
-0.953182222731702,-0.30239651166680503,981.1957999396502,0.11751223741317063,0.9930714345192649,396.0176736197641,-0.18840878854206175,-0.9820906925534488,1301.8202018017735,-90,-0.3619233516070746,0.9322078564148136,937.855364346598,0.9849061293913662,-0.17308933036821558,406.70328795534715,-0.9945769059675945,0.10400374087467593,1291.1056829065892
-0.3619233516070746,0.9322078564148136,937.855364346598,0.9849061293913662,-0.17308933036821558,406.70328795534715,-0.9945769059675945,0.10400374087467593,1291.1056829065892,-45,-0.04313827641203911,0.9990691112771921,924.7157378142377,0.8633811435505696,-0.5045522777287907,413.4693165899134,-0.9120904150279563,0.4099891154825095,1285.3577228776937
-0.04313827641203911,0.9990691112771921,924.7157378142377,0.8633811435505696,-0.5045522777287907,413.4693165899134,-0.9120904150279563,0.4099891154825095,1285.3577228776937,90,-0.9403657603575387,0.3401650139964251,903.9930256352645,0.8997130377173985,0.4364819008404942,379.57074491746596,-0.7465193389706539,-0.6653637174830154,1328.719936780208
-0.9403657603575387,0.3401650139964251,903.9930256352645,0.8997130377173985,0.4364819008404942,379.57074491746596,-0.7465193389706539,-0.6653637174830154,1328.719936780208,0,-0.9633794518778365,0.26814181266553594,886.4441368165283,0.9502693417220223,0.31142925068656346,357.09181969963976,-0.7161211811518094,-0.6979759694328576,1369.134152556425
-0.9633794518778365,0.26814181266553594,886.4441368165283,0.9502693417220223,0.31142925068656346,357.09181969963976,-0.7161211811518094,-0.6979759694328576,1369.134152556425,0,-0.9821580493488347,0.18805734790029371,872.0155714982388,0.9894415671082204,0.14493234724666917,341.6783823062267,-0.6857416621787404,-0.7278450197345161,1415.8769285977507
-0.9821580493488347,0.18805734790029371,872.0155714982388,0.9894415671082204,0.14493234724666917,341.6783823062267,-0.6857416621787404,-0.7278450197345161,1415.8769285977507,-90,-0.7387457098663378,0.6739842551232785,843.1817699265858,0.8564820355524605,-0.5161768328547047,361.73467781860506,-0.9667599142828097,-0.25568587785776203,1425.283767232522
0.9026622645556651,0.4303496673023444,667.9321961391213,-0.8309787505213353,-0.5563041579765519,535.192072661049,0.013288680290183243,0.999911701589768,1335.2127241152361,-45,0.8644894971685717,-0.5026508821092727,696.8773655609684,-0.9807290505616748,0.19537279591692377,519.2880189559505,0.810648961937683,0.5855324589716243,1300.4197717011211
0.8644894971685717,-0.5026508821092727,696.8773655609684,-0.9807290505616748,0.19537279591692377,519.2880189559505,0.810648961937683,0.5855324589716243,1300.4197717011211,0,0.8235773480688153,-0.5672039771968612,731.3136588450814,-0.997340127197027,0.07288806954926073,510.6730339594798,0.8342624535089014,0.5513675350120899,1263.7741837897229
0.8235773480688153,-0.5672039771968612,731.3136588450814,-0.997340127197027,0.07288806954926073,510.6730339594798,0.8342624535089014,0.5513675350120899,1263.7741837897229,45,0.9540890555648427,-0.2995230776607814,737.0965752918949,-0.9577854380318284,-0.28748400771900107,516.3601856330907,0.6217359898897015,0.7832268885041378,1247.4553945159882
0.9540890555648427,-0.2995230776607814,737.0965752918949,-0.9577854380318284,-0.28748400771900107,516.3601856330907,0.6217359898897015,0.7832268885041378,1247.4553945159882,-90,-0.1716156122286488,-0.985163987181518,790.8319921058961,-0.42755043152437433,0.9039914980260164,463.79646369736366,0.829125562291566,-0.5590624311780346,1281.6492342829922
-0.1716156122286488,-0.985163987181518,790.8319921058961,-0.42755043152437433,0.9039914980260164,463.79646369736366,0.829125562291566,-0.5590624311780346,1281.6492342829922,-45,-0.4291788867571932,-0.903219509954173,847.4500644790936,-0.1572866575797123,0.9875529896402534,401.3046869719067,0.599288206002277,-0.8005333510520174,1331.6387542369064
-0.4291788867571932,-0.903219509954173,847.4500644790936,-0.1572866575797123,0.9875529896402534,401.3046869719067,0.599288206002277,-0.8005333510520174,1331.6387542369064,-90,-0.8550924591930837,-0.5184755406295696,858.7391192732982,0.4576753389385382,0.889119386880915,380.85114542335305,0.03657947362564785,-0.9993307471049164,1354.7494214688854
-0.8550924591930837,-0.5184755406295696,858.7391192732982,0.4576753389385382,0.889119386880915,380.85114542335305,0.03657947362564785,-0.9993307471049164,1354.7494214688854,90,0.3674856962200444,-0.9300291732379524,902.6902660910275,-0.8801584774774301,0.47467994957087883,359.2409170674883,0.98995662579269,-0.14137142232131672,1355.3912042268425
0.3674856962200444,-0.9300291732379524,902.6902660910275,-0.8801584774774301,0.47467994957087883,359.2409170674883,0.98995662579269,-0.14137142232131672,1355.3912042268425,45,0.9996541039386836,-0.026299666890431422,897.977900610221,-0.7039840707190912,-0.7102157617046931,390.84655554877287,0.48868782518101767,0.8724587150804599,1317.1975971676916
0.9996541039386836,-0.026299666890431422,897.977900610221,-0.7039840707190912,-0.7102157617046931,390.84655554877287,0.48868782518101767,0.8724587150804599,1317.1975971676916,0,0.998995239257878,-0.044816424891940335,898.7776084708942,-0.6646915832301815,-0.7471178616409561,409.6886494506041,0.4882026583010797,0.8727302930618137,1294.6853785722074
0.998995239257878,-0.044816424891940335,898.7776084708942,-0.6646915832301815,-0.7471178616409561,409.6886494506041,0.4882026583010797,0.8727302930618137,1294.6853785722074,-45,0.9361969448359675,-0.35147586045104207,906.1678567617591,-0.8284117749122868,-0.5601195686517967,421.04425495213684,0.7272611792012152,0.6863608214538894,1280.162624289664
0.9361969448359675,-0.35147586045104207,906.1678567617591,-0.8284117749122868,-0.5601195686517967,421.04425495213684,0.7272611792012152,0.6863608214538894,1280.162624289664,0,0.9141788449024862,-0.4053110404772562,927.909569000067,-0.7656232744664114,-0.6432892052532283,455.64469517584644,0.7501019176063491,0.6613222461124968,1241.5059275903157
0.9141788449024862,-0.4053110404772562,927.909569000067,-0.7656232744664114,-0.6432892052532283,455.64469517584644,0.7501019176063491,0.6613222461124968,1241.5059275903157,0,0.9077395996610045,-0.4195340501166495,934.5194950309491,-0.7483299265685206,-0.6633267075898215,466.152814635823,0.7564622460172589,0.6540373615861133,1230.9292289132225
0.9077395996610045,-0.4195340501166495,934.5194950309491,-0.7483299265685206,-0.6633267075898215,466.152814635823,0.7564622460172589,0.6540373615861133,1230.9292289132225,45,0.8283052767744123,0.5602770461723952,892.4718149978576,0.20444425005994205,-0.9788782092872574,532.2755870463815,-0.24189968537395767,0.9703012636372171,1165.0504283358598
0.8283052767744123,0.5602770461723952,892.4718149978576,0.20444425005994205,-0.9788782092872574,532.2755870463815,-0.24189968537395767,0.9703012636372171,1165.0504283358598,-45,0.9601782462528693,0.2793881447426935,887.1058120030158,-0.08253279165403676,-0.9965883494712304,550.8713113691164,0.04792437638447037,0.9988509669355883,1146.4087585540901
0.9601782462528693,0.2793881447426935,887.1058120030158,-0.08253279165403676,-0.9965883494712304,550.8713113691164,0.04792437638447037,0.9988509669355883,1146.4087585540901,0,0.9666146631103906,0.25623444940129747,881.0974558255006,-0.0794352772859143,-0.9968400256422842,572.9395139647553,0.04872839332272532,0.9988120662487943,1124.296440740684
0.9666146631103906,0.25623444940129747,881.0974558255006,-0.0794352772859143,-0.9968400256422842,572.9395139647553,0.04872839332272532,0.9988120662487943,1124.296440740684,90,0.1041196399904816,0.9945647794730379,865.557544815895,0.890983154722687,-0.45403636198041286,576.714230262892,-0.9208805513934514,0.38984485383969464,1121.2971521357397
0.1041196399904816,0.9945647794730379,865.557544815895,0.890983154722687,-0.45403636198041286,576.714230262892,-0.9208805513934514,0.38984485383969464,1121.2971521357397,-90,0.9836027847406443,0.18034844565576327,853.8551986370641,-0.09308428221516407,-0.9956582327307336,642.8702981469435,0.043410076023492374,0.9990573383443188,1054.6811367610308
0.9836027847406443,0.18034844565576327,853.8551986370641,-0.09308428221516407,-0.9956582327307336,642.8702981469435,0.043410076023492374,0.9990573383443188,1054.6811367610308,-90,0.886514947194099,-0.46269995504802447,891.9690270457826,-0.553049972957463,-0.8331480825229987,714.6941899924751,0.6180890694959418,0.7861080728307278,983.6961040936372
0.886514947194099,-0.46269995504802447,891.9690270457826,-0.553049972957463,-0.8331480825229987,714.6941899924751,0.6180890694959418,0.7861080728307278,983.6961040936372,0,0.8733595348916267,-0.48707609550652514,903.6254969054526,-0.5404897973009061,-0.8413505684395925,735.3541178626975,0.6331479092492344,0.7740308294979751,964.4408652984516
0.8733595348916267,-0.48707609550652514,903.6254969054526,-0.5404897973009061,-0.8413505684395925,735.3541178626975,0.6331479092492344,0.7740308294979751,964.4408652984516,-45,0.6401763171580017,-0.7682280149473968,949.9210987047009,-0.7401975706691426,-0.6723894380308927,774.9202370336873,0.8749911451558047,0.4841389221070059,933.5235132359261
0.6401763171580017,-0.7682280149473968,949.9210987047009,-0.7401975706691426,-0.6723894380308927,774.9202370336873,0.8749911451558047,0.4841389221070059,933.5235132359261,0,0.6261680001341505,-0.7796881656200756,970.5356302803821,-0.723592598533635,-0.6902273186040537,793.1123310375009,0.8871943729366197,0.46139586542317224,920.886929890819
0.6261680001341505,-0.7796881656200756,970.5356302803821,-0.723592598533635,-0.6902273186040537,793.1123310375009,0.8871943729366197,0.46139586542317224,920.886929890819,0,0.5892650133895887,-0.8079398145870569,1015.4577906757886,-0.6973604696190359,-0.7167205699662301,832.5488361916997,0.9166218793682732,0.3997553380048535,896.8776218883787
0.5892650133895887,-0.8079398145870569,1015.4577906757886,-0.6973604696190359,-0.7167205699662301,832.5488361916997,0.9166218793682732,0.3997553380048535,896.8776218883787,0,0.5851414988274217,-0.8109312093821512,1034.0713844847076,-0.6777562391018379,-0.7352866654295672,849.3971204390323,0.9227106926420738,0.3854931616565778,887.6980276029232
0.5851414988274217,-0.8109312093821512,1034.0713844847076,-0.6777562391018379,-0.7352866654295672,849.3971204390323,0.9227106926420738,0.3854931616565778,887.6980276029232,-45,0.28566819372950997,-0.9583285882677816,1050.8501073436926,-0.871039709302456,-0.49121260653437326,857.7756980144926,0.9989673589701481,0.04543364075448218,886.8196818430735
0.28566819372950997,-0.9583285882677816,1050.8501073436926,-0.871039709302456,-0.49121260653437326,857.7756980144926,0.9989673589701481,0.04543364075448218,886.8196818430735,45,0.9751180489350919,-0.22168624368918294,1060.7365004233473,0.059641690036263253,-0.998219849937687,931.0117954840154,0.4159399674546025,0.9093920735710557,817.7611407558873
0.9751180489350919,-0.22168624368918294,1060.7365004233473,0.059641690036263253,-0.998219849937687,931.0117954840154,0.4159399674546025,0.9093920735710557,817.7611407558873,45,0.6476079223709696,0.7619737389715975,1049.8362060318068,0.9090658367521989,-0.41665249843247604,932.0061864039629,-0.6264427556902367,0.7794674296230872,811.5475460472161
0.6476079223709696,0.7619737389715975,1049.8362060318068,0.9090658367521989,-0.41665249843247604,932.0061864039629,-0.6264427556902367,0.7794674296230872,811.5475460472161,90,0.11417168150461465,0.9934610345365382,987.2991816792228,0.9951572806492577,0.09829540564428532,921.8547749751383,-0.9752768324220291,0.22098665149925523,797.2173067266307
0.11417168150461465,0.9934610345365382,987.2991816792228,0.9951572806492577,0.09829540564428532,921.8547749751383,-0.9752768324220291,0.22098665149925523,797.2173067266307,-45,0.883960265083233,0.46756202770753363,950.0025659916389,0.656541397345453,-0.7542899930210396,980.6772167184769,-0.47353369164976405,0.880775705201129,726.7394549566567
0.883960265083233,0.46756202770753363,950.0025659916389,0.656541397345453,-0.7542899930210396,980.6772167184769,-0.47353369164976405,0.880775705201129,726.7394549566567,-90,0.9949092938536115,-0.10077448587667469,954.7897552063174,0.1934106781590421,-0.9811178877046629,1056.4157991278528,0.014903456245120636,0.9998889373285164,649.4607891527706
0.9949092938536115,-0.10077448587667469,954.7897552063174,0.1934106781590421,-0.9811178877046629,1056.4157991278528,0.014903456245120636,0.9998889373285164,649.4607891527706,-45,0.6081343455772581,-0.7938341248203683,1011.6612222453525,-0.5154651354978376,-0.8569105519750565,1115.5090230898898,0.7667628472302253,0.6419304760699545,603.088275955486
0.6081343455772581,-0.7938341248203683,1011.6612222453525,-0.5154651354978376,-0.8569105519750565,1115.5090230898898,0.7667628472302253,0.6419304760699545,603.088275955486,-45,-0.16517194397564733,-0.9862647864155475,1031.0801968023052,-0.9754051768061057,-0.2204194661545335,1117.7135251207621,0.9871929718213999,-0.15953067537759869,608.033857805534
-0.16517194397564733,-0.9862647864155475,1031.0801968023052,-0.9754051768061057,-0.2204194661545335,1117.7135251207621,0.9871929718213999,-0.15953067537759869,608.033857805534,45,0.1522841219387004,-0.9883367574897531,1109.9477096193345,-0.8187217838415368,-0.5741904219536684,1162.0164052582074,0.9992377771446518,0.03903670999220227,599.2676180882847
0.1522841219387004,-0.9883367574897531,1109.9477096193345,-0.8187217838415368,-0.5741904219536684,1162.0164052582074,0.9992377771446518,0.03903670999220227,599.2676180882847,45,0.84840429301558,-0.5293488033355076,1139.6160211116035,-0.05030003475886047,-0.9987341520661329,1223.2112473216728,0.6339070851606009,0.7734092108212771,549.6809579876699
0.84840429301558,-0.5293488033355076,1139.6160211116035,-0.05030003475886047,-0.9987341520661329,1223.2112473216728,0.6339070851606009,0.7734092108212771,549.6809579876699,-90,-0.49346022544829066,-0.869768363359189,1195.3727764330674,-0.9999114344318061,-0.0133087675059733,1216.4194649204278,0.7239172539285346,-0.6898868091684096,599.0179919145168
-0.49346022544829066,-0.869768363359189,1195.3727764330674,-0.9999114344318061,-0.0133087675059733,1216.4194649204278,0.7239172539285346,-0.6898868091684096,599.0179919145168,-45,-0.7540948475647484,-0.6567655296042103,1208.5839382707945,-0.9485683245705641,0.31657247767516533,1209.3669166659654,0.4292984959292041,-0.9031626660756761,617.8023760444305
-0.7540948475647484,-0.6567655296042103,1208.5839382707945,-0.9485683245705641,0.31657247767516533,1209.3669166659654,0.4292984959292041,-0.9031626660756761,617.8023760444305,0,-0.7454132033342079,-0.6666026974855672,1223.2274885427732,-0.9537896391896965,0.30047516398928625,1202.524661171928,0.41532323912343666,-0.9096739014855909,637.8781456725578
-0.7454132033342079,-0.6666026974855672,1223.2274885427732,-0.9537896391896965,0.30047516398928625,1202.524661171928,0.41532323912343666,-0.9096739014855909,637.8781456725578,90,-0.20642897512611982,-0.9784615875078488,1240.7030369392903,-0.9429382991522521,-0.3329675119164898,1209.2861736869309,0.8597466287627905,-0.5107207988040202,645.783513160856
-0.20642897512611982,-0.9784615875078488,1240.7030369392903,-0.9429382991522521,-0.3329675119164898,1209.2861736869309,0.8597466287627905,-0.5107207988040202,645.783513160856,-90,-0.9838582693513857,-0.1789494504850361,1246.7258271397482,-0.6507733260492695,0.7592720711989683,1159.053786524719,-0.1748041578208045,-0.9846032228306788,706.2958077585404
-0.9838582693513857,-0.1789494504850361,1246.7258271397482,-0.6507733260492695,0.7592720711989683,1159.053786524719,-0.1748041578208045,-0.9846032228306788,706.2958077585404,-45,-0.7888739415806931,0.614555045781044,1215.1686856864976,0.17088425881946928,0.985291109311213,1111.0083594073674,-0.8354921321363588,-0.5495024086737393,730.9898868473148
-0.7888739415806931,0.614555045781044,1215.1686856864976,0.17088425881946928,0.985291109311213,1111.0083594073674,-0.8354921321363588,-0.5495024086737393,730.9898868473148,-45,-0.6561499319700722,0.7546305498558017,1195.6163211291364,0.3780164699670389,0.9257988703998611,1087.1506921077546,-0.9183258957405266,-0.39582514979768463,740.7711032096015
-0.6561499319700722,0.7546305498558017,1195.6163211291364,0.3780164699670389,0.9257988703998611,1087.1506921077546,-0.9183258957405266,-0.39582514979768463,740.7711032096015,0,-0.6687929395276359,0.7434487232069095,1150.992765329535,0.41368821669280514,0.9104186176531798,1032.7639932922382,-0.8951065494429579,-0.4458522907245421,765.531623018233
-0.6687929395276359,0.7434487232069095,1150.992765329535,0.41368821669280514,0.9104186176531798,1032.7639932922382,-0.8951065494429579,-0.4458522907245421,765.531623018233,90,-0.9892173532283222,0.14645486701353727,1149.0303005960113,-0.2513827353202088,0.9678877622859635,1015.1595301664463,-0.4118905589375259,-0.911233322183804,782.6382508463025
-0.9892173532283222,0.14645486701353727,1149.0303005960113,-0.2513827353202088,0.9678877622859635,1015.1595301664463,-0.4118905589375259,-0.911233322183804,782.6382508463025,45,-0.7749832270377275,-0.6319818018030189,1182.366039736333,-0.8899190351345033,0.456118527255005,991.6022246454372,0.34086171583993863,-0.9401134456408189,830.8592732357147
-0.7749832270377275,-0.6319818018030189,1182.366039736333,-0.8899190351345033,0.456118527255005,991.6022246454372,0.34086171583993863,-0.9401134456408189,830.8592732357147,90,0.512569313127056,-0.8586458520487116,1197.5869219732026,-0.5644821825384054,-0.8254452529372729,1010.3315276092545,0.9819074103317316,0.18936165803993282,823.0674065234572
0.512569313127056,-0.8586458520487116,1197.5869219732026,-0.5644821825384054,-0.8254452529372729,1010.3315276092545,0.9819074103317316,0.18936165803993282,823.0674065234572,90,0.9613814889573106,-0.2752192447671939,1200.9462228824902,0.1630184055320566,-0.9866230280394767,1026.4223644561337,0.583948029116654,0.8117910441060405,808.9744558734349
0.9613814889573106,-0.2752192447671939,1200.9462228824902,0.1630184055320566,-0.9866230280394767,1026.4223644561337,0.583948029116654,0.8117910441060405,808.9744558734349,0,0.9578227325258856,-0.2873597276179214,1205.43991177758,0.16068108909851453,-0.9870063766795609,1042.277362752516,0.5933149960424238,0.8049703817353647,795.9654395175334
0.9578227325258856,-0.2873597276179214,1205.43991177758,0.16068108909851453,-0.9870063766795609,1042.277362752516,0.5933149960424238,0.8049703817353647,795.9654395175334,45,0.9948792438917007,-0.10107071818028168,1207.2655461567765,0.35473099554342347,-0.9349684063115564,1063.8508631087443,0.42392756200130444,0.9056960981342639,774.7448218202042
0.9948792438917007,-0.10107071818028168,1207.2655461567765,0.35473099554342347,-0.9349684063115564,1063.8508631087443,0.42392756200130444,0.9056960981342639,774.7448218202042,-90,0.4462797253172119,-0.8948935170012094,1221.601550722043,-0.5894964769099647,-0.8077709475530421,1074.6818825710704,0.9938969074017315,0.11031290702938565,775.0124829488233
0.4462797253172119,-0.8948935170012094,1221.601550722043,-0.5894964769099647,-0.8077709475530421,1074.6818825710704,0.9938969074017315,0.11031290702938565,775.0124829488233,90,0.7111003512025301,0.7030905279689368,1203.0420409415458,0.9477593050373281,-0.31898636289841736,1075.1583661362638,-0.4389299428871181,0.8985212881379668,759.4029709401985
0.7111003512025301,0.7030905279689368,1203.0420409415458,0.9477593050373281,-0.31898636289841736,1075.1583661362638,-0.4389299428871181,0.8985212881379668,759.4029709401985,90,-0.6657696485061703,0.7461573393916128,1153.0344025173576,0.42648523776846614,0.9044945229052385,1010.888803671581,-0.9035460709164678,-0.4284909540835296,789.8401948423239
-0.6657696485061703,0.7461573393916128,1153.0344025173576,0.42648523776846614,0.9044945229052385,1010.888803671581,-0.9035460709164678,-0.4284909540835296,789.8401948423239,45,-0.8154543847098202,0.5788213424343719,1139.5236449987337,0.23522359332489137,0.9719412848229703,988.1730503870261,-0.7812329379906957,-0.6242396147301338,804.3234532892847
-0.8154543847098202,0.5788213424343719,1139.5236449987337,0.23522359332489137,0.9719412848229703,988.1730503870261,-0.7812329379906957,-0.6242396147301338,804.3234532892847,0,-0.825778185392598,0.5639950252703548,1125.6756901449814,0.2405119378253584,0.9706461805227953,964.5468570180404,-0.7663174236062559,-0.6424621438477681,819.7649903377065
-0.825778185392598,0.5639950252703548,1125.6756901449814,0.2405119378253584,0.9706461805227953,964.5468570180404,-0.7663174236062559,-0.6424621438477681,819.7649903377065,-90,0.2654764184746351,0.9641173534554185,1109.9741508804834,0.9970575081673646,0.07665719409869971,966.7812863429092,-0.8681886872912111,0.4962342221769511,807.8458613020493
0.2654764184746351,0.9641173534554185,1109.9741508804834,0.9970575081673646,0.07665719409869971,966.7812863429092,-0.8681886872912111,0.4962342221769511,807.8458613020493,-90,0.9978621496827843,0.0653538845857885,1112.3613629389417,0.40646026057563844,-0.9136684609708186,976.9249110138302,0.1811443010481991,0.9834565278637177,798.8144476406144
0.9978621496827843,0.0653538845857885,1112.3613629389417,0.40646026057563844,-0.9136684609708186,976.9249110138302,0.1811443010481991,0.9834565278637177,798.8144476406144,-45,0.45625652280373413,-0.889848293474256,1131.1483655176319,-0.6609385319408875,-0.7504400422391014,990.535847313569,0.9785087194637948,0.20620544593517556,796.4226420771888
0.45625652280373413,-0.889848293474256,1131.1483655176319,-0.6609385319408875,-0.7504400422391014,990.535847313569,0.9785087194637948,0.20620544593517556,796.4226420771888,-45,0.17197316604519206,-0.985101634431896,1203.8930905036793,-0.8143120861923208,-0.5804272790635451,1030.4557114997713,0.9848825214565597,-0.1732236096188079,807.0909325240248
0.17197316604519206,-0.985101634431896,1203.8930905036793,-0.8143120861923208,-0.5804272790635451,1030.4557114997713,0.9848825214565597,-0.1732236096188079,807.0909325240248,0,0.16763580281326756,-0.9858489933124399,1226.0627356646355,-0.8047255937791151,-0.5936469647162788,1043.722449593497,0.9795378544300485,-0.20126001028166812,811.2418084550685
0.16763580281326756,-0.9858489933124399,1226.0627356646355,-0.8047255937791151,-0.5936469647162788,1043.722449593497,0.9795378544300485,-0.20126001028166812,811.2418084550685,90,0.9303396966655307,-0.3666988530228698,1254.0844842455592,0.146910531015229,-0.9891497843485705,1135.7030481712418,0.6817456286212417,0.7315892958865843,738.1279385211279
0.9303396966655307,-0.3666988530228698,1254.0844842455592,0.146910531015229,-0.9891497843485705,1135.7030481712418,0.6817456286212417,0.7315892958865843,738.1279385211279,45,0.8695309584184847,0.49387843884080557,1243.2518968659128,0.8604150788118947,-0.5095938501916217,1141.961329932275,-0.15921395936317148,0.9872441010934947,721.7065879293954
0.8695309584184847,0.49387843884080557,1243.2518968659128,0.8604150788118947,-0.5095938501916217,1141.961329932275,-0.15921395936317148,0.9872441010934947,721.7065879293954,90,-0.13009286198334963,0.9915018140482553,1188.411439885135,0.8235320641958694,0.5672697235365998,1107.1975823898188,-0.9876318903029323,0.15679046290083024,713.6629389633874
-0.13009286198334963,0.9915018140482553,1188.411439885135,0.8235320641958694,0.5672697235365998,1107.1975823898188,-0.9876318903029323,0.15679046290083024,713.6629389633874,90,-0.9852406232760188,0.17117509820847754,1188.669769217659,-0.2896895051805446,0.9571206771291964,1092.7839037302674,-0.450640047512837,-0.8927057452361489,729.3411686254674
-0.9852406232760188,0.17117509820847754,1188.669769217659,-0.2896895051805446,0.9571206771291964,1092.7839037302674,-0.450640047512837,-0.8927057452361489,729.3411686254674,0,-0.9911144132732214,0.13301210396831603,1182.02144876511,-0.3028068359517126,0.9530519503683483,1049.9588874526326,-0.4261981462648135,-0.9046298359663121,769.7740872105074
-0.9911144132732214,0.13301210396831603,1182.02144876511,-0.3028068359517126,0.9530519503683483,1049.9588874526326,-0.4261981462648135,-0.9046298359663121,769.7740872105074,0,-0.9973975259642542,0.07209837169024587,1174.9417462394679,-0.3246444139480031,0.9458361404029546,981.7552174835894,-0.3925837496031923,-0.9197162603474498,835.5307936014387
-0.9973975259642542,0.07209837169024587,1174.9417462394679,-0.3246444139480031,0.9458361404029546,981.7552174835894,-0.3925837496031923,-0.9197162603474498,835.5307936014387,-45,-0.9343660068563615,0.3563146997126245,1167.9461089927265,-0.023759021801687256,0.9997177145989896,962.7706442924244,-0.6411546446302097,-0.7674117028486793,849.9457120965138
-0.9343660068563615,0.3563146997126245,1167.9461089927265,-0.023759021801687256,0.9997177145989896,962.7706442924244,-0.6411546446302097,-0.7674117028486793,849.9457120965138,-90,-0.0018078188492264243,0.999998365894169,1149.547295278015,0.9310478795110563,0.36489703487143565,958.7082684951664,-0.9530123734899483,0.30293137172477763,841.325682527878
-0.0018078188492264243,0.999998365894169,1149.547295278015,0.9310478795110563,0.36489703487143565,958.7082684951664,-0.9530123734899483,0.30293137172477763,841.325682527878,90,-0.9672270470961135,-0.25391305473671993,1170.737827345102,-0.5829983926200835,0.812473306762997,913.2600617440412,-0.10321708990745851,-0.994658852245852,902.0236030042284
-0.9672270470961135,-0.25391305473671993,1170.737827345102,-0.5829983926200835,0.812473306762997,913.2600617440412,-0.10321708990745851,-0.994658852245852,902.0236030042284,0,-0.9531939662467541,-0.30235949250979655,1188.042465273969,-0.6165923363349747,0.7872825990538452,863.9445001238505,-0.09658021752277894,-0.9953252039324899,963.4532159343545
-0.9531939662467541,-0.30235949250979655,1188.042465273969,-0.6165923363349747,0.7872825990538452,863.9445001238505,-0.09658021752277894,-0.9953252039324899,963.4532159343545,90,-0.10933116780095249,-0.994005380140007,1207.2961452952711,-0.9642178627772093,-0.2651111334918826,870.6690200327677,0.8619137939575976,-0.5070548410040279,971.3729162607017
-0.10933116780095249,-0.994005380140007,1207.2961452952711,-0.9642178627772093,-0.2651111334918826,870.6690200327677,0.8619137939575976,-0.5070548410040279,971.3729162607017,90,0.9951563287396619,-0.09830504244136239,1205.3732590839238,0.3001390616739341,-0.9538954574047883,932.2528700490012,0.4718145810805979,0.8816977946437997,908.7411368011245
0.9951563287396619,-0.09830504244136239,1205.3732590839238,0.3001390616739341,-0.9538954574047883,932.2528700490012,0.4718145810805979,0.8816977946437997,908.7411368011245,90,0.4812654113021143,0.8765749277068143,1146.1719155383148,0.9894459107872442,-0.14490269019725174,935.4217337483506,-0.6822685822612014,0.7311016219782926,862.7654953512975
0.4812654113021143,0.8765749277068143,1146.1719155383148,0.9894459107872442,-0.14490269019725174,935.4217337483506,-0.6822685822612014,0.7311016219782926,862.7654953512975,-45,0.9979319417283381,-0.06427938766283402,1150.3767251266256,0.29903463199967734,-0.9542422590017786,950.4233002789126,0.3704497279142176,0.9288525174042874,850.3424073354568
0.9979319417283381,-0.06427938766283402,1150.3767251266256,0.29903463199967734,-0.9542422590017786,950.4233002789126,0.3704497279142176,0.9288525174042874,850.3424073354568,-45,0.44351914169613976,-0.89626489998723,1176.33480256081,-0.6539890375647386,-0.7565040242755797,970.7021622082542,0.9927021317292476,0.12059219568532399,847.8822369384678
0.44351914169613976,-0.89626489998723,1176.33480256081,-0.6539890375647386,-0.7565040242755797,970.7021622082542,0.9927021317292476,0.12059219568532399,847.8822369384678,45,0.6404546012709528,-0.7679960310515054,1218.4235025353416,-0.4109339346052566,-0.9116651256847783,1021.1998000051166,0.9477568015673175,0.31899380101012675,828.3740166920314
0.6404546012709528,-0.7679960310515054,1218.4235025353416,-0.4109339346052566,-0.9116651256847783,1021.1998000051166,0.9477568015673175,0.31899380101012675,828.3740166920314,-45,0.22408205277863155,-0.9745702815202784,1293.7834360064478,-0.7330195671898806,-0.6802075522344339,1072.1655372584264,0.9755555317426087,-0.21975305341768553,842.0857790538029
0.22408205277863155,-0.9745702815202784,1293.7834360064478,-0.7330195671898806,-0.6802075522344339,1072.1655372584264,0.9755555317426087,-0.21975305341768553,842.0857790538029,0,0.21023789038472604,-0.9776502592678937,1359.1112499366966,-0.7047269671353472,-0.7094786126390388,1118.710413692699,0.9550999230395529,-0.2962838790920626,859.3561948950447
0.21023789038472604,-0.9776502592678937,1359.1112499366966,-0.7047269671353472,-0.7094786126390388,1118.710413692699,0.9550999230395529,-0.2962838790920626,859.3561948950447,-45,-0.4856591696570056,-0.8741482545472866,1405.5356425178445,-0.9952193000422708,-0.09766547406004088,1120.9353069593492,0.48101658224453486,-0.8767114962208415,907.5749018059337
-0.4856591696570056,-0.8741482545472866,1405.5356425178445,-0.9952193000422708,-0.09766547406004088,1120.9353069593492,0.48101658224453486,-0.8767114962208415,907.5749018059337,45,0.20988239786473092,-0.977726638210574,1456.0693041206007,-0.656451990280029,-0.7543678044941928,1160.6859602848008,0.9229196934213839,-0.38499251875196044,924.9525708933675
0.20988239786473092,-0.977726638210574,1456.0693041206007,-0.656451990280029,-0.7543678044941928,1160.6859602848008,0.9229196934213839,-0.38499251875196044,924.9525708933675,90,0.8632873709744102,-0.5047127055227469,1465.868644045547,0.12406162349876425,-0.9922745152299594,1183.233367343877,0.9099519739470641,0.41471364230013164,913.4724963543949
0.8632873709744102,-0.5047127055227469,1465.868644045547,0.12406162349876425,-0.9922745152299594,1183.233367343877,0.9099519739470641,0.41471364230013164,913.4724963543949,45,0.9934761958791669,-0.11403967827672606,1467.208906467818,0.5165486954813823,-0.8562578146776134,1197.0247680054454,0.6660153694029864,0.7459380186845309,900.873118268322
-0.8619077935791797,0.5070650405692255,1424.6848261480045,-0.09458904814570826,0.9955164046719114,1164.000435505232,-0.894585017516223,-0.4468978031222564,884.8497125819559,45,-0.9714216304889061,0.2373605186594335,1419.1009043469214,-0.3693292897605532,0.929298593416005,1141.693030861733,-0.7259091325383853,-0.6877906158834743,901.504174542886
-0.9714216304889061,0.2373605186594335,1419.1009043469214,-0.3693292897605532,0.929298593416005,1141.693030861733,-0.7259091325383853,-0.6877906158834743,901.504174542886,45,-0.9999293636171287,0.011885612152684704,1418.9919532427589,-0.5665158816143371,0.82405082117472,1126.1582141811602,-0.553481538320478,-0.8328614451026036,917.3670167210614
-0.9999293636171287,0.011885612152684704,1418.9919532427589,-0.5665158816143371,0.82405082117472,1126.1582141811602,-0.553481538320478,-0.8328614451026036,917.3670167210614,0,-0.999839089966913,-0.017938622414649382,1419.218528939659,-0.5874124022528181,0.8092877545592627,1107.33028175231,-0.5308729376575929,-0.8474514287337047,936.9143999777408
-0.999839089966913,-0.017938622414649382,1419.218528939659,-0.5874124022528181,0.8092877545592627,1107.33028175231,-0.5308729376575929,-0.8474514287337047,936.9143999777408,-45,-0.9722245862331014,0.2340498962270116,1393.5282272583681,-0.3298563198682612,0.9440311479199017,1015.178033728986,-0.7213418206366247,-0.6925792213174169,1001.768975445861
-0.9722245862331014,0.2340498962270116,1393.5282272583681,-0.3298563198682612,0.9440311479199017,1015.178033728986,-0.7213418206366247,-0.6925792213174169,1001.768975445861,-90,0.08659993770535108,0.9962431685032672,1345.94837872687,0.9016753835310243,0.43241357834159216,997.2258310921804,-0.8177305811341472,0.5756011611159327,969.9023859118453
0.08659993770535108,0.9962431685032672,1345.94837872687,0.9016753835310243,0.43241357834159216,997.2258310921804,-0.8177305811341472,0.5756011611159327,969.9023859118453,0,0.0882871396301862,0.9960950662341019,1324.0175124329928,0.9102918707513526,0.4139670398038988,987.8662931942005,-0.8282607435301528,0.560342877822926,957.4394462467326
0.0882871396301862,0.9960950662341019,1324.0175124329928,0.9102918707513526,0.4139670398038988,987.8662931942005,-0.8282607435301528,0.560342877822926,957.4394462467326,0,0.09465263539872508,0.9955103608763075,1260.586220133768,0.9342643010819053,0.3565812890827827,963.1311117346071,-0.8579126843985035,0.5137955098559676,923.3740403493808
0.09465263539872508,0.9955103608763075,1260.586220133768,0.9342643010819053,0.3565812890827827,963.1311117346071,-0.8579126843985035,0.5137955098559676,923.3740403493808,0,0.08635860784391342,0.996264117014791,1213.7495645587067,0.946067233487245,0.3239703531525543,946.7752032380496,-0.8856066569451166,0.46443605498980645,900.7049713787806
0.08635860784391342,0.996264117014791,1213.7495645587067,0.946067233487245,0.3239703531525543,946.7752032380496,-0.8856066569451166,0.46443605498980645,900.7049713787806,-90,0.9953988052804773,0.09581867483011083,1210.6159315610876,0.508229162908419,-0.8612218749947123,999.4714071695698,0.2703058732390161,0.9627744984639409,844.5225241220745
0.9953988052804773,0.09581867483011083,1210.6159315610876,0.508229162908419,-0.8612218749947123,999.4714071695698,0.2703058732390161,0.9627744984639409,844.5225241220745,-90,0.3789791424960125,-0.9254052137053189,1265.6607817688277,-0.6361197983646412,-0.7715903071763721,1041.8073212008446,0.9994194611796102,-0.03406964360625947,847.5517296942294
0.3789791424960125,-0.9254052137053189,1265.6607817688277,-0.6361197983646412,-0.7715903071763721,1041.8073212008446,0.9994194611796102,-0.03406964360625947,847.5517296942294,45,0.5511919572692965,-0.8343784670289868,1282.2323242696543,-0.45895711122356947,-0.8884584233701182,1059.7036063928253,0.9892847016351148,0.14599924352790916,844.1660816462362
0.5511919572692965,-0.8343784670289868,1282.2323242696543,-0.45895711122356947,-0.8884584233701182,1059.7036063928253,0.9892847016351148,0.14599924352790916,844.1660816462362,45,0.9929050434175799,-0.11890994389004594,1287.2347207368282,0.40311456873743984,-0.9151495202815919,1116.2146147898352,0.5187902367006082,0.8549015676112233,789.6516866761066
0.9929050434175799,-0.11890994389004594,1287.2347207368282,0.40311456873743984,-0.9151495202815919,1116.2146147898352,0.5187902367006082,0.8549015676112233,789.6516866761066,-90,0.7809220198151329,-0.6246285287815897,1301.4244340423688,-0.12398026304791902,-0.9922846841378581,1138.404303190435,0.8971061279151563,0.4418151143375192,779.8371352548556
0.7809220198151329,-0.6246285287815897,1301.4244340423688,-0.12398026304791902,-0.9922846841378581,1138.404303190435,0.8971061279151563,0.4418151143375192,779.8371352548556,-90,-0.3272473617751121,-0.9449387092352757,1353.4663452876875,-0.9691622814726041,-0.24642335962894607,1147.2753583278993,0.6718715042264455,-0.7406677269926735,823.5339627643841
-0.3272473617751121,-0.9449387092352757,1353.4663452876875,-0.9691622814726041,-0.24642335962894607,1147.2753583278993,0.6718715042264455,-0.7406677269926735,823.5339627643841,45,0.5308455952550274,-0.8474685563478657,1369.2370814232356,-0.40266842213013476,-0.9153459137502213,1166.056750396146,0.9990373047317306,0.04386871042507799,820.683632799156
0.5308455952550274,-0.8474685563478657,1369.2370814232356,-0.40266842213013476,-0.9153459137502213,1166.056750396146,0.9990373047317306,0.04386871042507799,820.683632799156,0,0.5115376378163508,-0.8592608713873034,1421.8509102933297,-0.3836404087223979,-0.9234825590098124,1222.746650415355,0.9995236477346159,-0.03086223613556844,820.2766430308557
-0.8822530860048404,0.4707754159203044,1395.2888440871661,-0.10721883716515658,0.9942354454338025,1115.974694352027,-0.8635594037036802,-0.5042471182614178,901.2975526617722,90,-0.9739752941703774,-0.22665419992959904,1403.8343424624788,-0.7353033112039643,0.6777381799282713,1094.5768411021038,-0.3294475422054755,-0.9441738806675237,932.7084330470375
-0.9739752941703774,-0.22665419992959904,1403.8343424624788,-0.7353033112039643,0.6777381799282713,1094.5768411021038,-0.3294475422054755,-0.9441738806675237,932.7084330470375,90,0.0743686722891143,-0.9972308161012446,1421.4279294581243,-0.7738094265480746,-0.6334184804576986,1108.4818079894726,0.8751151994492414,-0.4839146491819754,938.2405654434315
0.0743686722891143,-0.9972308161012446,1421.4279294581243,-0.7738094265480746,-0.6334184804576986,1108.4818079894726,0.8751151994492414,-0.4839146491819754,938.2405654434315,45,0.9314099106522429,-0.3639719471865668,1433.046257613375,0.25285671237424767,-0.9675037379810411,1151.298491469393,0.8180231702383455,0.5751852683729016,907.62286025623
0.9314099106522429,-0.3639719471865668,1433.046257613375,0.25285671237424767,-0.9675037379810411,1151.298491469393,0.8180231702383455,0.5751852683729016,907.62286025623,0,0.9271104945083717,-0.3747881147694556,1439.6041049747844,0.2489864702394891,-0.9685069631332962,1168.465857036589,0.8273104461683287,0.5617449827642085,897.548516270987
-0.8434211421988457,0.5372529915151655,1435.1069492452261,-0.05644603569245247,0.9984056515538192,1126.0214721629156,-0.9158414240054018,-0.40154014254587034,935.95771046129,45,-0.9815253974681328,0.19133189521097604,1421.5139024944497,-0.39855964752919554,0.9171424138929588,1066.6630653514726,-0.7024059158483187,-0.7117766007542567,980.8445417011811
-0.9815253974681328,0.19133189521097604,1421.5139024944497,-0.39855964752919554,0.9171424138929588,1066.6630653514726,-0.7024059158483187,-0.7117766007542567,980.8445417011811,-45,-0.9062371957835886,0.42276961217464254,1411.5672839194206,-0.15398893215872203,0.9880725726244083,1044.0683679872932,-0.8507299145013543,-0.5256030941428318,992.5208899724227
-0.9062371957835886,0.42276961217464254,1411.5672839194206,-0.15398893215872203,0.9880725726244083,1044.0683679872932,-0.8507299145013543,-0.5256030941428318,992.5208899724227,-45,-0.7721088514332121,0.63549030011361,1401.143180662965,0.10788570543519947,0.9941633037699337,1028.1010323496082,-0.9529200263451206,-0.3032217396401759,997.0906341543531
-0.7721088514332121,0.63549030011361,1401.143180662965,0.10788570543519947,0.9941633037699337,1028.1010323496082,-0.9529200263451206,-0.3032217396401759,997.0906341543531,45,-0.9382429383726698,0.3459771503926502,1376.957500132702,-0.19422267590610695,0.9809574670513862,962.9134318160175,-0.7950154757579188,-0.6065891470389246,1036.1299711772167
-0.9382429383726698,0.3459771503926502,1376.957500132702,-0.19422267590610695,0.9809574670513862,962.9134318160175,-0.7950154757579188,-0.6065891470389246,1036.1299711772167,90,-0.5246057082848539,-0.8513453182081563,1426.3555651829352,-0.9993691431157958,-0.0355150079262279,967.2190436133534,0.3976864701351635,-0.9175213738499141,1085.5186218247618
-0.5246057082848539,-0.8513453182081563,1426.3555651829352,-0.9993691431157958,-0.0355150079262279,967.2190436133534,0.3976864701351635,-0.9175213738499141,1085.5186218247618,-45,-0.9838328217878513,-0.17908930390437672,1428.4836716635475,-0.6939768298294211,0.7199973330922183,950.1564924839329,-0.4213481787517589,-0.9068989537222854,1104.6750835469088
-0.9838328217878513,-0.17908930390437672,1428.4836716635475,-0.6939768298294211,0.7199973330922183,950.1564924839329,-0.4213481787517589,-0.9068989537222854,1104.6750835469088,45,-0.5927794012514421,-0.8053648747319327,1444.7240251506928,-0.9994065483541612,0.03444635113944192,951.1911210937684,0.30292741053089467,-0.9530136326144799,1122.0259127344698
-0.5927794012514421,-0.8053648747319327,1444.7240251506928,-0.9994065483541612,0.03444635113944192,951.1911210937684,0.30292741053089467,-0.9530136326144799,1122.0259127344698,0,-0.5850573436562676,-0.8109919263678721,1459.0325323723698,-0.999909334844611,0.013465589129614177,950.7859961741813,0.30068749887202245,-0.9537227207223741,1138.8860568647463
-0.5850573436562676,-0.8109919263678721,1459.0325323723698,-0.999909334844611,0.013465589129614177,950.7859961741813,0.30068749887202245,-0.9537227207223741,1138.8860568647463,-45,-0.7294443920126941,-0.6840401150234036,1509.959142411784,-0.9864005416095667,0.1643592757113315,935.2439958390163,0.07010184598089957,-0.9975398393999461,1214.7671924088706
-0.4536833205526582,-0.891162973115644,1660.8481607519966,-0.9553022421097098,-0.2956308952395898,1012.0902198288896,0.31968436410701195,-0.9475240932796882,1336.88783862869,90,0.8475779779075037,-0.530670869151706,1665.764395328106,0.21210426039349142,-0.9772470428315094,1027.1323482116654,0.9723983612473631,0.23332686738445402,1328.7515270895497
0.6535229179602247,0.7569067285344697,1409.0905847148542,0.9882919298547695,-0.1525747730915408,861.4448072465525,-0.23697480471016946,0.9715157960283389,1169.3728387182805,45,-0.21612457675458918,0.9763657958586268,1352.0677593828277,0.7540334229595164,0.6568360503656564,820.5629932933241,-0.9344096467354722,0.3562002415604038,1148.6957934816771
-0.21612457675458918,0.9763657958586268,1352.0677593828277,0.7540334229595164,0.6568360503656564,820.5629932933241,-0.9344096467354722,0.3562002415604038,1148.6957934816771,90,-0.9973457431430506,-0.0728111848168686,1357.58415343028,-0.5437610930065505,0.8392400572734368,807.3865082133897,-0.49499267161695776,-0.8688971487152588,1166.7695289323465
-0.9973457431430506,-0.0728111848168686,1357.58415343028,-0.5437610930065505,0.8392400572734368,807.3865082133897,-0.49499267161695776,-0.8688971487152588,1166.7695289323465,90,-0.005242976014598892,-0.9999862555067996,1375.3107204536507,-0.8695319912651691,-0.49387662038856417,821.225899369193,0.8213620596458061,-0.5704071940065266,1171.8301488674629
-0.005242976014598892,-0.9999862555067996,1375.3107204536507,-0.8695319912651691,-0.49387662038856417,821.225899369193,0.8213620596458061,-0.5704071940065266,1171.8301488674629,45,0.26559675508626696,-0.9640842098528767,1436.0127980892094,-0.657474421940467,-0.7534768639407906,868.1041160344766,0.9320225517557554,-0.36240028010294106,1192.8265407325578
0.26559675508626696,-0.9640842098528767,1436.0127980892094,-0.657474421940467,-0.7534768639407906,868.1041160344766,0.9320225517557554,-0.36240028010294106,1192.8265407325578,0,0.24956612377294743,-0.9683577592320649,1455.8871775722525,-0.6555952249722179,-0.755112508831384,883.6157727311685,0.9211788561082471,-0.3891394545135476,1200.5599501146537
0.24956612377294743,-0.9683577592320649,1455.8871775722525,-0.6555952249722179,-0.755112508831384,883.6157727311685,0.9211788561082471,-0.3891394545135476,1200.5599501146537,-90,-0.4447665848631131,-0.8956465178792374,1474.9295696757356,-0.9872339683249517,-0.15927677729464626,886.3451446834073,0.4293236889596731,-0.9031506906923439,1220.156168489858
-0.7740207851808131,0.6331601883473705,1418.402637820136,0.12276724780824899,0.992435490531041,735.8653973214938,-0.9747168292980102,-0.22344373493842615,1298.479958634372,-90,-0.2862189976841816,0.9581642267193357,1393.6496351983199,0.6794443903417988,0.733727006749146,717.4568598099888,-0.9373323944186498,0.34843648255227333,1288.5682386619694
-0.2862189976841816,0.9581642267193357,1393.6496351983199,0.6794443903417988,0.733727006749146,717.4568598099888,-0.9373323944186498,0.34843648255227333,1288.5682386619694,45,-0.5392140433236451,0.8421687571280273,1371.7465441995175,0.47502108757850336,0.8799744123301176,694.1817784437437,-0.9977736363415121,0.06669160833145359,1286.91000987766
-0.5392140433236451,0.8421687571280273,1371.7465441995175,0.47502108757850336,0.8799744123301176,694.1817784437437,-0.9977736363415121,0.06669160833145359,1286.91000987766,90,-0.9565309325276548,0.29163088848367075,1366.9053843171314,-0.20227271632217092,0.9793292338287725,675.1672457066951,-0.804189324178143,-0.5943732252363843,1299.330966949978
-0.8673431864095091,0.49771055543257214,1330.5680608931632,0.07417166732332861,0.9972454882156537,575.852485163512,-0.91854564715136,-0.3953149302762157,1352.170816379718,45,-0.9903540046353898,0.13856025946369402,1326.67902259124,-0.29712837215684396,0.9548375413961393,552.4205182500448,-0.7086819837653165,-0.7055280617285578,1369.0696888703833
-0.9903540046353898,0.13856025946369402,1326.67902259124,-0.29712837215684396,0.9548375413961393,552.4205182500448,-0.7086819837653165,-0.7055280617285578,1369.0696888703833,-90,-0.6670012132951588,0.7450566297019214,1309.0575145942964,0.4163925693663904,0.9091849251810413,532.3122922832018,-0.9961887345164674,-0.08722387988664146,1369.7149661574836
-0.6670012132951588,0.7450566297019214,1309.0575145942964,0.4163925693663904,0.9091849251810413,532.3122922832018,-0.9961887345164674,-0.08722387988664146,1369.7149661574836,45,-0.9055821084522044,0.424171008970745,1299.6511937052992,0.04378337647677485,0.9990410481778479,510.2903735125812,-0.8828975982598809,-0.469565576876046,1380.0175684749847
-0.9055821084522044,0.424171008970745,1299.6511937052992,0.04378337647677485,0.9990410481778479,510.2903735125812,-0.8828975982598809,-0.469565576876046,1380.0175684749847,0,-0.9147781930466966,0.4039565044979726,1289.576830263525,0.040750782091870955,0.9991693418829968,485.8186504782623,-0.8731080518996496,-0.4875267476846772,1391.8032336334472
-0.9147781930466966,0.4039565044979726,1289.576830263525,0.040750782091870955,0.9991693418829968,485.8186504782623,-0.8731080518996496,-0.4875267476846772,1391.8032336334472,0,-0.9228848372513616,0.3850760667342594,1279.7730990384232,0.04009908413112123,0.9991957082833399,460.96653351670767,-0.8640884804843628,-0.5033399426771383,1404.1356006534447
-0.7005685112438623,0.7135851463235192,1215.1643732149903,0.5603582774109148,0.8282503250449542,387.9004691038411,-0.9897548752384989,-0.14277705327405862,1411.6126005143835,45,-0.8617117938747605,0.507398053107363,1200.115799213134,0.3718975540078342,0.9282737792930434,360.54992930380666,-0.9195106037044608,-0.39306519774085563,1422.9322722888041
-0.8617117938747605,0.507398053107363,1200.115799213134,0.3718975540078342,0.9282737792930434,360.54992930380666,-0.9195106037044608,-0.39306519774085563,1422.9322722888041,-90,-0.4380356792525099,0.8989575872652682,1177.9548819921965,0.8590909789909663,0.511822908647457,348.035779783128,-0.9850886789681961,0.17204736141160198,1417.9282436037622
-0.4380356792525099,0.8989575872652682,1177.9548819921965,0.8590909789909663,0.511822908647457,348.035779783128,-0.9850886789681961,0.17204736141160198,1417.9282436037622,-90,0.12464109651824885,0.9922018932952752,1154.6196123609368,0.9944401682258025,-0.10530314249364792,350.13238817413054,-0.7409384748237825,0.6715729122930787,1401.6990437495917
0.12464109651824885,0.9922018932952752,1154.6196123609368,0.9944401682258025,-0.10530314249364792,350.13238817413054,-0.7409384748237825,0.6715729122930787,1401.6990437495917,45,-0.13586685402525212,0.9907271057043311,1129.0321877809595,0.9968994934525081,0.07868544944354543,346.7951571828246,-0.8952576189852383,0.4455488701016781,1390.2960264078508
-0.13586685402525212,0.9907271057043311,1129.0321877809595,0.9968994934525081,0.07868544944354543,346.7951571828246,-0.8952576189852383,0.4455488701016781,1390.2960264078508,45,-0.4261139629471336,0.9046694924564931,1103.6132774062207,0.9569118259419778,0.2903786448284206,337.57337878941223,-0.9889875942902228,0.14799844032974685,1385.908375783659
-0.4261139629471336,0.9046694924564931,1103.6132774062207,0.9569118259419778,0.2903786448284206,337.57337878941223,-0.9889875942902228,0.14799844032974685,1385.908375783659,45,-0.7336657041164272,0.6795105846146527,1086.1282706763,0.8262034741385232,0.5633718304294549,322.374037978076,-0.9723252878457301,-0.23363119358449966,1391.7917014992904
-0.7336657041164272,0.6795105846146527,1086.1282706763,0.8262034741385232,0.5633718304294549,322.374037978076,-0.9723252878457301,-0.23363119358449966,1391.7917014992904,-90,-0.20220094354519036,0.9793440551866514,1062.3826101370823,0.9950061458443686,-0.09981367507478599,324.4421833265212,-0.9315018898812051,0.3637364831134529,1382.3231497452684
-0.20220094354519036,0.9793440551866514,1062.3826101370823,0.9950061458443686,-0.09981367507478599,324.4421833265212,-0.9315018898812051,0.3637364831134529,1382.3231497452684,0,-0.21588754142149696,0.9764182349070409,1036.2618922653917,0.9851049148500742,-0.17195437400144276,327.90972745780203,-0.9408897484755373,0.33871297762802094,1373.090262641699
-0.21588754142149696,0.9764182349070409,1036.2618922653917,0.9851049148500742,-0.17195437400144276,327.90972745780203,-0.9408897484755373,0.33871297762802094,1373.090262641699,-45,0.1520641635637958,0.9883706238854143,1013.0697925583804,0.8264849291230159,-0.5629588456828113,340.87722803713365,-0.7654380328847445,0.6435096097289712,1357.571244758182
0.1520641635637958,0.9883706238854143,1013.0697925583804,0.8264849291230159,-0.5629588456828113,340.87722803713365,-0.7654380328847445,0.6435096097289712,1357.571244758182,45,-0.189278362477291,0.9819234702857017,989.0979379697088,0.9466661373541538,-0.3222161144123092,347.65478695960735,-0.9414699587979563,0.33709689509245633,1349.4358268906049
-0.189278362477291,0.9819234702857017,989.0979379697088,0.9466661373541538,-0.3222161144123092,347.65478695960735,-0.9414699587979563,0.33709689509245633,1349.4358268906049,0,-0.1936865312561907,0.9810634676767578,963.9270969200212,0.9223136516361492,-0.38644214056646564,356.7304979626216,-0.9472085244138221,0.32061817053590375,1341.02367174359
-0.1936865312561907,0.9810634676767578,963.9270969200212,0.9223136516361492,-0.38644214056646564,356.7304979626216,-0.9472085244138221,0.32061817053590375,1341.02367174359,-45,0.092583803724786,0.9957048956833798,876.069369517209,0.6670495880466523,-0.7450133200734007,417.8569374873175,-0.8529609815692559,0.5219746774704798,1292.5628882983915
0.092583803724786,0.9957048956833798,876.069369517209,0.6670495880466523,-0.7450133200734007,417.8569374873175,-0.8529609815692559,0.5219746774704798,1292.5628882983915,-90,0.9983880183529561,-0.05675706836383842,882.0893532850116,-0.6252786479387844,-0.7804015712643367,449.4724320564833,0.4625490274482492,0.8865937046960568,1253.8416914342774
0.9983880183529561,-0.05675706836383842,882.0893532850116,-0.6252786479387844,-0.7804015712643367,449.4724320564833,0.4625490274482492,0.8865937046960568,1253.8416914342774,-45,0.9556619487994377,-0.29446602455438053,897.327217308987,-0.6954771081523787,-0.7185482531020477,487.93292051622217,0.6372331173641385,0.7706711063316064,1210.1858596610234
0.9556619487994377,-0.29446602455438053,897.327217308987,-0.6954771081523787,-0.7185482531020477,487.93292051622217,0.6372331173641385,0.7706711063316064,1210.1858596610234,45,0.8575499058412651,0.5144007766242557,886.8251770524166,0.07968730107952848,-0.9968199105388398,505.2468056841626,-0.1670542945422012,0.9859476977380734,1193.185658082618
0.8575499058412651,0.5144007766242557,886.8251770524166,0.07968730107952848,-0.9968199105388398,505.2468056841626,-0.1670542945422012,0.9859476977380734,1193.185658082618,45,-0.19149418385180098,0.9814937480956935,831.6061745603023,0.9254907428138385,-0.3787702271376268,521.651789575019,-0.9891545843170454,0.14687820915497718,1185.911881029455
-0.19149418385180098,0.9814937480956935,831.6061745603023,0.9254907428138385,-0.3787702271376268,521.651789575019,-0.9891545843170454,0.14687820915497718,1185.911881029455,-90,0.9860849510687174,0.166242200646542,827.507665311162,-0.3141050549048197,-0.9493882316962013,564.3673060593871,0.12513064388203804,0.9921402733291631,1139.7886015172858
0.9860849510687174,0.166242200646542,827.507665311162,-0.3141050549048197,-0.9493882316962013,564.3673060593871,0.12513064388203804,0.9921402733291631,1139.7886015172858,0,0.9887562789718342,0.149536018382771,823.6792382406455,-0.2924336215298252,-0.9562858239035811,586.5225379375373,0.11673700915573938,0.9931628621194878,1116.7419610226393
0.9887562789718342,0.149536018382771,823.6792382406455,-0.2924336215298252,-0.9562858239035811,586.5225379375373,0.11673700915573938,0.9931628621194878,1116.7419610226393,-45,0.8115187812583288,-0.5843263366176444,836.5201304271045,-0.8525951670406313,-0.52257198656162,595.7727827030873,0.7751183277133302,0.6318160951122489,1104.758257995739
0.8115187812583288,-0.5843263366176444,836.5201304271045,-0.8525951670406313,-0.52257198656162,595.7727827030873,0.7751183277133302,0.6318160951122489,1104.758257995739,45,0.931779642516864,-0.36302437630432643,861.6484132313481,-0.571479418813079,-0.8206163987351615,657.1802705682056,0.5542240430900891,0.8323675330410689,1039.9637628418118
0.931779642516864,-0.36302437630432643,861.6484132313481,-0.571479418813079,-0.8206163987351615,657.1802705682056,0.5542240430900891,0.8323675330410689,1039.9637628418118,90,0.4447402224854285,0.8956596086145738,818.2210978158902,0.7414071386828798,-0.671055478116426,683.4373511237445,-0.814239333689969,0.5805293338601549,1016.379459115069
0.4447402224854285,0.8956596086145738,818.2210978158902,0.7414071386828798,-0.671055478116426,683.4373511237445,-0.814239333689969,0.5805293338601549,1016.379459115069,45,-0.5696352354712622,0.8218976204550051,780.6211298454829,0.97338156360547,0.22919060110085324,669.3599662074496,-0.8989305066838723,-0.4380912509433127,1037.731982913333
-0.5696352354712622,0.8218976204550051,780.6211298454829,0.97338156360547,0.22919060110085324,669.3599662074496,-0.8989305066838723,-0.4380912509433127,1037.731982913333,0,-0.613523330771553,0.7896765936755246,729.6536115745234,0.989844062098516,0.14215742234687984,657.655539689088,-0.8719283301684604,-0.4896335232085731,1067.0134736186537
-0.613523330771553,0.7896765936755246,729.6536115745234,0.989844062098516,0.14215742234687984,657.655539689088,-0.8719283301684604,-0.4896335232085731,1067.0134736186537,-90,-0.10414682260339994,0.9945619333865618,673.7236701823093,0.8792618428209249,-0.47633875735567766,682.6893253625115,-0.9999999400434271,-0.00034628477047332396,1065.4175443289457
