red_sin_t,red_cos_t,red_dist_t,green_sin_t,green_cos_t,green_dist_t,blue_sin_t,blue_cos_t,blue_dist_t,action,red_sin_t1,red_cos_t1,red_dist_t1,green_sin_t1,green_cos_t1,green_dist_t1,blue_sin_t1,blue_cos_t1,blue_dist_t1
-0.10415258112276349,0.9945613303590011,673.7226677951701,0.8792636127712505,-0.47633549023398236,682.689584145709,-0.9999999378743826,-0.00035249288082121814,1065.4178115185803,-45,0.7546994717773609,0.6560706572458278,629.6396096623864,0.17487080663264393,-0.9845913878293109,747.955660487841,-0.6649219283035239,0.746912865909487,1014.149277994025
0.7546994717773609,0.6560706572458278,629.6396096623864,0.17487080663264393,-0.9845913878293109,747.955660487841,-0.6649219283035239,0.746912865909487,1014.149277994025,45,-0.043775451749499095,0.9990413954507227,587.5485260589205,0.8521643007192373,-0.5232743110259601,767.775690207765,-0.9958236985956601,-0.09129710463787934,1018.717267191447
-0.043775451749499095,0.9990413954507227,587.5485260589205,0.8521643007192373,-0.5232743110259601,767.775690207765,-0.9958236985956601,-0.09129710463787934,1018.717267191447,-90,0.9592729382155636,0.2824808489212668,586.0880432643717,-0.2616514943462844,-0.9651624192364497,784.2893818339377,-0.3602552299427838,0.9328537770191382,1000.1433869488213
0.9592729382155636,0.2824808489212668,586.0880432643717,-0.2616514943462844,-0.9651624192364497,784.2893818339377,-0.3602552299427838,0.9328537770191382,1000.1433869488213,90,0.771032902778874,0.6367953068548663,528.734341105408,0.22192069447746823,-0.9750647185508448,865.3492725276714,-0.8135684200291565,0.5814691960295592,949.8838684092756
0.771032902778874,0.6367953068548663,528.734341105408,0.22192069447746823,-0.9750647185508448,865.3492725276714,-0.8135684200291565,0.5814691960295592,949.8838684092756,45,0.09804579568643397,0.9951819039493303,465.6613006625524,0.8168540806069625,-0.5768443559537997,899.6077628248547,-0.9721589522818013,-0.23432236661989903,963.5206520540906
0.09804579568643397,0.9951819039493303,465.6613006625524,0.8168540806069625,-0.5768443559537997,899.6077628248547,-0.9721589522818013,-0.23432236661989903,963.5206520540906,0,0.10142820928449907,0.9948428611400596,447.6952652683854,0.8076218958429431,-0.589700664197566,910.0884410559944,-0.9676509220038417,-0.2522928717683379,967.9702115993704
0.10142820928449907,0.9948428611400596,447.6952652683854,0.8076218958429431,-0.589700664197566,910.0884410559944,-0.9676509220038417,-0.2522928717683379,967.9702115993704,90,-0.9802756813885418,0.1976349879910689,450.79815786846336,0.690511562423571,0.7233213546960705,897.1578786019772,0.12040947835365559,-0.9927243109356195,979.4369500573276
-0.9802756813885418,0.1976349879910689,450.79815786846336,0.690511562423571,0.7233213546960705,897.1578786019772,0.12040947835365559,-0.9927243109356195,979.4369500573276,-90,0.01794599790451555,0.9998389576122803,389.7521239439241,0.8128168064514283,-0.5825193895057068,935.0028866900893,-0.9310978091317795,-0.36476961198817026,995.9771875493935
0.01794599790451555,0.9998389576122803,389.7521239439241,0.8128168064514283,-0.5825193895057068,935.0028866900893,-0.9310978091317795,-0.36476961198817026,995.9771875493935,-90,0.7313634454771921,0.6819879109043872,321.9728883752171,0.2900142546009128,-0.9570223258254098,1022.8175110197714,-0.9867348154652432,0.16234039530804503,975.9071988917184
0.7313634454771921,0.6819879109043872,321.9728883752171,0.2900142546009128,-0.9570223258254098,1022.8175110197714,-0.9867348154652432,0.16234039530804503,975.9071988917184,0,0.8743624421822207,0.48527344837848146,274.8677605278764,0.24288075167568826,-0.9700561532537447,1099.2333172614492,-0.9938677161531253,0.11057559761796829,965.289451811015
0.8743624421822207,0.48527344837848146,274.8677605278764,0.24288075167568826,-0.9700561532537447,1099.2333172614492,-0.9938677161531253,0.11057559761796829,965.289451811015,0,0.969310022897602,0.24584157400702206,247.5004033190249,0.23112246901147734,-0.9729246652840284,1170.4539844193278,-0.9995041916683102,0.03148604194683408,960.1808838146488
0.969310022897602,0.24584157400702206,247.5004033190249,0.23112246901147734,-0.9729246652840284,1170.4539844193278,-0.9995041916683102,0.03148604194683408,960.1808838146488,-90,0.6368323875216105,-0.7710022763932188,263.8021331365613,-0.7443730373393747,-0.667764016163011,1181.4588462775162,-0.44340360877922563,0.8963220624984969,941.6836227987613
0.6368323875216105,-0.7710022763932188,263.8021331365613,-0.7443730373393747,-0.667764016163011,1181.4588462775162,-0.44340360877922563,0.8963220624984969,941.6836227987613,-45,-0.05999719051381729,-0.9981985459468716,282.4796286160296,-0.9999145752025982,0.013070665530402033,1179.6147593952232,0.30345098234076295,0.9528470503267699,924.1727222673529
-0.5409850751764103,-0.8410321922711246,353.3271816980969,-0.8695571258881405,0.4938323650968581,1166.4336489173825,0.7918758953385655,0.6106820501551895,861.2934095456206,-90,-0.7932846856121496,0.6088508910835502,339.6371669485688,0.5924138072273005,0.8056338380470713,1157.9363908146465,0.5207578362185914,-0.8537044430111224,876.9054482513209
-0.7932846856121496,0.6088508910835502,339.6371669485688,0.5924138072273005,0.8056338380470713,1157.9363908146465,0.5207578362185914,-0.8537044430111224,876.9054482513209,45,-0.9461287233242774,-0.32379073319162927,346.31606377736796,-0.3106599542918873,0.9505211164405357,1144.1559404339298,0.9953542625473293,-0.09628027850428242,876.0888174324849
-0.9461287233242774,-0.32379073319162927,346.31606377736796,-0.3106599542918873,0.9505211164405357,1144.1559404339298,0.9953542625473293,-0.09628027850428242,876.0888174324849,-45,-0.9272460136972362,0.37445270740453296,315.16495115632705,0.5701120062358634,0.8215669786120416,1090.316241481053,0.5208105634913277,-0.8536722772562347,932.2353278209156
0.13976870228011404,-0.9901841797680535,434.1210064008076,-0.9981385246189959,-0.06098758620747515,1084.9016951772403,0.511083584197144,0.8595310174532393,830.3353107019176,90,0.980879908618911,-0.1946139893937662,438.5433134957823,-0.125329624003031,-0.992115157301439,1148.1815177975388,-0.7871006525461975,0.6168245802181931,792.3043845719018
0.980879908618911,-0.1946139893937662,438.5433134957823,-0.125329624003031,-0.992115157301439,1148.1815177975388,-0.7871006525461975,0.6168245802181931,792.3043845719018,0,0.9706085063570203,-0.24066393038300096,443.77320641522516,-0.11656982686657155,-0.9931824985692698,1172.1889347421986,-0.8057817416778437,0.5922126178819739,777.7134296976296
0.9706085063570203,-0.24066393038300096,443.77320641522516,-0.11656982686657155,-0.9931824985692698,1172.1889347421986,-0.8057817416778437,0.5922126178819739,777.7134296976296,-90,0.14562382259011236,-0.9893400337064318,519.5062738231969,-0.9379523375793127,-0.34676420292397975,1194.2906382207232,0.24923437727783027,0.9684431966733682,704.090682044339
0.14562382259011236,-0.9893400337064318,519.5062738231969,-0.9379523375793127,-0.34676420292397975,1194.2906382207232,0.24923437727783027,0.9684431966733682,704.090682044339,45,0.6810465615178852,-0.7322401116059304,548.8304301859821,-0.5131762199246519,-0.8582832675194393,1231.1751301492934,-0.4220337363273418,0.9065801262997021,665.923732193207
0.6810465615178852,-0.7322401116059304,548.8304301859821,-0.5131762199246519,-0.8582832675194393,1231.1751301492934,-0.4220337363273418,0.9065801262997021,665.923732193207,-90,-0.004052694619104446,-0.999991787799442,618.4247900023998,-0.9463122446723894,-0.32325397999576705,1250.3562775823186,0.35238926375843527,0.9358535178048902,600.8434512329417
-0.004052694619104446,-0.999991787799442,618.4247900023998,-0.9463122446723894,-0.32325397999576705,1250.3562775823186,0.35238926375843527,0.9358535178048902,600.8434512329417,0,0.00220917310811467,-0.9999975597741119,682.6640403101093,-0.9274132080964882,-0.37403842242232255,1272.9904131345697,0.3844984045442209,0.9231256560744852,541.0247978905611
0.00220917310811467,-0.9999975597741119,682.6640403101093,-0.9274132080964882,-0.37403842242232255,1272.9904131345697,0.3844984045442209,0.9231256560744852,541.0247978905611,90,0.9967437751949301,0.0806340288597733,669.4170445125969,0.4996071745025932,-0.8662520829328697,1322.947186959472,-0.9936633338744795,0.11239741506571578,536.1436407195184
0.9967437751949301,0.0806340288597733,669.4170445125969,0.4996071745025932,-0.8662520829328697,1322.947186959472,-0.9936633338744795,0.11239741506571578,536.1436407195184,-45,0.8560045433388752,-0.5169682986249773,700.9968505356711,-0.016661758745448542,-0.999861183262711,1388.081447344114,-0.85256713620524,0.5226177171344228,499.0095234170687
-0.7444788314910018,-0.667646066012369,834.2877167380808,-0.9436493416921521,0.33094700470614313,1353.2850676409755,0.9683554371773851,0.24957513355499858,396.30593523191146,90,0.7638546585577906,-0.6453883021868008,840.5353229325523,-0.17851855394282304,-0.9839365456665198,1372.6492447443848,-0.4341420427907098,0.9008444297888007,382.5505314299407
0.7638546585577906,-0.6453883021868008,840.5353229325523,-0.17851855394282304,-0.9839365456665198,1372.6492447443848,-0.4341420427907098,0.9008444297888007,382.5505314299407,-45,0.2219659790014577,-0.9750544108745545,924.8390650023604,-0.6883326185091028,-0.7253952069709324,1433.5272638336671,0.22548025366207045,0.9742477381079663,297.93035453682796
0.2219659790014577,-0.9750544108745545,924.8390650023604,-0.6883326185091028,-0.7253952069709324,1433.5272638336671,0.22548025366207045,0.9742477381079663,297.93035453682796,0,0.21667135204530896,-0.9762446031619626,943.8699987208038,-0.6821865355056242,-0.7311781799088602,1447.7441812990342,0.24160880309615776,0.9703737353548075,278.95765715464773
-0.951678784153072,0.30709524873063476,927.9848468743064,-0.17589567146955362,0.9844088138361393,1312.709181817637,0.32016695990530236,-0.9473611337737032,387.6704219157428,-90,-0.497622639516979,0.8673936295824144,851.9936694018331,0.6038870734171842,0.7970698856183368,1241.3131485248998,-0.3709185080568945,-0.9286654189646815,467.95154952281115
-0.497622639516979,0.8673936295824144,851.9936694018331,0.6038870734171842,0.7970698856183368,1241.3131485248998,-0.3709185080568945,-0.9286654189646815,467.95154952281115,-45,-0.3223604681186723,0.9466169914988376,791.8647694199939,0.7863675266805362,0.61775894407312,1201.3606839948525,-0.50384680107688,-0.8637930313707068,521.4030044491305
-0.3223604681186723,0.9466169914988376,791.8647694199939,0.7863675266805362,0.61775894407312,1201.3606839948525,-0.50384680107688,-0.8637930313707068,521.4030044491305,0,-0.3597623520230641,0.9330439700608074,704.3989993311695,0.825829082919152,0.5639204959964768,1146.162514767759,-0.43784512936345393,-0.8990504116525949,603.6539590351023
-0.3597623520230641,0.9330439700608074,704.3989993311695,0.825829082919152,0.5639204959964768,1146.162514767759,-0.43784512936345393,-0.8990504116525949,603.6539590351023,0,-0.39531553378028156,0.9185453874207911,656.1586519151542,0.8419748748818681,0.5395167375231863,1117.1476968078628,-0.39832657566873986,-0.917243663982486,651.1775663235894
-0.39531553378028156,0.9185453874207911,656.1586519151542,0.8419748748818681,0.5395167375231863,1117.1476968078628,-0.39832657566873986,-0.917243663982486,651.1775663235894,-90,0.16212140500542246,0.9867708194099923,636.7075756234839,0.9999326909454921,-0.011602309188566867,1117.5954441819877,-0.8125126504608825,-0.5829435588811595,662.177034377012
0.16212140500542246,0.9867708194099923,636.7075756234839,0.9999326909454921,-0.011602309188566867,1117.5954441819877,-0.8125126504608825,-0.5829435588811595,662.177034377012,-90,0.9718293375080442,-0.2356856778819533,651.254734269361,-0.007697241590401221,-0.9999703757971528,1167.4153711975255,-0.6150585359790444,0.7884814502062268,619.4222089239746
0.9718293375080442,-0.2356856778819533,651.254734269361,-0.007697241590401221,-0.9999703757971528,1167.4153711975255,-0.6150585359790444,0.7884814502062268,619.4222089239746,45,0.9807026940652653,0.19550505326750636,633.7904137922035,0.47992213213504475,-0.8773110891165987,1226.0563643711052,-0.9650066308373211,0.2622254801501989,598.9410727399587
0.9807026940652653,0.19550505326750636,633.7904137922035,0.47992213213504475,-0.8773110891165987,1226.0563643711052,-0.9650066308373211,0.2622254801501989,598.9410727399587,45,0.9345910805951541,0.35572392676341336,617.312529463376,0.6498898032004811,-0.7600284492675521,1257.908597248811,-0.9993869122778427,-0.03501142053330047,599.0716570098033
0.9345910805951541,0.35572392676341336,617.312529463376,0.6498898032004811,-0.7600284492675521,1257.908597248811,-0.9993869122778427,-0.03501142053330047,599.0716570098033,0,0.9640744540831526,0.2656321648149395,597.5248695314003,0.6285581910238848,-0.7777625604879561,1306.3051288686408,-0.9897667803161273,-0.14269450088439598,604.848127804424
0.9640744540831526,0.2656321648149395,597.5248695314003,0.6285581910238848,-0.7777625604879561,1306.3051288686408,-0.9897667803161273,-0.14269450088439598,604.848127804424,-45,0.9999935781562824,-0.0035838033142299355,597.3995539866925,0.4223819757072575,-0.906417931529178,1325.6086251618533,-0.9982812972700891,0.0586041937129764,603.0552206087756
0.9999935781562824,-0.0035838033142299355,597.3995539866925,0.4223819757072575,-0.906417931529178,1325.6086251618533,-0.9982812972700891,0.0586041937129764,603.0552206087756,-90,-0.05779737924441546,-0.9983283342430371,648.2501865496038,-0.9192514384828137,-0.3936709194838727,1339.6482465041322,0.14885830384898244,0.9888585365840779,553.0011287163853
0.005332938455414714,-0.999985779782608,835.9394983068631,-0.8239696708745335,-0.566633904279397,1450.857251706566,0.05015952433108385,0.9987412187943779,364.45153975464285,-45,-0.41730373909972657,-0.9087670709997074,883.9814974953096,-0.9845819540202899,-0.17492391436732607,1458.87474716442,0.5615039779939157,0.827474037476106,319.23622587991173
-0.41730373909972657,-0.9087670709997074,883.9814974953096,-0.9845819540202899,-0.17492391436732607,1458.87474716442,0.5615039779939157,0.827474037476106,319.23622587991173,45,0.4202942116184041,-0.9073878860113045,942.882178277689,-0.46023082113909997,-0.8877992967296323,1517.453683679894,-0.3703982462012037,0.9288730479516953,257.4162429095724
-0.4976947945233542,0.8673522303564777,890.7880271016894,0.4193182541004652,0.9078393039399306,1470.6422913909828,0.3829641697705711,-0.9237631972924323,311.0978451029837,-90,0.4961741018079578,0.8682230477792364,843.9653837305414,0.9957288742808823,0.09232555942601636,1465.7262940042524,-0.5018325312153455,-0.8649648031070393,356.0399541279602
0.4961741018079578,0.8682230477792364,843.9653837305414,0.9957288742808823,0.09232555942601636,1465.7262940042524,-0.5018325312153455,-0.8649648031070393,356.0399541279602,90,-0.6280295818891083,0.7781894655366338,797.1139696358922,0.3335683808249426,0.9427259067798158,1407.3143076756842,0.5071387603227164,-0.861864419603419,405.7958607338054
-0.6280295818891083,0.7781894655366338,797.1139696358922,0.3335683808249426,0.9427259067798158,1407.3143076756842,0.5071387603227164,-0.861864419603419,405.7958607338054,90,-0.7962482424111966,-0.6049700293874734,815.9723907017932,-0.9321988560803661,0.36194653296095664,1405.0090613186806,0.9042954250754109,0.42690723136025926,389.7624691880941
-0.7962482424111966,-0.6049700293874734,815.9723907017932,-0.9321988560803661,0.36194653296095664,1405.0090613186806,0.9042954250754109,0.42690723136025926,389.7624691880941,0,-0.7629050169833886,-0.6465105838743674,851.7761472570713,-0.9454137098445529,0.3258725475365477,1385.4876849095774,0.9550623430577014,0.29640499468317555,368.92921412663975
-0.7629050169833886,-0.6465105838743674,851.7761472570713,-0.9454137098445529,0.3258725475365477,1385.4876849095774,0.9550623430577014,0.29640499468317555,368.92921412663975,45,-0.12489004533313926,-0.9921705884456999,904.1841049224711,-0.9052317786569551,-0.4249181414220455,1408.698781001265,0.5734215159604924,0.8192604988851658,323.67047377610766
-0.12489004533313926,-0.9921705884456999,904.1841049224711,-0.9052317786569551,-0.4249181414220455,1408.698781001265,0.5734215159604924,0.8192604988851658,323.67047377610766,0,-0.1181327449888476,-0.9929978119620405,955.3685700457441,-0.8908398070353907,-0.45431755216054326,1431.4351066783468,0.6556118575747264,0.7550980679404607,282.9303529691539
-0.1181327449888476,-0.9929978119620405,955.3685700457441,-0.8908398070353907,-0.45431755216054326,1431.4351066783468,0.6556118575747264,0.7550980679404607,282.9303529691539,-90,-0.6968540235830372,-0.7172129877631412,996.1371060046152,-0.9831986823055935,0.18253862909681542,1419.5591759272488,0.9989365592385938,-0.04610586314731915,279.70215222491584
-0.798522247350093,0.6019652984076049,978.8043821397051,0.08179849989368336,0.9966488877308514,1392.6561738260775,0.05601843226580369,-0.9984297347567738,306.7897301017262,-90,0.8172567345746427,0.5762737455345265,946.6400480057084,0.9300936920209072,-0.367322370762955,1421.0813982626928,-0.9999618484445896,-0.00873508187023142,293.8820520008835
0.8172567345746427,0.5762737455345265,946.6400480057084,0.9300936920209072,-0.367322370762955,1421.0813982626928,-0.9999618484445896,-0.00873508187023142,293.8820520008835,45,0.10021799910255942,0.9949655032491727,924.4693299865604,0.8930767882128667,0.44990426798974725,1408.6779128267044,-0.6186711340956311,-0.7856500670380074,312.5997154282134
0.10021799910255942,0.9949655032491727,924.4693299865604,0.8930767882128667,0.44990426798974725,1408.6779128267044,-0.6186711340956311,-0.7856500670380074,312.5997154282134,0,0.11972746090358855,0.9928067964642364,839.3527179069654,0.9202489507691282,0.3913334493859663,1372.8886134926643,-0.5102876017141164,-0.8600038160013335,383.24324528660645
0.11972746090358855,0.9928067964642364,839.3527179069654,0.9202489507691282,0.3913334493859663,1372.8886134926643,-0.5102876017141164,-0.8600038160013335,383.24324528660645,-45,0.8031762094328861,0.5957415350645116,825.5222195322547,0.9199747218374954,-0.3919776921969196,1382.9047598954385,-0.9533632783828841,-0.30182521337860335,388.96598172778556
0.8031762094328861,0.5957415350645116,825.5222195322547,0.9199747218374954,-0.3919776921969196,1382.9047598954385,-0.9533632783828841,-0.30182521337860335,388.96598172778556,-90,0.8556887649353997,-0.5174908091583176,843.5611186459935,0.016812222395745858,-0.9998586646012105,1412.7949040434992,-0.6970232272344964,0.7170485483533229,364.742979221369
0.8556887649353997,-0.5174908091583176,843.5611186459935,0.016812222395745858,-0.9998586646012105,1412.7949040434992,-0.6970232272344964,0.7170485483533229,364.742979221369,45,0.8906406911363117,0.45470777351199193,817.4261875460194,0.8681181939866734,-0.49635753370863256,1433.4765195447117,-0.9260891633442361,-0.3773047329896258,383.5201847178581
0.8906406911363117,0.45470777351199193,817.4261875460194,0.8681181939866734,-0.49635753370863256,1433.4765195447117,-0.9260891633442361,-0.3773047329896258,383.5201847178581,90,-0.06316373770345993,0.9980031774695552,798.5664792288242,0.8090599118495568,0.5877261769208407,1420.1272413935026,-0.031706745527189356,-0.999497214747532,402.63902164087375
-0.06316373770345993,0.9980031774695552,798.5664792288242,0.8090599118495568,0.5877261769208407,1420.1272413935026,-0.031706745527189356,-0.999497214747532,402.63902164087375,0,-0.05781516617352554,0.9983273043247528,746.8105570730572,0.8316049700779558,0.5553676023514897,1390.7129711611128,-0.03604789763848781,-0.9993500633290845,454.43477877003426
-0.6282266758586663,-0.7780303617080571,791.7026909177775,-0.9845505691560622,0.17510047622572,1361.1135554414443,0.844079671057825,0.5362177812297108,422.86483751483763,-90,-0.9388745967519366,0.34425933767130906,768.9318043294218,-0.09003896116693336,0.9959382438042931,1306.7732013281034,0.6798930761582508,-0.7333112606472582,463.04768621525363
-0.9388745967519366,0.34425933767130906,768.9318043294218,-0.09003896116693336,0.9959382438042931,1306.7732013281034,0.6798930761582508,-0.7333112606472582,463.04768621525363,90,-0.23488274734238215,-0.9720237111310066,813.5941349059493,-0.9733076825662202,-0.2295041504147011,1323.0704502608166,0.6955743059166783,0.7184541634290466,425.6675420482046
-0.23488274734238215,-0.9720237111310066,813.5941349059493,-0.9733076825662202,-0.2295041504147011,1323.0704502608166,0.6955743059166783,0.7184541634290466,425.6675420482046,90,0.9601421948955581,-0.27951201330379366,813.0153749821218,0.19804284514805104,-0.9801933643346424,1337.2325751182252,-0.7240565571239186,0.6897406049275754,418.32169434218923
0.9601421948955581,-0.27951201330379366,813.0153749821218,0.19804284514805104,-0.9801933643346424,1337.2325751182252,-0.7240565571239186,0.6897406049275754,418.32169434218923,-90,-0.1779303030931063,-0.984043092166799,830.9779982358438,-0.9521623753963455,-0.30559255697675086,1340.4610675256665,0.6420149856743006,0.7666920882398798,405.32864881729
-0.1779303030931063,-0.984043092166799,830.9779982358438,-0.9521623753963455,-0.30559255697675086,1340.4610675256665,0.6420149856743006,0.7666920882398798,405.32864881729,90,0.9974486586239383,-0.07138748776435691,825.4901951896521,0.41687764956298873,-0.9089626094041702,1353.90897122157,-0.8671803046528429,0.4979942963751719,401.69140189236066
0.9974486586239383,-0.07138748776435691,825.4901951896521,0.41687764956298873,-0.9089626094041702,1353.90897122157,-0.8671803046528429,0.4979942963751719,401.69140189236066,45,0.7563353397221801,0.6541841131419612,812.6077553441452,0.9380049786043524,-0.34662178251438325,1358.4276219384858,-0.9496127953947937,-0.3134254916602757,408.4314435072917
0.7563353397221801,0.6541841131419612,812.6077553441452,0.9380049786043524,-0.34662178251438325,1358.4276219384858,-0.9496127953947937,-0.3134254916602757,408.4314435072917,0,0.807020138634845,0.5905239163977998,756.00836644647,0.9183410988691262,-0.3957898762321312,1391.3643125138217,-0.8682038748063705,-0.49620764985155574,445.76506159305484
0.807020138634845,0.5905239163977998,756.00836644647,0.9183410988691262,-0.3957898762321312,1391.3643125138217,-0.8682038748063705,-0.49620764985155574,445.76506159305484,-45,0.9429902283861485,-0.3328204157924201,767.1400533212237,0.22266119481693913,-0.9748958879401908,1419.7289394140312,-0.9363624073906204,0.35103481597363234,432.9119326256669
-0.6047950271439168,-0.7963811745276184,868.3526013980265,-0.9953745329498899,0.09607049055140993,1401.9216812485354,0.8598859555552635,0.5104861833965846,350.1018142693922,-45,-0.9852699791319969,-0.17100604732357974,871.1410751483253,-0.6520682042103965,0.7581603109223198,1385.179949613255,0.9564305674380047,-0.2919598768156616,356.37684101324544
-0.9852699791319969,-0.17100604732357974,871.1410751483253,-0.6520682042103965,0.7581603109223198,1385.179949613255,0.9564305674380047,-0.2919598768156616,356.37684101324544,-45,-0.8339560631101968,0.551830847997592,864.1176665693163,0.05760518806579346,0.9983394424282277,1373.7592153202104,0.4743372307151501,-0.8803432237244077,366.81720471809933
-0.8339560631101968,0.551830847997592,864.1176665693163,0.05760518806579346,0.9983394424282277,1373.7592153202104,0.4743372307151501,-0.8803432237244077,366.81720471809933,0,-0.8684526969635343,0.4957720374696052,830.2211966515912,0.059898643237939315,0.9982044642948928,1308.9056327213204,0.40925516403466583,-0.9124199749627135,425.0334991145992
-0.8684526969635343,0.4957720374696052,830.2211966515912,0.059898643237939315,0.9982044642948928,1308.9056327213204,0.40925516403466583,-0.9124199749627135,425.0334991145992,-45,-0.14797923034584815,0.9889904688045534,812.1693016003129,0.8290472586264384,0.559178543011074,1299.529212623533,-0.4464495724848245,-0.8948087947869743,440.683667115018
-0.14797923034584815,0.9889904688045534,812.1693016003129,0.8290472586264384,0.559178543011074,1299.529212623533,-0.4464495724848245,-0.8948087947869743,440.683667115018,45,-0.7998410645408904,0.6002118554927878,799.6551125756715,0.2226014166338739,0.9749095390407218,1277.6640791179855,0.27307353146858987,-0.9619931633911298,461.5878454513399
-0.7998410645408904,0.6002118554927878,799.6551125756715,0.2226014166338739,0.9749095390407218,1277.6640791179855,0.27307353146858987,-0.9619931633911298,461.5878454513399,-45,-0.191029913903984,0.9815842154363712,782.694459198869,0.8267034398785167,0.5626379141979572,1269.2077121025582,-0.427700595471769,-0.9039204614528283,476.2541931160397
-0.191029913903984,0.9815842154363712,782.694459198869,0.8267034398785167,0.5626379141979572,1269.2077121025582,-0.427700595471769,-0.9039204614528283,476.2541931160397,-90,0.9995539483884643,0.02986476621423871,784.8666822324732,0.476818806460613,-0.8790016073964123,1327.5960638984322,-0.918336920303287,0.39579957151047346,441.9754165998489
0.9995539483884643,0.02986476621423871,784.8666822324732,0.476818806460613,-0.8790016073964123,1327.5960638984322,-0.918336920303287,0.39579957151047346,441.9754165998489,-45,0.6163511833933297,-0.7874714081981911,827.7476087819523,-0.3722495406158692,-0.928132684216688,1377.934869231576,-0.3003036497741338,0.9538436548682044,389.257991368501
0.6163511833933297,-0.7874714081981911,827.7476087819523,-0.3722495406158692,-0.928132684216688,1377.934869231576,-0.3003036497741338,0.9538436548682044,389.257991368501,0,0.5889851108727078,-0.8081438851901709,855.1977662201884,-0.3725879311651946,-0.9279968930713293,1409.966701503266,-0.3187149116061829,0.9478506238431575,356.5039401577491
0.5889851108727078,-0.8081438851901709,855.1977662201884,-0.3725879311651946,-0.9279968930713293,1409.966701503266,-0.3187149116061829,0.9478506238431575,356.5039401577491,45,0.7743890669853294,-0.6327097066851362,897.290145240128,-0.059277440747065674,-0.9982415464297597,1480.031136410667,-0.7070948601914275,0.7071187019806968,303.85273529301986
-0.4874501606986559,0.8731508121938928,836.1580593993579,0.4548864889753682,0.8905494271221908,1442.9693483572337,0.4037728069189583,-0.9148592899417842,364.9529014797663,90,-0.9749492642906313,-0.22242736355753667,851.255695289594,-0.701152510992433,0.7130113297339714,1403.5070711481899,0.9952567926748376,-0.0972826635870712,361.84419127985177
-0.9749492642906313,-0.22242736355753667,851.255695289594,-0.701152510992433,0.7130113297339714,1403.5070711481899,0.9952567926748376,-0.0972826635870712,361.84419127985177,90,0.12311597683837745,-0.9923922894939945,887.5458891225962,-0.7618380777143462,-0.6477675071694395,1430.5556491442128,0.19532060586501215,0.9807394459919131,324.5807531238105
-0.6088094336115363,0.7933165027563718,803.0912810542522,0.43757156712054973,0.8991835872877497,1320.1186331937595,0.1406102188280344,-0.9900650313798242,433.77995078767765,-45,-0.48204755461725535,0.8761450536797684,748.0050294935991,0.6217801230219031,0.7831918530059331,1270.937671228499,-0.04143494198580941,-0.9991412040260539,495.882732254028
-0.48204755461725535,0.8761450536797684,748.0050294935991,0.6217801230219031,0.7831918530059331,1270.937671228499,-0.04143494198580941,-0.9991412040260539,495.882732254028,45,-0.9993215431484239,-0.03683006108402143,750.9639595501571,-0.3798721755228954,0.9250389885099453,1230.774255720053,0.8011203472233571,-0.5985032909389285,518.9204838347105
-0.9993215431484239,-0.03683006108402143,750.9639595501571,-0.3798721755228954,0.9250389885099453,1230.774255720053,0.8011203472233571,-0.5985032909389285,518.9204838347105,90,0.02096196171910587,-0.9997802739406728,764.6189918103003,-0.9253735958955125,-0.3790563388460991,1239.7950647736102,0.6143222057345128,0.7890552753397464,505.47858771366367
0.02096196171910587,-0.9997802739406728,764.6189918103003,-0.9253735958955125,-0.3790563388460991,1239.7950647736102,0.6143222057345128,0.7890552753397464,505.47858771366367,-45,-0.25392980434022594,-0.9672226498938776,810.0173041092147,-0.9911445778522657,-0.13278714468672753,1245.2769141666283,0.8596544549116018,0.5108759322483658,479.7541380294286
-0.25392980434022594,-0.9672226498938776,810.0173041092147,-0.9911445778522657,-0.13278714468672753,1245.2769141666283,0.8596544549116018,0.5108759322483658,479.7541380294286,-45,-0.8825812262960399,-0.47015995043152975,842.2031729599219,-0.7446560428333655,0.6674484083970482,1191.6324704134913,0.8716415556494308,-0.49014385486818074,513.9850042012511
-0.8825812262960399,-0.47015995043152975,842.2031729599219,-0.7446560428333655,0.6674484083970482,1191.6324704134913,0.8716415556494308,-0.49014385486818074,513.9850042012511,-45,-0.9472252412182675,0.3205687795138433,834.571856658832,-0.0017339465438747186,0.9999984967135616,1172.125225360742,0.21387370021178137,-0.9768613209446472,533.2972378767491
-0.9472252412182675,0.3205687795138433,834.571856658832,-0.0017339465438747186,0.9999984967135616,1172.125225360742,0.21387370021178137,-0.9768613209446472,533.2972378767491,45,-0.9010094086290129,-0.43379954536859117,844.0795555644563,-0.6955339045917245,0.718493275934709,1159.3197902744048,0.8075467948382653,-0.589803504691558,543.1278819227475
-0.9010094086290129,-0.43379954536859117,844.0795555644563,-0.6955339045917245,0.718493275934709,1159.3197902744048,0.8075467948382653,-0.589803504691558,543.1278819227475,90,0.25790967886067534,-0.9661690315622745,893.1941071441134,-0.8048748788029506,-0.5934445462483715,1192.1321877363139,0.7630018992911624,0.6463962420049169,505.73340114824333
0.25790967886067534,-0.9661690315622745,893.1941071441134,-0.8048748788029506,-0.5934445462483715,1192.1321877363139,0.7630018992911624,0.6463962420049169,505.73340114824333,45,0.7699596740888774,-0.6380925483634404,928.1954737069234,-0.25244458207702364,-0.9676113543050003,1248.6247944879278,0.22015414360455632,0.9754650957639358,448.6137285126482
0.7699596740888774,-0.6380925483634404,928.1954737069234,-0.25244458207702364,-0.9676113543050003,1248.6247944879278,0.22015414360455632,0.9754650957639358,448.6137285126482,0,0.7407721920239915,-0.6717563245135625,964.5539740751577,-0.24217056345489554,-0.9702336925689287,1302.5174274857823,0.25019362657200345,0.9681958217337797,394.5492224098027
0.7407721920239915,-0.6717563245135625,964.5539740751577,-0.24217056345489554,-0.9702336925689287,1302.5174274857823,0.25019362657200345,0.9681958217337797,394.5492224098027,45,0.9967678850243004,0.08033544288907073,956.4612823035128,0.5689293741943862,-0.8223863855748003,1348.0158250353295,-0.661221367381227,0.7501908445978932,350.9531372500893
0.9967678850243004,0.08033544288907073,956.4612823035128,0.5689293741943862,-0.8223863855748003,1348.0158250353295,-0.661221367381227,0.7501908445978932,350.9531372500893,45,0.9451676537905899,0.3265855266664332,935.1798659435146,0.7722181879659096,-0.6353574349723524,1385.2255634611029,-0.929566744651025,0.36865385829921293,324.48214383249194
0.9451676537905899,0.3265855266664332,935.1798659435146,0.7722181879659096,-0.6353574349723524,1385.2255634611029,-0.929566744651025,0.36865385829921293,324.48214383249194,0,0.9616874276345112,0.27414830207337937,914.9282293041406,0.7583605432103947,-0.6518353216124722,1429.3383870790046,-0.9882799907502083,0.15265208771179062,306.2333502047254
0.9616874276345112,0.27414830207337937,914.9282293041406,0.7583605432103947,-0.6518353216124722,1429.3383870790046,-0.9882799907502083,0.15265208771179062,306.2333502047254,0,0.9749201924883687,0.22255475343933276,902.2885530049741,0.741450240858762,-0.6710078541496246,1462.8155840309503,-0.9999066244660112,-0.01366537042993524,302.73829107631894
-0.9959736516600735,0.08964644554525658,854.6385780902767,-0.3380772638133515,0.941118357961674,1275.9000506153175,0.6224352409368401,-0.7826713044694419,438.53581285930346,90,-0.21003778665957124,-0.9776932689627911,893.4954840258008,-0.9695211300370682,-0.2450077109228328,1289.5462845413886,0.8905073024232685,0.45496894875456445,415.4350249732201
-0.21003778665957124,-0.9776932689627911,893.4954840258008,-0.9695211300370682,-0.2450077109228328,1289.5462845413886,0.8905073024232685,0.45496894875456445,415.4350249732201,-45,-0.7212378281067267,-0.6926875163505488,934.1133021525226,-0.9384953111369101,0.34529197930741806,1265.9479220166563,0.9515213133429823,-0.30758281852867875,431.36441816437525
-0.7212378281067267,-0.6926875163505488,934.1133021525226,-0.9384953111369101,0.34529197930741806,1265.9479220166563,0.9515213133429823,-0.30758281852867875,431.36441816437525,-90,-0.6809212997276508,0.732356595912952,886.3434245905478,0.41677436980748284,0.9090099695116526,1215.4416260417033,-0.3053168984614015,-0.9522508028423553,484.0905145888525
-0.6809212997276508,0.732356595912952,886.3434245905478,0.41677436980748284,0.9090099695116526,1215.4416260417033,-0.3053168984614015,-0.9522508028423553,484.0905145888525,-90,0.5766956920197143,0.8169590435302756,853.1976973697246,0.9748390996868012,-0.22290968960955246,1228.2789547969141,-0.9998493641247803,-0.017356527857623854,478.85955226663276
0.5766956920197143,0.8169590435302756,853.1976973697246,0.9748390996868012,-0.22290968960955246,1228.2789547969141,-0.9998493641247803,-0.017356527857623854,478.85955226663276,45,0.32419044227479205,0.9459918377753979,776.6464812385684,0.999705956456769,0.024248724190291837,1223.1805086822837,-0.8867010445204032,-0.46234322493838487,511.1748789017806
0.32419044227479205,0.9459918377753979,776.6464812385684,0.999705956456769,0.024248724190291837,1223.1805086822837,-0.8867010445204032,-0.46234322493838487,511.1748789017806,-90,0.8655173818221741,0.5008788893172569,744.7077131265124,0.7888077804333407,-0.6146399641479772,1260.6670527899585,-0.9989446116509427,0.045931066322775695,503.83900006859335
0.8655173818221741,0.5008788893172569,744.7077131265124,0.7888077804333407,-0.6146399641479772,1260.6670527899585,-0.9989446116509427,0.045931066322775695,503.83900006859335,-90,0.6221886794857032,-0.7828673240848905,804.4576652876148,-0.4163948251372464,-0.9091838920696528,1326.1868854878637,-0.1755908617012814,0.984463229017215,429.63330322497114
0.6221886794857032,-0.7828673240848905,804.4576652876148,-0.4163948251372464,-0.9091838920696528,1326.1868854878637,-0.1755908617012814,0.984463229017215,429.63330322497114,-45,-0.1653460925032199,-0.9862356055699453,869.7358892850461,-0.9440955774321476,-0.3296718681857156,1345.2324249401847,0.7097465838298816,0.7044570865154333,381.0821920668165
-0.1653460925032199,-0.9862356055699453,869.7358892850461,-0.9440955774321476,-0.3296718681857156,1345.2324249401847,0.7097465838298816,0.7044570865154333,381.0821920668165,-90,-0.9724975619369308,-0.2329130567974354,882.8607188915419,-0.6307512769250703,0.7759850685788957,1280.021065827313,0.7982070790024421,-0.6023831496899537,426.3644555561474
-0.9724975619369308,-0.2329130567974354,882.8607188915419,-0.6307512769250703,0.7759850685788957,1280.021065827313,0.7982070790024421,-0.6023831496899537,426.3644555561474,0,-0.9506471199118587,-0.3102741584523085,901.1569877979086,-0.6639246675959782,0.7477994622608188,1229.906629243456,0.7311416317046796,-0.6822257063378795,468.64647300177137
-0.9506471199118587,-0.3102741584523085,901.1569877979086,-0.6639246675959782,0.7477994622608188,1229.906629243456,0.7311416317046796,-0.6822257063378795,468.64647300177137,45,-0.3622439879396817,-0.9320833080801071,962.4502014954644,-0.9976553107543096,-0.06843888458852825,1234.5381283535394,0.9995396837056287,-0.03033843597899571,464.1652188161668
-0.3622439879396817,-0.9320833080801071,962.4502014954644,-0.9976553107543096,-0.06843888458852825,1234.5381283535394,0.9995396837056287,-0.03033843597899571,464.1652188161668,0,-0.3478264748873863,-0.937558927943953,983.8292181929799,-0.9955712804395336,-0.09400970994523655,1236.5678026579092,0.9974019688662858,-0.0720368829257389,465.1551252756547
-0.3478264748873863,-0.937558927943953,983.8292181929799,-0.9955712804395336,-0.09400970994523655,1236.5678026579092,0.9974019688662858,-0.0720368829257389,465.1551252756547,-45,-0.9678190820379103,-0.2516470235136839,986.965060720287,-0.639403852231787,0.7688710644517396,1221.1295881611418,0.4811670071636218,-0.8766289472845413,482.2741451525263
-0.9678190820379103,-0.2516470235136839,986.965060720287,-0.639403852231787,0.7688710644517396,1221.1295881611418,0.4811670071636218,-0.8766289472845413,482.2741451525263,45,-0.8903843132503243,-0.45520959427251567,996.0339683163672,-0.7875939029787028,0.6161946478108794,1208.750886676014,0.6256442113618594,-0.7801085314168772,497.69025110006925
-0.8903843132503243,-0.45520959427251567,996.0339683163672,-0.7875939029787028,0.6161946478108794,1208.750886676014,0.6256442113618594,-0.7801085314168772,497.69025110006925,0,-0.8804618848458217,-0.47411693634982394,1003.9018489870859,-0.7982993054813383,0.6022609225809132,1198.5141310805184,0.6143947067337912,-0.7889988240406312,510.8894620166773
-0.8804618848458217,-0.47411693634982394,1003.9018489870859,-0.7982993054813383,0.6022609225809132,1198.5141310805184,0.6143947067337912,-0.7889988240406312,510.8894620166773,45,-0.10198951940052431,-0.9947854733219872,1080.7965214056899,-0.9283732667939386,-0.37164913225023205,1225.6570485591146,0.9956767042749565,-0.09288649290484002,511.62830324625315
-0.10198951940052431,-0.9947854733219872,1080.7965214056899,-0.9283732667939386,-0.37164913225023205,1225.6570485591146,0.9956767042749565,-0.09288649290484002,511.62830324625315,90,0.976759852057972,0.21433663104492592,1057.5107242017455,0.656778207170413,-0.754083806075968,1268.545581286577,-0.3324449108192898,0.9431226756209155,452.16197518334064
0.976759852057972,0.21433663104492592,1057.5107242017455,0.656778207170413,-0.754083806075968,1268.545581286577,-0.3324449108192898,0.9431226756209155,452.16197518334064,-45,0.8349941159340656,-0.5502588721279178,1087.354879206053,-0.037152616863271676,-0.9993096032062391,1323.1017471582486,0.45649589024624426,0.8897255207019122,403.23104212499567
0.8349941159340656,-0.5502588721279178,1087.354879206053,-0.037152616863271676,-0.9993096032062391,1323.1017471582486,0.45649589024624426,0.8897255207019122,403.23104212499567,0,0.7919514422329745,-0.6105840754106772,1138.0145615123076,-0.04500272522970556,-0.9989868641388132,1409.9661918691704,0.5707480144412836,0.8211252669424637,328.635637468078
0.7919514422329745,-0.6105840754106772,1138.0145615123076,-0.04500272522970556,-0.9989868641388132,1409.9661918691704,0.5707480144412836,0.8211252669424637,328.635637468078,-45,0.06416845216759783,-0.9979390811800161,1156.5262198123914,-0.7736128502952183,-0.6336585498974255,1419.9877806212066,0.998403148395496,0.056490293626083043,329.09332584168277
0.06416845216759783,-0.9979390811800161,1156.5262198123914,-0.7736128502952183,-0.6336585498974255,1419.9877806212066,0.998403148395496,0.056490293626083043,329.09332584168277,90,0.9711187899357931,-0.23859651261835516,1163.5693163836524,0.3975608147417988,-0.9175758271564466,1466.6498266558108,0.2237896332602602,0.9746374710861666,276.264717308454
0.9711187899357931,-0.23859651261835516,1163.5693163836524,0.3975608147417988,-0.9175758271564466,1466.6498266558108,0.2237896332602602,0.9746374710861666,276.264717308454,-90,-0.2396890444332016,-0.9708497113244143,1220.1664736908033,-0.9089012912306124,-0.41701132214764336,1486.7907396533817,0.9078137318032147,-0.4193736142743378,299.76321241781824
-0.91742364952405,0.39791185869985457,1225.9164829912763,-0.2154871164753946,0.9765066833530223,1392.245015530564,-0.6004625270614068,-0.7996528956960197,421.2667839620162,-45,-0.4071595018532524,0.913357071495377,1170.7300358427044,0.5375158594457291,0.8432536396863752,1342.6170626147502,-0.9546478122357092,-0.29773739199766996,433.4600521665866
-0.4071595018532524,0.913357071495377,1170.7300358427044,0.5375158594457291,0.8432536396863752,1342.6170626147502,-0.9546478122357092,-0.29773739199766996,433.4600521665866,-45,-0.12918894855348032,0.9916199955485197,1109.114070006458,0.7835922407281996,0.6212754624726132,1303.0811564466314,-0.9890964310721279,-0.14726931126470133,438.31178433426817
-0.12918894855348032,0.9916199955485197,1109.114070006458,0.7835922407281996,0.6212754624726132,1303.0811564466314,-0.9890964310721279,-0.14726931126470133,438.31178433426817,90,-0.7325182544459753,0.6807473884661045,1072.4688904116754,0.2510893095186348,0.9679639242479314,1250.6059654826736,-0.6367236121175118,-0.7710921097845758,479.23772900393595
-0.7325182544459753,0.6807473884661045,1072.4688904116754,0.2510893095186348,0.9679639242479314,1250.6059654826736,-0.6367236121175118,-0.7710921097845758,479.23772900393595,-90,0.666410697726435,0.745584858990421,1065.2047366032364,0.9730673571072546,-0.23052097200103658,1258.0407349851475,-0.8008721546188375,0.5988353629806616,467.4172556527733
0.666410697726435,0.745584858990421,1065.2047366032364,0.9730673571072546,-0.23052097200103658,1258.0407349851475,-0.8008721546188375,0.5988353629806616,467.4172556527733,90,-0.6155211284390019,0.7881203844877873,1052.592804701367,0.41520117371493975,0.9097296221107326,1239.2907699604198,-0.7246509894596557,-0.6891160595104006,483.0510661504537
-0.6155211284390019,0.7881203844877873,1052.592804701367,0.41520117371493975,0.9097296221107326,1239.2907699604198,-0.7246509894596557,-0.6891160595104006,483.0510661504537,-45,-0.4093506578672322,0.9123771363332513,992.6410817779858,0.6668758212600383,0.7451688661093869,1189.8938428420283,-0.8224384164921881,-0.5688541562455373,517.1566080341331
-0.4093506578672322,0.9123771363332513,992.6410817779858,0.6668758212600383,0.7451688661093869,1189.8938428420283,-0.8224384164921881,-0.5688541562455373,517.1566080341331,0,-0.44354837000687797,0.8962504356842688,949.4400663305978,0.6746712399610598,0.7381183631162458,1154.4538620290764,-0.7690155384058222,-0.6392300850948768,546.0683835874862
-0.44354837000687797,0.8962504356842688,949.4400663305978,0.6746712399610598,0.7381183631162458,1154.4538620290764,-0.7690155384058222,-0.6392300850948768,546.0683835874862,90,-0.9999822607972446,-0.005956348783569466,952.26532531723,-0.356724150253585,0.9342097626474782,1137.5151734379326,0.2057747289613952,-0.9785993873495243,564.2158893557767
-0.9999822607972446,-0.005956348783569466,952.26532531723,-0.356724150253585,0.9342097626474782,1137.5151734379326,0.2057747289613952,-0.9785993873495243,564.2158893557767,90,-0.3959128644534629,-0.9182880832071458,1005.19099177807,-0.9998230654639714,0.018810575914287243,1138.4246175973972,0.9483534197939224,-0.31721568555979773,576.2633165071155
-0.3959128644534629,-0.9182880832071458,1005.19099177807,-0.9998230654639714,0.018810575914287243,1138.4246175973972,0.9483534197939224,-0.31721568555979773,576.2633165071155,-45,-0.6059360069789622,-0.795513391116951,1055.897755842843,-0.9697267027465413,0.24419279674126587,1120.7071155274925,0.7697062899436636,-0.6383981729462898,615.6152619891358
-0.6059360069789622,-0.795513391116951,1055.897755842843,-0.9697267027465413,0.24419279674126587,1120.7071155274925,0.7697062899436636,-0.6383981729462898,615.6152619891358,90,0.5442362251110248,-0.8389320182690024,1111.0960051487905,-0.500637851395223,-0.8656568267797434,1182.1526147911702,0.8890677953894808,0.45777555111789037,577.5647605746051
0.5442362251110248,-0.8389320182690024,1111.0960051487905,-0.500637851395223,-0.8656568267797434,1182.1526147911702,0.8890677953894808,0.45777555111789037,577.5647605746051,-45,0.23727232837058923,-0.9714431749668115,1132.6567936349795,-0.7456016290614836,-0.6663919347807729,1196.9593393960686,0.9943701667337088,0.10596212299673925,574.6509655151315
0.23727232837058923,-0.9714431749668115,1132.6567936349795,-0.7456016290614836,-0.6663919347807729,1196.9593393960686,0.9943701667337088,0.10596212299673925,574.6509655151315,-45,-0.3916748791095679,-0.9201036838718262,1148.5134615237819,-0.9954526941308697,-0.09525719787812982,1197.8664513631475,0.8432159105130932,-0.5375750443031886,584.4318020961382
-0.3916748791095679,-0.9201036838718262,1148.5134615237819,-0.9954526941308697,-0.09525719787812982,1197.8664513631475,0.8432159105130932,-0.5375750443031886,584.4318020961382,-90,-0.9259262647200359,0.37770431861656273,1138.0047248246901,-0.09591978641673868,0.9953890669350187,1180.6093112132053,-0.5169477390613633,-0.8560169595746013,596.5248307684424
-0.9259262647200359,0.37770431861656273,1138.0047248246901,-0.09591978641673868,0.9953890669350187,1180.6093112132053,-0.5169477390613633,-0.8560169595746013,596.5248307684424,45,-0.8852189170935721,-0.46517466485147646,1148.8314487987752,-0.8235068114468588,0.5673063823901753,1171.2292456001485,0.2960384532643254,-0.955176022620368,614.399168089519
-0.8852189170935721,-0.46517466485147646,1148.8314487987752,-0.8235068114468588,0.5673063823901753,1171.2292456001485,0.2960384532643254,-0.955176022620368,614.399168089519,45,-0.7293923968730764,-0.6840955572021709,1162.6796818891578,-0.9460534932499218,0.32401047499983726,1164.871188191155,0.5144058306403243,-0.8575468741726239,631.3395621041606
-0.7293923968730764,-0.6840955572021709,1162.6796818891578,-0.9460534932499218,0.32401047499983726,1164.871188191155,0.5144058306403243,-0.8575468741726239,631.3395621041606,45,0.07358822511002118,-0.9972887110186082,1221.3298137705742,-0.8214266743292018,-0.570314140365174,1198.5636812472108,0.9745505976324434,-0.2241676440841705,640.6400190472538
0.07358822511002118,-0.9972887110186082,1221.3298137705742,-0.8214266743292018,-0.570314140365174,1198.5636812472108,0.9745505976324434,-0.2241676440841705,640.6400190472538,0,0.05918863999916001,-0.9982468156197895,1244.6612811655264,-0.8198593413696995,-0.5725649835336094,1211.9118948308947,0.9625686202757339,-0.2710380992784409,646.4480991020157
0.05918863999916001,-0.9982468156197895,1244.6612811655264,-0.8198593413696995,-0.5725649835336094,1211.9118948308947,0.9625686202757339,-0.2710380992784409,646.4480991020157,45,0.7744971380566843,-0.6325774127662205,1279.546808047743,-0.09363165646819425,-0.9956069068196655,1270.9422559601865,0.8718380731216552,0.48979421623322533,613.7135765038672
0.7744971380566843,-0.6325774127662205,1279.546808047743,-0.09363165646819425,-0.9956069068196655,1270.9422559601865,0.8718380731216552,0.48979421623322533,613.7135765038672,90,0.9177767493312112,0.39709676199515287,1273.1316231252993,0.840341725975546,-0.5420569929301166,1273.7177560675125,-0.04556434140136694,0.9989614060576413,604.2764680191171
0.9177767493312112,0.39709676199515287,1273.1316231252993,0.840341725975546,-0.5420569929301166,1273.7177560675125,-0.04556434140136694,0.9989614060576413,604.2764680191171,90,-0.04217365907949669,0.9991102954528326,1222.746863788765,0.8272910746149328,0.5617735111790779,1242.9295896812744,-0.9709000409747,0.23948509439070745,592.21520826914
-0.04217365907949669,0.9991102954528326,1222.746863788765,0.8272910746149328,0.5617735111790779,1242.9295896812744,-0.9709000409747,0.23948509439070745,592.21520826914,45,-0.3659510422133827,0.930634103556784,1202.5870400423412,0.6123004215581717,0.7906251917057066,1225.682401308675,-0.9927607243604472,-0.12010888463107235,594.5048939056768
-0.3659510422133827,0.930634103556784,1202.5870400423412,0.6123004215581717,0.7906251917057066,1225.682401308675,-0.9927607243604472,-0.12010888463107235,594.5048939056768,-90,0.9956832738093513,-0.09281604525238324,1215.1278932616688,0.4583470638729269,-0.888773294512761,1281.0496840413884,0.33957981069519666,0.9405772441262942,542.149828905757
0.9956832738093513,-0.09281604525238324,1215.1278932616688,0.4583470638729269,-0.888773294512761,1281.0496840413884,0.33957981069519666,0.9405772441262942,542.149828905757,-45,0.7829894009599374,-0.6220350456239571,1227.6065816652035,-0.0879581131722255,-0.9961241741505835,1300.6934025156452,0.8088480624611475,0.5880176968874727,530.5880505135094
0.7829894009599374,-0.6220350456239571,1227.6065816652035,-0.0879581131722255,-0.9961241741505835,1300.6934025156452,0.8088480624611475,0.5880176968874727,530.5880505135094,0,0.7642518969478929,-0.6449178536926601,1258.3655008070114,-0.08412254185844824,-0.9964554169411061,1349.180079018839,0.8518773438788635,0.5237413397717356,503.4208315329039
0.7642518969478929,-0.6449178536926601,1258.3655008070114,-0.08412254185844824,-0.9964554169411061,1349.180079018839,0.8518773438788635,0.5237413397717356,503.4208315329039,-90,-0.4350620583983349,-0.9004004694258015,1273.9062595232106,-0.9852121688202762,-0.1713387942307512,1349.655413078619,0.6973887785898135,-0.7166930245907295,518.4327517165727
-0.6782660730067824,0.7348163948960027,1193.0434916898334,0.2784437338182332,0.9604525428657893,1246.714882025345,-0.8678189199551755,-0.496880591458182,562.8574713579541,-45,-0.2693710961351511,0.963036454433033,1147.6480451686134,0.7121395982679355,0.7020378854298274,1212.850844737035,-0.9928586582157334,-0.1192966252919731,566.9516695269003
-0.2693710961351511,0.963036454433033,1147.6480451686134,0.7121395982679355,0.7020378854298274,1212.850844737035,-0.9928586582157334,-0.1192966252919731,566.9516695269003,45,-0.9166867995193073,0.3996064458777528,1123.2719862522931,-0.04897716976381111,0.9987998982989169,1152.227603860961,-0.5299609958254393,-0.8480220179356834,618.3672332030309
-0.9166867995193073,0.3996064458777528,1123.2719862522931,-0.04897716976381111,0.9987998982989169,1152.227603860961,-0.5299609958254393,-0.8480220179356834,618.3672332030309,90,-0.972906059043958,-0.23120077914132237,1132.6881382551287,-0.6295598223105477,0.7769520127603194,1120.7192130698347,0.04646873632809148,-0.9989197447963827,659.0296643883867
-0.972906059043958,-0.23120077914132237,1132.6881382551287,-0.6295598223105477,0.7769520127603194,1120.7192130698347,0.04646873632809148,-0.9989197447963827,659.0296643883867,0,-0.9605727572698404,-0.27802873590874794,1150.8206628360392,-0.6521039532168285,0.7581295629369589,1065.130916840921,0.030118385315047784,-0.9995463385286418,731.1638106542069
-0.9605727572698404,-0.27802873590874794,1150.8206628360392,-0.6521039532168285,0.7581295629369589,1065.130916840921,0.030118385315047784,-0.9995463385286418,731.1638106542069,-90,-0.48543075234508404,0.8742751195577315,1138.596258105934,0.602760237243449,0.7979223623876079,1058.0013265458767,-0.963714692843468,-0.2669344316449644,730.4579926134253
-0.48543075234508404,0.8742751195577315,1138.596258105934,0.602760237243449,0.7979223623876079,1058.0013265458767,-0.963714692843468,-0.2669344316449644,730.4579926134253,90,-0.7539381409656407,-0.6569454159953273,1152.899603609924,-0.9092118196067679,0.4163338409105729,1054.9910596796165,0.4404287076640212,-0.8977875881662656,743.3793486531087
-0.7539381409656407,-0.6569454159953273,1152.899603609924,-0.9092118196067679,0.4163338409105729,1054.9910596796165,0.4404287076640212,-0.8977875881662656,743.3793486531087,0,-0.7294522552264954,-0.6840317297793866,1193.9521027947562,-0.9295893051186384,0.3685969666302844,1031.1897321870597,0.40806331207435775,-0.9129536315382646,798.5610707817029
-0.7294522552264954,-0.6840317297793866,1193.9521027947562,-0.9295893051186384,0.3685969666302844,1031.1897321870597,0.40806331207435775,-0.9129536315382646,798.5610707817029,0,-0.7145491174218801,-0.6995852762827504,1208.554800732346,-0.9395761504732176,0.3423399735086885,1023.7684437279751,0.40647067428375244,-0.9136638281924658,817.7520812405188
-0.7145491174218801,-0.6995852762827504,1208.554800732346,-0.9395761504732176,0.3423399735086885,1023.7684437279751,0.40647067428375244,-0.9136638281924658,817.7520812405188,0,-0.6778354987864128,-0.7352135992927327,1257.4893847725077,-0.9631051748213637,0.2691252909562949,1003.4229182231887,0.3889632774447447,-0.9212532598582447,879.7715799089784
-0.6778354987864128,-0.7352135992927327,1257.4893847725077,-0.9631051748213637,0.2691252909562949,1003.4229182231887,0.3889632774447447,-0.9212532598582447,879.7715799089784,-90,-0.9655148583551532,-0.26034795619598905,1272.0425605472365,-0.6655931607092677,0.7463147756925672,953.9153609432915,-0.19631517154925135,-0.9805408473998357,942.7757505597871
-0.9655148583551532,-0.26034795619598905,1272.0425605472365,-0.6655931607092677,0.7463147756925672,953.9153609432915,-0.19631517154925135,-0.9805408473998357,942.7757505597871,0,-0.9654425461061338,-0.26061598218088183,1276.9300719310238,-0.6650119571460406,0.7468327100849244,939.8333089446074,-0.20610701083244354,-0.9785294579550046,961.2287181528493
-0.9654425461061338,-0.26061598218088183,1276.9300719310238,-0.6650119571460406,0.7468327100849244,939.8333089446074,-0.20610701083244354,-0.9785294579550046,961.2287181528493,0,-0.9505149792006493,-0.31067873167500404,1296.9811069728078,-0.7034292207965089,0.7107653138199811,889.2612618597585,-0.19215127455033823,-0.9813653181607146,1029.39449767541
-0.9505149792006493,-0.31067873167500404,1296.9811069728078,-0.7034292207965089,0.7107653138199811,889.2612618597585,-0.19215127455033823,-0.9813653181607146,1029.39449767541,90,0.3111540324110866,-0.9503594941464627,1314.5923475945424,-0.6959877835768153,-0.7180536227273225,907.162786028026,0.979148614883362,-0.20314524353770533,1028.4286656614206
0.3111540324110866,-0.9503594941464627,1314.5923475945424,-0.6959877835768153,-0.7180536227273225,907.162786028026,0.979148614883362,-0.20314524353770533,1028.4286656614206,45,0.5685669787280518,-0.8226369738226303,1360.1733799207366,-0.41816413461030366,-0.9083714859712495,957.9680701594391,0.9985548486014227,0.053742109510046036,1023.5669120506974
0.5685669787280518,-0.8226369738226303,1360.1733799207366,-0.41816413461030366,-0.9083714859712495,957.9680701594391,0.9985548486014227,0.053742109510046036,1023.5669120506974,45,0.9879901338555301,0.15451697448543178,1353.639431438557,0.6371774251031341,-0.7707171523580748,982.6094800811256,0.37376076638045075,0.9275251422547521,992.3678100106331
0.9879901338555301,0.15451697448543178,1353.639431438557,0.6371774251031341,-0.7707171523580748,982.6094800811256,0.37376076638045075,0.9275251422547521,992.3678100106331,0,0.9946945848663543,0.10287216745821524,1344.0533100499586,0.6031065570227027,-0.7976606301405513,1039.4726067849263,0.3993578020431798,0.9167951493912042,925.2617468890897
0.9946945848663543,0.10287216745821524,1344.0533100499586,0.6031065570227027,-0.7976606301405513,1039.4726067849263,0.3993578020431798,0.9167951493912042,925.2617468890897,0,0.9990365208602217,0.043886558164247344,1337.7340401547872,0.5680779553265626,-0.8229747485020376,1105.644193304903,0.43237734128361305,0.901692760725356,850.6906618676674
0.9990365208602217,0.043886558164247344,1337.7340401547872,0.5680779553265626,-0.8229747485020376,1105.644193304903,0.43237734128361305,0.901692760725356,850.6906618676674,45,0.367857654352171,0.9298821141061477,1274.8773411539205,0.9901076268121456,0.14030996874214294,1091.5729178518905,-0.7006533770033393,0.7135018187039305,804.0404933756073
0.367857654352171,0.9298821141061477,1274.8773411539205,0.9901076268121456,0.14030996874214294,1091.5729178518905,-0.7006533770033393,0.7135018187039305,804.0404933756073,-45,0.673605114660937,0.7390914351435998,1218.1739506137947,0.9692410284563246,-0.24611344692423043,1107.813492404755,-0.47824405892514027,0.8782269752762135,736.9072763611579
0.673605114660937,0.7390914351435998,1218.1739506137947,0.9692410284563246,-0.24611344692423043,1107.813492404755,-0.47824405892514027,0.8782269752762135,736.9072763611579,45,0.40739844934829417,0.9132505151756584,1199.1305605595817,0.998265834583398,0.05886699842451391,1106.1704702567035,-0.748729267375807,0.6628759191393871,723.1796051244368
0.40739844934829417,0.9132505151756584,1199.1305605595817,0.998265834583398,0.05886699842451391,1106.1704702567035,-0.748729267375807,0.6628759191393871,723.1796051244368,0,0.4276672838537414,0.9039362224853937,1141.4157496774533,0.9999985691155324,0.0016916757631977141,1104.0270076459826,-0.7932218454443799,0.6089327581185071,682.9781794550559
0.4276672838537414,0.9039362224853937,1141.4157496774533,0.9999985691155324,0.0016916757631977141,1104.0270076459826,-0.7932218454443799,0.6089327581185071,682.9781794550559,45,0.19817906928351042,0.9801658311214085,1076.2570651997999,0.9807910049086368,0.19506154077702342,1088.6644397574885,-0.9528251299628706,0.303519804479442,660.4173153336353
0.19817906928351042,0.9801658311214085,1076.2570651997999,0.9807910049086368,0.19506154077702342,1088.6644397574885,-0.9528251299628706,0.303519804479442,660.4173153336353,0,0.20585010975035742,0.9785835336422567,1012.740574678856,0.9899724300623686,0.1412607083247452,1077.3610052349488,-0.9784706444628077,0.206386041011832,644.2602204085393
0.20585010975035742,0.9785835336422567,1012.740574678856,0.9899724300623686,0.1412607083247452,1077.3610052349488,-0.9784706444628077,0.206386041011832,644.2602204085393,-90,0.8837380402925501,-0.4679819186035751,1024.786253306427,-0.12291069935033207,-0.992417734618448,1087.6600355652606,0.4794498965687983,0.8775692546347375,637.8370834043944
0.8837380402925501,-0.4679819186035751,1024.786253306427,-0.12291069935033207,-0.992417734618448,1087.6600355652606,0.4794498965687983,0.8775692546347375,637.8370834043944,90,0.7884301982946751,0.6151242333195949,984.9506307145805,0.8532259338763174,-0.5215414707967968,1114.7177512469468,-0.6895559439171276,0.7242324214011404,595.5625785297881
0.7884301982946751,0.6151242333195949,984.9506307145805,0.8532259338763174,-0.5215414707967968,1114.7177512469468,-0.6895559439171276,0.7242324214011404,595.5625785297881,-90,0.7947535223938407,-0.6069323180080156,1033.7252864308293,-0.21183023843567453,-0.9773064770502062,1190.298268421197,0.5391099314833511,0.8422354075767752,529.8954310111571
0.7947535223938407,-0.6069323180080156,1033.7252864308293,-0.21183023843567453,-0.9773064770502062,1190.298268421197,0.5391099314833511,0.8422354075767752,529.8954310111571,-90,0.38284857062401706,-0.9238111127125215,1077.9425106190404,-0.6410958143987371,-0.7674608503112196,1226.117015704325,0.917308121013891,0.39817811482044635,509.65122995994034
0.38284857062401706,-0.9238111127125215,1077.9425106190404,-0.6410958143987371,-0.7674608503112196,1226.117015704325,0.917308121013891,0.39817811482044635,509.65122995994034,45,0.5890881718045766,-0.8080687630640981,1126.5901338241163,-0.3945251563084092,-0.9188851402867637,1282.5436170477167,0.8363009927846912,0.5482705987624541,472.93133711971336
0.5890881718045766,-0.8080687630640981,1126.5901338241163,-0.3945251563084092,-0.9188851402867637,1282.5436170477167,0.8363009927846912,0.5482705987624541,472.93133711971336,-90,-0.9580943842875641,-0.28645270254726785,1134.139612867546,-0.7162982390897913,0.6977942624275899,1228.4244272544188,0.17673893542636324,-0.9842577653767105,540.0738666843147
-0.9580943842875641,-0.28645270254726785,1134.139612867546,-0.7162982390897913,0.6977942624275899,1228.4244272544188,0.17673893542636324,-0.9842577653767105,540.0738666843147,90,0.16898961543679863,-0.9856178315526373,1188.4108578334992,-0.7509564187491712,-0.6603517677264289,1267.1807381019305,0.9993779304104676,-0.03526687126029798,535.6962264348646
0.16898961543679863,-0.9856178315526373,1188.4108578334992,-0.7509564187491712,-0.6603517677264289,1267.1807381019305,0.9993779304104676,-0.03526687126029798,535.6962264348646,45,0.40019479572604705,-0.9164300985202241,1261.573918628621,-0.5205908145952897,-0.8538063034195829,1335.0492366066408,0.9964954881281844,0.08364653095120832,522.978959580569
-0.8266763277160268,0.5626777489771069,1239.7105853582198,0.02258646915437512,0.9997448931658208,1272.3178845906473,-0.7845122865458355,-0.6201132737320053,574.1193041948856,90,-0.5028034862176876,-0.8644007486388126,1252.1577261171783,-0.9984366256538129,-0.0558954788245697,1278.142422062167,0.6585042916579015,-0.7525769713910502,579.09178121861
-0.5028034862176876,-0.8644007486388126,1252.1577261171783,-0.9984366256538129,-0.0558954788245697,1278.142422062167,0.6585042916579015,-0.7525769713910502,579.09178121861,-45,-0.9861478550002442,-0.1658686470627208,1252.3456400973455,-0.6781169951327997,0.7349539719683558,1268.40417622729,-0.16102731699288247,-0.9869499496844173,590.2998579288584
-0.9861478550002442,-0.1658686470627208,1252.3456400973455,-0.6781169951327997,0.7349539719683558,1268.40417622729,-0.16102731699288247,-0.9869499496844173,590.2998579288584,45,-0.8723056184359667,-0.48896104961954356,1288.6931837311017,-0.8865027779485283,0.4627232700973038,1230.5829000091796,0.11294854251904163,-0.99360083873899,667.6120743328441
-0.8723056184359667,-0.48896104961954356,1288.6931837311017,-0.8865027779485283,0.4627232700973038,1230.5829000091796,0.11294854251904163,-0.99360083873899,667.6120743328441,45,-0.17668922705878143,-0.9842666899988897,1307.7764987948508,-0.9157797368533837,-0.40168081055577864,1239.197925595471,0.8243450884103742,-0.5660876038332692,677.3483673857334
-0.17668922705878143,-0.9842666899988897,1307.7764987948508,-0.9157797368533837,-0.40168081055577864,1239.197925595471,0.8243450884103742,-0.5660876038332692,677.3483673857334,90,0.40159725140710134,-0.9158163831589067,1359.2546989870007,-0.5022545093027578,-0.8647198435823281,1288.1076945342115,0.9970621842310396,-0.07659634962861116,678.842703958908
-0.6912523394228327,-0.7226134535437746,1496.3934279391801,-0.9978252567748097,0.06591477028925397,1313.0847083031506,0.16348747386467488,-0.9865454099479392,816.4554679708931,-90,-0.6028320955099916,0.7978680746984631,1481.3214800044723,0.23381506400857435,0.9722810889051922,1300.8072136648996,-0.9998231699823635,-0.018805019713306774,810.2802768935204
-0.6028320955099916,0.7978680746984631,1481.3214800044723,0.23381506400857435,0.9722810889051922,1300.8072136648996,-0.9998231699823635,-0.018805019713306774,810.2802768935204,90,-0.9825344600685106,-0.18608072113435145,1492.7205323093601,-0.7656307887545222,0.6432802618696832,1265.7205803722795,-0.4350947828551542,-0.9003846566508262,861.1222140776185
-0.604009015684194,0.7969774833533323,1324.195114457813,0.3685727156383514,0.9295989206571675,1083.0770153382168,-0.9859622501027709,-0.16696838434949565,860.4307648811379,45,-0.9994274036181867,0.033835852243001036,1324.7128566601782,-0.4858831722275223,0.8740237656643668,1070.9115335081465,-0.4954299326074675,-0.8686479044334132,873.5341965834939
-0.9994274036181867,0.033835852243001036,1324.7128566601782,-0.4858831722275223,0.8740237656643668,1070.9115335081465,-0.4954299326074675,-0.8686479044334132,873.5341965834939,90,-0.4954883541877131,-0.8686145813100028,1338.2813451940067,-0.9994800221012611,-0.032244153275636914,1073.5222768504993,0.525409729509566,-0.8508493498479532,884.5155051746012
-0.4954883541877131,-0.8686145813100028,1338.2813451940067,-0.9994800221012611,-0.032244153275636914,1073.5222768504993,0.525409729509566,-0.8508493498479532,884.5155051746012,45,-0.2374572086303204,-0.9713979998278236,1360.9998293540305,-0.9468600257022338,-0.32164591047791213,1081.0993550556304,0.723334382162719,-0.6904979156965483,900.2228032557829
-0.2374572086303204,-0.9713979998278236,1360.9998293540305,-0.9468600257022338,-0.32164591047791213,1081.0993550556304,0.723334382162719,-0.6904979156965483,900.2228032557829,-90,-0.7247375354734068,-0.6890250392227647,1375.3501265998598,-0.9723030359304052,0.23372378210297115,1075.4299469227412,0.21952464828410503,-0.9756069540525734,921.2467480204476
-0.7247375354734068,-0.6890250392227647,1375.3501265998598,-0.9723030359304052,0.23372378210297115,1075.4299469227412,0.21952464828410503,-0.9756069540525734,921.2467480204476,-45,-0.8443386899580472,-0.535809832533828,1389.4584051786544,-0.911277151619208,0.41179358049486775,1063.891469897945,0.009929979535105058,-0.9999506965378006,948.2057264758581
-0.8443386899580472,-0.535809832533828,1389.4584051786544,-0.911277151619208,0.41179358049486775,1063.891469897945,0.009929979535105058,-0.9999506965378006,948.2057264758581,-45,-0.971049177752637,-0.2388796650741282,1394.6309463462978,-0.7323721201852812,0.6809046024042693,1048.1597380679962,-0.3169908852891919,-0.9484285838393813,969.7738481247935
-0.971049177752637,-0.2388796650741282,1394.6309463462978,-0.7323721201852812,0.6809046024042693,1048.1597380679962,-0.3169908852891919,-0.9484285838393813,969.7738481247935,45,-0.8654996661729134,-0.5009095006631192,1404.7110916333402,-0.8957470151633783,0.44456415153034834,1039.471197752843,-0.05055942679162985,-0.9987210543302378,989.5724990912641
-0.8654996661729134,-0.5009095006631192,1404.7110916333402,-0.8957470151633783,0.44456415153034834,1039.471197752843,-0.05055942679162985,-0.9987210543302378,989.5724990912641,-90,-0.5743838355234974,0.8185861038945847,1353.4178063192903,0.40980192443768815,0.912174535232796,987.2209471349967,-0.9971841164473318,-0.07499225230084834,987.5332897994477
-0.5743838355234974,0.8185861038945847,1353.4178063192903,0.40980192443768815,0.912174535232796,987.2209471349967,-0.9971841164473318,-0.07499225230084834,987.5332897994477,0,-0.580281034513953,0.8144163069238094,1314.2592632600197,0.44110675710175945,0.8974546388755085,944.0859977061253,-0.9939715300850004,-0.10963848494248324,991.6979636284275
-0.580281034513953,0.8144163069238094,1314.2592632600197,0.44110675710175945,0.8974546388755085,944.0859977061253,-0.9939715300850004,-0.10963848494248324,991.6979636284275,-45,-0.26425139317006496,0.9644538357058257,1239.9437124674532,0.7752696222942247,0.6316304400104306,893.5819213074815,-0.9836778749862993,0.179938429087392,975.0262817419692
-0.26425139317006496,0.9644538357058257,1239.9437124674532,0.7752696222942247,0.6316304400104306,893.5819213074815,-0.9836778749862993,0.179938429087392,975.0262817419692,0,-0.27004014332111353,0.9628490644930349,1212.661952463674,0.7909688537389018,0.6118564148678739,875.9099331284067,-0.9884081406502205,0.15182011558543193,970.395409589828
-0.27004014332111353,0.9628490644930349,1212.661952463674,0.7909688537389018,0.6118564148678739,875.9099331284067,-0.9884081406502205,0.15182011558543193,970.395409589828,45,-0.6020710350241146,0.7984425269141112,1195.3320392005103,0.5344586772766391,0.8451946061610339,857.0869523795412,-0.9734409660109685,-0.22893817001896488,975.584032228516
-0.6020710350241146,0.7984425269141112,1195.3320392005103,0.5344586772766391,0.8451946061610339,857.0869523795412,-0.9734409660109685,-0.22893817001896488,975.584032228516,0,-0.6051189199437415,0.7961350970319798,1175.4528349003926,0.5553149846157607,0.8316401071744901,836.2774701469423,-0.9696706677988907,-0.24441521231390936,981.3910571608903
-0.6051189199437415,0.7961350970319798,1175.4528349003926,0.5553149846157607,0.8316401071744901,836.2774701469423,-0.9696706677988907,-0.24441521231390936,981.3910571608903,0,-0.6140226002688994,0.7892884430669306,1158.574872737127,0.5671882167868032,0.8235882021606468,818.6262002512808,-0.9643197429161053,-0.26474031317919183,986.8407651378463
-0.6140226002688994,0.7892884430669306,1158.574872737127,0.5671882167868032,0.8235882021606468,818.6262002512808,-0.9643197429161053,-0.26474031317919183,986.8407651378463,45,-0.8221359297120004,0.5692912374844572,1145.2142389142741,0.31909240964429997,0.9477236063892227,796.252907694534,-0.8391814799933459,-0.5438514904237899,999.6103906082609
-0.8221359297120004,0.5692912374844572,1145.2142389142741,0.31909240964429997,0.9477236063892227,796.252907694534,-0.8391814799933459,-0.5438514904237899,999.6103906082609,90,-0.9976376146072201,-0.06869636031709288,1147.254353965022,-0.3335713039718725,0.9427248724662486,774.775524065971,-0.32826708632160406,-0.9445849459090085,1021.5210583691851
-0.9976376146072201,-0.06869636031709288,1147.254353965022,-0.3335713039718725,0.9427248724662486,774.775524065971,-0.32826708632160406,-0.9445849459090085,1021.5210583691851,-45,-0.984988238353945,0.17262146536393477,1142.2653044229041,-0.07682076950876096,0.9970449184325056,747.0718477418015,-0.5527556181351633,-0.833343402577841,1044.64467149761
-0.984988238353945,0.17262146536393477,1142.2653044229041,-0.07682076950876096,0.9970449184325056,747.0718477418015,-0.5527556181351633,-0.833343402577841,1044.64467149761,0,-0.9872295682749391,0.15930404741775175,1139.189636940273,-0.07636069626878952,0.9970802595906438,728.8251291716765,-0.5466720388837258,-0.8373468110064731,1059.9079945505227
-0.9872295682749391,0.15930404741775175,1139.189636940273,-0.07636069626878952,0.9970802595906438,728.8251291716765,-0.5466720388837258,-0.8373468110064731,1059.9079945505227,90,-0.9227447575126185,-0.3854116143592184,1149.474007069054,-0.5920185405711132,0.8059243436080394,709.1812271397122,-0.042499142492800186,-0.9990965032905363,1084.8234459705359
-0.9227447575126185,-0.3854116143592184,1149.474007069054,-0.5920185405711132,0.8059243436080394,709.1812271397122,-0.042499142492800186,-0.9990965032905363,1084.8234459705359,0,-0.9222389588004422,-0.3866203601346887,1156.7348207066573,-0.5937225435268652,0.8046698337256031,693.9572936681785,-0.05541653809388045,-0.9984633229646893,1103.6810614644353
-0.9222389588004422,-0.3866203601346887,1156.7348207066573,-0.5937225435268652,0.8046698337256031,693.9572936681785,-0.05541653809388045,-0.9984633229646893,1103.6810614644353,-45,-0.9977221138459447,-0.06745801318434944,1157.7914918748593,-0.2921803948370078,0.9563632243415104,673.4197640831553,-0.3854833189063598,-0.9227148047175453,1123.3118082962594
-0.9977221138459447,-0.06745801318434944,1157.7914918748593,-0.2921803948370078,0.9563632243415104,673.4197640831553,-0.3854833189063598,-0.9227148047175453,1123.3118082962594,0,-0.9956184299514514,-0.0935090473751426,1159.932785139233,-0.3079537467378006,0.9514013295503378,650.2988743961181,-0.3732481607283059,-0.9277315401089566,1145.8624044975286
-0.9956184299514514,-0.0935090473751426,1159.932785139233,-0.3079537467378006,0.9514013295503378,650.2988743961181,-0.3732481607283059,-0.9277315401089566,1145.8624044975286,90,-0.6614046280415722,-0.7500292780986549,1178.113762016995,-0.8852173592647579,0.46517762935928963,638.9220580429486,0.3437258016882087,-0.9390700576920756,1168.437650648864
-0.6614046280415722,-0.7500292780986549,1178.113762016995,-0.8852173592647579,0.46517762935928963,638.9220580429486,0.3437258016882087,-0.9390700576920756,1168.437650648864,-90,-0.9161251151592225,0.40089247108732473,1166.7844406101076,0.19753895183357706,0.9802950385003955,621.3005801138783,-0.7883561145696804,-0.6152191777087227,1176.6481345116906
-0.9161251151592225,0.40089247108732473,1166.7844406101076,0.19753895183357706,0.9802950385003955,621.3005801138783,-0.7883561145696804,-0.6152191777087227,1176.6481345116906,-90,0.4720112944109923,0.881592501073177,1154.134079502896,0.9579777020975142,-0.2868426786305801,631.1177017561757,-0.5638102650304284,0.8259043437628344,1159.5090788217215
0.4720112944109923,0.881592501073177,1154.134079502896,0.9579777020975142,-0.2868426786305801,631.1177017561757,-0.5638102650304284,0.8259043437628344,1159.5090788217215,0,0.4926014087826864,0.8702550500085091,1086.827617782348,0.9233618141270712,-0.38393093156447305,656.5931699115163,-0.6036926462489007,0.7972171528918577,1097.4638149727095
0.4926014087826864,0.8702550500085091,1086.827617782348,0.9233618141270712,-0.38393093156447305,656.5931699115163,-0.6036926462489007,0.7972171528918577,1097.4638149727095,45,-0.46195911404143436,0.8869012216442443,1054.5411426460832,0.8594028917087015,0.5112990022704149,635.2924220650731,-0.9960495272662426,-0.08879943261471085,1101.9575915312291
-0.46195911404143436,0.8869012216442443,1054.5411426460832,0.8594028917087015,0.5112990022704149,635.2924220650731,-0.9960495272662426,-0.08879943261471085,1101.9575915312291,0,-0.46083164412814565,0.8874875749947997,1033.722805113876,0.8811023229076346,0.4729256776352606,623.7410021896108,-0.9951570518023533,-0.0982977224967512,1104.152542818473
-0.46083164412814565,0.8874875749947997,1033.722805113876,0.8811023229076346,0.4729256776352606,623.7410021896108,-0.9951570518023533,-0.0982977224967512,1104.152542818473,0,-0.47887926084352356,0.877880774099741,978.7646611098809,0.9240646004765339,0.38223633284414993,597.4384167740973,-0.9893799425592598,-0.14535243121955668,1111.3891226017736
-0.47887926084352356,0.877880774099741,978.7646611098809,0.9240646004765339,0.38223633284414993,597.4384167740973,-0.9893799425592598,-0.14535243121955668,1111.3891226017736,90,-0.8506419850310666,0.5257453882844876,967.7903897861406,0.6460284830604998,0.7633133033522667,580.3957258305836,-0.7902492437876276,-0.6127855519617631,1125.0003726943428
-0.8506419850310666,0.5257453882844876,967.7903897861406,0.6460284830604998,0.7633133033522667,580.3957258305836,-0.7902492437876276,-0.6127855519617631,1125.0003726943428,-90,0.12262525716586321,0.9924530448867623,914.4721978300324,0.9401227636828112,-0.3408360151236855,599.4081419234226,-0.9097598683384484,0.4151348961010254,1098.8979027207624
0.12262525716586321,0.9924530448867623,914.4721978300324,0.9401227636828112,-0.3408360151236855,599.4081419234226,-0.9097598683384484,0.4151348961010254,1098.8979027207624,90,-0.4931205473384959,0.8699609909602741,902.248658495722,0.9666477821958259,0.2561094788872351,594.6053495868751,-0.977078534586386,-0.21287916114669464,1102.832970924124
-0.4931205473384959,0.8699609909602741,902.248658495722,0.9666477821958259,0.2561094788872351,594.6053495868751,-0.977078534586386,-0.21287916114669464,1102.832970924124,0,-0.5365011213329693,0.843899607067373,845.9662544506134,0.987130498358689,0.15991678839360837,580.3663874391763,-0.960163579560589,-0.27943854509604904,1119.5614246968319
-0.5365011213329693,0.843899607067373,845.9662544506134,0.987130498358689,0.15991678839360837,580.3663874391763,-0.960163579560589,-0.27943854509604904,1119.5614246968319,90,-0.7796851968286164,-0.626171696778385,870.4720351524799,-0.2670730205338268,0.9636762950819835,550.7673592202973,0.34606330120135687,-0.9382111657626011,1147.5710888578974
-0.7796851968286164,-0.626171696778385,870.4720351524799,-0.2670730205338268,0.9636762950819835,550.7673592202973,0.34606330120135687,-0.9382111657626011,1147.5710888578974,90,0.31345076627410945,-0.9496044529814367,923.3659866122263,-0.9991118049939277,-0.04213788226496176,554.6286913173263,0.999576648420702,-0.029095084327705082,1143.3753999594228
0.31345076627410945,-0.9496044529814367,923.3659866122263,-0.9991118049939277,-0.04213788226496176,554.6286913173263,0.999576648420702,-0.029095084327705082,1143.3753999594228,-45,0.010035558954139158,-0.9999496425103006,1008.4981350521429,-0.9936860710570563,0.1121962218044392,538.6978451819257,0.9189605467711327,-0.39434948139702275,1174.161457553283
0.010035558954139158,-0.9999496425103006,1008.4981350521429,-0.9936860710570563,0.1121962218044392,538.6978451819257,0.9189605467711327,-0.39434948139702275,1174.161457553283,-45,-0.6899783854839936,-0.7238299714469563,1040.5472227254274,-0.6503761250626895,0.7596123326726869,501.71446333706587,0.3417650997902098,-0.9397854098491782,1218.1836818483491
-0.6899783854839936,-0.7238299714469563,1040.5472227254274,-0.6503761250626895,0.7596123326726869,501.71446333706587,0.3417650997902098,-0.9397854098491782,1218.1836818483491,90,-0.04612654963707336,-0.9989356042401225,1114.0081466630888,-0.9999977154331116,0.002137552001151586,497.76869209677096,0.8471454143678637,-0.5313611266506992,1254.2133115350555
-0.04612654963707336,-0.9989356042401225,1114.0081466630888,-0.9999977154331116,0.002137552001151586,497.76869209677096,0.8471454143678637,-0.5313611266506992,1254.2133115350555,45,0.6993034093167012,-0.7148249727856731,1172.772338032594,-0.5660463141101941,-0.8243734410340156,567.5620114616877,0.9690953149565195,0.24668658360219844,1228.5350906076867
0.6993034093167012,-0.7148249727856731,1172.772338032594,-0.5660463141101941,-0.8243734410340156,567.5620114616877,0.9690953149565195,0.24668658360219844,1228.5350906076867,45,0.999333623746897,-0.03650080066101481,1171.700904432748,0.1643231904063532,-0.9864065536555794,584.0988695833267,0.5254998824545333,0.8507936727199326,1213.1861495452872
0.999333623746897,-0.03650080066101481,1171.700904432748,0.1643231904063532,-0.9864065536555794,584.0988695833267,0.5254998824545333,0.8507936727199326,1213.1861495452872,-45,0.6013856935193345,-0.7989588522760538,1185.7701959076842,-0.6416021643691475,-0.767037588829143,595.3212893076709,0.992559260451269,0.12176253320471755,1212.8777273505139
0.6013856935193345,-0.7989588522760538,1185.7701959076842,-0.6416021643691475,-0.767037588829143,595.3212893076709,0.992559260451269,0.12176253320471755,1212.8777273505139,-90,-0.42516330248295986,-0.9051166589019247,1231.991330330354,-0.9896515891860669,0.1434912262875058,583.3745949294978,0.5365767245713224,-0.8438515382745422,1257.9888004307334
-0.42516330248295986,-0.9051166589019247,1231.991330330354,-0.9896515891860669,0.1434912262875058,583.3745949294978,0.5365767245713224,-0.8438515382745422,1257.9888004307334,45,0.06929818508796533,-0.9975959911424634,1250.4387852994364,-0.9230030673408796,-0.38479259046832964,590.8626539062441,0.8739682652766253,-0.4859829948561639,1266.3231956262705
0.06929818508796533,-0.9975959911424634,1250.4387852994364,-0.9230030673408796,-0.38479259046832964,590.8626539062441,0.8739682652766253,-0.4859829948561639,1266.3231956262705,-90,-0.6820511035703452,-0.7313045139464642,1292.563411199032,-0.9343115956483915,0.35645734981475213,565.4511225300363,0.2001145423173617,-0.9797725092862694,1325.3527786859158
-0.6820511035703452,-0.7313045139464642,1292.563411199032,-0.9343115956483915,0.35645734981475213,565.4511225300363,0.2001145423173617,-0.9797725092862694,1325.3527786859158,-90,-0.9552340362669377,0.29585120577272417,1277.268002912962,-0.05502554616673027,0.9984849469416417,522.6606081055526,-0.7977269046847311,-0.6030188931883627,1348.9608946390056
0.3041528769068556,0.9526232347939468,1182.6511086477617,0.9918300775328011,-0.1275660507395204,507.54283049392,-0.6459188066400658,0.7634061142201267,1287.5603150088853,0,0.32284399050734847,0.9464521951970375,1121.3513833992447,0.9680581536621196,-0.2507257687759439,519.8930323166488,-0.6696771610766141,0.7426523412286309,1238.8573949617446
0.32284399050734847,0.9464521951970375,1121.3513833992447,0.9680581536621196,-0.2507257687759439,519.8930323166488,-0.6696771610766141,0.7426523412286309,1238.8573949617446,-90,0.9713796074309665,0.23753243624242415,1107.5811804793877,0.3257496465362657,-0.945456063379731,574.6090073711986,0.22785239195498047,0.9736956852530435,1182.9050542423572
0.9713796074309665,0.23753243624242415,1107.5811804793877,0.3257496465362657,-0.945456063379731,574.6090073711986,0.22785239195498047,0.9736956852530435,1182.9050542423572,45,0.5551785433904456,0.8317311975385215,1059.6248870899012,0.8509485368196879,-0.5252490720452844,602.1427250580099,-0.5369898546519133,0.8435887007309409,1134.6899335678827
0.5551785433904456,0.8317311975385215,1059.6248870899012,0.8509485368196879,-0.5252490720452844,602.1427250580099,-0.5369898546519133,0.8435887007309409,1134.6899335678827,45,0.42941934341632065,0.9031052139700535,997.6595892032483,0.8857676121426338,-0.4641290093057498,629.2611031433565,-0.7036975181001378,0.710499685446592,1086.5969592858219
0.42941934341632065,0.9031052139700535,997.6595892032483,0.8857676121426338,-0.4641290093057498,629.2611031433565,-0.7036975181001378,0.710499685446592,1086.5969592858219,90,-0.16283124857074566,0.9866539334989204,957.3620246106747,0.998633455917868,0.05226108228438858,624.9623718006148,-0.9883286181243733,0.15233693772807277,1080.4222721541103
-0.16283124857074566,0.9866539334989204,957.3620246106747,0.998633455917868,0.05226108228438858,624.9623718006148,-0.9883286181243733,0.15233693772807277,1080.4222721541103,-90,0.9999869349977342,0.005111734914625569,959.9050409275492,-0.022145679832538907,-0.9997547543596653,694.4386564687481,0.25705189984946725,0.9663975997402826,1014.2596549198436
0.9999869349977342,0.005111734914625569,959.9050409275492,-0.022145679832538907,-0.9997547543596653,694.4386564687481,0.25705189984946725,0.9663975997402826,1014.2596549198436,45,0.41524103497759957,0.909711428350074,908.0999930575583,0.8749157814108577,-0.4842751030542745,717.4252834903001,-0.8105431445510416,0.5856789315156465,982.6247612344896
0.41524103497759957,0.909711428350074,908.0999930575583,0.8749157814108577,-0.4842751030542745,717.4252834903001,-0.8105431445510416,0.5856789315156465,982.6247612344896,0,0.4114609765002443,0.911427377698007,886.5230119661337,0.8682333675162806,-0.496156043529996,728.9308408522071,-0.8304792372513652,0.5570495817199674,969.1936002396557
0.4114609765002443,0.911427377698007,886.5230119661337,0.8682333675162806,-0.496156043529996,728.9308408522071,-0.8304792372513652,0.5570495817199674,969.1936002396557,45,0.13825277457516993,0.9903969761273846,816.4069757614054,0.9506988325648256,-0.31011567158058584,747.6545927578351,-0.9751703242246421,0.2214561779486101,951.1731987771124
0.13825277457516993,0.9903969761273846,816.4069757614054,0.9506988325648256,-0.31011567158058584,747.6545927578351,-0.9751703242246421,0.2214561779486101,951.1731987771124,-90,0.7188836891295416,0.695130377341906,803.2631015699944,0.5618425272328543,-0.8272442049314093,764.562061799987,-0.6557273159681091,0.7549978060188385,935.4488689093847
0.7188836891295416,0.695130377341906,803.2631015699944,0.5618425272328543,-0.8272442049314093,764.562061799987,-0.6557273159681091,0.7549978060188385,935.4488689093847,45,0.5904937594200161,0.807042204649804,751.7156942528512,0.6865529334552076,-0.7270798233784577,808.9131158449875,-0.8348260259633626,0.550513856659593,899.5015091627396
0.5904937594200161,0.807042204649804,751.7156942528512,0.6865529334552076,-0.7270798233784577,808.9131158449875,-0.8348260259633626,0.550513856659593,899.5015091627396,0,0.5983641630635862,0.8012242684549776,733.9469691861528,0.6786925876810168,-0.7344224747560802,824.9430389896867,-0.8502058029709582,0.5264504654708819,887.7206731723327
0.5983641630635862,0.8012242684549776,733.9469691861528,0.6786925876810168,-0.7344224747560802,824.9430389896867,-0.8502058029709582,0.5264504654708819,887.7206731723327,90,-0.73639975995714,0.6765466676697673,726.4613781422746,0.8183661784716728,0.5746971358321443,812.3270166209991,-0.6199546658409311,-0.7846376312044048,902.661162304202
-0.73639975995714,0.6765466676697673,726.4613781422746,0.8183661784716728,0.5746971358321443,812.3270166209991,-0.6199546658409311,-0.7846376312044048,902.661162304202,-90,0.21604405775512267,0.976383615751873,658.7658063844085,0.8849938135546829,-0.4656027813167993,844.3838864292118,-0.9990857449892145,0.042751305937317546,894.8513103646326
0.21604405775512267,0.976383615751873,658.7658063844085,0.8849938135546829,-0.4656027813167993,844.3838864292118,-0.9990857449892145,0.042751305937317546,894.8513103646326,-90,0.9813367127120464,0.19229731221084323,638.1493864636791,0.06054487927063229,-0.9981654760580054,935.190033866898,-0.5275626340822706,0.8495161370569579,814.9731771315974
0.9813367127120464,0.19229731221084323,638.1493864636791,0.06054487927063229,-0.9981654760580054,935.190033866898,-0.5275626340822706,0.8495161370569579,814.9731771315974,0,0.9915332125237182,0.12985333442925162,632.6670726024707,0.04872087868319162,-0.9988124328322799,969.4788005703787,-0.5384609265458642,0.8426504794891945,785.8898808073432
0.9915332125237182,0.12985333442925162,632.6670726024707,0.04872087868319162,-0.9988124328322799,969.4788005703787,-0.5384609265458642,0.8426504794891945,785.8898808073432,-90,0.4551032227663726,-0.8904386877419812,650.2271463333583,-0.9133731994351916,-0.4071233210631905,974.5912691117351,0.6187196580544538,0.7856118537401149,772.7717009756649
0.4551032227663726,-0.8904386877419812,650.2271463333583,-0.9133731994351916,-0.4071233210631905,974.5912691117351,0.6187196580544538,0.7856118537401149,772.7717009756649,90,0.9974228241762205,-0.07174754220412183,648.8486495884848,-0.03140210576440258,-0.9995068322695755,1036.0008156718798,-0.47499398905130047,0.8799890399119372,719.5041473631687
0.9974228241762205,-0.07174754220412183,648.8486495884848,-0.03140210576440258,-0.9995068322695755,1036.0008156718798,-0.47499398905130047,0.8799890399119372,719.5041473631687,90,0.698025017360188,0.7160733727344631,609.2401532325301,0.7537660938052752,-0.6571428123547706,1068.2598018791107,-0.9968961276412274,0.07872808072045077,715.214969299998
0.698025017360188,0.7160733727344631,609.2401532325301,0.7537660938052752,-0.6571428123547706,1068.2598018791107,-0.9968961276412274,0.07872808072045077,715.214969299998,-45,0.9422104712429865,-0.3350215334572829,614.5481892261278,-0.26403782376949664,-0.9645123263178487,1077.4001841846475,-0.3606019102036549,0.932719819858823,705.0576691882109
0.9422104712429865,-0.3350215334572829,614.5481892261278,-0.26403782376949664,-0.9645123263178487,1077.4001841846475,-0.3606019102036549,0.932719819858823,705.0576691882109,90,0.6840324059452348,0.7294516211626193,551.8579685861504,0.7927849274173796,-0.6095014838864792,1120.8494356924273,-0.9884570123471398,-0.15150159979936312,716.4948412180178
0.6840324059452348,0.7294516211626193,551.8579685861504,0.7927849274173796,-0.6095014838864792,1120.8494356924273,-0.9884570123471398,-0.15150159979936312,716.4948412180178,0,0.7414118770290221,0.6710502429776046,509.2739535121838,0.7664993201436848,-0.6422451184861344,1158.750482082286,-0.9727467363509985,-0.23187019411403662,728.2147208934532
0.7414118770290221,0.6710502429776046,509.2739535121838,0.7664993201436848,-0.6422451184861344,1158.750482082286,-0.9727467363509985,-0.23187019411403662,728.2147208934532,-45,0.9831073141848732,0.18303007620663098,505.8613120083112,0.3469512654597461,-0.9378831587121504,1177.2435206815835,-0.9679516104953936,0.25113677496410963,722.5451591331645
0.9831073141848732,0.18303007620663098,505.8613120083112,0.3469512654597461,-0.9378831587121504,1177.2435206815835,-0.9679516104953936,0.25113677496410963,722.5451591331645,-45,0.782846555659733,-0.6222148104085056,542.8112289585894,-0.3774422466828928,-0.9260331259836067,1233.379596994994,-0.5659926226096624,0.824410305097793,670.4456236590213
0.782846555659733,-0.6222148104085056,542.8112289585894,-0.3774422466828928,-0.9260331259836067,1233.379596994994,-0.5659926226096624,0.824410305097793,670.4456236590213,90,0.9893927529963645,0.14526520684002311,528.2445512778675,0.49410655562318945,-0.8694013524777771,1285.8939559523387,-0.9985690088772763,-0.05347835552682993,673.0152464504469
0.9893927529963645,0.14526520684002311,528.2445512778675,0.49410655562318945,-0.8694013524777771,1285.8939559523387,-0.9985690088772763,-0.05347835552682993,673.0152464504469,-90,-0.14418583752736835,-0.9895506274347621,586.5332779400104,-0.9705508455447018,-0.2408963598987423,1292.0446146054917,0.29903754434427354,0.9542413463440718,617.2660934565041
-0.14418583752736835,-0.9895506274347621,586.5332779400104,-0.9705508455447018,-0.2408963598987423,1292.0446146054917,0.29903754434427354,0.9542413463440718,617.2660934565041,-45,-0.7817662836174767,-0.6235715498633008,597.2657899843728,-0.8660218670970258,0.5000061256722577,1281.562742859536,0.896160111028788,0.4437308366576188,609.6063778256072
-0.7817662836174767,-0.6235715498633008,597.2657899843728,-0.8660218670970258,0.5000061256722577,1281.562742859536,0.896160111028788,0.4437308366576188,609.6063778256072,0,-0.7308678331592915,-0.6825190183819363,639.9985759915407,-0.8870255749097447,0.4617202935284922,1250.4655522129347,0.9364862619843815,0.3507042644658324,583.481222723748
-0.7308678331592915,-0.6825190183819363,639.9985759915407,-0.8870255749097447,0.4617202935284922,1250.4655522129347,0.9364862619843815,0.3507042644658324,583.481222723748,-45,-0.9114139218297079,0.41149078130012945,631.7676621307314,0.1032467204286864,0.9946557770006268,1238.6089208923574,0.6660575732431143,-0.7459003345792877,594.8751624619488
-0.9114139218297079,0.41149078130012945,631.7676621307314,0.1032467204286864,0.9946557770006268,1238.6089208923574,0.6660575732431143,-0.7459003345792877,594.8751624619488,45,-0.897626184889001,-0.4407575662443209,662.2778945171146,-0.6521122303184795,0.7581224433223556,1180.7963455084125,0.9812601338528691,-0.19268769994747798,603.9318252634337
-0.897626184889001,-0.4407575662443209,662.2778945171146,-0.6521122303184795,0.7581224433223556,1180.7963455084125,0.9812601338528691,-0.19268769994747798,603.9318252634337,90,0.2787566400902796,-0.9603617732946155,673.8084967422684,-0.8485198370218051,-0.5291635722349841,1192.7422732015814,0.3458723642381732,0.9382815716277798,589.1559269684687
0.2787566400902796,-0.9603617732946155,673.8084967422684,-0.8485198370218051,-0.5291635722349841,1192.7422732015814,0.3458723642381732,0.9382815716277798,589.1559269684687,-45,-0.6828842834849259,-0.730526560344851,686.3168062720076,-0.8850134246053019,0.46556550373539884,1182.2920614515724,0.9915488612230311,0.12973378822538928,588.1022279939164
-0.6828842834849259,-0.730526560344851,686.3168062720076,-0.8850134246053019,0.46556550373539884,1182.2920614515724,0.9915488612230311,0.12973378822538928,588.1022279939164,90,-0.1701457067371289,-0.9854189152228219,734.7672799336307,-0.991905656212873,-0.12697704191274037,1188.9538913099475,0.8049657848334774,0.593321232763015,556.6276705851645
-0.1701457067371289,-0.9854189152228219,734.7672799336307,-0.991905656212873,-0.12697704191274037,1188.9538913099475,0.8049657848334774,0.593321232763015,556.6276705851645,0,-0.14612600581344598,-0.989265985680802,803.966632071481,-0.9809150093016095,-0.19443699371987672,1200.7268238381118,0.8588887671332938,0.5121621673769459,517.401918709585
-0.14612600581344598,-0.989265985680802,803.966632071481,-0.9809150093016095,-0.19443699371987672,1200.7268238381118,0.8588887671332938,0.5121621673769459,517.401918709585,-90,-0.9441351131397054,-0.3295586262513479,825.2688115953129,-0.582242907328553,0.8130148810849614,1134.213829659972,0.7280089066890619,-0.6855676711903769,569.9681845436112
-0.9441351131397054,-0.3295586262513479,825.2688115953129,-0.582242907328553,0.8130148810849614,1134.213829659972,0.7280089066890619,-0.6855676711903769,569.9681845436112,-90,-0.7313870481906766,0.6819625984897771,784.8562730267524,0.5118338880637191,0.8590844376599871,1088.8085273864474,-0.2800610787870233,-0.959982183245423,620.9283898401201
-0.7313870481906766,0.6819625984897771,784.8562730267524,0.5118338880637191,0.8590844376599871,1088.8085273864474,-0.2800610787870233,-0.959982183245423,620.9283898401201,90,-0.8973895003824873,-0.44123926004297237,813.529149138479,-0.5976611987478878,0.8017487708199107,1043.083695825976,0.7068003302835393,-0.7074130993352327,658.1767638696899
-0.8973895003824873,-0.44123926004297237,813.529149138479,-0.5976611987478878,0.8017487708199107,1043.083695825976,0.7068003302835393,-0.7074130993352327,658.1767638696899,45,-0.5345539344816727,-0.8451343627673434,863.6966017765556,-0.9340832979616902,0.35705516726272474,1021.0085503659458,0.9360255232982634,-0.35193212375998334,676.0538291588696
-0.5345539344816727,-0.8451343627673434,863.6966017765556,-0.9340832979616902,0.35705516726272474,1021.0085503659458,0.9360255232982634,-0.35193212375998334,676.0538291588696,-90,-0.9623711445860541,0.27173844054187146,854.9087228443163,0.09811888119529183,0.9951747008204058,1005.900215923677,-0.07812729926699503,-0.9969433911257175,691.2385727050394
-0.9623711445860541,0.27173844054187146,854.9087228443163,0.09811888119529183,0.9951747008204058,1005.900215923677,-0.07812729926699503,-0.9969433911257175,691.2385727050394,0,-0.9666963578480186,0.2559260669087376,851.2614775060518,0.09892634766460309,0.9950947581701665,991.9365015391794,-0.07614642781550843,-0.9970966460333409,705.2275484450295
-0.9666963578480186,0.2559260669087376,851.2614775060518,0.09892634766460309,0.9950947581701665,991.9365015391794,-0.07614642781550843,-0.9970966460333409,705.2275484450295,-90,0.17224569448581228,0.9850540191944299,809.4403757284186,0.9990689346336034,-0.04314236722847827,996.9748050273706,-0.9964425909422648,-0.08427433153853112,703.4341318555446
0.17224569448581228,0.9850540191944299,809.4403757284186,0.9990689346336034,-0.04314236722847827,996.9748050273706,-0.9964425909422648,-0.08427433153853112,703.4341318555446,-45,0.3691453951449328,0.9293716572196999,762.1267656130518,0.9627056186048127,-0.2705510892728486,1009.5011475297151,-0.9996775755003176,0.025391830217745794,700.3108615920587
0.3691453951449328,0.9293716572196999,762.1267656130518,0.9627056186048127,-0.2705510892728486,1009.5011475297151,-0.9996775755003176,0.025391830217745794,700.3108615920587,-90,0.9997948108436343,-0.020256757147712225,764.6378492173027,0.15373870333518672,-0.9881115377814468,1067.166116617119,-0.42484560195325516,0.9052658253247917,646.1385365814845
0.9997948108436343,-0.020256757147712225,764.6378492173027,0.15373870333518672,-0.9881115377814468,1067.166116617119,-0.42484560195325516,0.9052658253247917,646.1385365814845,0,0.9936224681571952,-0.1127581073502192,769.7173987140541,0.1451487004364889,-0.9894098517609365,1138.3178791019361,-0.4721585525835391,0.8815136421078333,581.7167643132954
0.9936224681571952,-0.1127581073502192,769.7173987140541,0.1451487004364889,-0.9894098517609365,1138.3178791019361,-0.4721585525835391,0.8815136421078333,581.7167643132954,45,0.8421713603118741,0.5392099775323594,734.8604878136699,0.7528366880964195,-0.6582073541491423,1175.6949674765751,-0.9732917555399151,0.22957168509646436,566.3427447665812
0.8421713603118741,0.5392099775323594,734.8604878136699,0.7528366880964195,-0.6582073541491423,1175.6949674765751,-0.9732917555399151,0.22957168509646436,566.3427447665812,0,0.8843263629632023,0.46686923626244053,698.0501303642297,0.7251802464185058,-0.6885590825807145,1224.5405932436533,-0.9950348043884633,0.09952757434808052,554.5158252940289
0.8843263629632023,0.46686923626244053,698.0501303642297,0.7251802464185058,-0.6885590825807145,1224.5405932436533,-0.9950348043884633,0.09952757434808052,554.5158252940289,45,0.12792808053354815,0.9917834472358379,636.4234843274893,0.9878151520799977,0.15563169767489857,1211.5589508577543,-0.5979656891461601,-0.8015216993968147,604.0829308990134
0.12792808053354815,0.9917834472358379,636.4234843274893,0.9878151520799977,0.15563169767489857,1211.5589508577543,-0.5979656891461601,-0.8015216993968147,604.0829308990134,90,-0.9920605359189518,-0.12576125425663578,647.7061125040946,-0.3215283210760622,0.9468999623751226,1147.9210461417488,0.8288662032363298,-0.559446884996772,634.4317736172794
-0.9920605359189518,-0.12576125425663578,647.7061125040946,-0.3215283210760622,0.9468999623751226,1147.9210461417488,0.8288662032363298,-0.559446884996772,634.4317736172794,90,0.2027796582741395,-0.9792243921544352,704.0785998081159,-0.8895597950175088,-0.45681875080649625,1177.6956969895732,0.506447463268736,0.8622708199566202,580.9690066671001
0.2027796582741395,-0.9792243921544352,704.0785998081159,-0.8895597950175088,-0.45681875080649625,1177.6956969895732,0.506447463268736,0.8622708199566202,580.9690066671001,-45,-0.728187207216014,-0.6853782833201981,733.6947078427485,-0.8461316077319696,0.5329740166245559,1151.2966274233831,0.994200432351574,-0.10754301610027261,585.5987263617093
-0.728187207216014,-0.6853782833201981,733.6947078427485,-0.8461316077319696,0.5329740166245559,1151.2966274233831,0.994200432351574,-0.10754301610027261,585.5987263617093,90,0.49638239550307545,-0.8681039784695312,772.4031386075344,-0.6709430439574705,-0.7415088885273621,1189.1524580686742,0.3194346573403297,0.947608304992029,538.9723263125576
0.49638239550307545,-0.8681039784695312,772.4031386075344,-0.6709430439574705,-0.7415088885273621,1189.1524580686742,0.3194346573403297,0.947608304992029,538.9723263125576,0,0.4642984864687303,-0.8856787879716022,835.5269151454189,-0.6367088111959327,-0.7711043312973039,1243.7459008705998,0.358460096066948,0.933545049543767,471.1389030131347
0.4642984864687303,-0.8856787879716022,835.5269151454189,-0.6367088111959327,-0.7711043312973039,1243.7459008705998,0.358460096066948,0.933545049543767,471.1389030131347,90,0.8832914946576776,-0.4688242052895796,840.7313565563021,-0.07572269919408717,-0.997128914848407,1256.8992059417494,-0.25404338757864625,0.9671928231886161,458.6794238866618
0.8832914946576776,-0.4688242052895796,840.7313565563021,-0.07572269919408717,-0.997128914848407,1256.8992059417494,-0.25404338757864625,0.9671928231886161,458.6794238866618,-90,-0.5888186562883214,-0.8082651730755295,851.8425425711139,-0.9756324615930112,0.21941125742760234,1248.6778116608064,0.998139436018794,0.060972668172582595,461.76699463476166
-0.5888186562883214,-0.8082651730755295,851.8425425711139,-0.9756324615930112,0.21941125742760234,1248.6778116608064,0.998139436018794,0.060972668172582595,461.76699463476166,45,0.0739225884734481,-0.9972639825609793,925.626674682574,-0.8574108526364019,-0.5146325191642267,1286.209540037672,0.7988987274321592,0.6014655628606485,412.5599361110092
0.0739225884734481,-0.9972639825609793,925.626674682574,-0.8574108526364019,-0.5146325191642267,1286.209540037672,0.7988987274321592,0.6014655628606485,412.5599361110092,0,0.07020123416300214,-0.997532849946302,990.5556192799777,-0.8342245078148895,-0.5514249455374731,1321.0239796790745,0.8735192982410743,0.48678951878652954,376.8713771131207
0.07020123416300214,-0.997532849946302,990.5556192799777,-0.8342245078148895,-0.5514249455374731,1321.0239796790745,0.8735192982410743,0.48678951878652954,376.8713771131207,-90,-0.8431543801858657,-0.5376715458096964,1009.9903917074904,-0.877912106301315,0.47882181822635095,1298.5538538472133,0.7759972274233338,-0.63073631814832,403.662769327876
-0.8431543801858657,-0.5376715458096964,1009.9903917074904,-0.877912106301315,0.47882181822635095,1298.5538538472133,0.7759972274233338,-0.63073631814832,403.662769327876,0,-0.8243191977012561,-0.5661253044169264,1033.5062854710707,-0.8912803723729749,0.4534526412126091,1278.8001728605645,0.7251326179093208,-0.688609240748318,431.68697236332025
-0.8243191977012561,-0.5661253044169264,1033.5062854710707,-0.8912803723729749,0.4534526412126091,1278.8001728605645,0.7251326179093208,-0.688609240748318,431.68697236332025,-90,-0.9838291904814354,-0.17910925145464585,1044.6969648188417,-0.5947203087541243,0.8039326802384632,1209.8073847938356,0.257303681171906,-0.9663305933558071,512.6829705594872
-0.9838291904814354,-0.17910925145464585,1044.6969648188417,-0.5947203087541243,0.8039326802384632,1209.8073847938356,0.257303681171906,-0.9663305933558071,512.6829705594872,-45,-0.9184679178550142,0.3954954915938672,1012.2966945473496,0.016805479763029676,0.9998587779531339,1135.1649209658876,-0.3351636944966155,-0.9421599109977984,582.1519713884769
-0.9184679178550142,0.3954954915938672,1012.2966945473496,0.016805479763029676,0.9998587779531339,1135.1649209658876,-0.3351636944966155,-0.9421599109977984,582.1519713884769,90,-0.47411321837014647,-0.8804638869179711,1063.0945835658977,-0.9970520233744617,0.07672849982172059,1134.5343351380554,0.8593647268385838,-0.5113631451968809,603.9814017063354
-0.47411321837014647,-0.8804638869179711,1063.0945835658977,-0.9970520233744617,0.07672849982172059,1134.5343351380554,0.8593647268385838,-0.5113631451968809,603.9814017063354,-45,-0.9381095327536694,-0.3463387136268367,1083.5779126879283,-0.68139120204293,0.7319194148118294,1081.708552275116,0.22401352429492535,-0.9745860356751306,671.8063209475837
-0.9381095327536694,-0.3463387136268367,1083.5779126879283,-0.68139120204293,0.7319194148118294,1081.708552275116,0.22401352429492535,-0.9745860356751306,671.8063209475837,0,-0.9355140419630904,-0.3532895091704269,1091.6291749334398,-0.6829165255583834,0.7304964196484921,1064.6522322175738,0.2046727868477897,-0.9788304502435339,694.5298377793875
-0.9355140419630904,-0.3532895091704269,1091.6291749334398,-0.6829165255583834,0.7304964196484921,1064.6522322175738,0.2046727868477897,-0.9788304502435339,694.5298377793875,-90,-0.4657596540263033,0.8849112637328662,1074.1973565563394,0.6541437005421297,0.7563702922782257,1054.674042931098,-0.9388002334482102,-0.34446207581907495,695.742280469304
-0.4657596540263033,0.8849112637328662,1074.1973565563394,0.6541437005421297,0.7563702922782257,1054.674042931098,-0.9388002334482102,-0.34446207581907495,695.742280469304,-45,-0.19707877925349737,0.9803876553526932,1054.984821026248,0.8513235093829096,0.5246410986302609,1044.3734411578,-0.9959443167547537,-0.08997176181395322,697.1152649281066
-0.19707877925349737,0.9803876553526932,1054.984821026248,0.8513235093829096,0.5246410986302609,1044.3734411578,-0.9959443167547537,-0.08997176181395322,697.1152649281066,45,-0.5118802750340651,0.8590567990715456,1044.0395390177348,0.6393358351839227,0.7689276232843218,1034.3069083363816,-0.9050889190396757,-0.4252223519896284,702.6993091161852
-0.5118802750340651,0.8590567990715456,1044.0395390177348,0.6393358351839227,0.7689276232843218,1034.3069083363816,-0.9050889190396757,-0.4252223519896284,702.6993091161852,0,-0.5364457534283077,0.8439348041340251,1024.4125973045543,0.6372063558541834,0.770693233432753,1016.4870584106139,-0.8844671090069579,-0.46660254294728615,713.0616028901452
-0.5364457534283077,0.8439348041340251,1024.4125973045543,0.6372063558541834,0.770693233432753,1016.4870584106139,-0.8844671090069579,-0.46660254294728615,713.0616028901452,-90,0.5276390459127243,0.8494686793686452,976.0468983158833,0.9652231240598503,-0.2614274675319003,1032.6120296181214,-0.8594495856760322,0.511220509840222,679.5907207371627
0.5276390459127243,0.8494686793686452,976.0468983158833,0.9652231240598503,-0.2614274675319003,1032.6120296181214,-0.8594495856760322,0.511220509840222,679.5907207371627,90,-0.6951327680678634,0.7188813773901157,934.6039007290971,0.5532139464212078,0.8330392124534554,979.1491956071067,-0.6976596049717037,-0.7164293933045506,725.100690427229
-0.6951327680678634,0.7188813773901157,934.6039007290971,0.5532139464212078,0.8330392124534554,979.1491956071067,-0.6976596049717037,-0.7164293933045506,725.100690427229,-45,-0.5278305971166217,0.8493496693044099,895.1976393122712,0.7579388205423572,0.6523256428463169,948.7910483506173,-0.8182583179573987,-0.5748506980891026,750.28603974102
-0.5278305971166217,0.8493496693044099,895.1976393122712,0.7579388205423572,0.6523256428463169,948.7910483506173,-0.8182583179573987,-0.5748506980891026,750.28603974102,-45,0.31090566415508375,0.9504407756384857,837.8929123277865,0.9796593318400458,-0.20066786872520204,959.7143681997992,-0.9874133841688841,0.15816070549966438,737.7313145916605
0.31090566415508375,0.9504407756384857,837.8929123277865,0.9796593318400458,-0.20066786872520204,959.7143681997992,-0.9874133841688841,0.15816070549966438,737.7313145916605,0,0.3339407407885365,0.9425940704468724,779.8908682563471,0.9654071663571416,-0.26074700985107074,973.7169642096408,-0.9971086422838139,0.07598918003853784,730.6896457386262
0.3339407407885365,0.9425940704468724,779.8908682563471,0.9654071663571416,-0.26074700985107074,973.7169642096408,-0.9971086422838139,0.07598918003853784,730.6896457386262,-90,0.9999239392482377,0.012333520109297889,779.3500829986544,0.15675854436752604,-0.9876369569673739,1032.0731717615809,-0.36984256165040447,0.9290944406204714,674.9762128179108
0.9999239392482377,0.012333520109297889,779.3500829986544,0.15675854436752604,-0.9876369569673739,1032.0731717615809,-0.36984256165040447,0.9290944406204714,674.9762128179108,90,-0.11026894219498176,0.9939017860871364,733.0924652896812,0.9806080186262002,0.19597937086846132,1015.6862914623306,-0.8686092897976042,-0.49549763034478944,702.7390658448571
-0.11026894219498176,0.9939017860871364,733.0924652896812,0.9806080186262002,0.19597937086846132,1015.6862914623306,-0.8686092897976042,-0.49549763034478944,702.7390658448571,45,-0.8241780145270186,0.5663308223735501,688.519502428843,0.6009922014412071,0.7992548866330762,953.8748687458233,-0.2513853582353467,-0.9678870810507217,775.7146390425164
-0.8241780145270186,0.5663308223735501,688.519502428843,0.6009922014412071,0.7992548866330762,953.8748687458233,-0.2513853582353467,-0.9678870810507217,775.7146390425164,0,-0.8379837791910646,0.5456951399936242,676.6649842378429,0.6127935700102828,0.7902430262609424,936.9091209362838,-0.24598832641664573,-0.9692727909452208,796.3840310387948
-0.8379837791910646,0.5456951399936242,676.6649842378429,0.6127935700102828,0.7902430262609424,936.9091209362838,-0.24598832641664573,-0.9692727909452208,796.3840310387948,90,-0.32278323218924077,-0.9464729182694382,694.8389928850372,-0.9251634192641697,0.3795690288411716,937.1474729376871,0.9998214292576048,-0.0188973436567297,789.2170005983734
-0.32278323218924077,-0.9464729182694382,694.8389928850372,-0.9251634192641697,0.3795690288411716,937.1474729376871,0.9998214292576048,-0.0188973436567297,789.2170005983734,-45,-0.5856623071487219,-0.8105551566582229,711.0563487897789,-0.7729924819157985,0.634415181802622,923.8909519820246,0.9367978080004713,-0.34987121477125266,796.3745520508874
-0.5856623071487219,-0.8105551566582229,711.0563487897789,-0.7729924819157985,0.634415181802622,923.8909519820246,0.9367978080004713,-0.34987121477125266,796.3745520508874,90,-0.04539807024670589,-0.9989689761038003,771.366012311087,-0.999027524965181,0.0440908648355254,920.2457090085823,0.9894277879155748,0.14502638553205477,784.419667364803
-0.04539807024670589,-0.9989689761038003,771.366012311087,-0.999027524965181,0.0440908648355254,920.2457090085823,0.9894277879155748,0.14502638553205477,784.419667364803,0,-0.04300571812769647,-0.9990748261308164,790.1215505524716,-0.9997524481457557,0.022249548907068095,919.7222845225845,0.9924126670728536,0.12295160931580176,781.8060346706476
-0.04300571812769647,-0.9990748261308164,790.1215505524716,-0.9997524481457557,0.022249548907068095,919.7222845225845,0.9924126670728536,0.12295160931580176,781.8060346706476,90,0.5159079309515554,-0.8566440373815049,836.2369417259235,-0.7982295493162865,-0.6023533735261372,952.1698035051971,0.7704706393581704,0.6374754849302144,745.3054506087593
0.5159079309515554,-0.8566440373815049,836.2369417259235,-0.7982295493162865,-0.6023533735261372,952.1698035051971,0.7704706393581704,0.6374754849302144,745.3054506087593,90,0.992854018630173,0.11933523239142807,825.3232182067057,0.27168907176251045,-0.9623850831578934,1008.2897274648162,-0.3611795678759537,0.9324962840402847,690.5918262701013
0.992854018630173,0.11933523239142807,825.3232182067057,0.27168907176251045,-0.9623850831578934,1008.2897274648162,-0.3611795678759537,0.9324962840402847,690.5918262701013,90,-0.3510257947167944,0.936365789338463,797.678893373744,0.8926790696522537,0.4506928872356282,987.3539268843573,-0.8145196430805004,-0.5801359763331474,714.4477202244829
-0.3510257947167944,0.936365789338463,797.678893373744,0.8926790696522537,0.4506928872356282,987.3539268843573,-0.8145196430805004,-0.5801359763331474,714.4477202244829,90,-0.9960135683376176,0.08920185921473851,798.9096661630314,0.0004101873338069227,0.999999915873172,969.1446613838029,0.13955262212580094,-0.9902146563537693,732.0212501619923
-0.9960135683376176,0.08920185921473851,798.9096661630314,0.0004101873338069227,0.999999915873172,969.1446613838029,0.13955262212580094,-0.9902146563537693,732.0212501619923,0,-0.9999631946261934,0.00857959165564268,795.8473283258305,0.0018656646192556547,0.9999982596462498,903.4833711825372,0.12650647383345917,-0.991965781707325,797.0794994248455
-0.9999631946261934,0.00857959165564268,795.8473283258305,0.0018656646192556547,0.9999982596462498,903.4833711825372,0.12650647383345917,-0.991965781707325,797.0794994248455,90,-0.8302562375697512,-0.5573818977833069,807.0040937012698,-0.5573607897271575,0.8302704078038187,888.0923100954133,0.6375937488059347,-0.7703727743654981,811.090221893106
-0.8302562375697512,-0.5573818977833069,807.0040937012698,-0.5573607897271575,0.8302704078038187,888.0923100954133,0.6375937488059347,-0.7703727743654981,811.090221893106,-45,-0.9671543319912231,0.25418988593295944,800.7893580513236,0.2798490435070039,0.960044016099374,872.6547977111287,-0.1695664507608794,-0.9855187561768464,827.1237319580734
-0.9671543319912231,0.25418988593295944,800.7893580513236,0.2798490435070039,0.960044016099374,872.6547977111287,-0.1695664507608794,-0.9855187561768464,827.1237319580734,45,-0.8475981351097345,-0.5306386730709516,824.8980058361778,-0.49219694488791427,0.8704838697201709,835.4030562743368,0.5401092801784108,-0.8415948939158073,862.3174496857308
-0.8475981351097345,-0.5306386730709516,824.8980058361778,-0.49219694488791427,0.8704838697201709,835.4030562743368,0.5401092801784108,-0.8415948939158073,862.3174496857308,-90,-0.6502774192433722,0.7596968329683753,776.9117944973653,0.8477201698824167,0.5304436950087412,806.5820928021626,-0.7444434125679172,-0.6676855588405621,896.7494769606038
-0.6502774192433722,0.7596968329683753,776.9117944973653,0.8477201698824167,0.5304436950087412,806.5820928021626,-0.7444434125679172,-0.6676855588405621,896.7494769606038,-90,0.4593123015357565,0.8882748502901151,724.5354628428304,0.7995840031136174,-0.6005542622984227,843.7142863060186,-0.9381300275014838,0.34628319552075476,871.4088299511742
0.4593123015357565,0.8882748502901151,724.5354628428304,0.7995840031136174,-0.6005542622984227,843.7142863060186,-0.9381300275014838,0.34628319552075476,871.4088299511742,-90,0.9970522340333722,-0.07672576235568908,728.9916403484815,-0.2140825240477844,-0.976815577730684,857.5540960767255,-0.06411261118549635,0.9979426702406192,856.2592572918378
0.9970522340333722,-0.07672576235568908,728.9916403484815,-0.2140825240477844,-0.976815577730684,857.5540960767255,-0.06411261118549635,0.9979426702406192,856.2592572918378,90,0.8994777726360388,0.4369665164903491,706.9230938999041,0.3437121039578649,-0.9390750713296876,900.7759436669102,-0.632699729134924,0.7743972189726624,820.193721439644
0.8994777726360388,0.4369665164903491,706.9230938999041,0.3437121039578649,-0.9390750713296876,900.7759436669102,-0.632699729134924,0.7743972189726624,820.193721439644,45,0.7607205761374772,0.6490795059475108,661.9151508997584,0.5912196792964888,-0.8065105646007106,953.3156806591666,-0.8829312355439212,0.46950232512830514,787.1080148179474
0.7607205761374772,0.6490795059475108,661.9151508997584,0.5912196792964888,-0.8065105646007106,953.3156806591666,-0.8829312355439212,0.46950232512830514,787.1080148179474,-90,0.5324929771873803,-0.846434421113721,703.531702450789,-0.8469949141518895,-0.5316009926635138,971.3924316944751,0.6019540174016382,0.7985307514016152,753.7551806477389
0.5324929771873803,-0.846434421113721,703.531702450789,-0.8469949141518895,-0.5316009926635138,971.3924316944751,0.6019540174016382,0.7985307514016152,753.7551806477389,-90,-0.8189407025576387,-0.5738781453360992,721.2715280106471,-0.5469773745418546,0.8371473894956012,935.90523939062,0.7762954197277016,-0.6303692737672036,781.5761467181644
-0.8189407025576387,-0.5738781453360992,721.2715280106471,-0.5469773745418546,0.8371473894956012,935.90523939062,0.7762954197277016,-0.6303692737672036,781.5761467181644,-90,-0.6555802484944852,0.7551255112786941,673.1189287823609,0.8364898256106376,0.547982455604087,906.9607115443937,-0.5475345379400349,-0.8367830840563117,826.5673864151142
-0.6555802484944852,0.7551255112786941,673.1189287823609,0.8364898256106376,0.547982455604087,906.9607115443937,-0.5475345379400349,-0.8367830840563117,826.5673864151142,-45,0.13117202717390042,0.9913596215738714,659.7892888080936,0.962193040021148,-0.27236841545021606,911.9376654277912,-0.9862291519724896,-0.1653845815051211,827.3184547838214
0.13117202717390042,0.9913596215738714,659.7892888080936,0.962193040021148,-0.27236841545021606,911.9376654277912,-0.9862291519724896,-0.1653845815051211,827.3184547838214,0,0.13553538235395465,0.9907725067492372,638.2292940413892,0.955702915038555,-0.2943330395772934,918.0045706708491,-0.9816552168547559,-0.19066471939465396,831.2862273444508
0.13553538235395465,0.9907725067492372,638.2292940413892,0.955702915038555,-0.2943330395772934,918.0045706708491,-0.9816552168547559,-0.19066471939465396,831.2862273444508,45,-0.13093399230712263,0.9913910881476181,598.4572076588685,0.9964513403305616,-0.08417081651871597,919.9491667471905,-0.8812662822165244,-0.47262007979799714,850.0227699296355
-0.13093399230712263,0.9913910881476181,598.4572076588685,0.9964513403305616,-0.08417081651871597,919.9491667471905,-0.8812662822165244,-0.47262007979799714,850.0227699296355,0,-0.12428501806874774,0.9922465592198599,575.3866829545589,0.9926669208193049,-0.12088169551722863,922.3212861695484,-0.875487587292916,-0.4832406072507036,861.1534560816963
-0.12428501806874774,0.9922465592198599,575.3866829545589,0.9926669208193049,-0.12088169551722863,922.3212861695484,-0.875487587292916,-0.4832406072507036,861.1534560816963,90,-0.9931291624989858,0.11702335918124725,568.228793589202,0.4870613661974677,0.8733677493231911,862.1549523512812,0.13194182871988178,-0.9912574609222639,925.8451500460754
-0.9931291624989858,0.11702335918124725,568.228793589202,0.4870613661974677,0.8733677493231911,862.1549523512812,0.13194182871988178,-0.9912574609222639,925.8451500460754,-90,0.1826690293842908,0.9831744635128605,521.9816101740463,0.8297676469445652,-0.558108996598406,892.9288893074801,-0.9897230784231736,-0.14299730080164597,925.714254702762
0.1826690293842908,0.9831744635128605,521.9816101740463,0.8297676469445652,-0.558108996598406,892.9288893074801,-0.9897230784231736,-0.14299730080164597,925.714254702762,0,0.21119514186643915,0.9774439175993754,473.51461922112816,0.7978013589299436,-0.6029203858632873,921.2186356213872,-0.9828839432756644,-0.18422582351798705,934.2420321394932
0.21119514186643915,0.9774439175993754,473.51461922112816,0.7978013589299436,-0.6029203858632873,921.2186356213872,-0.9828839432756644,-0.18422582351798705,934.2420321394932,90,-0.9500210118041993,0.3121859656206944,456.1786104509176,0.7975941816703672,0.6031944308144574,880.1431955272562,-0.045166335143917866,-0.9989794803546603,993.9781711048437
-0.9500210118041993,0.3121859656206944,456.1786104509176,0.7975941816703672,0.6031944308144574,880.1431955272562,-0.045166335143917866,-0.9989794803546603,993.9781711048437,90,-0.6074353991219398,-0.7943690803987588,470.1660065793996,-0.3002847415431908,0.9538496076407114,866.2204764047199,0.9165124669197963,-0.4000061224288816,997.404789312153
-0.6074353991219398,-0.7943690803987588,470.1660065793996,-0.3002847415431908,0.9538496076407114,866.2204764047199,0.9165124669197963,-0.4000061224288816,997.404789312153,-90,-0.9983217569473112,0.057910876401879446,461.7023690935536,0.7487129371853277,0.6628943639007044,827.614184041453,0.05774521970234852,-0.9983313526087055,1055.596796900502
-0.9983217569473112,0.057910876401879446,461.7023690935536,0.7487129371853277,0.6628943639007044,827.614184041453,0.05774521970234852,-0.9983313526087055,1055.596796900502,45,-0.6098177780076653,-0.7925416567132568,472.0290329495634,-0.1221620515456415,0.9925101677877965,817.1964561519463,0.8474482870502081,-0.5308779528061681,1058.8572556994168
-0.6098177780076653,-0.7925416567132568,472.0290329495634,-0.1221620515456415,0.9925101677877965,817.1964561519463,0.8474482870502081,-0.5308779528061681,1058.8572556994168,90,0.213341011033817,-0.9769777955568226,554.572928012935,-0.9057042326089679,0.42391018274417586,779.3679057318436,0.9616816795685208,0.27416846496683184,1029.9671900040505
0.213341011033817,-0.9769777955568226,554.572928012935,-0.9057042326089679,0.42391018274417586,779.3679057318436,0.9616816795685208,0.27416846496683184,1029.9671900040505,0,0.1916761012416382,-0.9814582376305195,611.622053684924,-0.932433384534146,0.3613419203554957,756.5261611826547,0.9757331377162214,0.21896311096268564,1015.5230064128356
0.1916761012416382,-0.9814582376305195,611.622053684924,-0.932433384534146,0.3613419203554957,756.5261611826547,0.9757331377162214,0.21896311096268564,1015.5230064128356,45,0.8728718810418079,-0.48794946386540483,618.2114281024332,-0.856124611769734,-0.5167694351663246,766.9888720421243,0.44530544905716657,0.8953787226866603,999.1319481612276
0.8728718810418079,-0.48794946386540483,618.2114281024332,-0.856124611769734,-0.5167694351663246,766.9888720421243,0.44530544905716657,0.8953787226866603,999.1319481612276,90,0.8828682283778272,0.4696207952390916,592.5509710555709,0.03007482254581059,-0.9995476502142546,813.5706566112743,-0.5903962986722503,0.8071135053473626,962.6287827085267
0.8828682283778272,0.4696207952390916,592.5509710555709,0.03007482254581059,-0.9995476502142546,813.5706566112743,-0.5903962986722503,0.8071135053473626,962.6287827085267,-45,0.966087161682947,-0.2582161808086152,609.2359455735356,-0.49977387883068564,-0.8661559155478482,887.9355592490257,-0.02650531901057113,0.9996486723165033,875.3349743834528
0.966087161682947,-0.2582161808086152,609.2359455735356,-0.49977387883068564,-0.8661559155478482,887.9355592490257,-0.02650531901057113,0.9996486723165033,875.3349743834528,-90,-0.2573664944416911,-0.9663138659559817,667.943763132234,-0.878085571836713,0.4785036348160719,851.4493471177543,0.9968843795503609,-0.07887670003551084,883.7118934965456
-0.2573664944416911,-0.9663138659559817,667.943763132234,-0.878085571836713,0.4785036348160719,851.4493471177543,0.9968843795503609,-0.07887670003551084,883.7118934965456,0,-0.23682633852816906,-0.9715519982889959,729.3579469691412,-0.9079530304814293,0.41907194422865957,823.0310849579379,0.9886131716358411,-0.15047922404147035,890.9321269361883
-0.23682633852816906,-0.9715519982889959,729.3579469691412,-0.9079530304814293,0.41907194422865957,823.0310849579379,0.9886131716358411,-0.15047922404147035,890.9321269361883,-45,-0.8726246271441376,-0.4883915028965541,744.717064574919,-0.27915845179626586,0.9602450514273488,787.9663712805796,0.5099722194535667,-0.8601908714846974,922.59112626834
-0.8726246271441376,-0.4883915028965541,744.717064574919,-0.27915845179626586,0.9602450514273488,787.9663712805796,0.5099722194535667,-0.8601908714846974,922.59112626834,45,0.053481024427638336,-0.9985688659407373,812.2614838714682,-0.9969331445145111,0.07825794124821482,782.9557268333116,0.9999008695903484,0.014080163083753735,915.9029021577993
0.053481024427638336,-0.9985688659407373,812.2614838714682,-0.9969331445145111,0.07825794124821482,782.9557268333116,0.9999008695903484,0.014080163083753735,915.9029021577993,-45,-0.17330203413958528,-0.9848687247359833,868.6795193884474,-0.969585806472835,0.24475163714758316,766.8842177310366,0.9593759714092219,-0.28213072410251905,930.4876890131025
-0.17330203413958528,-0.9848687247359833,868.6795193884474,-0.969585806472835,0.24475163714758316,766.8842177310366,0.9593759714092219,-0.28213072410251905,930.4876890131025,90,0.9998317620586831,0.018342507424801733,856.9470331974975,-0.0012844657214112893,-0.9999991750735651,823.3741517111118,0.020269710413705105,0.9997945483146747,873.7585305483392
0.9998317620586831,0.018342507424801733,856.9470331974975,-0.0012844657214112893,-0.9999991750735651,823.3741517111118,0.020269710413705105,0.9997945483146747,873.7585305483392,45,0.5540948655670656,0.8324535302058701,846.4599621065308,0.8162794477052637,-0.5776572195117011,826.7462557818993,-0.8194666982024867,0.5731268014472142,870.3165237138668
0.5540948655670656,0.8324535302058701,846.4599621065308,0.8162794477052637,-0.5776572195117011,826.7462557818993,-0.8194666982024867,0.5731268014472142,870.3165237138668,90,-0.9733052875143899,0.22951430738960626,832.0994029952763,0.3592978399532817,0.9332229434625501,759.2021868152747,-0.31155445308708135,-0.9502283003371398,938.3931587906505
-0.9733052875143899,0.22951430738960626,832.0994029952763,0.3592978399532817,0.9332229434625501,759.2021868152747,-0.31155445308708135,-0.9502283003371398,938.3931587906505,0,-0.9870554761613838,0.16037919746595566,820.7280523443679,0.38622790344807634,0.9224033860508662,704.6688583334584,-0.2933862279878488,-0.9559939964388177,994.3987006754281
-0.9870554761613838,0.16037919746595566,820.7280523443679,0.38622790344807634,0.9224033860508662,704.6688583334584,-0.2933862279878488,-0.9559939964388177,994.3987006754281,45,-0.6065970334957345,-0.7950094584054801,871.1456521928638,-0.6454968243466507,0.763762953905457,658.545387452171,0.6423669478119728,-0.7663972236110529,1038.5142595720727
-0.6065970334957345,-0.7950094584054801,871.1456521928638,-0.6454968243466507,0.763762953905457,658.545387452171,0.6423669478119728,-0.7663972236110529,1038.5142595720727,0,-0.563979432673659,-0.8257888347035807,918.9889500506739,-0.7024869398696033,0.7116966343271832,615.4708525310033,0.626253216517199,-0.7796197206342732,1083.6327285179423
-0.563979432673659,-0.8257888347035807,918.9889500506739,-0.7024869398696033,0.7116966343271832,615.4708525310033,0.626253216517199,-0.7796197206342732,1083.6327285179423,-90,-0.8313199201646585,0.555794197826341,895.6045067355624,0.7568281021692788,0.6536139715205358,595.2931987559156,-0.7743073242146737,-0.6328097404967089,1101.905763885937
-0.8313199201646585,0.555794197826341,895.6045067355624,0.7568281021692788,0.6536139715205358,595.2931987559156,-0.7743073242146737,-0.6328097404967089,1101.905763885937,45,-0.960089376051378,-0.2796933856802405,901.990402161808,0.006921392038409102,0.9999760468792493,574.2672945519533,-0.0351373210110209,-0.9993824936790561,1122.9403036635654
-0.960089376051378,-0.2796933856802405,901.990402161808,0.006921392038409102,0.9999760468792493,574.2672945519533,-0.0351373210110209,-0.9993824936790561,1122.9403036635654,45,-0.40890827281042696,-0.9125754897142446,967.2672976330017,-0.8011009686691962,0.5985292290250122,529.5519097031471,0.6855297492469387,-0.728044616007446,1173.00981456689
-0.40890827281042696,-0.9125754897142446,967.2672976330017,-0.8011009686691962,0.5985292290250122,529.5519097031471,0.6855297492469387,-0.728044616007446,1173.00981456689,-90,-0.9847221924079761,0.17413271886474682,951.3493940285084,0.4897464111710483,0.8718649280393601,481.7236443422826,-0.5609974683627481,-0.8278175164192815,1216.5437556941429
-0.9847221924079761,0.17413271886474682,951.3493940285084,0.4897464111710483,0.8718649280393601,481.7236443422826,-0.5609974683627481,-0.8278175164192815,1216.5437556941429,90,-0.5752717211797468,-0.8179623749359696,970.6982699163783,-0.5987323136018308,0.8009491972959328,465.66779061757103,0.4931245368141261,-0.8699587295911534,1234.0810391617927
-0.5752717211797468,-0.8179623749359696,970.6982699163783,-0.5987323136018308,0.8009491972959328,465.66779061757103,0.4931245368141261,-0.8699587295911534,1234.0810391617927,-90,-0.8588338537010388,-0.5122542452113233,1012.7656491592712,-0.17569551553082738,0.9844445570078372,378.57482763253023,0.01639775189834271,-0.9998655478276469,1322.2548090731227
-0.8588338537010388,-0.5122542452113233,1012.7656491592712,-0.17569551553082738,0.9844445570078372,378.57482763253023,0.01639775189834271,-0.9998655478276469,1322.2548090731227,-90,-0.8254793706579535,0.5644322887806374,1004.0110963556577,0.8409329885253767,0.5411392693288657,374.0945891152263,-0.9003365113221022,-0.435194400676693,1325.1150446679299
-0.8254793706579535,0.5644322887806374,1004.0110963556577,0.8409329885253767,0.5411392693288657,374.0945891152263,-0.9003365113221022,-0.435194400676693,1325.1150446679299,90,-0.611942498719163,-0.7909022558201153,1020.6574002373177,-0.514210343797618,0.8576641081049944,360.9659383642728,0.3673722184306424,-0.9300740041122256,1339.9057014055877
-0.611942498719163,-0.7909022558201153,1020.6574002373177,-0.514210343797618,0.8576641081049944,360.9659383642728,0.3673722184306424,-0.9300740041122256,1339.9057014055877,45,-0.3863826735715289,-0.9223385655840903,1074.6367594183348,-0.788728242343453,0.614742026975387,321.9817459005091,0.5574887464731951,-0.8301844960945401,1388.1780018042139
-0.3863826735715289,-0.9223385655840903,1074.6367594183348,-0.788728242343453,0.614742026975387,321.9817459005091,0.5574887464731951,-0.8301844960945401,1388.1780018042139,-45,-0.8468873303133599,-0.5317723664827931,1084.465106995527,-0.2912301971807611,0.956653005143482,302.905939675702,-0.036903954462304496,-0.9993188170674283,1407.851983800435
0.15255651706293633,0.9882947480896709,934.1648008761731,0.6202019977801314,-0.7844421469742264,349.87442775375854,-0.7792048751964465,0.6267693056221645,1354.1669450979891,90,-0.8767798715682965,0.48089193881025033,928.1854691453104,0.966455427446052,0.25683439559387083,342.9586930411591,-0.8588930952317503,-0.5121549091468552,1364.6490629947687
-0.8767798715682965,0.48089193881025033,928.1854691453104,0.966455427446052,0.25683439559387083,342.9586930411591,-0.8588930952317503,-0.5121549091468552,1364.6490629947687,90,-0.8062004826911631,-0.5916424441404924,980.4288156945408,0.3256596736778313,0.9454870580500023,256.29549868111224,0.021979750389743122,-0.9997584161050131,1454.3019296707955
0.37278607231854116,0.9279173154356564,834.0999604994715,0.19559205551579617,-0.9806853459795888,411.6436615632749,-0.6533130212142645,0.757087905273813,1326.6655132719852,-90,0.9687470168501106,0.24805083620905533,832.5591857006924,-0.646379691077663,-0.7630159205169607,420.0745620655933,0.21260489062448923,0.9771382504449148,1314.638839261415
0.9687470168501106,0.24805083620905533,832.5591857006924,-0.646379691077663,-0.7630159205169607,420.0745620655933,0.21260489062448923,0.9771382504449148,1314.638839261415,-45,0.7305012830940609,-0.6829113232315969,846.4055889376972,-0.9966479591070536,0.081809813639592,415.3034805837413,0.938114175427384,0.34632613800029516,1311.4568162867467
0.7305012830940609,-0.6829113232315969,846.4055889376972,-0.9966479591070536,0.081809813639592,415.3034805837413,0.938114175427384,0.34632613800029516,1311.4568162867467,-45,0.17183548349034614,-0.9851256603163066,909.5210251870487,-0.831655329599137,0.5552921868254143,375.75281137644197,0.9471177671079023,-0.3208861717627317,1331.337168134842
0.17183548349034614,-0.9851256603163066,909.5210251870487,-0.831655329599137,0.5552921868254143,375.75281137644197,0.9471177671079023,-0.3208861717627317,1331.337168134842,0,0.1717986648535097,-0.9851320818827044,944.276179286251,-0.8774610671070258,0.47964786636802587,357.3601863210842,0.9410181317535752,-0.33835613739226156,1343.0869751313353
0.1717986648535097,-0.9851320818827044,944.276179286251,-0.8774610671070258,0.47964786636802587,357.3601863210842,0.9410181317535752,-0.33835613739226156,1343.0869751313353,90,0.98754532197281,-0.15733479287690647,948.0115234389084,-0.6336794341405994,-0.7735957437494403,399.41888860313054,0.5981524252463518,0.8013823532945479,1297.9480762237602
0.98754532197281,-0.15733479287690647,948.0115234389084,-0.6336794341405994,-0.7735957437494403,399.41888860313054,0.5981524252463518,0.8013823532945479,1297.9480762237602,45,0.7357980837390511,0.6772009893421158,900.444702597139,0.2231017394703451,-0.9747951650707477,463.7038952125052,-0.32323450822625466,0.9463188958758729,1235.1802226538643
0.7357980837390511,0.6772009893421158,900.444702597139,0.2231017394703451,-0.9747951650707477,463.7038952125052,-0.32323450822625466,0.9463188958758729,1235.1802226538643,0,0.7535945178735128,0.6573395641759194,868.1519179554522,0.215747692295371,-0.9764491452550009,510.9763914798119,-0.3491916070326556,0.9370513441524704,1189.5433042347513
0.7535945178735128,0.6573395641759194,868.1519179554522,0.215747692295371,-0.9764491452550009,510.9763914798119,-0.3491916070326556,0.9370513441524704,1189.5433042347513,90,-0.690297098953459,0.7235260293703595,865.4546718080618,0.9732225261908721,0.22986499192930018,501.8655885338225,-0.9236963287047772,-0.3831254263779894,1199.7866264275494
-0.690297098953459,0.7235260293703595,865.4546718080618,0.9732225261908721,0.22986499192930018,501.8655885338225,-0.9236963287047772,-0.3831254263779894,1199.7866264275494,0,-0.7124585208726921,0.701714226758939,826.4022275696019,0.9939869068873731,0.10949899057284741,492.79107310502286,-0.9128125980388831,-0.4083786978547049,1221.1875538720496
-0.7124585208726921,0.701714226758939,826.4022275696019,0.9939869068873731,0.10949899057284741,492.79107310502286,-0.9128125980388831,-0.4083786978547049,1221.1875538720496,-90,0.4308937910786089,0.90240264893777,775.0856225156547,0.4163177867989163,-0.9092191707145489,545.2850651085907,-0.729963615991837,0.6834860052174602,1179.844244902894
0.4308937910786089,0.90240264893777,775.0856225156547,0.4163177867989163,-0.9092191707145489,545.2850651085907,-0.729963615991837,0.6834860052174602,1179.844244902894,-90,0.9497030027078235,-0.31315205036490457,781.5565148873752,-0.8377289567292278,-0.5460862523973293,545.0300046446067,0.5856556268349368,0.8105599834414337,1177.0726171154013
0.9497030027078235,-0.31315205036490457,781.5565148873752,-0.8377289567292278,-0.5460862523973293,545.0300046446067,0.5856556268349368,0.8105599834414337,1177.0726171154013,90,0.8616986960961125,0.507420296348362,773.026401333111,-0.12257387659407212,-0.992459392003875,560.6678670639329,-0.24318472639858155,0.9699799940444375,1161.970729905887
0.8616986960961125,0.507420296348362,773.026401333111,-0.12257387659407212,-0.992459392003875,560.6678670639329,-0.24318472639858155,0.9699799940444375,1161.970729905887,90,-0.1439174939152243,0.9895896901974885,714.2259038530386,0.8158613448734103,-0.5782475818724625,590.2577756664372,-0.9943892028118092,0.10578333201074107,1157.3892006298875
-0.1439174939152243,0.9895896901974885,714.2259038530386,0.8158613448734103,-0.5782475818724625,590.2577756664372,-0.9943892028118092,0.10578333201074107,1157.3892006298875,-45,0.0951288028655825,0.9954649721940804,657.360432769864,0.6154872955816674,-0.7881468067419707,634.3409891938112,-0.9580808052292523,0.28649811631364597,1139.5690143959614
0.0951288028655825,0.9954649721940804,657.360432769864,0.6154872955816674,-0.7881468067419707,634.3409891938112,-0.9580808052292523,0.28649811631364597,1139.5690143959614,90,-0.8358734918522478,0.5489221307423578,650.4857476285049,0.9912377590529518,0.1320897612522724,630.136762828368,-0.7098286768955538,-0.7043743674046548,1151.7641198907938
-0.8358734918522478,0.5489221307423578,650.4857476285049,0.9912377590529518,0.1320897612522724,630.136762828368,-0.7098286768955538,-0.7043743674046548,1151.7641198907938,-45,0.013723241685617803,0.9999058318850021,604.951508906757,0.6145624422325083,-0.7888681794807133,666.7321742113261,-0.9839705377389154,0.17833109897544425,1140.843551118453
0.013723241685617803,0.9999058318850021,604.951508906757,0.6145624422325083,-0.7888681794807133,666.7321742113261,-0.9839705377389154,0.17833109897544425,1140.843551118453,90,-0.6991978277814205,0.7149282464875361,559.3523836154558,0.9591606926433591,-0.28286174306171474,680.3067139579707,-0.8366911504951172,-0.5476750119214471,1175.376998692884
-0.6991978277814205,0.7149282464875361,559.3523836154558,0.9591606926433591,-0.28286174306171474,680.3067139579707,-0.8366911504951172,-0.5476750119214471,1175.376998692884,0,-0.7446292210883138,0.6674783315594681,516.0032713538549,0.9244654875813046,-0.3812657370798754,701.0978933414934,-0.8227939408885602,-0.5683398022636391,1210.457044280333
-0.7446292210883138,0.6674783315594681,516.0032713538549,0.9244654875813046,-0.3812657370798754,701.0978933414934,-0.8227939408885602,-0.5683398022636391,1210.457044280333,-45,-0.20350330429912636,0.9790742592568437,496.28186833432676,0.501911886140369,-0.8649187583530706,718.7960022408374,-0.9998007588321552,0.019961027995732947,1208.8327977174552
-0.20350330429912636,0.9790742592568437,496.28186833432676,0.501911886140369,-0.8649187583530706,718.7960022408374,-0.9998007588321552,0.019961027995732947,1208.8327977174552,-90,0.7855582908956402,0.6187876627770795,483.78001401914076,-0.4981034600230319,-0.8671176062755754,737.4826790944719,-0.47094519496847426,0.8821624699204256,1186.558275839986
0.7855582908956402,0.6187876627770795,483.78001401914076,-0.4981034600230319,-0.8671176062755754,737.4826790944719,-0.47094519496847426,0.8821624699204256,1186.558275839986,45,0.03527506038041308,0.9993776413924609,437.064109713495,0.3188023999313413,-0.9478212013866418,781.0092931583144,-0.9850396291612085,0.172327969238742,1179.274181859185
0.03527506038041308,0.9993776413924609,437.064109713495,0.3188023999313413,-0.9478212013866418,781.0092931583144,-0.9850396291612085,0.172327969238742,1179.274181859185,-90,0.9483305617873165,0.3172840140633511,437.20821098050067,-0.7480384031187118,-0.663655443328545,785.4848055492671,-0.2102760813576188,0.9776420457452124,1167.0016537043853
0.9483305617873165,0.3172840140633511,437.20821098050067,-0.7480384031187118,-0.663655443328545,785.4848055492671,-0.2102760813576188,0.9776420457452124,1167.0016537043853,45,0.3761313591649088,0.9265663498383472,423.58483474735027,0.02140330017986987,-0.9997709231325996,799.2464652583332,-0.8879401848038299,0.45995894187475084,1162.487415943906
0.3761313591649088,0.9265663498383472,423.58483474735027,0.02140330017986987,-0.9997709231325996,799.2464652583332,-0.8879401848038299,0.45995894187475084,1162.487415943906,-45,0.6117988668861966,0.7910133668129546,411.2808325380603,-0.22246433912094135,-0.9749408278554564,814.3196934946374,-0.7530330918151724,0.6579826461475121,1152.1684960166199
0.6117988668861966,0.7910133668129546,411.2808325380603,-0.22246433912094135,-0.9749408278554564,814.3196934946374,-0.7530330918151724,0.6579826461475121,1152.1684960166199,0,0.6411090559672841,0.7674497888179642,394.3225817485222,-0.2208113838142036,-0.9753165295318522,835.4874855297475,-0.7597972425385838,0.6501600958462188,1138.0454026429788
