red_sin_t,red_cos_t,red_dist_t,green_sin_t,green_cos_t,green_dist_t,blue_sin_t,blue_cos_t,blue_dist_t,action,red_sin_t1,red_cos_t1,red_dist_t1,green_sin_t1,green_cos_t1,green_dist_t1,blue_sin_t1,blue_cos_t1,blue_dist_t1
0.6410818187239863,0.7674725413339203,394.31907340255555,-0.22077340123649788,-0.9753251279991039,835.4912875961365,-0.759824767658075,0.6501279277598774,1138.043870704926,-90,0.9021811120254392,-0.4313574400709254,404.76718999111085,-0.995864406464716,-0.09085198917293458,834.2015572350006,0.4136144434228518,0.9104521361345717,1121.7784799564038
0.9021811120254392,-0.4313574400709254,404.76718999111085,-0.995864406464716,-0.09085198917293458,834.2015572350006,0.4136144434228518,0.9104521361345717,1121.7784799564038,45,0.9014290460622696,0.4329268701700863,392.8666758057369,-0.5042153197471211,-0.8635779706154555,854.204744167726,-0.5015525304333968,0.8651271925074697,1103.799648921239
0.9014290460622696,0.4329268701700863,392.8666758057369,-0.5042153197471211,-0.8635779706154555,854.204744167726,-0.5015525304333968,0.8651271925074697,1103.799648921239,45,0.580912181168659,0.8139662387162451,340.05487110279716,0.05804082870493851,-0.9983142101579262,916.0343854685477,-0.9207214368047398,0.39022049639686457,1079.3072386307524
0.580912181168659,0.8139662387162451,340.05487110279716,0.05804082870493851,-0.9983142101579262,916.0343854685477,-0.9207214368047398,0.39022049639686457,1079.3072386307524,-45,0.8874552103023677,0.46089396796571375,306.69986937129596,-0.23190744055058526,-0.9727378572962383,976.7400114013811,-0.7880314510419381,0.6156349828987446,1039.6611803238447
0.8874552103023677,0.46089396796571375,306.69986937129596,-0.23190744055058526,-0.9727378572962383,976.7400114013811,-0.7880314510419381,0.6156349828987446,1039.6611803238447,45,0.39051054148383163,0.9205984558916035,287.68238656476694,0.4507524518301006,-0.8926489943808557,993.9540610810944,-0.9976867989476715,-0.06797831422996886,1042.159774477791
0.6714544871682897,-0.7410457959273293,309.79087636496007,-0.8509060107558313,-0.5253179616761615,1104.2935058574644,-0.15340362858988374,0.9881636133431837,929.0882773337365,-90,-0.3227262034695019,-0.9464923653121359,340.7457820517372,-0.861675571185013,0.5074595649142714,1083.7605676467706,0.8355591514079539,0.5494004955389283,912.5749547221038
-0.3227262034695019,-0.9464923653121359,340.7457820517372,-0.861675571185013,0.5074595649142714,1083.7605676467706,0.8355591514079539,0.5494004955389283,912.5749547221038,45,-0.1099075905953278,-0.9939418099313108,379.4631344569983,-0.9575711483547522,0.28819697402741945,1071.7368102346443,0.7276552224749133,0.6859430568239497,885.4876342512807
-0.1099075905953278,-0.9939418099313108,379.4631344569983,-0.9575711483547522,0.28819697402741945,1071.7368102346443,0.7276552224749133,0.6859430568239497,885.4876342512807,-90,-0.9987867293031963,-0.04924499332748141,375.03967654413583,0.2681479326152641,0.9633777484632702,1027.7674245578762,0.688063270406365,-0.7256506982823744,921.4449733881726
-0.9987867293031963,-0.04924499332748141,375.03967654413583,0.2681479326152641,0.9633777484632702,1027.7674245578762,0.688063270406365,-0.7256506982823744,921.4449733881726,0,-0.9947670370385662,-0.10216918332604955,376.721171921688,0.27516579026111243,0.9613967900247938,1007.7959919418463,0.6755082236110235,-0.7373524529245695,936.5264552451522
-0.9947670370385662,-0.10216918332604955,376.721171921688,0.27516579026111243,0.9613967900247938,1007.7959919418463,0.6755082236110235,-0.7373524529245695,936.5264552451522,90,-0.2939396750709053,-0.9558239730301865,459.59822645268116,-0.7866954533806958,0.6173412861862889,955.782386193871,0.9808598912443003,0.1947148524078719,911.6947130253909
-0.2939396750709053,-0.9558239730301865,459.59822645268116,-0.7866954533806958,0.6173412861862889,955.782386193871,0.9808598912443003,0.1947148524078719,911.6947130253909,-90,-0.9856104420914298,0.16903270819677566,451.20412379636997,0.5427918879904549,0.8398672313715766,948.6627437244756,0.2979973389101012,-0.9545667006566373,925.4143079350189
-0.9856104420914298,0.16903270819677566,451.20412379636997,0.5427918879904549,0.8398672313715766,948.6627437244756,0.2979973389101012,-0.9545667006566373,925.4143079350189,45,-0.7846439969512096,-0.6199466090305118,462.2837874812505,-0.24330952953575755,0.9699486959819515,933.7926430252115,0.8912586369756484,-0.45349536052346706,930.8117640898239
-0.7846439969512096,-0.6199466090305118,462.2837874812505,-0.24330952953575755,0.9699486959819515,933.7926430252115,0.8912586369756484,-0.45349536052346706,930.8117640898239,0,-0.7502456605130327,-0.661159170609743,483.438397046511,-0.2521910631354283,0.9676774605593655,901.8745609778003,0.8768524996196001,-0.48075949695337195,946.1749329478668
-0.7502456605130327,-0.661159170609743,483.438397046511,-0.2521910631354283,0.9676774605593655,901.8745609778003,0.8768524996196001,-0.48075949695337195,946.1749329478668,45,0.1525470687935465,-0.9882962065102229,497.94845241194395,-0.958863744663433,0.2838667278319504,899.770249152221,0.8790518997630818,0.4767260822767271,936.8001821410209
0.1525470687935465,-0.9882962065102229,497.94845241194395,-0.958863744663433,0.2838667278319504,899.770249152221,0.8790518997630818,0.4767260822767271,936.8001821410209,0,0.14300180015300276,-0.9897224283368548,534.2487844486873,-0.9696228354093916,0.24460489989501802,890.183039427791,0.8947173052691304,0.44663289584618115,919.7314845567156
0.14300180015300276,-0.9897224283368548,534.2487844486873,-0.9696228354093916,0.24460489989501802,890.183039427791,0.8947173052691304,0.44663289584618115,919.7314845567156,-45,-0.5656993365872679,-0.8246115816460045,575.326043991405,-0.5252928845928737,0.8509214919110328,845.7688909476394,0.925452764914074,-0.37886300942807244,938.6128791438991
-0.5656993365872679,-0.8246115816460045,575.326043991405,-0.5252928845928737,0.8509214919110328,845.7688909476394,0.925452764914074,-0.37886300942807244,938.6128791438991,90,0.878912019822955,-0.4769839215432041,595.3781929832919,-0.7071751912636949,-0.707038364490327,886.279816243183,0.20418072671423143,0.9789332106116578,884.6919422488542
0.878912019822955,-0.4769839215432041,595.3781929832919,-0.7071751912636949,-0.707038364490327,886.279816243183,0.20418072671423143,0.9789332106116578,884.6919422488542,-90,0.44083048162105193,-0.8975903778861221,614.3757623588759,-0.9790501505764352,-0.2036192590504633,889.1972882178903,0.7359254431496368,0.6770625836102676,871.3323461079877
0.44083048162105193,-0.8975903778861221,614.3757623588759,-0.9790501505764352,-0.2036192590504633,889.1972882178903,0.7359254431496368,0.6770625836102676,871.3323461079877,45,0.8563813567375338,-0.5163438503869112,642.9436606020469,-0.6199671357713238,-0.7846277783532145,935.5707085562053,0.18281810600430953,0.9831467541099839,812.338593634674
0.8563813567375338,-0.5163438503869112,642.9436606020469,-0.6199671357713238,-0.7846277783532145,935.5707085562053,0.18281810600430953,0.9831467541099839,812.338593634674,90,0.934918153477697,0.3548634192162577,615.5684671327543,0.299590673013369,-0.9540678323072195,994.7208943860428,-0.7665416831992924,0.6421945561260978,772.2578129926359
0.934918153477697,0.3548634192162577,615.5684671327543,0.299590673013369,-0.9540678323072195,994.7208943860428,-0.7665416831992924,0.6421945561260978,772.2578129926359,-45,0.8541724345865787,-0.5199898575861235,624.398610014352,-0.5440182670358636,-0.8390733729128197,1007.1921088788648,0.017070003778338318,0.9998542968708028,756.7042963984378
0.8541724345865787,-0.5199898575861235,624.398610014352,-0.5440182670358636,-0.8390733729128197,1007.1921088788648,0.017070003778338318,0.9998542968708028,756.7042963984378,45,0.9885826149344806,-0.15067983756728828,626.7856242740991,-0.14906893891757236,-0.9888268055883138,1024.3202130177224,-0.4033434225278026,0.915048678215295,740.8127663564338
0.9885826149344806,-0.15067983756728828,626.7856242740991,-0.14906893891757236,-0.9888268055883138,1024.3202130177224,-0.4033434225278026,0.915048678215295,740.8127663564338,0,0.9818056312400517,-0.1898886580744715,630.7785934812655,-0.14829123441631897,-0.9889437343930565,1047.8052653018135,-0.41317693008796214,0.9106507697482539,719.1611015580609
0.9818056312400517,-0.1898886580744715,630.7785934812655,-0.14829123441631897,-0.9889437343930565,1047.8052653018135,-0.41317693008796214,0.9106507697482539,719.1611015580609,0,0.9576248993883054,-0.288018318986029,648.0932754668679,-0.1268400164105607,-0.9919231876697755,1121.965424469655,-0.4685131005783661,0.883456549348323,652.2987862209875
0.9576248993883054,-0.288018318986029,648.0932754668679,-0.1268400164105607,-0.9919231876697755,1121.965424469655,-0.4685131005783661,0.883456549348323,652.2987862209875,-90,-0.01888794799398343,-0.9998216067982211,707.6816051676844,-0.9811101355491855,-0.19344999850777722,1130.6456095049016,0.7744769172303342,0.6326021693587511,613.9179931332119
-0.01888794799398343,-0.9998216067982211,707.6816051676844,-0.9811101355491855,-0.19344999850777722,1130.6456095049016,0.7744769172303342,0.6326021693587511,613.9179931332119,0,-0.03976447963741752,-0.9992090803025988,731.4289577917519,-0.981354594378632,-0.19220603552425353,1135.2349890204796,0.8067889119047941,0.5908397850750052,599.3718314171332
-0.03976447963741752,-0.9992090803025988,731.4289577917519,-0.981354594378632,-0.19220603552425353,1135.2349890204796,0.8067889119047941,0.5908397850750052,599.3718314171332,0,-0.04902037125163254,-0.9987977789334296,785.9916657921062,-0.974217489595509,-0.22561091056556679,1146.4733484449823,0.857010563240781,0.515298839988719,569.2581301085211
-0.04902037125163254,-0.9987977789334296,785.9916657921062,-0.974217489595509,-0.22561091056556679,1146.4733484449823,0.857010563240781,0.515298839988719,569.2581301085211,90,0.4980733181650882,-0.8671349201433528,802.7752821526333,-0.6804489730843231,-0.7327954660261553,1161.1925566568364,0.44446807049914505,0.8957946942836662,551.3079662359687
0.4980733181650882,-0.8671349201433528,802.7752821526333,-0.6804489730843231,-0.7327954660261553,1161.1925566568364,0.44446807049914505,0.8957946942836662,551.3079662359687,-90,-0.4528362381404038,-0.8915937087187457,885.5354714922773,-0.9896522329250029,0.1434867863831219,1141.6067410763876,0.9940064564166055,-0.10932138218163469,555.6712258800612
-0.4528362381404038,-0.8915937087187457,885.5354714922773,-0.9896522329250029,0.1434867863831219,1141.6067410763876,0.9940064564166055,-0.10932138218163469,555.6712258800612,45,-0.1750921134093442,-0.984552056430664,959.7414803326624,-0.9800296554015987,-0.19885138806008787,1154.5903295416647,0.9994245691233371,0.03391947276465083,547.5954976724425
-0.1750921134093442,-0.984552056430664,959.7414803326624,-0.9800296554015987,-0.19885138806008787,1154.5903295416647,0.9994245691233371,0.03391947276465083,547.5954976724425,-90,-0.9988499057611695,0.04794648851483062,955.2035365073771,-0.3069598186530959,0.9517224751640881,1136.953840820374,0.1453378985205877,-0.9893820774875697,565.3095755037234
-0.9988499057611695,0.04794648851483062,955.2035365073771,-0.3069598186530959,0.9517224751640881,1136.953840820374,0.1453378985205877,-0.9893820774875697,565.3095755037234,-90,-0.8228246010573032,0.5682954125231787,920.0456603379639,0.306293490720806,0.9519371289859764,1080.8330940097644,-0.4058618854002104,-0.9139344232380059,618.4586138996852
-0.8228246010573032,0.5682954125231787,920.0456603379639,0.306293490720806,0.9519371289859764,1080.8330940097644,-0.4058618854002104,-0.9139344232380059,618.4586138996852,45,-0.9641054562989617,0.26551962099733956,904.3308918579359,0.03483903956581793,0.9993929363979572,1025.7562566070799,-0.1290332740276112,-0.9916402645081105,673.11618756985
-0.9641054562989617,0.26551962099733956,904.3308918579359,0.03483903956581793,0.9993929363979572,1025.7562566070799,-0.1290332740276112,-0.9916402645081105,673.11618756985,90,-0.6848580773774076,-0.7286764809234074,960.9363641484134,-0.8725429559651834,0.4885373987685488,987.4549913503765,0.7260836100961825,-0.6876064216902682,722.3897950156634
-0.6848580773774076,-0.7286764809234074,960.9363641484134,-0.8725429559651834,0.4885373987685488,987.4549913503765,0.7260836100961825,-0.6876064216902682,722.3897950156634,45,0.3451027475815743,-0.9385649117731006,977.9273438849547,-0.8136651669093489,-0.5813338078577415,1001.0857715090563,0.9445096164503458,0.3284837658588636,712.9294284274442
0.3451027475815743,-0.9385649117731006,977.9273438849547,-0.8136651669093489,-0.5813338078577415,1001.0857715090563,0.9445096164503458,0.3284837658588636,712.9294284274442,0,0.33704791242443777,-0.9414874957907452,1000.5993735789407,-0.8024232066573062,-0.5967553916118448,1015.3021394671482,0.9546984664060386,0.2975749287859411,705.3690001740708
0.33704791242443777,-0.9414874957907452,1000.5993735789407,-0.8024232066573062,-0.5967553916118448,1015.3021394671482,0.9546984664060386,0.2975749287859411,705.3690001740708,-90,-0.6338719441969414,-0.7734380119699249,1043.8110217760923,-0.9297843157876341,0.3681047760017807,990.0067924924808,0.6810320234314842,-0.7322536330130553,749.0203262804355
-0.6338719441969414,-0.7734380119699249,1043.8110217760923,-0.9297843157876341,0.3681047760017807,990.0067924924808,0.6810320234314842,-0.7322536330130553,749.0203262804355,-90,-0.9631668057615281,0.26890463789071145,1023.9175187991023,0.01998218508201635,0.9998003362068589,931.5268698774663,-0.41237031166083554,-0.9110163149256688,800.7333421955839
-0.9631668057615281,0.26890463789071145,1023.9175187991023,0.01998218508201635,0.9998003362068589,931.5268698774663,-0.41237031166083554,-0.9110163149256688,800.7333421955839,-90,0.315631998335728,0.9488816794661993,1013.2930564217821,0.9973332140964807,-0.0729826010771288,938.1062339589247,-0.8991113588611711,0.4377199611244823,789.8164458863826
0.315631998335728,0.9488816794661993,1013.2930564217821,0.9973332140964807,-0.0729826010771288,938.1062339589247,-0.8991113588611711,0.4377199611244823,789.8164458863826,90,-0.22009519219223717,0.9754783987223203,954.385258864963,0.9222353721420996,0.38662891558951323,912.4002972044357,-0.9885130364717011,-0.1511356236150078,797.4376103111406
-0.22009519219223717,0.9754783987223203,954.385258864963,0.9222353721420996,0.38662891558951323,912.4002972044357,-0.9885130364717011,-0.1511356236150078,797.4376103111406,-90,0.967356142901614,0.253420782080934,940.2108080356662,0.45052418947913475,-0.8927642212220249,968.293920019681,-0.2620441272370488,0.9650558923609417,737.3125548551851
0.967356142901614,0.253420782080934,940.2108080356662,0.45052418947913475,-0.8927642212220249,968.293920019681,-0.2620441272370488,0.9650558923609417,737.3125548551851,45,0.5565521121461914,0.8308127023978468,894.6843333128674,0.9212027785463058,-0.38908281997354477,986.9672620079605,-0.884454798187473,0.4666258779398721,711.6120124586782
0.5565521121461914,0.8308127023978468,894.6843333128674,0.9212027785463058,-0.38908281997354477,986.9672620079605,-0.884454798187473,0.4666258779398721,711.6120124586782,90,-0.5768873433914118,0.8168237221303011,876.6575122334298,0.7167762098397141,0.697303280508427,967.6023035086812,-0.7495105837392593,-0.6619923601242199,729.9363436323101
-0.5768873433914118,0.8168237221303011,876.6575122334298,0.7167762098397141,0.697303280508427,967.6023035086812,-0.7495105837392593,-0.6619923601242199,729.9363436323101,-45,-0.39164255193378134,0.9201174444139157,829.6868983483031,0.8817612393697941,0.4716960003487889,943.6536129803284,-0.852973696483251,-0.5219538994084618,754.1058422335868
-0.39164255193378134,0.9201174444139157,829.6868983483031,0.8817612393697941,0.4716960003487889,943.6536129803284,-0.852973696483251,-0.5219538994084618,754.1058422335868,90,-0.9999545746857071,0.009531451365165162,829.2043793224657,-0.004709841260418644,0.9999889086361416,879.3105746478633,0.051613238396930966,-0.9986671485646164,818.2123334975803
-0.9999545746857071,0.009531451365165162,829.2043793224657,-0.004709841260418644,0.9999889086361416,879.3105746478633,0.051613238396930966,-0.9986671485646164,818.2123334975803,90,-0.353845695196203,-0.9353038137370743,881.517860237124,-0.9534461286411974,0.30156339263762316,864.4269280378982,0.9272619488617574,-0.3744132452158919,833.9016116527403
-0.353845695196203,-0.9353038137370743,881.517860237124,-0.9534461286411974,0.30156339263762316,864.4269280378982,0.9272619488617574,-0.3744132452158919,833.9016116527403,0,-0.32992975087457654,-0.9440054870009177,950.9359226997332,-0.974804856755092,0.22305938950576507,845.107387898599,0.8937838235915043,-0.44849802305712644,864.2535189866413
-0.32992975087457654,-0.9440054870009177,950.9359226997332,-0.974804856755092,0.22305938950576507,845.107387898599,0.8937838235915043,-0.44849802305712644,864.2535189866413,45,0.7124336188705209,-0.7017395091506914,957.2026834099647,-0.6052653480201937,-0.796023780100817,855.8534647515527,0.7863389691023785,0.617795294309538,855.0645830153634
0.7124336188705209,-0.7017395091506914,957.2026834099647,-0.6052653480201937,-0.796023780100817,855.8534647515527,0.7863389691023785,0.617795294309538,855.0645830153634,-45,0.5608581108603351,-0.8279119394489828,970.3639250510131,-0.7343450809086542,-0.678776327036574,866.4944333580039,0.8956323383786436,0.44479513762000905,847.9555902524661
0.5608581108603351,-0.8279119394489828,970.3639250510131,-0.7343450809086542,-0.678776327036574,866.4944333580039,0.8956323383786436,0.44479513762000905,847.9555902524661,-45,0.33843659554261335,-0.9409891980238272,992.2776133963972,-0.8641021756295251,-0.5033164313553864,878.1300029310296,0.9816201615397818,0.1908451164127932,843.0636880139305
0.33843659554261335,-0.9409891980238272,992.2776133963972,-0.8641021756295251,-0.5033164313553864,878.1300029310296,0.9816201615397818,0.1908451164127932,843.0636880139305,0,0.3201568595767335,-0.9473645471865431,1050.478182625784,-0.8328599351837701,-0.5534838103916737,910.8553409695581,0.9928108576545492,0.11969377980178529,833.3509777835327
0.3201568595767335,-0.9473645471865431,1050.478182625784,-0.8328599351837701,-0.5534838103916737,910.8553409695581,0.9928108576545492,0.11969377980178529,833.3509777835327,90,0.9989285678882791,-0.04627868036873803,1048.0886454570625,0.21814979337076706,-0.9759152973759001,921.9030582094953,0.23844496118676334,0.971156012432937,821.030357986853
0.9989285678882791,-0.04627868036873803,1048.0886454570625,0.21814979337076706,-0.9759152973759001,921.9030582094953,0.23844496118676334,0.971156012432937,821.030357986853,0,0.9943232269387157,-0.10640169345541138,1052.7111072765713,0.20353241317935733,-0.9790682084438179,982.9686197348647,0.2582064725198424,0.966089756466168,760.4457872744545
0.9943232269387157,-0.10640169345541138,1052.7111072765713,0.20353241317935733,-0.9790682084438179,982.9686197348647,0.2582064725198424,0.966089756466168,760.4457872744545,45,0.792427158556995,0.6099665551333837,1003.4331266350204,0.8188391235215363,-0.5740230742666032,1022.9337181012917,-0.5786282208607584,0.8155914308178535,698.3768321103821
0.792427158556995,0.6099665551333837,1003.4331266350204,0.8188391235215363,-0.5740230742666032,1022.9337181012917,-0.5786282208607584,0.8155914308178535,698.3768321103821,90,-0.5545016088464685,0.8321826516977376,961.9377954109308,0.6758345216775731,0.7370533897275326,982.7623447405999,-0.8379019948035346,-0.545820709669629,727.4784960670945
-0.5545016088464685,0.8321826516977376,961.9377954109308,0.6758345216775731,0.7370533897275326,982.7623447405999,-0.8379019948035346,-0.545820709669629,727.4784960670945,0,-0.5824580353614984,0.8128607734678943,914.0833592702456,0.7069884342857827,0.7072251082831671,940.7004176116735,-0.8019867993559516,-0.5973417561654271,760.7989929638294
-0.5824580353614984,0.8128607734678943,914.0833592702456,0.7069884342857827,0.7072251082831671,940.7004176116735,-0.8019867993559516,-0.5973417561654271,760.7989929638294,90,-0.9783721766599011,-0.20685232398444867,920.0892675725283,-0.35395936695288666,0.9352608013523884,923.7080804573228,0.19775687214132293,-0.9802511002395664,778.9404318060218
-0.9783721766599011,-0.20685232398444867,920.0892675725283,-0.35395936695288666,0.9352608013523884,923.7080804573228,0.19775687214132293,-0.9802511002395664,778.9404318060218,0,-0.9716127799761114,-0.23657684964318174,925.0949302079753,-0.3685971411430115,0.9295892359215434,902.8117089939067,0.19885596873417907,-0.9800287259559238,800.9115094044402
-0.9716127799761114,-0.23657684964318174,925.0949302079753,-0.3685971411430115,0.9295892359215434,902.8117089939067,0.19885596873417907,-0.9800287259559238,800.9115094044402,-45,-0.9672710048850738,0.2537455479582243,916.741081586989,0.15310688943971645,0.9882096338359055,874.1380730006459,-0.3084735748245131,-0.951232912401051,828.3509224171133
-0.9672710048850738,0.2537455479582243,916.741081586989,0.15310688943971645,0.9882096338359055,874.1380730006459,-0.3084735748245131,-0.951232912401051,828.3509224171133,45,-0.9937731863675393,-0.11142196397886728,922.464087659347,-0.14827955184250532,0.9889454861140657,802.5520998796223,-0.022489614664293056,-0.9997470766310105,900.7285856578503
-0.9937731863675393,-0.11142196397886728,922.464087659347,-0.14827955184250532,0.9889454861140657,802.5520998796223,-0.022489614664293056,-0.9997470766310105,900.7285856578503,45,-0.9251399009772343,-0.37962634737308887,944.9968794609125,-0.3834383977618178,0.923566454090798,743.4890060995269,0.17768361044056982,-0.9840876661054155,963.245280388574
-0.9251399009772343,-0.37962634737308887,944.9968794609125,-0.3834383977618178,0.923566454090798,743.4890060995269,0.17768361044056982,-0.9840876661054155,963.245280388574,0,-0.8946671690019335,-0.44673331721516557,971.7350223251053,-0.42806181623724876,0.903749457249999,684.1954060158347,0.17824574780627603,-0.9839860026387476,1027.0551619135035
-0.8946671690019335,-0.44673331721516557,971.7350223251053,-0.42806181623724876,0.903749457249999,684.1954060158347,0.17824574780627603,-0.9839860026387476,1027.0551619135035,0,-0.8662699195574965,-0.49957624690316144,1007.4276512747188,-0.4679551647987917,0.8837522072041097,616.6094327472589,0.15933697570936906,-0.9872242542461119,1101.5183450823215
-0.8662699195574965,-0.49957624690316144,1007.4276512747188,-0.4679551647987917,0.8837522072041097,616.6094327472589,0.15933697570936906,-0.9872242542461119,1101.5183450823215,-45,-0.9359524322584779,0.35212646101853723,1001.0401087377713,0.40875812004254236,0.9126427555726756,603.3090247143075,-0.6644191988415931,-0.7473601061139775,1111.9682060660407
-0.9359524322584779,0.35212646101853723,1001.0401087377713,0.40875812004254236,0.9126427555726756,603.3090247143075,-0.6644191988415931,-0.7473601061139775,1111.9682060660407,-45,-0.7986903804486439,0.6017422007627523,966.0130879358985,0.7314639270195225,0.681880138638147,563.4762160583622,-0.8491649103524321,-0.5281277828576583,1140.6653172878757
-0.7986903804486439,0.6017422007627523,966.0130879358985,0.7314639270195225,0.681880138638147,563.4762160583622,-0.8491649103524321,-0.5281277828576583,1140.6653172878757,-90,0.14773923211002588,0.9890263491411844,913.5894585070747,0.9216626431349589,-0.3879922322025033,584.076791779343,-0.8934875224905462,0.4490880171566658,1113.8468919448715
0.14773923211002588,0.9890263491411844,913.5894585070747,0.9216626431349589,-0.3879922322025033,584.076791779343,-0.8934875224905462,0.4490880171566658,1113.8468919448715,-90,0.9737486444640577,0.2276259594255675,913.2339251425836,0.004278744896798781,-0.9999908461291573,600.6968303822903,0.0735221455310117,0.9972935847164147,1097.536205339637
0.9737486444640577,0.2276259594255675,913.2339251425836,0.004278744896798781,-0.9999908461291573,600.6968303822903,0.0735221455310117,0.9972935847164147,1097.536205339637,90,0.6631774098961167,0.7484622388627752,900.928930973165,0.5769086166909563,-0.8168086973017166,612.930582255813,-0.5323959363301566,0.8464954618774608,1084.6863411440424
0.6631774098961167,0.7484622388627752,900.928930973165,0.5769086166909563,-0.8168086973017166,612.930582255813,-0.5323959363301566,0.8464954618774608,1084.6863411440424,0,0.6831082352407503,0.7303171495633028,883.7662079922494,0.5517874613469438,-0.8339847705445795,632.1260557744793,-0.5341744694702585,0.8453742580456114,1065.0174789124355
0.6831082352407503,0.7303171495633028,883.7662079922494,0.5517874613469438,-0.8339847705445795,632.1260557744793,-0.5341744694702585,0.8453742580456114,1065.0174789124355,-90,0.8062891502464843,-0.5915216024751778,893.5386504726026,-0.7466587174621699,-0.6652073057609541,636.043740546513,0.7780608668046395,0.6281888947977456,1061.4812103322413
0.8062891502464843,-0.5915216024751778,893.5386504726026,-0.7466587174621699,-0.6652073057609541,636.043740546513,0.7780608668046395,0.6281888947977456,1061.4812103322413,0,0.7861945944393565,-0.6179790123251241,924.0803205403726,-0.7000757095090419,-0.7140686248221606,671.3352953703519,0.7944722627767514,0.6073004393859669,1029.8531035103977
0.7861945944393565,-0.6179790123251241,924.0803205403726,-0.7000757095090419,-0.7140686248221606,671.3352953703519,0.7944722627767514,0.6073004393859669,1029.8531035103977,-90,-0.750762799094323,-0.6605718882120682,929.5234317174275,-0.565350926413365,0.8248504894849429,655.2074252568746,0.43639319060474985,-0.8997560687174088,1046.3353009966465
-0.750762799094323,-0.6605718882120682,929.5234317174275,-0.565350926413365,0.8248504894849429,655.2074252568746,0.43639319060474985,-0.8997560687174088,1046.3353009966465,-90,-0.7559871825073213,0.6545864189582931,888.3204375690228,0.8143040781629206,0.5804385137869783,624.1539552088251,-0.8301146460896274,-0.5575927495470979,1073.0546303906526
-0.7559871825073213,0.6545864189582931,888.3204375690228,0.8143040781629206,0.5804385137869783,624.1539552088251,-0.8301146460896274,-0.5575927495470979,1073.0546303906526,90,-0.9980180534740457,-0.06292825231862702,890.31563642556,0.2044122000863491,0.9788849025579353,602.1310259933879,-0.22201889562424998,-0.9750423631749486,1094.988334396239
-0.9980180534740457,-0.06292825231862702,890.31563642556,0.2044122000863491,0.9788849025579353,602.1310259933879,-0.22201889562424998,-0.9750423631749486,1094.988334396239,90,0.1672571168361645,-0.9859133110307688,945.2376399481561,-0.9998949647655606,-0.014493427354439417,608.7035041584367,0.9885296003180492,-0.1510272468630679,1093.7435695695588
0.1672571168361645,-0.9859133110307688,945.2376399481561,-0.9998949647655606,-0.014493427354439417,608.7035041584367,0.9885296003180492,-0.1510272468630679,1093.7435695695588,0,0.15794688102276422,-0.987447610142017,1003.4463807069608,-0.9937851487145458,-0.11131521995849433,612.5814876029955,0.9792786678081683,-0.2025173838855795,1104.0292708773163
0.15794688102276422,-0.987447610142017,1003.4463807069608,-0.9937851487145458,-0.11131521995849433,612.5814876029955,0.9792786678081683,-0.2025173838855795,1104.0292708773163,45,0.3702270844761271,-0.9289412822780063,1031.561358723108,-0.9250117340358662,-0.3799385369977095,623.9935551034681,0.9999997007499779,0.0007736277881234553,1103.0930172975736
0.3702270844761271,-0.9289412822780063,1031.561358723108,-0.9250117340358662,-0.3799385369977095,623.9935551034681,0.9999997007499779,0.0007736277881234553,1103.0930172975736,0,0.35849583841749444,-0.9335313245078269,1090.2501966539146,-0.8831356108123489,-0.4691177814953291,650.7977652880345,0.9988831318572251,-0.04724922106343583,1104.5657188704977
0.35849583841749444,-0.9335313245078269,1090.2501966539146,-0.8831356108123489,-0.4691177814953291,650.7977652880345,0.9988831318572251,-0.04724922106343583,1104.5657188704977,0,0.34152610737296535,-0.9398722881235885,1145.6291348705522,-0.8442809622840289,-0.5359007900019873,680.7340998247773,0.9949985528830992,-0.09988933757182698,1108.7467315235929
0.34152610737296535,-0.9398722881235885,1145.6291348705522,-0.8442809622840289,-0.5359007900019873,680.7340998247773,0.9949985528830992,-0.09988933757182698,1108.7467315235929,-90,-0.9055997298369275,-0.42413338623513713,1163.6312027822346,-0.6092347057454981,0.7929899578905122,636.3533421680366,-0.047914885509014904,-0.9988514222579142,1160.9638613188743
-0.9055997298369275,-0.42413338623513713,1163.6312027822346,-0.6092347057454981,0.7929899578905122,636.3533421680366,-0.047914885509014904,-0.9988514222579142,1160.9638613188743,0,-0.8956377768187151,-0.44478418669645775,1181.6698919940916,-0.6347791034966814,0.7726936584209485,603.7107036034131,-0.05511385887845841,-0.9984800761955771,1202.5411085053718
-0.8956377768187151,-0.44478418669645775,1181.6698919940916,-0.6347791034966814,0.7726936584209485,603.7107036034131,-0.05511385887845841,-0.9984800761955771,1202.5411085053718,-90,-0.997107530535529,0.07600376667862635,1174.8308754340642,-0.10854408083302118,0.9940916368806825,542.0942223204098,-0.5764185556753462,-0.8171546051226461,1252.2722331319058
-0.997107530535529,0.07600376667862635,1174.8308754340642,-0.10854408083302118,0.9940916368806825,542.0942223204098,-0.5764185556753462,-0.8171546051226461,1252.2722331319058,-45,-0.9346305391281569,0.3556202403252813,1168.7773030561711,0.19651127815179545,0.9805015642818463,526.2783143349694,-0.7860388516814919,-0.6181770973169756,1262.0230077693739
-0.9346305391281569,0.3556202403252813,1168.7773030561711,0.19651127815179545,0.9805015642818463,526.2783143349694,-0.7860388516814919,-0.6181770973169756,1262.0230077693739,45,-0.8974895511467473,-0.44103571916842504,1196.56019743707,-0.6046680643317357,0.7964775778245813,475.40330887641073,-0.12645413841902822,-0.9919724546965512,1324.7997532044758
-0.8974895511467473,-0.44103571916842504,1196.56019743707,-0.6046680643317357,0.7964775778245813,475.40330887641073,-0.12645413841902822,-0.9919724546965512,1324.7997532044758,-90,-0.587079843878494,0.8095290340139772,1177.150466447858,0.714156020602653,0.6999865557544537,464.0551913925864,-0.9986130264707147,-0.052650008195626714,1321.0186148038981
-0.587079843878494,0.8095290340139772,1177.150466447858,0.714156020602653,0.6999865557544537,464.0551913925864,-0.9986130264707147,-0.052650008195626714,1321.0186148038981,-45,0.23260952530133827,0.9725702076143841,1127.121155920516,0.983011627278753,-0.1835432936251768,472.2077721973665,-0.717354325660383,0.696708526900839,1283.4604552239232
0.23260952530133827,0.9725702076143841,1127.121155920516,0.983011627278753,-0.1835432936251768,472.2077721973665,-0.717354325660383,0.696708526900839,1283.4604552239232,90,-0.4081804912835533,0.912901246869297,1115.4481247178194,0.9044984579736065,0.42647689213293605,465.4916958835034,-0.9938599193646692,0.11064565368984555,1282.9541375031688
-0.4081804912835533,0.912901246869297,1115.4481247178194,0.9044984579736065,0.42647689213293605,465.4916958835034,-0.9938599193646692,0.11064565368984555,1282.9541375031688,90,-0.9359905191571256,-0.35202520939270016,1138.5558711582844,-0.37974364320351883,0.9250917605548752,414.48593673247825,-0.21018780154627653,-0.9776610292331095,1338.991154470036
-0.9359905191571256,-0.35202520939270016,1138.5558711582844,-0.37974364320351883,0.9250917605548752,414.48593673247825,-0.21018780154627653,-0.9776610292331095,1338.991154470036,45,-0.5186368832284651,-0.8549946101321712,1154.1534531424363,-0.8854939981764844,0.46465081426101484,407.7532996808364,0.4267169473065365,-0.9043852314591335,1353.7576568206769
-0.5186368832284651,-0.8549946101321712,1154.1534531424363,-0.8854939981764844,0.46465081426101484,407.7532996808364,0.4267169473065365,-0.9043852314591335,1353.7576568206769,90,0.5797593735598922,-0.8147877446117127,1166.8606877857399,-0.7521631760743713,-0.6589769013840426,421.46537781864123,0.9994982611555782,0.03167374223194444,1350.1837003533296
0.5797593735598922,-0.8147877446117127,1166.8606877857399,-0.7521631760743713,-0.6589769013840426,421.46537781864123,0.9994982611555782,0.03167374223194444,1350.1837003533296,45,0.9646296225321316,0.2636089743038299,1158.5910979556593,0.3498476005162223,-0.9368066270117018,434.5244438027624,0.30369301463085707,0.9527699370070521,1334.0145622376465
0.9646296225321316,0.2636089743038299,1158.5910979556593,0.3498476005162223,-0.9368066270117018,434.5244438027624,0.30369301463085707,0.9527699370070521,1334.0145622376465,-45,0.8236712054568347,-0.5670676725940959,1177.94056803773,-0.43894434003831445,-0.898514254949986,462.1179739298721,0.9242719598312817,0.3817346516490762,1323.1908032589442
0.8236712054568347,-0.5670676725940959,1177.94056803773,-0.43894434003831445,-0.898514254949986,462.1179739298721,0.9242719598312817,0.3817346516490762,1323.1908032589442,-90,-0.6254439689884779,-0.7802690828527937,1219.0497781160536,-0.8985747569308841,0.4388204714989976,427.6822670216757,0.2724496995227834,-0.9621700271937103,1381.5954116617497
-0.44941237719609417,0.893324417679801,1170.8295521709383,0.8461844740976183,0.532890078530401,397.9976887329875,-0.9910717070599411,0.13332993461820355,1372.2790096175047,45,-0.6757469237513476,0.7371337022824221,1127.563995864931,0.7700872999054317,0.6379385162571404,357.9482710824149,-0.9887528784148341,-0.14955850168539525,1380.2886092302906
-0.6757469237513476,0.7371337022824221,1127.563995864931,0.7700872999054317,0.6379385162571404,357.9482710824149,-0.9887528784148341,-0.14955850168539525,1380.2886092302906,-90,0.917743229806269,0.3971742239178641,1107.915750914035,0.3550125176873062,-0.93486154712092,413.34696215577776,0.14376833032909286,0.9896113717992456,1323.8271605928812
0.917743229806269,0.3971742239178641,1107.915750914035,0.3550125176873062,-0.93486154712092,413.34696215577776,0.14376833032909286,0.9896113717992456,1323.8271605928812,-90,0.36874574138506333,-0.9295302997806902,1160.43704611501,-0.8917508939992328,-0.4525266213733387,430.1667327864046,0.9798891754166281,-0.1995424864566957,1338.8307055024281
0.36874574138506333,-0.9295302997806902,1160.43704611501,-0.8917508939992328,-0.4525266213733387,430.1667327864046,0.9798891754166281,-0.1995424864566957,1338.8307055024281,0,0.35363898961989154,-0.9353819888262881,1203.7553735369409,-0.8476500543653873,-0.53055573254311,453.18115507935676,0.9721440837851729,-0.23438404459665474,1348.8001331995263
0.35363898961989154,-0.9353819888262881,1203.7553735369409,-0.8476500543653873,-0.53055573254311,453.18115507935676,0.9721440837851729,-0.23438404459665474,1348.8001331995263,0,0.33417608231179396,-0.9425106609533608,1262.6084091395123,-0.7869644032252698,-0.6169984019884451,489.26254182167884,0.9598128713974852,-0.2806407880186246,1364.9339891840227
0.33417608231179396,-0.9425106609533608,1262.6084091395123,-0.7869644032252698,-0.6169984019884451,489.26254182167884,0.9598128713974852,-0.2806407880186246,1364.9339891840227,-90,-0.7636897559307358,-0.6455834234910723,1288.918896566739,-0.8798014785585954,0.47534130719527157,463.84100931980987,0.048406472847909485,-0.9988277195725119,1410.0037453591463
-0.7601139248782246,0.6497898284878125,1196.802447413816,0.5610337385726062,0.8277929355722025,292.9123045139961,-0.9796055088980351,-0.20093045298466258,1474.987138295009,-45,-0.423717484946306,0.9057943988294347,1141.6221919110803,0.9456797374731971,0.3250997295179205,267.83701959187795,-0.9791177093517172,0.20329414953177138,1461.2405787767666
0.998243295721839,0.05924797504051206,1129.5678527839618,0.09778476898593472,-0.9952075858605417,451.0659530966286,0.46951687609538095,0.8829234978533728,1302.9450080655631,-45,0.773579515844185,-0.6336992446470773,1178.8364440866808,-0.485864735448045,-0.8740340146973693,517.0762438044607,0.9453935016675598,0.32593116912125747,1276.7268470220754
0.773579515844185,-0.6336992446470773,1178.8364440866808,-0.485864735448045,-0.8740340146973693,517.0762438044607,0.9453935016675598,0.32593116912125747,1276.7268470220754,-90,-0.8620023939092268,-0.5069042048501494,1196.5498090531544,-0.6624290547497117,0.7491246541286727,475.156232775221,-0.05203116739273627,-0.9986454614224956,1325.0024020903284
-0.8620023939092268,-0.5069042048501494,1196.5498090531544,-0.6624290547497117,0.7491246541286727,475.156232775221,-0.05203116739273627,-0.9986454614224956,1325.0024020903284,45,0.009195729658454934,-0.9999577183841568,1248.7062580827005,-0.9530990315604924,-0.3026586130253882,491.0713583328802,0.8223221286172285,-0.5690222463018738,1351.671335412163
0.009195729658454934,-0.9999577183841568,1248.7062580827005,-0.9530990315604924,-0.3026586130253882,491.0713583328802,0.8223221286172285,-0.5690222463018738,1351.671335412163,45,0.6820195744009543,-0.7313339183532658,1287.6309362045126,-0.4304946619204142,-0.9025931232055938,540.4711165926534,0.992031702590729,0.12598849572456697,1342.7516121274664
0.5845535940679625,0.8113550983769239,1278.055276270438,0.9662714807975069,-0.25752558202515197,570.8843045685405,-0.3341191870651288,0.9425308317688804,1307.5638543500297,-90,0.9648392999686789,-0.26284049390447745,1294.4357175573023,0.13174890597159866,-0.9912831208969952,629.2761451764146,0.7599046318991435,0.6500345763251576,1270.3722457957304
0.9648392999686789,-0.26284049390447745,1294.4357175573023,0.13174890597159866,-0.9912831208969952,629.2761451764146,0.7599046318991435,0.6500345763251576,1270.3722457957304,45,0.6045610059002194,0.7965588428640504,1281.786648602619,0.9640894019219504,-0.2655779077818336,629.3346109470967,-0.32823873192198827,0.944594799300867,1258.9545140853713
0.6045610059002194,0.7965588428640504,1281.786648602619,0.9640894019219504,-0.2655779077818336,629.3346109470967,-0.32823873192198827,0.944594799300867,1258.9545140853713,45,-0.1579907092206911,0.9874405986184399,1267.9798413719166,0.8688619331427974,0.4950544829969335,621.6869936918022,-0.9129665481839735,0.40803441263824847,1253.731450560905
-0.1579907092206911,0.9874405986184399,1267.9798413719166,0.8688619331427974,0.4950544829969335,621.6869936918022,-0.9129665481839735,0.40803441263824847,1253.731450560905,0,-0.16441372021208855,0.9863914682346057,1246.0654974350273,0.8823515105741337,0.4705909176636798,610.8017222454453,-0.9209034560412869,0.3897907446967072,1245.017476141601
-0.16441372021208855,0.9863914682346057,1246.0654974350273,0.8823515105741337,0.4705909176636798,610.8017222454453,-0.9209034560412869,0.3897907446967072,1245.017476141601,0,-0.16922503590411506,0.985577438471098,1184.9267523149827,0.9240001747295126,0.3823920463344267,584.1260551899154,-0.9368088448277204,0.3498416616879015,1222.224997433669
-0.16922503590411506,0.985577438471098,1184.9267523149827,0.9240001747295126,0.3823920463344267,584.1260551899154,-0.9368088448277204,0.3498416616879015,1222.224997433669,45,-0.8768593339255342,0.48074703172008093,1178.1277440122033,0.2941127907017635,0.9557707185018909,566.7684723158862,-0.8579488648082174,-0.5137350926054117,1232.8625378408103
-0.8768593339255342,0.48074703172008093,1178.1277440122033,0.2941127907017635,0.9557707185018909,566.7684723158862,-0.8579488648082174,-0.5137350926054117,1232.8625378408103,-45,-0.40820382032071423,0.912890815528108,1123.2700387965222,0.872342759304804,0.48889478447666107,535.5385887664305,-0.996687171666236,0.08133069430392818,1226.1861441306291
-0.40820382032071423,0.912890815528108,1123.2700387965222,0.872342759304804,0.48889478447666107,535.5385887664305,-0.996687171666236,0.08133069430392818,1226.1861441306291,0,-0.4369994135088708,0.8994617905130283,1066.9201205772156,0.9164023184408233,0.40025840497893844,507.7912008813268,-0.9997365731782725,0.02295178097152083,1222.9718163933705
-0.4369994135088708,0.8994617905130283,1066.9201205772156,0.9164023184408233,0.40025840497893844,507.7912008813268,-0.9997365731782725,0.02295178097152083,1222.9718163933705,-90,0.13358684591936923,0.9910371106055084,1048.4165833834231,0.9785740899154435,-0.2058949988371782,511.964815503341,-0.8288008183990121,0.5595437457617839,1211.842519601194
0.13358684591936923,0.9910371106055084,1048.4165833834231,0.9785740899154435,-0.2058949988371782,511.964815503341,-0.8288008183990121,0.5595437457617839,1211.842519601194,90,-0.9052727345256388,0.42483087943847997,1027.746065158904,0.5750249402846421,0.818135879943328,466.68830545623274,-0.7909573828379401,-0.6118712434280239,1245.5719226321737
-0.9052727345256388,0.42483087943847997,1027.746065158904,0.5750249402846421,0.818135879943328,466.68830545623274,-0.7909573828379401,-0.6118712434280239,1245.5719226321737,0,-0.9071920498103935,0.42071675122440333,1018.2348441038934,0.6107409588796664,0.7918304623760983,448.696019312942,-0.7916291496846479,-0.6110018734583073,1259.2156756279999
-0.9071920498103935,0.42071675122440333,1018.2348441038934,0.6107409588796664,0.7918304623760983,448.696019312942,-0.7916291496846479,-0.6110018734583073,1259.2156756279999,-90,-0.04485034032629992,0.9989937171837544,955.2102129473124,0.9522104488446166,-0.3054427296747032,466.4688531068822,-0.9252498327117907,0.37935833596588225,1231.6349422287635
-0.04485034032629992,0.9989937171837544,955.2102129473124,0.9522104488446166,-0.3054427296747032,466.4688531068822,-0.9252498327117907,0.37935833596588225,1231.6349422287635,-45,0.2914556751456275,0.9565843347167078,879.1857833519034,0.7311808383876045,-0.6821836860954678,517.1330599063456,-0.7934625592410469,0.6086190656581899,1181.5950074573352
0.2914556751456275,0.9565843347167078,879.1857833519034,0.7311808383876045,-0.6821836860954678,517.1330599063456,-0.7934625592410469,0.6086190656581899,1181.5950074573352,45,-0.6225434582983647,0.7825852302017412,839.900539576312,0.9965207926786724,0.08334452446964004,509.4200981317679,-0.950177962225721,-0.3117079403874343,1197.3661914304162
-0.6225434582983647,0.7825852302017412,839.900539576312,0.9965207926786724,0.08334452446964004,509.4200981317679,-0.950177962225721,-0.3117079403874343,1197.3661914304162,90,-0.7772026064640073,-0.6292504338540843,879.4727706488075,-0.05150793867448127,0.99867258511161,449.12487607868036,0.2537380867199108,-0.9672729621713403,1254.871895578465
-0.7772026064640073,-0.6292504338540843,879.4727706488075,-0.05150793867448127,0.99867258511161,449.12487607868036,0.2537380867199108,-0.9672729621713403,1254.871895578465,-45,-0.9948136834934678,0.10171398691506771,871.0588345462378,0.7760752877609003,0.630640268082237,413.6570236815156,-0.5340942589154959,-0.8454249361081724,1299.904140019967
-0.9948136834934678,0.10171398691506771,871.0588345462378,0.7760752877609003,0.630640268082237,413.6570236815156,-0.5340942589154959,-0.8454249361081724,1299.904140019967,-90,-0.32681705066606986,0.9450876231302214,853.3555950160168,0.8808219502497064,-0.4734476654903936,423.95208637903886,-0.9928909307669961,0.11902772618448287,1295.3145762883778
-0.32681705066606986,0.9450876231302214,853.3555950160168,0.8808219502497064,-0.4734476654903936,423.95208637903886,-0.9928909307669961,0.11902772618448287,1295.3145762883778,90,-0.9586422649866778,-0.284613787053987,868.9586055337735,0.5890428889156958,0.8081017726857499,387.30713669025,-0.20403998526392547,-0.9789625551641375,1336.5971487816364
-0.9586422649866778,-0.284613787053987,868.9586055337735,0.5890428889156958,0.8081017726857499,387.30713669025,-0.20403998526392547,-0.9789625551641375,1336.5971487816364,-90,-0.6824652105916849,0.7309180777159963,855.32785599477,0.977330172653031,-0.21172088612604242,393.6917337722625,-0.966472606840111,-0.2567697416513093,1337.0879332491972
-0.6824652105916849,0.7309180777159963,855.32785599477,0.977330172653031,-0.21172088612604242,393.6917337722625,-0.966472606840111,-0.2567697416513093,1337.0879332491972,-90,0.5578656938851694,0.8299312426858134,842.7609381868917,0.03434599294724264,-0.999410002335612,410.77653162473877,-0.4844224074230781,0.8748342306896943,1320.7902478946648
0.5578656938851694,0.8299312426858134,842.7609381868917,0.03434599294724264,-0.999410002335612,410.77653162473877,-0.4844224074230781,0.8748342306896943,1320.7902478946648,0,0.5872671449097269,0.8093931680645555,823.3413700042104,0.013478976383249954,-0.9999091544713749,434.4668129563063,-0.4748594320948649,0.8800616567891948,1299.9907890290647
0.5872671449097269,0.8093931680645555,823.3413700042104,0.013478976383249954,-0.9999091544713749,434.4668129563063,-0.4748594320948649,0.8800616567891948,1299.9907890290647,90,-0.08966748323030062,0.9959717578581954,789.4272470365968,0.625195641746262,-0.7804680708020538,459.9733235349416,-0.943305984451395,0.33192441865307915,1289.112663177187
-0.08966748323030062,0.9959717578581954,789.4272470365968,0.625195641746262,-0.7804680708020538,459.9733235349416,-0.943305984451395,0.33192441865307915,1289.112663177187,45,-0.8738817445252854,0.4861385569829282,763.3184307062027,0.994944919005789,-0.10042214967109653,460.3780040963947,-0.8210172085323229,-0.5709034448081324,1320.7527197230297
-0.8738817445252854,0.4861385569829282,763.3184307062027,0.994944919005789,-0.10042214967109653,460.3780040963947,-0.8210172085323229,-0.5709034448081324,1320.7527197230297,-45,-0.38004022680099975,0.9249699595192509,701.8784919995128,0.6258540206437122,-0.7799402187630151,510.21509339837263,-0.9988468067001662,0.048011006497269394,1315.4127783823258
-0.38004022680099975,0.9249699595192509,701.8784919995128,0.6258540206437122,-0.7799402187630151,510.21509339837263,-0.9988468067001662,0.048011006497269394,1315.4127783823258,-45,0.4130745114012875,0.9106972318123009,654.1901547562045,-0.0937004689688912,-0.9956004329624459,562.4372379029921,-0.6939789003731586,0.7199953373716121,1275.9791999009808
0.4130745114012875,0.9106972318123009,654.1901547562045,-0.0937004689688912,-0.9956004329624459,562.4372379029921,-0.6939789003731586,0.7199953373716121,1275.9791999009808,90,-0.8846878708607845,0.4661838383640213,649.8128353925651,0.9778059851758676,-0.2095124229115089,561.4674425475843,-0.7714833031340469,-0.6362495681612524,1290.3042435956431
-0.8846878708607845,0.4661838383640213,649.8128353925651,0.9778059851758676,-0.2095124229115089,561.4674425475843,-0.7714833031340469,-0.6362495681612524,1290.3042435956431,-45,-0.36036962455141425,0.9328095913425595,634.1262270025752,0.5809314485304607,-0.8139524876233875,575.3795058676678,-0.9997512316998889,0.02230414119743251,1288.6910226165626
-0.36036962455141425,0.9328095913425595,634.1262270025752,0.5809314485304607,-0.8139524876233875,575.3795058676678,-0.9997512316998889,0.02230414119743251,1288.6910226165626,-45,-0.1667776924110312,0.9859945239777204,561.2573626703471,0.34827956616751016,-0.9373907103178327,644.0484229867143,-0.9827336771589877,0.18502572733967157,1272.7017824893912
-0.1667776924110312,0.9859945239777204,561.2573626703471,0.34827956616751016,-0.9373907103178327,644.0484229867143,-0.9827336771589877,0.18502572733967157,1272.7017824893912,45,-0.4294278390684683,0.9031011743060606,504.19019891872153,0.5071861185090781,-0.8618365513203158,696.9438404101868,-0.995965083296251,-0.08974158932564055,1277.6549756040165
-0.4294278390684683,0.9031011743060606,504.19019891872153,0.5071861185090781,-0.8618365513203158,696.9438404101868,-0.995965083296251,-0.08974158932564055,1277.6549756040165,-45,0.1579535497440504,0.9874465434256448,492.7803573238792,-0.06323540802481892,-0.9979986388627665,708.5403027099094,-0.8777058323466689,0.4791998245665802,1271.3600279087943
0.9772032646213803,0.2123058633512428,451.99062840422914,-0.8255796712158117,-0.5642855717411108,769.0986465761398,-0.07506044452492021,0.9971789857732268,1175.9164630896407,90,0.16626764809726802,0.9860806605933427,393.3272146363635,0.2138294306844606,-0.976871012249396,826.0867132290654,-0.9712949294767781,0.23787845630216417,1162.8135782547433
0.16626764809726802,0.9860806605933427,393.3272146363635,0.2138294306844606,-0.976871012249396,826.0867132290654,-0.9712949294767781,0.23787845630216417,1162.8135782547433,45,-0.688410283450174,0.7253215022595505,348.26786856632356,0.8247821177782995,-0.5654506682223864,857.2122422572661,-0.8152097988658792,-0.5791657654187208,1198.548634088634
-0.688410283450174,0.7253215022595505,348.26786856632356,0.8247821177782995,-0.5654506682223864,857.2122422572661,-0.8152097988658792,-0.5791657654187208,1198.548634088634,45,-0.859205101201124,0.5116313067727251,335.64822236068824,0.916465074614598,-0.40011469232166325,866.2540788786453,-0.6631407188396563,-0.7484947474877989,1216.5137274909355
0.9882246522239168,0.15300992365503238,313.20693449808863,-0.8743087617127224,-0.48537015688273005,901.2243803946329,-0.15173547043710686,0.9884211384886656,1158.808639861513,0,0.9910178460437503,-0.13372968564535542,312.5558833004588,-0.8367367679817541,-0.5476053150832706,946.1411629274619,-0.15528652039165616,0.9878694734551988,1072.6331619830378
0.9910178460437503,-0.13372968564535542,312.5558833004588,-0.8367367679817541,-0.5476053150832706,946.1411629274619,-0.15528652039165616,0.9878694734551988,1072.6331619830378,0,0.9611169110902271,-0.27614178100457826,321.8782521839585,-0.8177773729331891,-0.5755346803785952,971.67847008617,-0.15663634510602265,0.9876563447838661,1027.7818490462848
0.9611169110902271,-0.27614178100457826,321.8782521839585,-0.8177773729331891,-0.5755346803785952,971.67847008617,-0.15663634510602265,0.9876563447838661,1027.7818490462848,-45,0.43955252186218086,-0.8982168894674587,333.80183732473677,-0.9802540159562116,0.19774241882236368,967.2835295823918,0.6257463915220217,0.7800265723019753,1019.2993213974834
0.43955252186218086,-0.8982168894674587,333.80183732473677,-0.9802540159562116,0.19774241882236368,967.2835295823918,0.6257463915220217,0.7800265723019753,1019.2993213974834,-45,0.16678552834544158,-0.9859931985234645,385.0239986911984,-0.9168931866532292,0.39913266499860245,945.4630820757413,0.8301797745350792,0.5574957775202295,989.198604714018
0.16678552834544158,-0.9859931985234645,385.0239986911984,-0.9168931866532292,0.39913266499860245,945.4630820757413,0.8301797745350792,0.5574957775202295,989.198604714018,0,0.1591870241976302,-0.9872484445807465,402.8318393589315,-0.9237535774964556,0.3829873732415989,938.4425239732586,0.8386679498304161,0.5446430665373853,979.2103608527128
0.1591870241976302,-0.9872484445807465,402.8318393589315,-0.9237535774964556,0.3829873732415989,938.4425239732586,0.8386679498304161,0.5446430665373853,979.2103608527128,-90,-0.7924706476377189,-0.6099100529034215,408.64820031729005,-0.07391068746569983,0.9972648646565002,925.7963877778742,0.8595159693496,-0.5111088909743379,987.3710101185674
-0.7924706476377189,-0.6099100529034215,408.64820031729005,-0.07391068746569983,0.9972648646565002,925.7963877778742,0.8595159693496,-0.5111088909743379,987.3710101185674,90,0.21315175660396526,-0.9770191035269699,461.2220558599621,-0.9620096557708422,0.2730154248456774,911.3905116972032,0.8356026503205362,0.5493343342421769,954.7082197256342
0.21315175660396526,-0.9770191035269699,461.2220558599621,-0.9620096557708422,0.2730154248456774,911.3905116972032,0.8356026503205362,0.5493343342421769,954.7082197256342,0,0.1745578088943451,-0.9846469272556561,527.3884769529953,-0.9765247881996704,0.21540505572430044,894.8595675427514,0.8742062215279277,0.4855548189873763,919.8155715265968
0.1745578088943451,-0.9846469272556561,527.3884769529953,-0.9765247881996704,0.21540505572430044,894.8595675427514,0.8742062215279277,0.4855548189873763,919.8155715265968,-90,-0.799908487819489,-0.6001219968592539,535.5120111061002,-0.22097547263427159,0.9752793653584907,877.1705843442883,0.8028092316929264,-0.5962359746850345,932.3489014520798
-0.799908487819489,-0.6001219968592539,535.5120111061002,-0.22097547263427159,0.9752793653584907,877.1705843442883,0.8028092316929264,-0.5962359746850345,932.3489014520798,90,0.4333552655883375,-0.9012231764590064,549.2665311544479,-0.9977089678891591,-0.06765216473660686,882.2474722244548,0.7338874038944512,0.6792711376210995,917.5158430492849
0.4333552655883375,-0.9012231764590064,549.2665311544479,-0.9977089678891591,-0.06765216473660686,882.2474722244548,0.7338874038944512,0.6792711376210995,917.5158430492849,0,0.3812251588070616,-0.9244822217287527,622.503138365623,-0.9877841067754503,-0.15582861868676748,891.3322148756041,0.7790976826028001,0.6269025450282895,864.9902180227531
0.3812251588070616,-0.9244822217287527,622.503138365623,-0.9877841067754503,-0.15582861868676748,891.3322148756041,0.7790976826028001,0.6269025450282895,864.9902180227531,-90,-0.9697609394573175,-0.24405679728878923,625.9622281197804,0.06339400698940159,0.9979885770277271,850.5110410998084,0.4362783004462041,-0.8998117828522649,904.3239635399915
-0.9697609394573175,-0.24405679728878923,625.9622281197804,0.06339400698940159,0.9979885770277271,850.5110410998084,0.4362783004462041,-0.8998117828522649,904.3239635399915,-45,-0.8208682188754574,0.5711176474599908,592.5977964881494,0.864063699438585,0.5033824821271661,823.0355936425897,-0.4311862287592721,-0.9022629528736934,952.2244212382972
-0.8208682188754574,0.5711176474599908,592.5977964881494,0.864063699438585,0.5033824821271661,823.0355936425897,-0.4311862287592721,-0.9022629528736934,952.2244212382972,0,-0.8723761028771414,0.4888352842511383,557.6120833483615,0.8990945112544211,0.43775456574680477,791.1128083251465,-0.4074041515711963,-0.9132479714089453,1013.0350218507256
-0.8723761028771414,0.4888352842511383,557.6120833483615,0.8990945112544211,0.43775456574680477,791.1128083251465,-0.4074041515711963,-0.9132479714089453,1013.0350218507256,-90,0.7726478150534388,0.6348349028630571,535.3823374106116,0.14869466507321658,-0.9888831561811354,833.9056584597864,-0.7662937035200077,0.6424904356841358,979.8497064403551
0.7726478150534388,0.6348349028630571,535.3823374106116,0.14869466507321658,-0.9888831561811354,833.9056584597864,-0.7662937035200077,0.6424904356841358,979.8497064403551,45,-0.08100857115814042,0.9967134048456038,520.7775978350163,0.8870654280846018,-0.4616437222545999,838.9935079646385,-0.9624978261822081,-0.27128939270550906,985.5290286981963
-0.08100857115814042,0.9967134048456038,520.7775978350163,0.8870654280846018,-0.4616437222545999,838.9935079646385,-0.9624978261822081,-0.27128939270550906,985.5290286981963,0,-0.0941141977076804,0.9955614083469887,497.9848351460112,0.8799657916398399,-0.47503705702152327,849.5699241589241,-0.9536175627621466,-0.30102083647412753,992.2417125052746
-0.0941141977076804,0.9955614083469887,497.9848351460112,0.8799657916398399,-0.47503705702152327,849.5699241589241,-0.9536175627621466,-0.30102083647412753,992.2417125052746,45,-0.910539329268498,0.4134224593019516,489.4973642828529,0.88670053670533,0.4623441988459245,834.7456077391842,-0.25754115304953246,-0.966267330755789,1017.8412791982157
-0.910539329268498,0.4134224593019516,489.4973642828529,0.88670053670533,0.4623441988459245,834.7456077391842,-0.25754115304953246,-0.966267330755789,1017.8412791982157,-90,0.4712219717806352,0.882014655950325,431.23511723565605,0.44559109838741967,-0.8952366017081143,897.4347253907941,-0.9829051505885171,0.18411264200636676,997.6187880835294
0.4712219717806352,0.882014655950325,431.23511723565605,0.44559109838741967,-0.8952366017081143,897.4347253907941,-0.9829051505885171,0.18411264200636676,997.6187880835294,0,0.5248665650333079,0.8511845210705704,387.6777350576765,0.4232965498756778,-0.9059911869678137,942.5916752546937,-0.9907262669842943,0.13587296974514385,989.6638349760235
0.5248665650333079,0.8511845210705704,387.6777350576765,0.4232965498756778,-0.9059911869678137,942.5916752546937,-0.9907262669842943,0.13587296974514385,989.6638349760235,-90,0.9553052235596673,0.29562126080445256,358.1446448120089,-0.08126573838788857,-0.9966924700048011,1019.7143455926861,-0.8267162624780544,0.562619073045268,943.587741870103
0.9553052235596673,0.29562126080445256,358.1446448120089,-0.08126573838788857,-0.9966924700048011,1019.7143455926861,-0.8267162624780544,0.562619073045268,943.587741870103,45,0.4291181763445125,0.903248354956022,305.6084515852433,0.6948615392976817,-0.7191435470091185,1058.0036888784132,-0.9402532464437351,-0.340475891293373,963.3093198346677
0.4291181763445125,0.903248354956022,305.6084515852433,0.6948615392976817,-0.7191435470091185,1058.0036888784132,-0.9402532464437351,-0.340475891293373,963.3093198346677,90,-0.8559957087516724,0.5169829267961583,303.2165899608562,0.8176356390274054,0.5757360174526571,1045.480511739693,0.19028452511193508,-0.9817289847523731,975.4386810186943
0.1528046894164788,-0.9882564074633331,377.46153492567953,-0.9894386133573584,0.14495251083533442,1033.35748429498,0.6345227851265811,0.772904156513087,914.8519936844702,45,0.7030631619224728,-0.7111274079569532,419.1857892275691,-0.8005514668784807,-0.5992640059929454,1068.5659202362483,-0.055712708836368786,0.9984468408854394,853.3870434277403
0.7030631619224728,-0.7111274079569532,419.1857892275691,-0.8005514668784807,-0.5992640059929454,1068.5659202362483,-0.055712708836368786,0.9984468408854394,853.3870434277403,-45,-0.048252476305357825,-0.9988351708517281,437.34987550276037,-0.9847290591525171,0.17409388289253191,1063.5593982482972,0.7139183603695013,0.7002289445083821,841.6878480780626
-0.048252476305357825,-0.9988351708517281,437.34987550276037,-0.9847290591525171,0.17409388289253191,1063.5593982482972,0.7139183603695013,0.7002289445083821,841.6878480780626,45,0.8473750489070547,-0.5309948460105489,456.4186086501842,-0.540014878088535,-0.8416554707497746,1104.9476848802256,-0.37616646598806036,0.9265520977614013,799.8362997027391
0.8473750489070547,-0.5309948460105489,456.4186086501842,-0.540014878088535,-0.8416554707497746,1104.9476848802256,-0.37616646598806036,0.9265520977614013,799.8362997027391,90,0.8797223333672944,0.47548776658795644,438.13707404049933,0.5044268158586476,-0.8634544501261813,1131.793238912819,-0.9995920959084323,0.028559443226144086,800.4682727308872
0.8797223333672944,0.47548776658795644,438.13707404049933,0.5044268158586476,-0.8634544501261813,1131.793238912819,-0.9995920959084323,0.028559443226144086,800.4682727308872,90,0.2555847980565953,0.966786641923837,427.7220958562347,0.9734415374270279,-0.2289357403545899,1132.9929705358502,-0.6968400914759171,-0.7172265241273746,808.7642124152441
0.2555847980565953,0.966786641923837,427.7220958562347,0.9734415374270279,-0.2289357403545899,1132.9929705358502,-0.6968400914759171,-0.7172265241273746,808.7642124152441,-45,0.9999188506781714,0.012739390034243757,425.9344713688363,0.15405803099048282,-0.988061801248958,1183.7331852661098,-0.9489667258599546,0.31537620901177355,789.4141713322924
0.9999188506781714,0.012739390034243757,425.9344713688363,0.15405803099048282,-0.988061801248958,1183.7331852661098,-0.9489667258599546,0.31537620901177355,789.4141713322924,90,0.4028755741982147,0.915254757821263,360.9015009169261,0.9634315028740504,-0.26795473362090216,1197.1759659148233,-0.5980651784584734,-0.8014474669717501,845.572358443729
0.4028755741982147,0.915254757821263,360.9015009169261,0.9634315028740504,-0.26795473362090216,1197.1759659148233,-0.5980651784584734,-0.8014474669717501,845.572358443729,45,0.1486887110430418,0.9888840514480749,343.3902099516671,0.9998999159235841,-0.014147725471235568,1196.9974587653269,-0.3542811428558292,-0.935138958560046,862.1673829893183
0.1486887110430418,0.9888840514480749,343.3902099516671,0.9998999159235841,-0.014147725471235568,1196.9974587653269,-0.3542811428558292,-0.935138958560046,862.1673829893183,-45,0.8369243582163558,0.5473185714226595,333.12060522575,0.6838894266730868,-0.7295856715182641,1211.9221004775718,-0.9061413576060388,-0.42297498748257567,869.3205954226381
-0.6478844124578916,-0.7617386612835747,419.32438049649585,-0.799084005235214,0.6012193880583432,1149.6821717669498,0.914187780892797,0.4052908847560027,808.316507365011,-90,-0.9803756873197698,-0.19713830605006485,426.00865362540463,-0.07951350479427287,0.9968337888310825,1072.4646814528346,0.8702112969597531,-0.4926786971684735,845.0857074662487
-0.9803756873197698,-0.19713830605006485,426.00865362540463,-0.07951350479427287,0.9968337888310825,1072.4646814528346,0.8702112969597531,-0.4926786971684735,845.0857074662487,45,-0.7875395729751867,-0.6162640838131496,470.1083435901133,-0.4171941887334277,0.9088173682798195,1000.5969891584923,0.9597659054828948,-0.28080136515444337,863.5875489566996
-0.7875395729751867,-0.6162640838131496,470.1083435901133,-0.4171941887334277,0.9088173682798195,1000.5969891584923,0.9597659054828948,-0.28080136515444337,863.5875489566996,0,-0.7105533310616813,-0.703643349799562,515.7038958978302,-0.45531769529233707,0.8903290382514065,938.5101108907671,0.9399986247242605,-0.3411782313051331,885.128210060102
-0.7105533310616813,-0.703643349799562,515.7038958978302,-0.45531769529233707,0.8903290382514065,938.5101108907671,0.9399986247242605,-0.3411782313051331,885.128210060102,45,-0.49080546386804974,-0.8712691872419617,570.564725747395,-0.6717705735742457,0.7407592702624307,890.8114650515001,0.9798565192836555,-0.1997027831987309,894.9841262654885
-0.49080546386804974,-0.8712691872419617,570.564725747395,-0.6717705735742457,0.7407592702624307,890.8114650515001,0.9798565192836555,-0.1997027831987309,894.9841262654885,45,0.24913806715065528,-0.9684679775276184,636.308052856484,-0.9992146145314693,-0.039625170116067275,892.2038433732562,0.862527277855634,0.5060105680269436,857.2700497101307
0.24913806715065528,-0.9684679775276184,636.308052856484,-0.9992146145314693,-0.039625170116067275,892.2038433732562,0.862527277855634,0.5060105680269436,857.2700497101307,0,0.2303783186371909,-0.9731011408388652,656.1152814959426,-0.998714661629189,-0.05068554672581201,893.1211690540651,0.8785641982406985,0.4776242765706937,847.2379492282555
0.2303783186371909,-0.9731011408388652,656.1152814959426,-0.998714661629189,-0.05068554672581201,893.1211690540651,0.8785641982406985,0.4776242765706937,847.2379492282555,-45,-0.5510454197986436,-0.8344752514718077,697.9135357341911,-0.718536335203706,0.6954894211934697,855.9123923398936,0.9140312128680917,-0.40564386092098714,867.6810147519651
-0.5510454197986436,-0.8344752514718077,697.9135357341911,-0.718536335203706,0.6954894211934697,855.9123923398936,0.9140312128680917,-0.40564386092098714,867.6810147519651,45,-0.3377405122927699,-0.941239260951336,764.8788261621371,-0.8820945724296361,0.4710723567459435,820.0425273796285,0.9576586796501151,-0.28790597994970213,885.3914223162368
-0.3377405122927699,-0.941239260951336,764.8788261621371,-0.8820945724296361,0.4710723567459435,820.0425273796285,0.9576586796501151,-0.28790597994970213,885.3914223162368,90,0.49082045282051034,-0.871260743459195,782.6510962241364,-0.918792956136692,-0.3947397924628308,829.7205616476203,0.8464388524912414,0.5324859331412525,872.4913996257169
0.49082045282051034,-0.871260743459195,782.6510962241364,-0.918792956136692,-0.3947397924628308,829.7205616476203,0.8464388524912414,0.5324859331412525,872.4913996257169,0,0.4786286112038741,-0.8780174557131827,803.4284681197082,-0.9079391892680725,-0.4191019310278052,839.4550228482649,0.8583109689261805,0.5131298866963425,860.0039810286817
0.4786286112038741,-0.8780174557131827,803.4284681197082,-0.9079391892680725,-0.4191019310278052,839.4550228482649,0.8583109689261805,0.5131298866963425,860.0039810286817,90,0.9962969395695509,0.08597911493116593,791.917787931447,0.08430162363270505,-0.9964402823315052,900.2586466356412,-0.21997751740621238,0.9755049419843036,800.795936329747
0.9962969395695509,0.08597911493116593,791.917787931447,0.08430162363270505,-0.9964402823315052,900.2586466356412,-0.21997751740621238,0.9755049419843036,800.795936329747,45,0.9497832117642918,0.312908693792145,769.3255029096975,0.3597199326518865,-0.9330603249806104,959.9676918663768,-0.5438363528395616,0.8391912900704844,746.0772999007937
0.9497832117642918,0.312908693792145,769.3255029096975,0.3597199326518865,-0.9330603249806104,959.9676918663768,-0.5438363528395616,0.8391912900704844,746.0772999007937,45,0.31302022682291875,0.9497464596405341,749.198802609487,0.9605316163926918,-0.2781708358366182,965.1151464107736,-0.9996740283296353,0.02553110031314018,745.7445097561825
0.31302022682291875,0.9497464596405341,749.198802609487,0.9605316163926918,-0.2781708358366182,965.1151464107736,-0.9996740283296353,0.02553110031314018,745.7445097561825,90,-0.7896581473283899,0.613547072650416,743.8381968485583,0.6024054147938257,0.7981902757031551,952.1461143600359,-0.37358395990315285,-0.9275963696043013,759.5718809243234
-0.7896581473283899,0.613547072650416,743.8381968485583,0.6024054147938257,0.7981902757031551,952.1461143600359,-0.37358395990315285,-0.9275963696043013,759.5718809243234,-90,0.23665599853392222,0.9715935046910885,689.3686664692515,0.9665367463028042,-0.2565282012691562,968.194091238732,-0.9908460367749538,-0.13499678295191717,761.9871798853272
0.23665599853392222,0.9715935046910885,689.3686664692515,0.9665367463028042,-0.2565282012691562,968.194091238732,-0.9908460367749538,-0.13499678295191717,761.9871798853272,90,-0.9899741293192819,0.14124879921093092,684.4944976803569,0.26576389410064916,0.9640381489300405,902.5693532104245,0.11592045310184057,-0.9932585003676857,826.3892674488725
-0.9899741293192819,0.14124879921093092,684.4944976803569,0.26576389410064916,0.9640381489300405,902.5693532104245,0.11592045310184057,-0.9932585003676857,826.3892674488725,45,-0.7457738314998753,-0.6661992136365784,696.5158333990294,-0.5617762939367527,0.8272891849714266,889.4334298729414,0.8149759929719567,-0.5794947203205334,834.8634584023572
-0.7457738314998753,-0.6661992136365784,696.5158333990294,-0.5617762939367527,0.8272891849714266,889.4334298729414,0.8149759929719567,-0.5794947203205334,834.8634584023572,0,-0.7349112775037772,-0.6781632651491574,707.2094355934033,-0.569658102563035,0.8218817714150148,876.3069700694729,0.8056060193273705,-0.5924516365269896,844.1942820182686
-0.7349112775037772,-0.6781632651491574,707.2094355934033,-0.569658102563035,0.8218817714150148,876.3069700694729,0.8056060193273705,-0.5924516365269896,844.1942820182686,-45,-0.8584816464474648,-0.5128442870042035,736.795375391881,-0.3421887288769499,0.939631243536302,818.6516189435301,0.5760059136862864,-0.8174455256458539,893.3356733047566
-0.8584816464474648,-0.5128442870042035,736.795375391881,-0.3421887288769499,0.939631243536302,818.6516189435301,0.5760059136862864,-0.8174455256458539,893.3356733047566,-90,-0.5545349674493762,0.8321604231612552,676.7361610325918,0.9633913770395979,0.2680989642757828,802.5401620162881,-0.7773607828951172,-0.6290550160492248,930.4131940429102
-0.5545349674493762,0.8321604231612552,676.7361610325918,0.9633913770395979,0.2680989642757828,802.5401620162881,-0.7773607828951172,-0.6290550160492248,930.4131940429102,45,-0.9835226549963346,0.18078491947328162,665.1367541060756,0.5867868326089603,0.8097414482887387,752.5787969792706,-0.16679855992655945,-0.9859909940797765,989.394128577063
-0.9835226549963346,0.18078491947328162,665.1367541060756,0.5867868326089603,0.8097414482887387,752.5787969792706,-0.16679855992655945,-0.9859909940797765,989.394128577063,0,-0.9968752596301703,0.07899187766650771,655.574649219172,0.6475945814872701,0.7619850773002891,692.1084255366643,-0.16708801485577074,-0.9859419837351272,1064.917368014458
-0.9968752596301703,0.07899187766650771,655.574649219172,0.6475945814872701,0.7619850773002891,692.1084255366643,-0.16708801485577074,-0.9859419837351272,1064.917368014458,45,-0.8035681706706977,-0.5952127309499927,689.6271568038356,0.060347032000700136,0.9981774570329198,634.2414992740086,0.4385486273403305,-0.8987074615568249,1115.9492172143596
-0.8035681706706977,-0.5952127309499927,689.6271568038356,0.060347032000700136,0.9981774570329198,634.2414992740086,0.4385486273403305,-0.8987074615568249,1115.9492172143596,-45,-0.9997411182271612,-0.022752945433619363,688.8762748412464,0.6875703708636404,0.7261177487917755,610.8034070297517,-0.2000028294790378,-0.9797953195440254,1147.5276563286623
-0.9997411182271612,-0.022752945433619363,688.8762748412464,0.6875703708636404,0.7261177487917755,610.8034070297517,-0.2000028294790378,-0.9797953195440254,1147.5276563286623,0,-0.9916495158618366,-0.12896215604193786,694.7279753839083,0.752450731248689,0.6586485383292923,558.711975691433,-0.18946021873582916,-0.9818883976891527,1221.0384759625817
-0.9916495158618366,-0.12896215604193786,694.7279753839083,0.752450731248689,0.6586485383292923,558.711975691433,-0.18946021873582916,-0.9818883976891527,1221.0384759625817,-45,-0.7567679439789038,0.6536836229904669,682.6565208891237,0.9860707197654895,-0.1663265932470494,562.9277444863084,-0.8605081946492621,-0.5094365975678109,1227.7440472315238
-0.7567679439789038,0.6536836229904669,682.6565208891237,0.9860707197654895,-0.1663265932470494,562.9277444863084,-0.8605081946492621,-0.5094365975678109,1227.7440472315238,90,-0.5990172539385268,-0.8007361172595792,697.8788987452677,0.09668000064327638,0.9953155165451888,547.4628583875874,0.5542238502353104,-0.8323676614515656,1237.1781105863083
-0.5990172539385268,-0.8007361172595792,697.8788987452677,0.09668000064327638,0.9953155165451888,547.4628583875874,0.5542238502353104,-0.8323676614515656,1237.1781105863083,-45,-0.9920195258208218,-0.1260843384018487,700.5687731926912,0.8651190155968937,0.5015666345089768,523.187008604679,-0.2683100679987263,-0.9633326047687366,1282.9708827454785
-0.9920195258208218,-0.1260843384018487,700.5687731926912,0.8651190155968937,0.5015666345089768,523.187008604679,-0.2683100679987263,-0.9633326047687366,1282.9708827454785,0,-0.9742284943974554,-0.22556338511395665,713.3899949766117,0.9219620324302085,0.3872802741647956,490.81663066030063,-0.2542734030395488,-0.9671323779641995,1352.9004416189428
0.8993201288850524,0.43729087091108204,642.7399570302391,-0.598883496635588,-0.8008361614322442,592.0220505717955,-0.1444330525100267,0.9895145745983915,1226.5059691510814,-45,0.9698621283176329,-0.2436543700720169,657.8599179010469,-0.8902652682393128,-0.45544236975361047,624.0287938715426,0.4454573946516413,0.8953031383560386,1154.1276842623488
0.9698621283176329,-0.2436543700720169,657.8599179010469,-0.8902652682393128,-0.45544236975361047,624.0287938715426,0.4454573946516413,0.8953031383560386,1154.1276842623488,45,0.9967115792593126,-0.08103102967633385,658.2844835964816,-0.6400590986048876,-0.7683256798344689,693.5398109293269,0.16636877985097284,0.9860636029642806,1061.4779419959166
0.9967115792593126,-0.08103102967633385,658.2844835964816,-0.6400590986048876,-0.7683256798344689,693.5398109293269,0.16636877985097284,0.9860636029642806,1061.4779419959166,-90,0.31881464391787484,-0.9478170829983593,674.3609916528409,-0.9649969331369532,0.26226116570372116,686.0016955248748,0.9745599752807625,0.2241268716168581,1061.0723382800077
0.31881464391787484,-0.9478170829983593,674.3609916528409,-0.9649969331369532,0.26226116570372116,686.0016955248748,0.9745599752807625,0.2241268716168581,1061.0723382800077,45,0.9091026420182062,-0.4165721861520727,690.0358678090951,-0.7894098432958694,-0.6138665158709921,713.4562543443367,0.466892167861403,0.8843142561271301,1021.2128372004785
0.9091026420182062,-0.4165721861520727,690.0358678090951,-0.7894098432958694,-0.6138665158709921,713.4562543443367,0.466892167861403,0.8843142561271301,1021.2128372004785,90,0.40261466051872463,0.9153695620542515,673.208460592175,0.6118066347856604,-0.7910073587724994,722.5208477358187,-0.8995174831964726,0.43688476446756935,1019.1133162768928
0.40261466051872463,0.9153695620542515,673.208460592175,0.6118066347856604,-0.7910073587724994,722.5208477358187,-0.8995174831964726,0.43688476446756935,1019.1133162768928,45,-0.522929453596681,0.8523759654994248,625.1531252168467,0.9973576865982113,-0.07264740176678,722.546595015429,-0.8709497109892284,-0.491372161327623,1047.4400555489515
-0.522929453596681,0.8523759654994248,625.1531252168467,0.9973576865982113,-0.07264740176678,722.546595015429,-0.8709497109892284,-0.491372161327623,1047.4400555489515,-45,-0.32340686534803303,0.9462600062592518,571.65772513428,0.9232704360344645,-0.38415062403272204,742.4277976380599,-0.9508066685083459,-0.3097848916910898,1063.3276046006235
-0.32340686534803303,0.9462600062592518,571.65772513428,0.9232704360344645,-0.38415062403272204,742.4277976380599,-0.9508066685083459,-0.3097848916910898,1063.3276046006235,90,-0.8353370277122918,-0.5497381650684203,607.1203253015782,0.2228929804432725,0.9748429203051715,685.6987628647831,0.44590408139306725,-0.8950807506571711,1110.2291517494457
-0.8353370277122918,-0.5497381650684203,607.1203253015782,0.2228929804432725,0.9748429203051715,685.6987628647831,0.44590408139306725,-0.8950807506571711,1110.2291517494457,-45,-0.9263556092874883,-0.376650083156245,627.0351397402088,0.5273327367714515,0.8496588637383423,634.8896988210025,0.16671696030755445,-0.9860047946870285,1168.1773608784854
-0.9263556092874883,-0.376650083156245,627.0351397402088,0.5273327367714515,0.8496588637383423,634.8896988210025,0.16671696030755445,-0.9860047946870285,1168.1773608784854,0,-0.9042474503743072,-0.42700883889161445,638.9736234537601,0.5374819584767366,0.843275248250541,610.0153010127103,0.17499693481811993,-0.9845689781850039,1196.9805058853829
-0.9042474503743072,-0.42700883889161445,638.9736234537601,0.5374819584767366,0.843275248250541,610.0153010127103,0.17499693481811993,-0.9845689781850039,1196.9805058853829,45,-0.22707742383055404,-0.9738767086168962,655.9126021308208,-0.3336818802478795,0.9426857391486517,594.2666317689597,0.8720093696089128,-0.4894891820196504,1204.1633699934675
-0.22707742383055404,-0.9738767086168962,655.9126021308208,-0.3336818802478795,0.9426857391486517,594.2666317689597,0.8720093696089128,-0.4894891820196504,1204.1633699934675,-45,-0.38525733150250235,-0.9228091831595365,704.4761941962361,-0.15531608104506972,0.9878648262635943,541.7767623193273,0.7373075222628248,-0.6755572644969885,1239.5027342403134
-0.38525733150250235,-0.9228091831595365,704.4761941962361,-0.15531608104506972,0.9878648262635943,541.7767623193273,0.7373075222628248,-0.6755572644969885,1239.5027342403134,-45,-0.6403623720042901,-0.7680729343760521,717.7225986394604,0.16390274838629823,0.9864765020371331,524.6302017590866,0.4855410286654006,-0.8742138808567069,1254.6748617063226
-0.6403623720042901,-0.7680729343760521,717.7225986394604,0.16390274838629823,0.9864765020371331,524.6302017590866,0.4855410286654006,-0.8742138808567069,1254.6748617063226,-90,-0.9774244248704324,0.21128533708401204,695.5376878533847,0.9979672673906927,0.06372859026177813,515.7773194164632,-0.6039933288688129,-0.7969893717496928,1314.4560377678793
-0.9774244248704324,0.21128533708401204,695.5376878533847,0.9979672673906927,0.06372859026177813,515.7773194164632,-0.6039933288688129,-0.7969893717496928,1314.4560377678793,45,-0.8103280106991669,-0.5859765482306701,731.2660739988147,0.7302199534240809,0.6832121336900664,471.0096293937524,0.11479477456977182,-0.9933892287172613,1374.0946077259891
-0.8103280106991669,-0.5859765482306701,731.2660739988147,0.7302199534240809,0.6832121336900664,471.0096293937524,0.11479477456977182,-0.9933892287172613,1374.0946077259891,-45,-0.9728575565770424,0.23140478519457333,726.0095454973372,0.9885252685886569,-0.15105559692286769,474.9529030896116,-0.6844158520999626,-0.7290918607379197,1382.2740177523594
0.8303286801325118,0.5572739747641198,480.6704516416315,-0.64712316184904,-0.7623854755951881,730.3423328011118,-0.34982776066090593,0.9368140359062602,1216.4645178061585,45,0.622750238502802,0.7824206927508393,468.15043575851774,-0.3614909213846012,-0.9323756291090582,744.9641806831319,-0.638580476394609,0.7695550501215843,1204.7600385557657
0.622750238502802,0.7824206927508393,468.15043575851774,-0.3614909213846012,-0.9323756291090582,744.9641806831319,-0.638580476394609,0.7695550501215843,1204.7600385557657,0,0.6796515473522455,0.7335351213007448,431.2931172023268,-0.34400909616266695,-0.938966315560545,790.5077311108981,-0.6557057475256315,0.7550165380055279,1167.4440084843898
0.6796515473522455,0.7335351213007448,431.2931172023268,-0.34400909616266695,-0.938966315560545,790.5077311108981,-0.6557057475256315,0.7550165380055279,1167.4440084843898,90,-0.6973778362381593,0.716703672045695,422.7214262124053,0.895549179548344,-0.4449625456263572,792.9746806670753,-0.8044365105713293,-0.5940386354942107,1181.7049226346862
-0.6973778362381593,0.716703672045695,422.7214262124053,0.895549179548344,-0.4449625456263572,792.9746806670753,-0.8044365105713293,-0.5940386354942107,1181.7049226346862,90,-0.949659724529275,-0.31328327055076116,440.7379164341548,0.8991152533938537,0.43771196135644524,761.7827452645013,0.04262231982101579,-0.9990912560187257,1242.686634265743
-0.949659724529275,-0.31328327055076116,440.7379164341548,0.8991152533938537,0.43771196135644524,761.7827452645013,0.04262231982101579,-0.9990912560187257,1242.686634265743,0,-0.9361881642475862,-0.3514992476844501,447.0137249112828,0.9083553227326563,0.41819924397737945,753.7193577579523,0.042683155085626465,-0.9990886588646357,1261.4085104592643
0.9897881486368754,-0.14254620590526706,404.6648173066816,-0.9303680433990363,-0.3666269273005583,831.6348804408399,0.13603285585441743,0.9907043262891766,1127.0522323148339,45,0.9993990457867585,-0.03466334202751624,401.7823057199632,-0.7685400713825301,-0.6398016557335059,870.0901914110111,-0.1325098611076735,0.991181687032819,1065.7106836236794
0.9993990457867585,-0.03466334202751624,401.7823057199632,-0.7685400713825301,-0.6398016557335059,870.0901914110111,-0.1325098611076735,0.991181687032819,1065.7106836236794,-90,0.7161454433107309,-0.6979510756673971,441.5125767436416,-0.991581458347625,-0.1294844062472285,875.2608270811678,0.5039094731406408,0.8637564719752447,1014.0884357011522
0.7161454433107309,-0.6979510756673971,441.5125767436416,-0.991581458347625,-0.1294844062472285,875.2608270811678,0.5039094731406408,0.8637564719752447,1014.0884357011522,90,0.9995838447367562,0.02884679083164145,435.5490575382984,-0.47741940785833004,-0.8786755425071313,920.497790069319,-0.3988922315706459,0.9169978122070904,967.718234571665
0.9995838447367562,0.02884679083164145,435.5490575382984,-0.47741940785833004,-0.8786755425071313,920.497790069319,-0.3988922315706459,0.9169978122070904,967.718234571665,0,0.9868962807571392,-0.16135591413928993,440.80393888113116,-0.43405649828148174,-0.900885651067669,998.3059012813256,-0.4423417964615877,0.8968465504773575,888.9175172833079
0.9868962807571392,-0.16135591413928993,440.80393888113116,-0.43405649828148174,-0.900885651067669,998.3059012813256,-0.4423417964615877,0.8968465504773575,888.9175172833079,0,0.9796174077964085,-0.20087243300723245,444.0955666200238,-0.4257044896346638,-0.9048622478062008,1015.2049213294624,-0.45212561508730337,0.8919542747147566,872.2582600878939
0.9796174077964085,-0.20087243300723245,444.0955666200238,-0.4257044896346638,-0.9048622478062008,1015.2049213294624,-0.45212561508730337,0.8919542747147566,872.2582600878939,-45,0.4708192907369127,-0.8822296727440029,487.11541518569294,-0.9405488076321894,-0.3396585645345438,1029.1594180259585,0.373993313574411,0.9274313998359298,827.6302965162223
0.4708192907369127,-0.8822296727440029,487.11541518569294,-0.9405488076321894,-0.3396585645345438,1029.1594180259585,0.373993313574411,0.9274313998359298,827.6302965162223,-45,-0.29639402028865114,-0.9550657489079643,499.562723409063,-0.9032024040334077,0.4292148848167697,1022.3323308102312,0.9321756692880048,0.36200624523267605,823.716088600848
-0.29639402028865114,-0.9550657489079643,499.562723409063,-0.9032024040334077,0.4292148848167697,1022.3323308102312,0.9321756692880048,0.36200624523267605,823.716088600848,-45,-0.8559288985199466,-0.5170935318474125,505.4516075994813,-0.3705721353059015,0.928803688911077,1009.0369109328459,0.9226756975420151,-0.3855769147204692,830.1208391703584
-0.8559288985199466,-0.5170935318474125,505.4516075994813,-0.3705721353059015,0.928803688911077,1009.0369109328459,0.9226756975420151,-0.3855769147204692,830.1208391703584,-45,-0.9495099112890839,-0.3137370369653478,509.4088113823415,-0.13119974034830237,0.9913559543032654,995.6737905127211,0.7910511273920413,-0.6117500419712126,838.3767035849518
-0.9495099112890839,-0.3137370369653478,509.4088113823415,-0.13119974034830237,0.9913559543032654,995.6737905127211,0.7910511273920413,-0.6117500419712126,838.3767035849518,90,0.49011481076080277,-0.8716578871741496,523.564146571411,-0.9331375211086478,-0.3595196332597259,1007.0115667533565,0.42853255784725297,0.9035263398843947,818.9224478392628
0.49011481076080277,-0.8716578871741496,523.564146571411,-0.9331375211086478,-0.3595196332597259,1007.0115667533565,0.42853255784725297,0.9035263398843947,818.9224478392628,-90,-0.8706493559991042,-0.49190415621170064,525.925889939153,-0.33311622514680006,0.9428857727975041,991.0799976330317,0.8851829757346575,-0.46524305418731055,830.6568736297137
-0.8706493559991042,-0.49190415621170064,525.925889939153,-0.33311622514680006,0.9428857727975041,991.0799976330317,0.8851829757346575,-0.46524305418731055,830.6568736297137,90,0.2184299945759302,-0.9758526207730136,559.4011923649073,-0.9948067178101715,-0.10178209174385132,997.6915425216754,0.705690872036486,0.708519860783298,802.8104222164035
0.2184299945759302,-0.9758526207730136,559.4011923649073,-0.9948067178101715,-0.10178209174385132,997.6915425216754,0.705690872036486,0.708519860783298,802.8104222164035,45,0.5527089461470599,-0.8333743581662484,606.1692961260031,-0.8402602128647144,-0.5421833404638553,1028.0480220135119,0.3775181718665181,0.9260021759750687,749.1311711348649
0.5527089461470599,-0.8333743581662484,606.1692961260031,-0.8402602128647144,-0.5421833404638553,1028.0480220135119,0.3775181718665181,0.9260021759750687,749.1311711348649,-90,0.016942368290608075,-0.9998564677776033,624.6040643521302,-0.999754410158863,-0.022161213141522116,1027.8970362858333,0.8285986429695513,0.5598430930796754,738.9792941654049
0.016942368290608075,-0.9998564677776033,624.6040643521302,-0.999754410158863,-0.022161213141522116,1027.8970362858333,0.8285986429695513,0.5598430930796754,738.9792941654049,45,0.8617199029837523,-0.5073842811929362,642.8077316205924,-0.4335649551740089,-0.9011223166945538,1068.4757460191652,-0.1189097819216008,0.992905062814848,695.9611166086878
0.8617199029837523,-0.5073842811929362,642.8077316205924,-0.4335649551740089,-0.9011223166945538,1068.4757460191652,-0.1189097819216008,0.992905062814848,695.9611166086878,-45,0.7167718911797024,-0.6973077197440688,675.5905643180106,-0.5716522353389736,-0.8204960218257946,1107.5164516139378,0.07195993915312042,0.9974075231103279,647.9438452485896
0.7167718911797024,-0.6973077197440688,675.5905643180106,-0.5716522353389736,-0.8204960218257946,1107.5164516139378,0.07195993915312042,0.9974075231103279,647.9438452485896,0,0.7063655828792791,-0.7078472033734514,688.1841584021462,-0.5608697649353773,-0.8279040444286612,1122.3539173877687,0.06989903105518525,0.9975540714455263,630.0157235146359
0.7063655828792791,-0.7078472033734514,688.1841584021462,-0.5608697649353773,-0.8279040444286612,1122.3539173877687,0.06989903105518525,0.9975540714455263,630.0157235146359,-45,-0.014407459616981108,-0.9998962071672165,742.9140892110488,-0.9757093792434657,-0.21906895548281324,1131.3349919224995,0.8102450768711087,0.5860912176497198,597.7118703424603
-0.014407459616981108,-0.9998962071672165,742.9140892110488,-0.9757093792434657,-0.21906895548281324,1131.3349919224995,0.8102450768711087,0.5860912176497198,597.7118703424603,-90,-0.9898524163583535,0.1420992393699865,731.3119240559618,-0.039223395281211625,0.9992304665404342,1092.7885844327038,0.4161723066673805,-0.909285769801305,634.6839987477492
-0.9898524163583535,0.1420992393699865,731.3119240559618,-0.039223395281211625,0.9992304665404342,1092.7885844327038,0.4161723066673805,-0.909285769801305,634.6839987477492,90,-0.3174177013857669,-0.9482858233923863,805.8909183589365,-0.9952876544207766,0.09696641149175676,1087.7541690535643,0.9948394046207872,0.10146210629470287,617.0709621213836
-0.3174177013857669,-0.9482858233923863,805.8909183589365,-0.9952876544207766,0.09696641149175676,1087.7541690535643,0.9948394046207872,0.10146210629470287,617.0709621213836,-90,-0.9615928989528736,-0.2744796835530977,816.356487835144,-0.44495956565923944,0.8955506601685586,1040.6185060965097,0.5619870200800829,-0.8271460507440681,660.1527181119014
-0.9615928989528736,-0.2744796835530977,816.356487835144,-0.44495956565923944,0.8955506601685586,1040.6185060965097,0.5619870200800829,-0.8271460507440681,660.1527181119014,90,0.03090483586037104,-0.9995223314766126,882.3518539917281,-0.960779357082715,-0.27731395025083916,1060.477625526649,0.9661593690879675,0.257945873243866,636.6590251010662
0.03090483586037104,-0.9995223314766126,882.3518539917281,-0.960779357082715,-0.27731395025083916,1060.477625526649,0.9661593690879675,0.257945873243866,636.6590251010662,-45,-0.2421524223876077,-0.9702382204035325,951.8417028488014,-0.998559515755103,-0.05365532121732209,1062.1647157019038,0.9893959996400989,-0.1452430924215308,642.8484014774448
-0.2421524223876077,-0.9702382204035325,951.8417028488014,-0.998559515755103,-0.05365532121732209,1062.1647157019038,0.9893959996400989,-0.1452430924215308,642.8484014774448,45,0.05273603253988817,-0.998608487282154,973.4347915368879,-0.9318583725595372,-0.36282223400818603,1069.9444758371644,0.9928646890682464,0.11924642217447994,639.7807228843835
0.05273603253988817,-0.998608487282154,973.4347915368879,-0.9318583725595372,-0.36282223400818603,1069.9444758371644,0.9928646890682464,0.11924642217447994,639.7807228843835,90,0.9250332763697835,-0.3798860850420605,976.4889059855271,-0.056813070116914326,-0.9983848331499686,1086.0142206770645,0.3046150868078735,0.9524755371604205,623.6695467255169
0.9250332763697835,-0.3798860850420605,976.4889059855271,-0.056813070116914326,-0.9983848331499686,1086.0142206770645,0.3046150868078735,0.9524755371604205,623.6695467255169,-90,-0.2284595900663411,-0.9735533964332513,1045.9745080898113,-0.9891261235837188,-0.1470697509491529,1089.7122150245552,0.9604800244787527,-0.2783489223569845,644.5583538933636
-0.2284595900663411,-0.9735533964332513,1045.9745080898113,-0.9891261235837188,-0.1470697509491529,1089.7122150245552,0.9604800244787527,-0.2783489223569845,644.5583538933636,45,0.5478509890256478,-0.8365759342842821,1101.664515535068,-0.5183679702172868,-0.8551576740302399,1147.7503041990954,0.8910946657239329,0.4538174707063979,610.1108627037516
0.5478509890256478,-0.8365759342842821,1101.664515535068,-0.5183679702172868,-0.8551576740302399,1147.7503041990954,0.8910946657239329,0.4538174707063979,610.1108627037516,0,0.5298710831670752,-0.8480782011249614,1121.610046875308,-0.5177750385157969,-0.8555168084204805,1167.9427833809457,0.9106821776437521,0.4131076994223583,599.9097075824247
0.5298710831670752,-0.8480782011249614,1121.610046875308,-0.5177750385157969,-0.8555168084204805,1167.9427833809457,0.9106821776437521,0.4131076994223583,599.9097075824247,0,0.5126281654779711,-0.8586107173560611,1160.9425177788546,-0.5000169990019961,-0.8660155891836114,1207.6872051929283,0.9377732502426064,0.3472482269636778,582.2874286696443
0.5126281654779711,-0.8586107173560611,1160.9425177788546,-0.5000169990019961,-0.8660155891836114,1207.6872051929283,0.9377732502426064,0.3472482269636778,582.2874286696443,90,0.9846798884445115,0.1743717789463203,1154.9670635604941,0.6348801911471413,-0.7726106023663987,1219.8071019261818,-0.011619764392372214,0.9999324882588153,564.2732298359992
0.9846798884445115,0.1743717789463203,1154.9670635604941,0.6348801911471413,-0.7726106023663987,1219.8071019261818,-0.011619764392372214,0.9999324882588153,564.2732298359992,-90,0.947498843670484,-0.3197591925857578,1166.0022309876647,0.207797370720323,-0.9781718932384638,1252.7557218660834,0.4715794566548231,0.8818235742262405,534.8308916547469
0.947498843670484,-0.3197591925857578,1166.0022309876647,0.207797370720323,-0.9781718932384638,1252.7557218660834,0.4715794566548231,0.8818235742262405,534.8308916547469,-90,-0.3142524058682111,-0.9493394679491847,1208.9420568759986,-0.9724291576576998,-0.23319848485171696,1257.022542710977,0.8410871237420752,-0.5408996674756633,564.3264453165119
-0.3142524058682111,-0.9493394679491847,1208.9420568759986,-0.9724291576576998,-0.23319848485171696,1257.022542710977,0.8410871237420752,-0.5408996674756633,564.3264453165119,-90,-0.9959927934888474,-0.08943352457709676,1210.5418407606185,-0.5824460595945069,0.8128693546092337,1207.4468098562795,-0.18650841894823042,-0.9824533625884901,621.5881178337521
-0.9959927934888474,-0.08943352457709676,1210.5418407606185,-0.5824460595945069,0.8128693546092337,1207.4468098562795,-0.18650841894823042,-0.9824533625884901,621.5881178337521,90,-0.19300462859343778,-0.9811978461765544,1222.061970971788,-0.9404606473563626,-0.3399025901255409,1214.7976763623856,0.8830308647581894,-0.46931491760267363,623.2036752903912
-0.19300462859343778,-0.9811978461765544,1222.061970971788,-0.9404606473563626,-0.3399025901255409,1214.7976763623856,0.8830308647581894,-0.46931491760267363,623.2036752903912,90,0.9455119436766876,-0.3255874143217646,1237.0539998626778,0.2428258643597815,-0.9700698941818188,1278.8589439716368,0.5881163829504189,0.8087763103017522,564.2352333701344
0.9455119436766876,-0.3255874143217646,1237.0539998626778,0.2428258643597815,-0.9700698941818188,1278.8589439716368,0.5881163829504189,0.8087763103017522,564.2352333701344,-90,-0.40726636840114155,-0.9133094246581197,1299.819231372179,-0.9828005345124985,-0.18467027200377256,1284.7721020651727,0.6796582616790223,-0.733528900133764,618.7010540195987
-0.40726636840114155,-0.9133094246581197,1299.819231372179,-0.9828005345124985,-0.18467027200377256,1284.7721020651727,0.6796582616790223,-0.733528900133764,618.7010540195987,-90,-0.9092029314748966,0.4163532507348231,1259.2920200000895,-0.12461199753076192,0.9922055482970217,1204.7635351536442,-0.7096296596798242,-0.7045748690541672,667.7979871457427
-0.9092029314748966,0.4163532507348231,1259.2920200000895,-0.12461199753076192,0.9922055482970217,1204.7635351536442,-0.7096296596798242,-0.7045748690541672,667.7979871457427,90,-0.5047129771856362,-0.8632872121492426,1272.0728489349062,-0.9994333539479884,-0.033659634820878914,1210.0181837465784,0.6162581114356408,-0.7875442464330352,674.0743378866817
-0.5047129771856362,-0.8632872121492426,1272.0728489349062,-0.9994333539479884,-0.033659634820878914,1210.0181837465784,0.6162581114356408,-0.7875442464330352,674.0743378866817,-45,-0.7185627949205127,-0.6954620836221204,1283.5589502545506,-0.9724762725935105,0.2330019296972285,1205.769229487369,0.3642995390650126,-0.9312818294356544,689.8044206719493
-0.7185627949205127,-0.6954620836221204,1283.5589502545506,-0.9724762725935105,0.2330019296972285,1205.769229487369,0.3642995390650126,-0.9312818294356544,689.8044206719493,-45,-0.9873356879613013,0.15864501025239905,1279.523522099161,-0.38868853264337866,0.9213692118752055,1190.505406793704,-0.5258147311908038,-0.8505991232435774,702.5558793470043
-0.9873356879613013,0.15864501025239905,1279.523522099161,-0.38868853264337866,0.9213692118752055,1190.505406793704,-0.5258147311908038,-0.8505991232435774,702.5558793470043,-45,-0.8823572525676562,0.4705801513464603,1250.9753901449221,-0.02971170770449851,0.9995585097558234,1132.0776239941501,-0.7587858336531523,-0.6513402019277565,739.2251529461372
-0.8823572525676562,0.4705801513464603,1250.9753901449221,-0.02971170770449851,0.9995585097558234,1132.0776239941501,-0.7587858336531523,-0.6513402019277565,739.2251529461372,45,-0.9997346085419143,-0.023037197823200007,1251.0718651158495,-0.4932639081323102,0.869879714060536,1066.3565687350786,-0.36380232506770327,-0.9314761769768098,809.0017130293668
-0.9997346085419143,-0.023037197823200007,1251.0718651158495,-0.4932639081323102,0.869879714060536,1066.3565687350786,-0.36380232506770327,-0.9314761769768098,809.0017130293668,90,-0.46086560730221987,-0.8874699386491669,1303.8641632751358,-0.998799577056605,-0.048983720474733594,1070.8839322135568,0.5905373229879401,-0.8070103284086501,853.0844719447014
-0.46086560730221987,-0.8874699386491669,1303.8641632751358,-0.998799577056605,-0.048983720474733594,1070.8839322135568,0.5905373229879401,-0.8070103284086501,853.0844719447014,0,-0.4434972301713681,-0.896275742631878,1355.6274926448268,-0.99473571653438,-0.1024736758920731,1075.2147593920483,0.5591751594239274,-0.8290495407894666,900.6440688832076
-0.4434972301713681,-0.896275742631878,1355.6274926448268,-0.99473571653438,-0.1024736758920731,1075.2147593920483,0.5591751594239274,-0.8290495407894666,900.6440688832076,-90,-0.9999828854871516,0.005850532692854283,1350.8350991083998,-0.512490237799814,0.8586930511887761,1021.4544654477751,-0.5066960588464641,-0.8621247612436733,950.4696654723916
-0.9999828854871516,0.005850532692854283,1350.8350991083998,-0.512490237799814,0.8586930511887761,1021.4544654477751,-0.5066960588464641,-0.8621247612436733,950.4696654723916,0,-0.9999700958251121,-0.0077335280122376145,1350.8790226081128,-0.5199213168792758,0.8542141559670617,1003.1434462342113,-0.49897321045844717,-0.8666174099594297,968.9743307862443
-0.9999700958251121,-0.0077335280122376145,1350.8790226081128,-0.5199213168792758,0.8542141559670617,1003.1434462342113,-0.49897321045844717,-0.8666174099594297,968.9743307862443,-90,-0.8505835044829835,0.5258399964831949,1340.7096401358087,0.02705848022510892,0.9996338522918816,984.7157250461121,-0.8811534217303445,-0.4728304636684333,977.1613680212138
-0.8505835044829835,0.5258399964831949,1340.7096401358087,0.02705848022510892,0.9996338522918816,984.7157250461121,-0.8811534217303445,-0.4728304636684333,977.1613680212138,-45,-0.3738370245043598,0.9274944092067222,1285.4636914521586,0.6571150833064456,0.7537902674425844,939.8613206435352,-0.9952720499177209,0.09712644672064243,968.9370784740411
-0.3738370245043598,0.9274944092067222,1285.4636914521586,0.6571150833064456,0.7537902674425844,939.8613206435352,-0.9952720499177209,0.09712644672064243,968.9370784740411,-45,-0.08754698380363594,0.9961603915167908,1266.466134288446,0.8578830410946132,0.5138450036754841,930.031305548109,-0.930246222348035,0.36693591512307727,961.6666310627191
-0.08754698380363594,0.9961603915167908,1266.466134288446,0.8578830410946132,0.5138450036754841,930.031305548109,-0.930246222348035,0.36693591512307727,961.6666310627191,45,-0.6068067562920236,0.7948493948656894,1201.5336940469128,0.5234558643508845,0.8520527906630365,859.9007954002718,-0.9733467605222235,-0.22933836090129658,977.5100295802698
-0.6068067562920236,0.7948493948656894,1201.5336940469128,0.5234558643508845,0.8520527906630365,859.9007954002718,-0.9733467605222235,-0.22933836090129658,977.5100295802698,90,-0.9606756515534091,-0.2776729956485378,1208.9861527565358,-0.6058492956097554,0.7955794309867263,847.6239717923568,-0.15211934669403906,-0.9883621321971916,995.1959392788185
-0.9606756515534091,-0.2776729956485378,1208.9861527565358,-0.6058492956097554,0.7955794309867263,847.6239717923568,-0.15211934669403906,-0.9883621321971916,995.1959392788185,-90,-0.37013434904848874,0.9289782363728719,1152.4373972565668,0.7799386507309174,0.6258559747226482,812.4159246318907,-0.9999447014085948,0.010516374131622213,988.7452425147188
-0.37013434904848874,0.9289782363728719,1152.4373972565668,0.7799386507309174,0.6258559747226482,812.4159246318907,-0.9999447014085948,0.010516374131622213,988.7452425147188,-45,0.1294408507898376,0.9915871450088505,1065.668382432508,0.9975911993062445,0.06936713246724811,801.5305741619081,-0.90929281995384,0.41615690259851923,949.2675520190912
0.1294408507898376,0.9915871450088505,1065.668382432508,0.9975911993062445,0.06936713246724811,801.5305741619081,-0.90929281995384,0.41615690259851923,949.2675520190912,45,-0.23592136503527045,0.9717721489731503,1050.5543739201494,0.9147358722235224,0.40405232837773836,794.7558194582515,-0.9988208504619732,0.04854800389738425,948.7434745824379
-0.23592136503527045,0.9717721489731503,1050.5543739201494,0.9147358722235224,0.40405232837773836,794.7558194582515,-0.9988208504619732,0.04854800389738425,948.7434745824379,45,-0.7880728068486409,0.6155820425464869,1040.8907226099325,0.4860700352356406,0.8739198595100257,779.7486623364143,-0.812899315099046,-0.5824042440706471,959.0529288915329
-0.7880728068486409,0.6155820425464869,1040.8907226099325,0.4860700352356406,0.8739198595100257,779.7486623364143,-0.812899315099046,-0.5824042440706471,959.0529288915329,-45,-0.6896462310711788,0.7241464464936068,988.5792096057824,0.6915977710760618,0.7222828552877489,727.3069047278414,-0.8808146737811842,-0.47346120268903363,990.3612710848467
-0.6896462310711788,0.7241464464936068,988.5792096057824,0.6915977710760618,0.7222828552877489,727.3069047278414,-0.8808146737811842,-0.47346120268903363,990.3612710848467,90,-0.718613339465077,-0.6954098563745339,1018.369872628002,-0.7387599316253193,0.6739686665008645,701.2553297311707,0.4378468547604069,-0.8990495713676856,1025.4598987168504
-0.718613339465077,-0.6954098563745339,1018.369872628002,-0.7387599316253193,0.6739686665008645,701.2553297311707,0.4378468547604069,-0.8990495713676856,1025.4598987168504,-90,-0.7970026231885127,0.6039758427541864,984.6126223218207,0.621620456598106,0.7833185864887684,664.3258357428624,-0.8184767496904573,-0.5745396506910072,1049.5622592468978
-0.7970026231885127,0.6039758427541864,984.6126223218207,0.621620456598106,0.7833185864887684,664.3258357428624,-0.8184767496904573,-0.5745396506910072,1049.5622592468978,90,-0.684882943185317,-0.7286531096027916,999.0754324096416,-0.7231205937106003,0.6907218014161915,656.7290762898446,0.4687051098853559,-0.8833546965785355,1061.1080998863936
-0.684882943185317,-0.7286531096027916,999.0754324096416,-0.7231205937106003,0.6907218014161915,656.7290762898446,0.4687051098853559,-0.8833546965785355,1061.1080998863936,45,0.10006629662325654,-0.9949807718142629,1051.0920357371094,-0.9843767843051735,-0.1760748321623676,665.1598812240413,0.9638342409034014,-0.26650245038679093,1072.671310136512
0.10006629662325654,-0.9949807718142629,1051.0920357371094,-0.9843767843051735,-0.1760748321623676,665.1598812240413,0.9638342409034014,-0.26650245038679093,1072.671310136512,-45,-0.6968935720979569,-0.7171745597611154,1061.1262738405983,-0.7716140883683389,0.6360909515403418,653.5373968143158,0.40188395945751876,-0.9156906044787985,1087.9506464150074
-0.6968935720979569,-0.7171745597611154,1061.1262738405983,-0.7716140883683389,0.6360909515403418,653.5373968143158,0.40188395945751876,-0.9156906044787985,1087.9506464150074,90,0.6039664138682556,-0.797009768396297,1106.0953950520607,-0.6788713038364111,-0.7342572797238385,697.8698897039293,0.9699352783280342,0.24336301250337725,1069.346873075044
0.6039664138682556,-0.797009768396297,1106.0953950520607,-0.6788713038364111,-0.7342572797238385,697.8698897039293,0.9699352783280342,0.24336301250337725,1069.346873075044,0,0.5853438835665086,-0.8107851367478796,1124.5170233634199,-0.6708162676278346,-0.7416235804543039,714.7299740700162,0.9772012236542414,0.21231525731480794,1064.1720687154527
0.5853438835665086,-0.8107851367478796,1124.5170233634199,-0.6708162676278346,-0.7416235804543039,714.7299740700162,0.9772012236542414,0.21231525731480794,1064.1720687154527,90,0.7301144549884467,0.6833248734071689,1079.0747869766103,0.7990486062772729,-0.601266434125794,743.1903093344374,-0.391590179615455,0.92013973462118,1012.1957853541068
0.7301144549884467,0.6833248734071689,1079.0747869766103,0.7990486062772729,-0.601266434125794,743.1903093344374,-0.391590179615455,0.92013973462118,1012.1957853541068,45,-0.482089378751694,0.8761220410963336,1044.3604537625627,0.8182233617009937,0.5749004525713342,716.0046629618732,-0.9853372773970993,-0.17061784716632583,1021.8134572333374
-0.482089378751694,0.8761220410963336,1044.3604537625627,0.8182233617009937,0.5749004525713342,716.0046629618732,-0.9853372773970993,-0.17061784716632583,1021.8134572333374,90,-0.9110792922715517,-0.41223115262431154,1053.4341003198444,-0.5108915689413557,0.8596451621364714,703.5172518969808,0.07639661963147763,-0.9970775077740363,1037.6317861923276
-0.9110792922715517,-0.41223115262431154,1053.4341003198444,-0.5108915689413557,0.8596451621364714,703.5172518969808,0.07639661963147763,-0.9970775077740363,1037.6317861923276,90,-0.32541928406764337,-0.94556982267673,1074.029820007641,-0.9809950574317902,0.19403272222591422,700.5403444953375,0.7637391021114062,-0.6455250451423733,1050.081001763981
-0.32541928406764337,-0.94556982267673,1074.029820007641,-0.9809950574317902,0.19403272222591422,700.5403444953375,0.7637391021114062,-0.6455250451423733,1050.081001763981,-45,-0.9100458296956901,-0.41450764510860716,1094.334747136396,-0.528421910522101,0.8489819105729949,653.3504869440899,0.011226801097972902,-0.9999369774826344,1104.329777009603
-0.9100458296956901,-0.41450764510860716,1094.334747136396,-0.528421910522101,0.8489819105729949,653.3504869440899,0.011226801097972902,-0.9999369774826344,1104.329777009603,-90,-0.7513888004325113,0.6598597355382366,1081.0843560105923,0.5805031887286273,0.8142579737871135,641.4816792480023,-0.905107152751903,-0.4251835392361085,1108.5396234735306
-0.7513888004325113,0.6598597355382366,1081.0843560105923,0.5805031887286273,0.8142579737871135,641.4816792480023,-0.905107152751903,-0.4251835392361085,1108.5396234735306,45,-0.9339669050781537,0.3573595111631072,1058.6705216902235,0.3391525528583669,0.9407313888085443,585.9282494434366,-0.7100299032659496,-0.7041715248915893,1149.0897934869363
-0.9339669050781537,0.3573595111631072,1058.6705216902235,0.3391525528583669,0.9407313888085443,585.9282494434366,-0.7100299032659496,-0.7041715248915893,1149.0897934869363,-90,-0.3452287554133311,0.9385185701070398,1000.6137414740216,0.9687463149541374,0.24805357740371162,568.4616606479632,-0.9992951078730636,0.03754047656812605,1144.3328972054592
-0.3452287554133311,0.9385185701070398,1000.6137414740216,0.9687463149541374,0.24805357740371162,568.4616606479632,-0.9992951078730636,0.03754047656812605,1144.3328972054592,-90,0.9558732477660573,0.2937793971761287,1003.2474661847793,0.20992484658104446,-0.9777175250489913,577.254015495934,0.08782696851624071,0.9961357455694717,1136.9242535921994
0.9558732477660573,0.2937793971761287,1003.2474661847793,0.20992484658104446,-0.9777175250489913,577.254015495934,0.08782696851624071,0.9961357455694717,1136.9242535921994,90,-0.41505886536204295,0.9097945582846566,956.9244706464665,0.9741622930542473,0.2258491239551104,558.3775447866972,-0.9980974411736482,-0.06165628858937231,1143.8518271708185
-0.41505886536204295,0.9097945582846566,956.9244706464665,0.9741622930542473,0.2258491239551104,558.3775447866972,-0.9980974411736482,-0.06165628858937231,1143.8518271708185,45,-0.9242749069276459,0.38172751593760124,948.6079732115318,0.5953854341964008,0.803440218527031,539.3323714005029,-0.6939733754959003,-0.7200006625711022,1160.7981249297786
-0.9242749069276459,0.38172751593760124,948.6079732115318,0.5953854341964008,0.803440218527031,539.3323714005029,-0.6939733754959003,-0.7200006625711022,1160.7981249297786,90,-0.7043978410040194,-0.7098053828965206,959.9305615910819,-0.5241869595455251,0.8516032124425189,528.8573749855153,0.38856211491845716,-0.9214225322022984,1172.4444733447165
-0.7043978410040194,-0.7098053828965206,959.9305615910819,-0.5241869595455251,0.8516032124425189,528.8573749855153,0.38856211491845716,-0.9214225322022984,1172.4444733447165,-90,-0.47111382421109843,0.8820724259589993,908.1109029887705,0.9922409417821715,0.1243298574407185,524.1468230630421,-0.9921276855168937,-0.12523041016818443,1172.9096010038797
-0.47111382421109843,0.8820724259589993,908.1109029887705,0.9922409417821715,0.1243298574407185,524.1468230630421,-0.9921276855168937,-0.12523041016818443,1172.9096010038797,0,-0.48124329353366774,0.8765870706489277,889.514661586924,0.9964261246904031,0.0844687991773596,521.8471166712526,-0.9897014269184368,-0.14314707665757714,1175.839688553716
-0.48124329353366774,0.8765870706489277,889.514661586924,0.9964261246904031,0.0844687991773596,521.8471166712526,-0.9897014269184368,-0.14314707665757714,1175.839688553716,45,-0.8554584120208731,0.5178715142800635,861.2462656990624,0.8928691110360122,0.4503162783619546,495.42895573490654,-0.7946657429875528,-0.6070472443904515,1207.646806885432
-0.8554584120208731,0.5178715142800635,861.2462656990624,0.8928691110360122,0.4503162783619546,495.42895573490654,-0.7946657429875528,-0.6070472443904515,1207.646806885432,-45,-0.2508357870699964,0.9680296523996439,842.5900752276757,0.9408633187131413,-0.3387863862378384,502.4871290612129,-0.9940194740772255,0.10920295396753739,1204.4429230445833
-0.2508357870699964,0.9680296523996439,842.5900752276757,0.9408633187131413,-0.3387863862378384,502.4871290612129,-0.9940194740772255,0.10920295396753739,1204.4429230445833,0,-0.25894686323067195,0.9658915684604539,797.9845205145774,0.9063847198390095,-0.4224532395926917,519.7097026041364,-0.9969904125487468,0.07752494621655504,1200.5683716393999
-0.25894686323067195,0.9658915684604539,797.9845205145774,0.9063847198390095,-0.4224532395926917,519.7097026041364,-0.9969904125487468,0.07752494621655504,1200.5683716393999,-45,0.2901547960983367,0.9569797251254243,756.3009589526711,0.5247612460750865,-0.8512494549882088,556.8597853254713,-0.8325372538958324,0.5539690612981796,1175.1389111559238
0.2901547960983367,0.9569797251254243,756.3009589526711,0.5247612460750865,-0.8512494549882088,556.8597853254713,-0.8325372538958324,0.5539690612981796,1175.1389111559238,-45,0.5695283799119325,0.8219716689003882,743.5892802583709,0.2435004907131258,-0.9699007738023859,571.8513388243155,-0.6382227166672404,0.7698517804940684,1163.1569359786158
0.5695283799119325,0.8219716689003882,743.5892802583709,0.2435004907131258,-0.9699007738023859,571.8513388243155,-0.6382227166672404,0.7698517804940684,1163.1569359786158,-45,0.7969072488879658,0.6041016774267505,710.7432416363885,-0.013929467627928583,-0.9999029802593862,623.9203951882015,-0.43614240527524645,0.8998776596408662,1116.2056242161664
0.7969072488879658,0.6041016774267505,710.7432416363885,-0.013929467627928583,-0.9999029802593862,623.9203951882015,-0.43614240527524645,0.8998776596408662,1116.2056242161664,45,0.16500078663472523,0.9862934352462871,656.4795538746157,0.6415610397523313,-0.7670719863688854,664.3917981548345,-0.9540116825867927,0.2997694272068396,1099.355686143213
0.16500078663472523,0.9862934352462871,656.4795538746157,0.6415610397523313,-0.7670719863688854,664.3917981548345,-0.9540116825867927,0.2997694272068396,1099.355686143213,0,0.18546158087046727,0.9826515160630585,583.005254880134,0.5895365526553962,-0.8077416994826944,723.1852371404232,-0.9717673047366279,0.2359413177993836,1079.3867922194759
0.18546158087046727,0.9826515160630585,583.005254880134,0.5895365526553962,-0.8077416994826944,723.1852371404232,-0.9717673047366279,0.2359413177993836,1079.3867922194759,90,-0.9925730249316576,0.12165027816663228,587.0473670753787,0.7895521014823104,0.6136835333010553,710.0976856673556,-0.1995782175873178,-0.9798818985289346,1093.9400217517111
-0.9925730249316576,0.12165027816663228,587.0473670753787,0.7895521014823104,0.6136835333010553,710.0976856673556,-0.1995782175873178,-0.9798818985289346,1093.9400217517111,-90,-0.4350539572685464,0.9004043837437586,527.8930099729869,0.8946302086574556,-0.44680732957004793,737.9811853823511,-0.928266425478033,-0.37191590895017596,1114.6740824018202
-0.4350539572685464,0.9004043837437586,527.8930099729869,0.8946302086574556,-0.44680732957004793,737.9811853823511,-0.928266425478033,-0.37191590895017596,1114.6740824018202,90,-0.9408016151093034,0.33895769796204106,504.46281902075793,0.9928474730742253,0.11938967798819752,727.6532799172762,-0.47822496905017015,-0.8782373705194763,1168.3135263166175
-0.9408016151093034,0.33895769796204106,504.46281902075793,0.9928474730742253,0.11938967798819752,727.6532799172762,-0.47822496905017015,-0.8782373705194763,1168.3135263166175,90,-0.9304961232711193,-0.3663017397957837,524.0453561434033,0.7826996774910215,0.6223995620623868,689.0374034081651,0.10862747054847584,-0.9940825280841827,1226.1459355621037
-0.9304961232711193,-0.3663017397957837,524.0453561434033,0.7826996774910215,0.6223995620623868,689.0374034081651,0.10862747054847584,-0.9940825280841827,1226.1459355621037,45,-0.30520402453587586,-0.9522869858436083,572.2229801889247,0.03843245751673218,0.9992612001920341,638.9025364296923,0.8047270716458365,-0.5936449613702763,1253.4762299526442
-0.30520402453587586,-0.9522869858436083,572.2229801889247,0.03843245751673218,0.9992612001920341,638.9025364296923,0.8047270716458365,-0.5936449613702763,1253.4762299526442,90,0.9570154569925098,-0.2900369201970979,573.0880919578865,-0.9997397196470121,-0.02281431480701246,642.1025098408594,0.5642840811073341,0.8255806900653937,1240.5484436909069
0.9570154569925098,-0.2900369201970979,573.0880919578865,-0.9997397196470121,-0.02281431480701246,642.1025098408594,0.5642840811073341,0.8255806900653937,1240.5484436909069,0,0.941421976496251,-0.3372308736902543,584.2863611545391,-0.9960677357978248,-0.08859495303116659,644.2836268532768,0.5699533310443401,0.8216770657816007,1210.6590237681344
0.941421976496251,-0.3372308736902543,584.2863611545391,-0.9960677357978248,-0.08859495303116659,644.2836268532768,0.5699533310443401,0.8216770657816007,1210.6590237681344,-45,0.7484243567026314,-0.6632201612543548,622.0517518087833,-0.9927390558186061,0.12028785080955748,634.9283414121439,0.8131121402227373,0.5821070755646246,1173.8726600140135
0.7484243567026314,-0.6632201612543548,622.0517518087833,-0.9927390558186061,0.12028785080955748,634.9283414121439,0.8131121402227373,0.5821070755646246,1173.8726600140135,45,0.9969762241552456,0.07770719702285932,615.5793502847788,-0.6922922003430302,-0.721617287309697,668.4842440155418,0.07405591451301992,0.9972540907540266,1127.435185053682
0.9969762241552456,0.07770719702285932,615.5793502847788,-0.6922922003430302,-0.721617287309697,668.4842440155418,0.07405591451301992,0.9972540907540266,1127.435185053682,0,0.9988244348389551,-0.04847420312539253,614.3391394572704,-0.6497368189105474,-0.7601592373654369,721.2183041694793,0.09004719394797779,0.995937499475793,1056.732406179114
0.9988244348389551,-0.04847420312539253,614.3391394572704,-0.6497368189105474,-0.7601592373654369,721.2183041694793,0.09004719394797779,0.995937499475793,1056.732406179114,0,0.9961337780497446,-0.08784928131944025,615.902979113334,-0.6366728488041683,-0.771134024405346,738.4871019054294,0.09490461554906002,0.9954863705483291,1034.258072088722
0.9961337780497446,-0.08784928131944025,615.902979113334,-0.6366728488041683,-0.771134024405346,738.4871019054294,0.09490461554906002,0.9954863705483291,1034.258072088722,-45,0.4935673765166592,-0.8697075628269898,652.0985705976973,-0.9999999645312,-0.00026634113227479183,735.7749015667496,0.8755253987799652,0.483172097798686,1015.1546413111453
0.4935673765166592,-0.8697075628269898,652.0985705976973,-0.9999999645312,-0.00026634113227479183,735.7749015667496,0.8755253987799652,0.483172097798686,1015.1546413111453,-45,0.25222406254100516,-0.9676688598251527,712.9586952127523,-0.9885707283259564,0.150757802773482,723.7503151498246,0.9786859637453553,0.20536256807856942,1000.1617574569976
0.25222406254100516,-0.9676688598251527,712.9586952127523,-0.9885707283259564,0.150757802773482,723.7503151498246,0.9786859637453553,0.20536256807856942,1000.1617574569976,45,0.7920023145386709,-0.6105180863540312,748.2350918417957,-0.79842888747863,-0.6020891226717497,760.738324434559,0.6226590933093379,0.7824932290564521,949.7696524228916
0.7920023145386709,-0.6105180863540312,748.2350918417957,-0.79842888747863,-0.6020891226717497,760.738324434559,0.6226590933093379,0.7824932290564521,949.7696524228916,90,0.9993960359402266,-0.03475001218649052,748.1237511939823,-0.2712103247713311,-0.9625201087444506,777.1848757538683,0.027458148468657684,0.9996229539594782,932.8068755645809
0.9993960359402266,-0.03475001218649052,748.1237511939823,-0.2712103247713311,-0.9625201087444506,777.1848757538683,0.027458148468657684,0.9996229539594782,932.8068755645809,-90,-0.2146718447437745,-0.976686233687311,801.3319987106997,-0.913967876653686,0.4057865454215464,747.1503223299076,0.9584994754891635,-0.2850942922736241,953.3756511248255
-0.2146718447437745,-0.976686233687311,801.3319987106997,-0.913967876653686,0.4057865454215464,747.1503223299076,0.9584994754891635,-0.2850942922736241,953.3756511248255,-90,-0.9821951603408642,-0.1878634264645039,802.5229864445464,0.05763838690729672,0.9983375262679074,717.4820470031802,0.08014074906281735,-0.9967835574183849,983.5168446813067
-0.9821951603408642,-0.1878634264645039,802.5229864445464,0.05763838690729672,0.9983375262679074,717.4820470031802,0.08014074906281735,-0.9967835574183849,983.5168446813067,-90,-0.9737196014793205,0.227750165082165,776.7670617799107,0.6153425376628442,0.7882598311106884,645.0574023032335,-0.39894576346444804,-0.9169745240811048,1064.7795773145706
-0.9737196014793205,0.227750165082165,776.7670617799107,0.6153425376628442,0.7882598311106884,645.0574023032335,-0.39894576346444804,-0.9169745240811048,1064.7795773145706,0,-0.98750192582281,0.15760693670089965,765.5251861459442,0.663048069417474,0.7485768214697545,600.4294884695308,-0.3819855427313395,-0.9241682991448279,1118.2152970800312
-0.98750192582281,0.15760693670089965,765.5251861459442,0.663048069417474,0.7485768214697545,600.4294884695308,-0.3819855427313395,-0.9241682991448279,1118.2152970800312,-45,-0.5628397027868529,0.826566070539317,706.7453610636297,0.991070769418192,-0.13333690413697455,606.4917587114934,-0.931598886704686,-0.36348798369490787,1140.8599061168554
-0.5628397027868529,0.826566070539317,706.7453610636297,0.991070769418192,-0.13333690413697455,606.4917587114934,-0.931598886704686,-0.36348798369490787,1140.8599061168554,45,-0.8109329006956744,0.5851391548762565,669.8822042110043,0.9990136987771904,0.04440303655739279,600.4047897198968,-0.7707403367893132,-0.63714938063683,1178.7939291999232
-0.8109329006956744,0.5851391548762565,669.8822042110043,0.9990136987771904,0.04440303655739279,600.4047897198968,-0.7707403367893132,-0.63714938063683,1178.7939291999232,-90,-0.5103344147049267,0.8599760375544077,604.2682193609337,0.8616469512564585,-0.5075081589397852,634.6743550275477,-0.9599705726727147,-0.2801008739765375,1198.0965908179664
-0.5103344147049267,0.8599760375544077,604.2682193609337,0.8616469512564585,-0.5075081589397852,634.6743550275477,-0.9599705726727147,-0.2801008739765375,1198.0965908179664,90,-0.7279466138804435,-0.6856338143207323,651.4523818487255,0.3989783503852339,0.9169603458840941,573.4641940142188,0.397664163525663,-0.917531042007536,1253.0149742985427
-0.7279466138804435,-0.6856338143207323,651.4523818487255,0.3989783503852339,0.9169603458840941,573.4641940142188,0.397664163525663,-0.917531042007536,1253.0149742985427,45,-0.309865347269498,-0.9507804512933327,711.9548702146295,-0.06789071303441567,0.9976927638725654,509.7603919709043,0.7453967372963188,-0.6666211097977641,1294.4608364961566
-0.309865347269498,-0.9507804512933327,711.9548702146295,-0.06789071303441567,0.9976927638725654,509.7603919709043,0.7453967372963188,-0.6666211097977641,1294.4608364961566,-45,-0.9085251480052131,-0.41783017536088224,723.728304483478,0.7508131375439714,0.660514672427023,488.5500370591839,-0.02444029127719745,-0.9997012914677492,1327.127099682065
-0.9085251480052131,-0.41783017536088224,723.728304483478,0.7508131375439714,0.660514672427023,488.5500370591839,-0.02444029127719745,-0.9997012914677492,1327.127099682065,-90,-0.7463365095073005,0.6655687902662348,709.6606509387216,0.8871321283619137,-0.4615155325967493,499.3808161020706,-0.926557413357074,-0.3761533726461168,1330.134128383589
-0.7463365095073005,0.6655687902662348,709.6606509387216,0.8871321283619137,-0.4615155325967493,499.3808161020706,-0.926557413357074,-0.3761533726461168,1330.134128383589,0,-0.7953236316346577,0.6061850550479279,669.2471322048859,0.8372218276977226,-0.5468634301418271,531.5344014873018,-0.9066828078432142,-0.4218130936345446,1355.0851353197202
0.5940434290020876,0.8044329707685045,551.0780614566709,-0.5166137720155821,-0.85621855303645,650.2167314202569,-0.519438572677167,0.8545077935367866,1294.9917952708588,-45,0.8650684753160494,0.5016537979666512,508.8234734881047,-0.6834698888683486,-0.729978705860854,703.8097236984581,-0.26920883047325217,0.9630818270506529,1221.5505422095723
0.8650684753160494,0.5016537979666512,508.8234734881047,-0.6834698888683486,-0.729978705860854,703.8097236984581,-0.26920883047325217,0.9630818270506529,1221.5505422095723,90,-0.8106731981934465,0.5854989032703726,498.4169970288935,0.9083798877533634,-0.4181458830661696,707.0848767491071,-0.795790264368658,-0.605572336831911,1245.982240213439
0.9998877136190082,0.0149853312860372,470.3642875102233,-0.8430519571150661,-0.5378321277168711,774.0151955646606,0.04153671518337029,0.9991369782426109,1130.871028440025,-90,0.38585079341190054,-0.922561198633135,534.7775198997056,-0.8814307785545115,0.47231322511315293,736.6873663841942,0.9450786328129402,0.32684304765502314,1108.538982530646
0.38585079341190054,-0.922561198633135,534.7775198997056,-0.8814307785545115,0.47231322511315293,736.6873663841942,0.9450786328129402,0.32684304765502314,1108.538982530646,45,0.9253916000672177,-0.3790123830761137,552.1164789364831,-0.8938372624871258,-0.44839151217381557,762.6823495487621,0.3589625419408302,0.9333519665610491,1053.5991867466585
0.9253916000672177,-0.3790123830761137,552.1164789364831,-0.8938372624871258,-0.44839151217381557,762.6823495487621,0.3589625419408302,0.9333519665610491,1053.5991867466585,0,0.9130410895896248,-0.40786758724001443,560.5036308324327,-0.8805632288592421,-0.4739286865985071,772.6054103980505,0.36204936910811353,0.9321589211762215,1033.6000387849936
0.9130410895896248,-0.40786758724001443,560.5036308324327,-0.8805632288592421,-0.4739286865985071,772.6054103980505,0.36204936910811353,0.9321589211762215,1033.6000387849936,-90,-0.4582389614235336,-0.8888290354356575,592.7427742798824,-0.3971102978529964,0.9177708926192334,733.2911430400694,0.8775120961137235,-0.47955450281912615,1057.7887485036943
-0.4582389614235336,-0.8888290354356575,592.7427742798824,-0.3971102978529964,0.9177708926192334,733.2911430400694,0.8775120961137235,-0.47955450281912615,1057.7887485036943,45,0.40893839769805473,-0.9125619907097532,649.520610111319,-0.9916101840389322,0.12926423677984195,724.7615766301218,0.9248299684723793,0.3803807689873108,1029.4081323553744
0.40893839769805473,-0.9125619907097532,649.520610111319,-0.9916101840389322,0.12926423677984195,724.7615766301218,0.9248299684723793,0.3803807689873108,1029.4081323553744,0,0.37221098447769385,-0.9281481471371614,698.6307163579767,-0.9978730424343734,0.06518735446976834,719.5049282936563,0.9453300766750297,0.3261150811195069,1010.6242020844641
0.37221098447769385,-0.9281481471371614,698.6307163579767,-0.9978730424343734,0.06518735446976834,719.5049282936563,0.9453300766750297,0.3261150811195069,1010.6242020844641,-45,-0.45235496222459043,-0.8918379831285441,745.4926047027421,-0.6159119757854608,0.7878149770625398,675.9597855394054,0.8265493735116101,-0.562864222657263,1040.6669129296265
-0.45235496222459043,-0.8918379831285441,745.4926047027421,-0.6159119757854608,0.7878149770625398,675.9597855394054,0.8265493735116101,-0.562864222657263,1040.6669129296265,45,-0.21815569472752427,-0.9759139782060462,825.9912246227861,-0.8369181347002748,0.5473280879050633,627.2502396602571,0.9029314585698243,-0.42978457525249747,1073.4074637125689
-0.21815569472752427,-0.9759139782060462,825.9912246227861,-0.8369181347002748,0.5473280879050633,627.2502396602571,0.9029314585698243,-0.42978457525249747,1073.4074637125689,45,0.10375333241634026,-0.994603059522996,839.4581051290291,-0.9731747563460483,0.2300671502209942,624.2362936155026,0.9914393467856882,-0.13056807284006247,1074.8417884818305
0.10375333241634026,-0.994603059522996,839.4581051290291,-0.9731747563460483,0.2300671502209942,624.2362936155026,0.9914393467856882,-0.13056807284006247,1074.8417884818305,45,0.7979011982640961,-0.6027882528788361,871.2184204180833,-0.7578162615438635,-0.6524680174075068,661.3670811854639,0.7615995078549374,0.648047984052969,1035.696024939644
0.7979011982640961,-0.6027882528788361,871.2184204180833,-0.7578162615438635,-0.6524680174075068,661.3670811854639,0.7615995078549374,0.648047984052969,1035.696024939644,90,0.8933953467324501,0.44927135946641994,845.8603524690586,0.27290805792562967,-0.962040119703571,706.6151823157212,-0.30697942767970393,0.9517161504258722,990.7024860567778
0.8933953467324501,0.44927135946641994,845.8603524690586,0.27290805792562967,-0.962040119703571,706.6151823157212,-0.30697942767970393,0.9517161504258722,990.7024860567778,-90,0.6224759225089509,-0.7826389498974803,861.8165418257189,-0.8691825669710369,-0.4944913197151583,712.7631077464946,0.8721886570945748,0.489169649953431,984.3008888365595
0.6224759225089509,-0.7826389498974803,861.8165418257189,-0.8691825669710369,-0.4944913197151583,712.7631077464946,0.8721886570945748,0.489169649953431,984.3008888365595,90,0.8089166753433226,0.5879233048208802,810.3801778566625,0.46797902878806696,-0.8837395705831993,778.1046823294382,-0.5521895263929485,0.8337186137672178,920.9759088396373
0.8089166753433226,0.5879233048208802,810.3801778566625,0.46797902878806696,-0.8837395705831993,778.1046823294382,-0.5521895263929485,0.8337186137672178,920.9759088396373,-90,0.7791374783081552,-0.6268530847779319,838.7027288842283,-0.6769195724090944,-0.7360569899739345,804.6591051108857,0.6575990454852576,0.7533681008490326,892.539560713054
0.7791374783081552,-0.6268530847779319,838.7027288842283,-0.6769195724090944,-0.7360569899739345,804.6591051108857,0.6575990454852576,0.7533681008490326,892.539560713054,-45,-0.0041178216101373484,-0.9999915217366531,851.3876928412274,-0.9983972794202469,0.05659392587768849,802.1558374290548,0.9981766891990632,-0.06035973110938038,894.9034470385664
-0.0041178216101373484,-0.9999915217366531,851.3876928412274,-0.9983972794202469,0.05659392587768849,802.1558374290548,0.9981766891990632,-0.06035973110938038,894.9034470385664,-45,-0.18466946957523103,-0.9828006852901573,917.2238456016154,-0.9856798298492918,0.16862761644603527,788.8503019839796,0.947056616626816,-0.32106660508898804,913.4479543686197
-0.18466946957523103,-0.9828006852901573,917.2238456016154,-0.9856798298492918,0.16862761644603527,788.8503019839796,0.947056616626816,-0.32106660508898804,913.4479543686197,-90,-0.9641568625802631,-0.26533289343649724,930.7004944275014,-0.22174324739479484,0.9751050877904447,716.828661764857,0.04925076994963927,-0.998786444471173,986.5320199200812
-0.9641568625802631,-0.26533289343649724,930.7004944275014,-0.22174324739479484,0.9751050877904447,716.828661764857,0.04925076994963927,-0.998786444471173,986.5320199200812,-45,-0.9958506980258385,-0.09100212767540233,932.054017575925,-0.029411036564526243,0.9995674018935392,700.5270385070247,-0.1427621966101464,-0.9897570182721848,1002.672674245899
-0.9958506980258385,-0.09100212767540233,932.054017575925,-0.029411036564526243,0.9995674018935392,700.5270385070247,-0.1427621966101464,-0.9897570182721848,1002.672674245899,0,-0.9889169871878573,-0.14846950007086082,939.8835731698688,-0.02416358668349429,0.999708017912525,638.1500851011148,-0.14275249747675586,-0.9897584172231872,1064.4929737271918
-0.9889169871878573,-0.14846950007086082,939.8835731698688,-0.02416358668349429,0.999708017912525,638.1500851011148,-0.14275249747675586,-0.9897584172231872,1064.4929737271918,-45,-0.9827797632596816,0.18478078073015078,930.9762365131024,0.37012429079215386,0.928982243837634,599.153964313097,-0.4817750679449467,-0.8762949183389357,1100.8617138188158
-0.9827797632596816,0.18478078073015078,930.9762365131024,0.37012429079215386,0.928982243837634,599.153964313097,-0.4817750679449467,-0.8762949183389357,1100.8617138188158,45,-0.7607316887862224,-0.6490664817077384,963.8450399832641,-0.4952593618775768,0.8687451665894985,556.895018024349,0.3281077871405714,-0.9446402913372463,1146.4887880395254
-0.7607316887862224,-0.6490664817077384,963.8450399832641,-0.4952593618775768,0.8687451665894985,556.895018024349,0.3281077871405714,-0.9446402913372463,1146.4887880395254,0,-0.7578664011160977,-0.6524097777159185,976.7139291498868,-0.5012012356663085,0.8653307583615444,539.7166843774704,0.3124065719213862,-0.9499484900879246,1165.2523586740385
-0.7578664011160977,-0.6524097777159185,976.7139291498868,-0.5012012356663085,0.8653307583615444,539.7166843774704,0.3124065719213862,-0.9499484900879246,1165.2523586740385,-90,-0.986082662576931,-0.16625577453186555,982.5674110107306,0.06443519894634502,0.9979218933046539,499.38802266407026,-0.2550806927240179,-0.9669197692670448,1204.2657502313723
-0.986082662576931,-0.16625577453186555,982.5674110107306,0.06443519894634502,0.9979218933046539,499.38802266407026,-0.2550806927240179,-0.9669197692670448,1204.2657502313723,-90,-0.3368199783740389,0.9415690639396093,933.9439934554803,0.9999999979423932,-6.414992967264618e-05,501.91348150011873,-0.9986157453413895,0.052598414008989874,1195.6310228960983
-0.3368199783740389,0.9415690639396093,933.9439934554803,0.9999999979423932,-6.414992967264618e-05,501.91348150011873,-0.9986157453413895,0.052598414008989874,1195.6310228960983,0,-0.35905595186823563,0.9333160361999547,868.714012704158,0.990003742723225,-0.14104109115433874,506.57520257959726,-0.9999975496353565,-0.0022137577290336488,1194.1525010937926
-0.35905595186823563,0.9333160361999547,868.714012704158,0.990003742723225,-0.14104109115433874,506.57520257959726,-0.9999975496353565,-0.0022137577290336488,1194.1525010937926,-45,-0.07508845274220495,0.9971768771209959,800.6878074994898,0.8498998914540006,-0.5269441853806511,538.8768366503982,-0.9711959278554481,0.23828233194468146,1176.3926916970966
-0.07508845274220495,0.9971768771209959,800.6878074994898,0.8498998914540006,-0.5269441853806511,538.8768366503982,-0.9711959278554481,0.23828233194468146,1176.3926916970966,-45,0.2139880133256127,0.9768362862593493,755.042118731836,0.6289742835436936,-0.7774261062253425,573.4472957988903,-0.8846855185714779,0.46618830233063024,1154.981576069099
0.2139880133256127,0.9768362862593493,755.042118731836,0.6289742835436936,-0.7774261062253425,573.4472957988903,-0.8846855185714779,0.46618830233063024,1154.981576069099,0,0.23158823470949957,0.9728139028324676,695.3495984965621,0.580207624971225,-0.8144686070839381,622.2140661615823,-0.906370743738045,0.4224832243956476,1127.7777902270154
0.23158823470949957,0.9728139028324676,695.3495984965621,0.580207624971225,-0.8144686070839381,622.2140661615823,-0.906370743738045,0.4224832243956476,1127.7777902270154,90,-0.9939778481968241,0.109581190420671,688.9181406233793,0.8542725731981479,0.5198253270872968,578.1940059184063,-0.384636922360597,-0.9230679487215273,1195.158150405198
-0.9939778481968241,0.109581190420671,688.9181406233793,0.8542725731981479,0.5198253270872968,578.1940059184063,-0.384636922360597,-0.9230679487215273,1195.158150405198,-45,-0.9671678973558068,0.25413826615515345,670.1642285607339,0.9792419237161202,0.2026949798015538,562.1841666592929,-0.5651800660172931,-0.8249675708636601,1246.5474933761664
-0.9671678973558068,0.25413826615515345,670.1642285607339,0.9792419237161202,0.2026949798015538,562.1841666592929,-0.5651800660172931,-0.8249675708636601,1246.5474933761664,-90,-0.12449364883131174,0.9922204046484159,614.8221111180966,0.509485807960418,-0.8604790592959948,610.8124618241782,-0.9835970837001975,0.18037953580289184,1232.3865579921394
-0.12449364883131174,0.9922204046484159,614.8221111180966,0.509485807960418,-0.8604790592959948,610.8124618241782,-0.9835970837001975,0.18037953580289184,1232.3865579921394,45,-0.9243292299695864,0.3815959572949264,575.3534545057086,0.9639927860112562,-0.26592838983127853,626.891535763287,-0.7076825285129691,-0.7065305646873961,1297.300396057772
-0.9243292299695864,0.3815959572949264,575.3534545057086,0.9639927860112562,-0.26592838983127853,626.891535763287,-0.7076825285129691,-0.7065305646873961,1297.300396057772,90,-0.986499663013745,-0.1637632891516516,579.5118628434473,0.9781172788672076,0.20805429286945568,620.7926861491544,-0.26327753026409956,-0.9647201366500215,1320.381974724088
0.994569006260433,0.10407925723281691,542.183146878517,-0.8054225088976711,-0.5927010900622512,700.5017207395651,0.05820123568611225,0.9983048713517377,1161.8378909121063,-45,0.9662913078909806,-0.2574511765254496,547.5569208574741,-0.9435906959927656,-0.33111417734051846,707.1678482361299,0.38174987174920927,0.9242656736130918,1141.8873944391007
0.9662913078909806,-0.2574511765254496,547.5569208574741,-0.9435906959927656,-0.33111417734051846,707.1678482361299,0.38174987174920927,0.9242656736130918,1141.8873944391007,0,0.9293582878884624,-0.36917905240279525,571.8438793955991,-0.9010783395354597,-0.43365634553182636,736.5140150752111,0.39506725625305195,0.9186521991682627,1071.1256053340376
0.9293582878884624,-0.36917905240279525,571.8438793955991,-0.9010783395354597,-0.43365634553182636,736.5140150752111,0.39506725625305195,0.9186521991682627,1071.1256053340376,-45,0.480285291593356,-0.8771123295673622,582.4034525646067,-0.9757763372843221,0.2187705181142853,732.7978476764066,0.8912179425994925,0.453575328681717,1066.9305233046687
0.480285291593356,-0.8771123295673622,582.4034525646067,-0.9757763372843221,0.2187705181142853,732.7978476764066,0.8912179425994925,0.453575328681717,1066.9305233046687,0,0.4273197883923143,-0.9041005466475218,640.045528593745,-0.9895354033415455,0.14429028218727963,720.9227910621541,0.9196941051340276,0.3926356491478075,1039.6845861475713
0.4273197883923143,-0.9041005466475218,640.045528593745,-0.9895354033415455,0.14429028218727963,720.9227910621541,0.9196941051340276,0.3926356491478075,1039.6845861475713,-45,-0.2753247172932175,-0.9613512885763507,690.3793833387549,-0.6660028992586945,0.7459491525425933,679.917937503637,0.9256425790412878,-0.37839901673470744,1059.5912857980663
-0.2753247172932175,-0.9613512885763507,690.3793833387549,-0.6660028992586945,0.7459491525425933,679.917937503637,0.9256425790412878,-0.37839901673470744,1059.5912857980663,-45,-0.8072679344692494,-0.5901851251749334,712.1574483398052,-0.021161340649695135,0.9997760737594732,640.4456255029481,0.44346849171664104,-0.8962899624867878,1095.24144882572
-0.8072679344692494,-0.5901851251749334,712.1574483398052,-0.021161340649695135,0.9997760737594732,640.4456255029481,0.44346849171664104,-0.8962899624867878,1095.24144882572,-45,-0.9982493900122271,0.05914520555561842,709.1259697392956,0.6626210147364591,0.7489548656825892,624.7443068637732,-0.2525934778836737,-0.967572495956055,1116.1043503896472
-0.9982493900122271,0.05914520555561842,709.1259697392956,0.6626210147364591,0.7489548656825892,624.7443068637732,-0.2525934778836737,-0.967572495956055,1116.1043503896472,90,-0.35246967417779435,-0.9358232358650855,764.6683580068028,-0.5427491842329059,0.8398948285437381,575.8276284938228,0.8102107136285882,-0.5861387203738154,1147.4874891417421
-0.35246967417779435,-0.9358232358650855,764.6683580068028,-0.5427491842329059,0.8398948285437381,575.8276284938228,0.8102107136285882,-0.5861387203738154,1147.4874891417421,45,-0.1091181931391864,-0.9940287822422644,838.420367197422,-0.7935071397426642,0.60856094121905,527.6585184865871,0.9028635386621084,-0.4299272386747965,1177.4087447150457
-0.1091181931391864,-0.9940287822422644,838.420367197422,-0.7935071397426642,0.60856094121905,527.6585184865871,0.9028635386621084,-0.4299272386747965,1177.4087447150457,-90,-0.6246095119909814,-0.7809372302114864,892.3672708379493,-0.3338314154687193,0.9426327949133487,459.4164843176288,0.4614140967632657,-0.8871848912758488,1240.887064185444
-0.6246095119909814,-0.7809372302114864,892.3672708379493,-0.3338314154687193,0.9426327949133487,459.4164843176288,0.4614140967632657,-0.8871848912758488,1240.887064185444,90,0.9562650675323294,-0.29250148823106786,899.6225849980647,-0.6723536854781502,-0.7402300464206709,498.33096977671374,0.6291518500565126,0.7772824130073107,1199.2955913529408
0.9562650675323294,-0.29250148823106786,899.6225849980647,-0.6723536854781502,-0.7402300464206709,498.33096977671374,0.6291518500565126,0.7772824130073107,1199.2955913529408,-45,0.27672542532894695,-0.9609490303738869,918.8064259656111,-0.9930628359521627,0.11758487934529693,493.83678315380683,0.9933762920898225,-0.11490666783905804,1203.22076461292
0.27672542532894695,-0.9609490303738869,918.8064259656111,-0.9930628359521627,0.11758487934529693,493.83678315380683,0.9933762920898225,-0.11490666783905804,1203.22076461292,-45,-0.48920074189126267,-0.8721712183585504,954.0006704124479,-0.6363996602526331,0.7713594962339759,460.6596999384687,0.582528712260319,-0.8128101250552521,1237.1721946226403
-0.48920074189126267,-0.8721712183585504,954.0006704124479,-0.6363996602526331,0.7713594962339759,460.6596999384687,0.582528712260319,-0.8128101250552521,1237.1721946226403,-90,-0.982310245709872,0.18726073046266478,939.7806783769339,0.6336452525865098,0.7736237417986719,421.96222988628966,-0.6059005028759414,-0.7955404330483028,1275.292234529251
-0.982310245709872,0.18726073046266478,939.7806783769339,0.6336452525865098,0.7736237417986719,421.96222988628966,-0.6059005028759414,-0.7955404330483028,1275.292234529251,45,-0.7970604448267566,-0.6038995341052789,952.8879128050949,-0.1417322784528944,0.9899050263760414,401.397177830201,0.16460415828876232,-0.986359706736872,1295.7411834043287
-0.7970604448267566,-0.6038995341052789,952.8879128050949,-0.1417322784528944,0.9899050263760414,401.397177830201,0.16460415828876232,-0.986359706736872,1295.7411834043287,-45,-0.9015843183489471,-0.4326034175862049,975.0110183423569,0.12608839803328714,0.9920190098387225,347.93207079687267,-0.08307969417404354,-0.9965429064601019,1349.3828833540908
-0.9015843183489471,-0.4326034175862049,975.0110183423569,0.12608839803328714,0.9920190098387225,347.93207079687267,-0.08307969417404354,-0.9965429064601019,1349.3828833540908,-90,-0.9988976448052418,-0.04694140179565362,975.3932561760922,0.6567723342327326,0.7540889211402643,296.8900203674755,-0.5016626810784256,-0.8650633239325349,1404.629546960265
-0.9988976448052418,-0.04694140179565362,975.3932561760922,0.6567723342327326,0.7540889211402643,296.8900203674755,-0.5016626810784256,-0.8650633239325349,1404.629546960265,-90,-0.0016895477701029929,0.9999985727131477,929.9534146474705,0.6679079306351672,-0.7442439090746048,334.29171903367575,-0.858481552011929,0.5128444450856319,1374.8901895840593
