red_sin_t,red_cos_t,red_dist_t,green_sin_t,green_cos_t,green_dist_t,blue_sin_t,blue_cos_t,blue_dist_t,action,red_sin_t1,red_cos_t1,red_dist_t1,green_sin_t1,green_cos_t1,green_dist_t1,blue_sin_t1,blue_cos_t1,blue_dist_t1
-0.0017201867124821296,0.9999985204777426,929.9517178863965,0.6679259998834619,-0.7442276927659153,334.2923834009085,-0.8584974835453526,0.5128177753805897,1374.8900892798158,45,-0.2520609673371626,0.9677113561104126,874.8756117186946,0.7451375693217129,-0.6669107907249137,369.2144850627613,-0.9660966756108946,0.25818058287481216,1359.4728301735786
-0.2520609673371626,0.9677113561104126,874.8756117186946,0.7451375693217129,-0.6669107907249137,369.2144850627613,-0.9660966756108946,0.25818058287481216,1359.4728301735786,90,-0.7883244043968373,-0.615259809700237,921.2928416233353,0.4223917825300454,0.9064133615801848,303.9568719841682,0.08138046829477558,-0.9966831088064666,1426.2316291635102
-0.6016590806088016,0.7987529973157983,848.3389320650385,0.5432315565785184,-0.8395829178450929,352.2936043377029,-0.9998673070725516,-0.016290127301036253,1484.0006953021452,-90,0.8114531269895595,0.5844175071803255,805.5370554060999,-0.7062141302582646,-0.7079983066530334,397.97721999171006,-0.0701807167433321,0.997534293644781,1408.9567302200342
0.8114531269895595,0.5844175071803255,805.5370554060999,-0.7062141302582646,-0.7079983066530334,397.97721999171006,-0.0701807167433321,0.997534293644781,1408.9567302200342,90,-0.3998753406654075,0.9165695346932082,728.0794252860054,0.4126615893815878,-0.9108844123427856,471.9486089870379,-0.991568505652357,0.1295835583642911,1400.1726070470024
-0.3998753406654075,0.9165695346932082,728.0794252860054,0.4126615893815878,-0.9108844123427856,471.9486089870379,-0.991568505652357,0.1295835583642911,1400.1726070470024,0,-0.40885450102079535,0.9125995819608053,711.960696974826,0.398953969897028,-0.9169709536857759,488.0562611388978,-0.9931008258417051,0.11726359073695157,1398.0018433596144
-0.40885450102079535,0.9125995819608053,711.960696974826,0.398953969897028,-0.9169709536857759,488.0562611388978,-0.9931008258417051,0.11726359073695157,1398.0018433596144,-90,0.6072421978711169,0.7945167796369409,654.7698183901502,-0.5024912600715083,-0.8645822884790942,547.600550652271,-0.4469559316586866,0.894555976535351,1333.6157749047027
0.6072421978711169,0.7945167796369409,654.7698183901502,-0.5024912600715083,-0.8645822884790942,547.600550652271,-0.4469559316586866,0.894555976535351,1333.6157749047027,0,0.6533630218012575,0.7570447554423249,606.9678203026151,-0.4563707601038259,-0.8897897107307188,601.586701052232,-0.46767660008160666,0.8838996536576473,1279.1256446819084
0.6533630218012575,0.7570447554423249,606.9678203026151,-0.4563707601038259,-0.8897897107307188,601.586701052232,-0.46767660008160666,0.8838996536576473,1279.1256446819084,90,-0.47716687144142206,0.8788127086011019,558.9219612829795,0.5871202161977064,-0.809499754003643,643.6075503009675,-0.9928841935822988,-0.1190839121562109,1288.052451884011
-0.47716687144142206,0.8788127086011019,558.9219612829795,0.5871202161977064,-0.809499754003643,643.6075503009675,-0.9928841935822988,-0.1190839121562109,1288.052451884011,-90,0.6824711354057084,0.7309125456154404,505.7025808784151,-0.4545979342014601,-0.8906967599692753,705.7613621523142,-0.5334439391753073,0.8458354235648511,1224.3391606524272
0.6824711354057084,0.7309125456154404,505.7025808784151,-0.4545979342014601,-0.8906967599692753,705.7613621523142,-0.5334439391753073,0.8458354235648511,1224.3391606524272,-90,0.9737433437651807,0.22764863380439002,490.8853773147556,-0.7835622235230795,-0.6213133202077415,737.6132683604939,-0.07857878568192112,0.996907906699889,1171.3335193963546
0.9737433437651807,0.22764863380439002,490.8853773147556,-0.7835622235230795,-0.6213133202077415,737.6132683604939,-0.07857878568192112,0.996907906699889,1171.3335193963546,-90,0.2679970321222919,-0.963419737587747,558.1042142529383,-0.7174868587138453,0.6965720404760289,684.6379904496168,0.9961012893349246,0.08821689965817661,1168.7150525114707
0.2679970321222919,-0.963419737587747,558.1042142529383,-0.7174868587138453,0.6965720404760289,684.6379904496168,0.9961012893349246,0.08821689965817661,1168.7150525114707,-45,-0.014518432998513742,-0.9998946019972643,613.3423193445655,-0.5267296847762322,0.8500328459392208,636.945266643038,0.9700956393927069,-0.24272299114681142,1181.117877563019
-0.014518432998513742,-0.9998946019972643,613.3423193445655,-0.5267296847762322,0.8500328459392208,636.945266643038,0.9700956393927069,-0.24272299114681142,1181.117877563019,0,-0.012286160876192977,-0.9999245222770188,656.6742775089704,-0.5600166905250971,0.8284813252773521,600.61378833817,0.9613317578467223,-0.2753929036037982,1192.2564769133896
-0.012286160876192977,-0.9999245222770188,656.6742775089704,-0.5600166905250971,0.8284813252773521,600.61378833817,0.9613317578467223,-0.2753929036037982,1192.2564769133896,-45,-0.6809934106230758,-0.7322895429322686,700.2084776507979,0.23244046761499243,0.9726106255922375,539.9115632898115,0.4494531760874795,-0.8933038914640846,1248.2762162975182
-0.6809934106230758,-0.7322895429322686,700.2084776507979,0.23244046761499243,0.9726106255922375,539.9115632898115,0.4494531760874795,-0.8933038914640846,1248.2762162975182,90,0.7095162725460668,-0.7046890512788854,732.5875237010864,-0.9942482476882273,0.10710005587715364,537.2385688709346,0.8973938962992172,0.4412303195440109,1218.6036270594677
0.7095162725460668,-0.7046890512788854,732.5875237010864,-0.9942482476882273,0.10710005587715364,537.2385688709346,0.8973938962992172,0.4412303195440109,1218.6036270594677,90,0.8416074308649694,0.5400897446840346,688.9006835620406,-0.2268527783868062,-0.9739290615533488,605.8094088178616,-0.3311614092638877,0.9435741205726003,1154.420890235553
0.8416074308649694,0.5400897446840346,688.9006835620406,-0.2268527783868062,-0.9739290615533488,605.8094088178616,-0.3311614092638877,0.9435741205726003,1154.420890235553,-45,0.9979361708362858,-0.0642136974220565,690.6613823693939,-0.6387830173058511,-0.7693869356842711,655.8974074475383,0.21038697981259116,0.9776181865766084,1088.2184822435254
0.9979361708362858,-0.0642136974220565,690.6613823693939,-0.6387830173058511,-0.7693869356842711,655.8974074475383,0.21038697981259116,0.9776181865766084,1088.2184822435254,45,0.9820025517926619,0.18886764750136598,687.3348391552217,-0.396966907071595,-0.9178329230802367,669.9875834047483,-0.06503863856109766,0.9978827463655833,1073.0146229742325
0.9820025517926619,0.18886764750136598,687.3348391552217,-0.396966907071595,-0.9178329230802367,669.9875834047483,-0.06503863856109766,0.9978827463655833,1073.0146229742325,90,-0.3373363767363446,0.9413841771192009,630.3701301520261,0.9274518200397608,-0.37394267141493126,684.6410249085884,-0.9725330303332396,-0.23276491340158256,1092.079860169522
-0.3373363767363446,0.9413841771192009,630.3701301520261,0.9274518200397608,-0.37394267141493126,684.6410249085884,-0.9725330303332396,-0.23276491340158256,1092.079860169522,-45,-0.14744475700515375,0.9890702925635221,579.0607693998195,0.7942949498919103,-0.6075323304781464,714.5193116059992,-0.9973157950201508,-0.0732202499539894,1095.1444537858515
-0.14744475700515375,0.9890702925635221,579.0607693998195,0.7942949498919103,-0.6075323304781464,714.5193116059992,-0.9973157950201508,-0.0732202499539894,1095.1444537858515,-45,0.8665330925244923,0.4991196244989167,567.8602758446416,-0.21963703827718303,-0.975581657995284,740.3322314220504,-0.4802363932973718,0.8771391033084388,1069.5046016181288
0.8665330925244923,0.4991196244989167,567.8602758446416,-0.21963703827718303,-0.975581657995284,740.3322314220504,-0.4802363932973718,0.8771391033084388,1069.5046016181288,0,0.9072723053403631,0.4205436528618437,538.3730874886392,-0.19183558050724184,-0.9814270783157807,802.1056671860947,-0.5173373369465184,0.8557815607975463,1015.1337947935976
0.9072723053403631,0.4205436528618437,538.3730874886392,-0.19183558050724184,-0.9814270783157807,802.1056671860947,-0.5173373369465184,0.8557815607975463,1015.1337947935976,-45,0.853519176936997,-0.5210614307361381,570.4028939541769,-0.8433568490733135,-0.5373539104920817,834.285335740297,0.3518538266119072,0.9360549581614094,954.2549876376335
0.853519176936997,-0.5210614307361381,570.4028939541769,-0.8433568490733135,-0.5373539104920817,834.285335740297,0.3518538266119072,0.9360549581614094,954.2549876376335,-45,0.11088967247893287,-0.9938327226135769,586.0370109783937,-0.9472391431071334,0.3205276989055137,827.9499128790884,0.9598304846897368,0.280580542198252,950.9898938666436
0.11088967247893287,-0.9938327226135769,586.0370109783937,-0.9472391431071334,0.3205276989055137,827.9499128790884,0.9598304846897368,0.280580542198252,950.9898938666436,45,0.8034115985129382,-0.5954240534063815,595.3193480580402,-0.8577672960139984,-0.5140381949707956,838.5351550008205,0.43014725187233493,0.9027587394795346,933.9007260797316
0.8034115985129382,-0.5954240534063815,595.3193480580402,-0.8577672960139984,-0.5140381949707956,838.5351550008205,0.43014725187233493,0.9027587394795346,933.9007260797316,45,0.935811629419191,-0.352500488288738,602.5999324859654,-0.6458653611776578,-0.7634513312784605,855.1649423544501,0.1353404584053636,0.990799152360672,912.2178460390314
0.935811629419191,-0.352500488288738,602.5999324859654,-0.6458653611776578,-0.7634513312784605,855.1649423544501,0.1353404584053636,0.990799152360672,912.2178460390314,0,0.9291930040684337,-0.36959486088185756,609.7695587664983,-0.6248925771234807,-0.7807107448062789,870.6505813460932,0.12577114692737973,0.9920592817975,892.3750975897354
0.9291930040684337,-0.36959486088185756,609.7695587664983,-0.6248925771234807,-0.7807107448062789,870.6505813460932,0.12577114692737973,0.9920592817975,892.3750975897354,90,0.992419807826576,0.12289395849048824,598.1738072465644,-0.07208613576777695,-0.9973984103807614,930.6289398443668,-0.48579832824514263,0.8740709263407773,840.0198471916303
0.992419807826576,0.12289395849048824,598.1738072465644,-0.07208613576777695,-0.9973984103807614,930.6289398443668,-0.48579832824514263,0.8740709263407773,840.0198471916303,0,0.9995135618610496,0.031187171334347025,592.8427967113204,-0.056229732678225446,-0.9984178569932207,992.8350223539155,-0.5303690527849051,0.8477668711668571,786.6199728029412
0.9995135618610496,0.031187171334347025,592.8427967113204,-0.056229732678225446,-0.9984178569932207,992.8350223539155,-0.5303690527849051,0.8477668711668571,786.6199728029412,-90,0.6497496302874777,-0.7601482868107288,645.9914357877351,-0.7327283662935825,-0.680521227610673,1038.2535601244522,0.2840237711973061,0.958817238786861,719.0538721897683
0.6497496302874777,-0.7601482868107288,645.9914357877351,-0.7327283662935825,-0.680521227610673,1038.2535601244522,0.2840237711973061,0.958817238786861,719.0538721897683,-90,-0.6457965545095199,-0.7635095350967352,657.3441286699183,-0.7811334154662487,0.6243641463457306,1022.345432570036,0.9844255652516788,-0.1758018955498283,727.0166432048266
-0.6457965545095199,-0.7635095350967352,657.3441286699183,-0.7811334154662487,0.6243641463457306,1022.345432570036,0.9844255652516788,-0.1758018955498283,727.0166432048266,0,-0.6251059314888224,-0.7805399249349719,686.9245424894226,-0.7937397902551039,0.6082574663461054,998.7498821398191,0.9719531070162111,-0.23517473878274778,734.8795867856873
-0.6251059314888224,-0.7805399249349719,686.9245424894226,-0.7937397902551039,0.6082574663461054,998.7498821398191,0.9719531070162111,-0.23517473878274778,734.8795867856873,0,-0.5868320516782976,-0.809708677934873,731.0299447271881,-0.8210891275480479,0.5708000040490413,966.1080167806473,0.952791460030504,-0.30362548261458655,749.77996511499
-0.5868320516782976,-0.809708677934873,731.0299447271881,-0.8210891275480479,0.5708000040490413,966.1080167806473,0.952791460030504,-0.30362548261458655,749.77996511499,-90,-0.9989453765887408,0.04591442683927208,724.7867209689051,0.1031222894678588,0.9946686852489662,915.7318116636866,0.19192462795881382,-0.9814096683764996,800.0497277625045
-0.9989453765887408,0.04591442683927208,724.7867209689051,0.1031222894678588,0.9946686852489662,915.7318116636866,0.19192462795881382,-0.9814096683764996,800.0497277625045,45,-0.6844158906916237,-0.7290918245110086,782.3716625870189,-0.6794094089437503,0.7337593986033186,856.7829610929341,0.7849593151248517,-0.6195473134464581,845.4269184377655
-0.6844158906916237,-0.7290918245110086,782.3716625870189,-0.6794094089437503,0.7337593986033186,856.7829610929341,0.7849593151248517,-0.6195473134464581,845.4269184377655,-45,-0.913349750329154,-0.40717592459976315,805.295436542137,-0.29291740874038674,0.9561377472188917,796.9822212042068,0.39270829468631846,-0.919663087921095,902.464547844175
-0.913349750329154,-0.40717592459976315,805.295436542137,-0.29291740874038674,0.9561377472188917,796.9822212042068,0.39270829468631846,-0.919663087921095,902.464547844175,-45,-0.9659037527537708,0.2589014106106461,778.4335929335642,0.5170117878137798,0.8559782773304467,722.2812988077832,-0.3410702935953215,-0.9400377943608444,982.7076363840154
-0.9659037527537708,0.2589014106106461,778.4335929335642,0.5170117878137798,0.8559782773304467,722.2812988077832,-0.3410702935953215,-0.9400377943608444,982.7076363840154,90,-0.895449753057389,-0.44516259922578966,810.2564048395992,-0.10431372372933707,0.9945444419641183,646.2560805002863,0.2631355675228684,-0.9647588678547702,1056.0424998945794
-0.895449753057389,-0.44516259922578966,810.2564048395992,-0.10431372372933707,0.9945444419641183,646.2560805002863,0.2631355675228684,-0.9647588678547702,1056.0424998945794,0,-0.8793072719722629,-0.4762548912680026,826.7827240811517,-0.10716109059425112,0.9942416711557863,610.9496811023392,0.2514798126128734,-0.9678625438812033,1090.3256361468577
-0.8793072719722629,-0.4762548912680026,826.7827240811517,-0.10716109059425112,0.9942416711557863,610.9496811023392,0.2514798126128734,-0.9678625438812033,1090.3256361468577,0,-0.8354266612490604,-0.5496019411121541,868.0437733677375,-0.12690758131726587,0.9919145456158013,530.8442261930519,0.23828021484919812,-0.9711964472810946,1168.5558576647074
-0.8354266612490604,-0.5496019411121541,868.0437733677375,-0.12690758131726587,0.9919145456158013,530.8442261930519,0.23828021484919812,-0.9711964472810946,1168.5558576647074,-45,-0.9230228664907056,-0.3847450947514223,891.2673277311359,0.1418453715173543,0.9898888273837136,467.8252766589253,-0.013517699018314785,-0.999908631732545,1232.0422758497373
-0.9230228664907056,-0.3847450947514223,891.2673277311359,0.1418453715173543,0.9898888273837136,467.8252766589253,-0.013517699018314785,-0.999908631732545,1232.0422758497373,-45,-0.9810563284115272,0.19372268964603387,879.3635029819807,0.7641200689010729,0.6450740424963787,434.78980022160135,-0.5919898547311552,-0.8059454149602104,1271.2822229452986
-0.9810563284115272,0.19372268964603387,879.3635029819807,0.7641200689010729,0.6450740424963787,434.78980022160135,-0.5919898547311552,-0.8059454149602104,1271.2822229452986,90,-0.199200272476123,-0.9799588008918734,947.1810528374921,-0.7211728675315369,0.6927551480403017,387.3937878365372,0.7691242402334678,-0.6390992904747202,1310.4368229160611
-0.199200272476123,-0.9799588008918734,947.1810528374921,-0.7211728675315369,0.6927551480403017,387.3937878365372,0.7691242402334678,-0.6390992904747202,1310.4368229160611,-45,-0.8089987814317403,-0.587810319441535,980.5448470169276,-0.00931978447458988,0.9999565698655853,326.72391557927006,0.08010571338782706,-0.9967863736441361,1370.9948347865684
-0.8089987814317403,-0.587810319441535,980.5448470169276,-0.00931978447458988,0.9999565698655853,326.72391557927006,0.08010571338782706,-0.9967863736441361,1370.9948347865684,-45,-0.9739494877389419,-0.2267650663860127,991.4941884904066,0.5082627563684402,0.8612020497471865,277.53544964607676,-0.35265030974767414,-0.9357551811424126,1422.9816322814042
-0.9739494877389419,-0.2267650663860127,991.4941884904066,0.5082627563684402,0.8612020497471865,277.53544964607676,-0.35265030974767414,-0.9357551811424126,1422.9816322814042,-45,-0.8589432354216981,0.5120708137780411,960.6561568755909,0.999758354104408,0.02198257033299409,272.12234701137646,-0.9079165030217579,-0.41915107484144953,1444.0657643414236
-0.43737708681191156,0.8992782016328015,900.0507054338939,0.7347736566186285,-0.6783123716543064,316.11376488860776,-0.9917279287250094,0.12835776325101136,1429.3047234064713,90,-0.9993905263245818,0.03490810640346104,902.4888792793681,0.9613200369461552,0.2754338152185437,308.81039040636244,-0.5879180922298345,-0.8089204638460026,1443.034669445932
-0.9993905263245818,0.03490810640346104,902.4888792793681,0.9613200369461552,0.2754338152185437,308.81039040636244,-0.5879180922298345,-0.8089204638460026,1443.034669445932,-90,0.023872606205388714,0.9997150087264682,853.5176173114706,0.2642222472313163,-0.9644618209488819,357.1344887588568,-0.8338786492505429,0.5519478221028596,1411.8856055152096
0.023872606205388714,0.9997150087264682,853.5176173114706,0.2642222472313163,-0.9644618209488819,357.1344887588568,-0.8338786492505429,0.5519478221028596,1411.8856055152096,-45,0.7493180019720244,0.662210338125775,841.3991954170149,-0.49041020764857146,-0.8714917258552057,373.0078364436866,-0.1806797747912184,0.983541976217281,1393.5202496011316
0.7493180019720244,0.662210338125775,841.3991954170149,-0.49041020764857146,-0.8714917258552057,373.0078364436866,-0.1806797747912184,0.983541976217281,1393.5202496011316,90,-0.44857695325461977,0.893744212293877,787.4543946978771,0.6078869852300164,-0.794023559592511,417.3732427084899,-0.9975767677712233,0.069574365991497,1391.793527693314
-0.44857695325461977,0.893744212293877,787.4543946978771,0.6078869852300164,-0.794023559592511,417.3732427084899,-0.9975767677712233,0.069574365991497,1391.793527693314,-45,0.4296839655583579,0.9029793407061115,734.6130076777636,-0.19103741481974626,-0.9815827556242969,474.52168659542843,-0.6053390897055456,0.7959677044167441,1343.8273814182273
0.4296839655583579,0.9029793407061115,734.6130076777636,-0.19103741481974626,-0.9815827556242969,474.52168659542843,-0.6053390897055456,0.7959677044167441,1343.8273814182273,45,0.16713785916399646,0.985933535302495,675.613182780668,0.08671113069569202,-0.9962334966329303,534.0515525181295,-0.8287805629986131,0.5595737470572595,1309.4288727330797
0.16713785916399646,0.985933535302495,675.613182780668,0.08671113069569202,-0.9962334966329303,534.0515525181295,-0.8287805629986131,0.5595737470572595,1309.4288727330797,45,-0.7544728329576428,0.6563312763603978,630.8963655108897,0.803027246000079,-0.5959423144747558,570.002982461364,-0.9211386589503968,-0.38923459633884616,1335.0433940568562
0.4551696397882495,0.8904047388772339,487.3736738813967,-0.21444487220140807,-0.9767360937256909,722.1797407797106,-0.7493897526439882,0.6621291404493402,1224.3310573503597,-45,0.9159578906081105,0.4012743981775321,456.2608641531838,-0.6518803551047526,-0.7583218331477088,772.3560164573136,-0.3027627599188472,0.9530659532300598,1158.8759968856934
0.9159578906081105,0.4012743981775321,456.2608641531838,-0.6518803551047526,-0.7583218331477088,772.3560164573136,-0.3027627599188472,0.9530659532300598,1158.8759968856934,90,0.15427532438849464,0.988027896511442,403.43579365104677,0.27812778895826185,-0.9605440817626167,822.2366810103099,-0.9794050286049992,0.201905398499497,1149.841154072531
0.15427532438849464,0.988027896511442,403.43579365104677,0.27812778895826185,-0.9605440817626167,822.2366810103099,-0.9794050286049992,0.201905398499497,1149.841154072531,-90,0.9668134193562687,-0.25548348704493523,421.2614134216663,-0.9210819216443458,-0.389368840073213,838.7663193273917,0.17298378012408092,0.9849246731674375,1088.6399489445628
0.9668134193562687,-0.25548348704493523,421.2614134216663,-0.9210819216443458,-0.389368840073213,838.7663193273917,0.17298378012408092,0.9849246731674375,1088.6399489445628,90,0.8124869831779487,0.5829793325379518,410.92412395065105,-0.2597734139543088,-0.9656695984665372,853.3886779449384,-0.6761890557922358,0.736728145808754,1079.256260414833
0.8124869831779487,0.5829793325379518,410.92412395065105,-0.2597734139543088,-0.9656695984665372,853.3886779449384,-0.6761890557922358,0.736728145808754,1079.256260414833,-90,0.9789653235575086,-0.204026702350311,419.221742302102,-0.7737805379590618,-0.6334537702751362,891.4444846533125,-0.06760494664639771,0.9977121685080009,1016.9801911634316
0.9789653235575086,-0.204026702350311,419.221742302102,-0.7737805379590618,-0.6334537702751362,891.4444846533125,-0.06760494664639771,0.9977121685080009,1016.9801911634316,45,0.8640831200792262,0.5033491448231034,387.8907867922748,-0.04123723552750224,-0.999149383428749,945.7342028700929,-0.8164058314234831,0.5774785869776742,986.0345544038149
0.8640831200792262,0.5033491448231034,387.8907867922748,-0.04123723552750224,-0.999149383428749,945.7342028700929,-0.8164058314234831,0.5774785869776742,986.0345544038149,0,0.8822241245324312,0.47082968692828336,380.015395283349,-0.041081953605453345,-0.9991557801904363,961.8651156229547,-0.8238250137878438,0.5668441996328965,976.8055797610699
0.8822241245324312,0.47082968692828336,380.015395283349,-0.041081953605453345,-0.9991557801904363,961.8651156229547,-0.8238250137878438,0.5668441996328965,976.8055797610699,0,0.9420275056662216,0.33553565916050826,353.8953886748173,-0.029369972903689517,-0.9995686092968489,1025.3205284813623,-0.8593164123903066,0.5114443306916722,942.8931361110335
0.9420275056662216,0.33553565916050826,353.8953886748173,-0.029369972903689517,-0.9995686092968489,1025.3205284813623,-0.8593164123903066,0.5114443306916722,942.8931361110335,-90,0.4408287213471132,-0.8975912424012776,426.3232958760288,-0.967244831157269,-0.2538453005268094,1040.2634438480475,0.3533821213998211,0.9354790624460615,867.4282175526688
0.4408287213471132,-0.8975912424012776,426.3232958760288,-0.967244831157269,-0.2538453005268094,1040.2634438480475,0.3533821213998211,0.9354790624460615,867.4282175526688,90,0.9205141706304343,0.3907091778657928,398.6345966154594,0.2842859456128789,-0.9587395376884127,1087.7415968964183,-0.968601460007171,0.24861860684988313,858.621745367988
0.9205141706304343,0.3907091778657928,398.6345966154594,0.2842859456128789,-0.9587395376884127,1087.7415968964183,-0.968601460007171,0.24861860684988313,858.621745367988,45,0.3549372255759461,0.9348901357381251,379.89523728928214,0.8887338017695438,-0.45842363550787085,1096.1123625409393,-0.8308372764931456,-0.5565154265511892,869.9719945579168
0.3549372255759461,0.9348901357381251,379.89523728928214,0.8887338017695438,-0.45842363550787085,1096.1123625409393,-0.8308372764931456,-0.5565154265511892,869.9719945579168,45,0.1392211279973736,0.9902613177940148,356.08043391353306,0.9647593700007568,-0.26313372645053074,1101.8764701254174,-0.6678479723769978,-0.7442977131443659,887.896117468733
0.1392211279973736,0.9902613177940148,356.08043391353306,0.9647593700007568,-0.26313372645053074,1101.8764701254174,-0.6678479723769978,-0.7442977131443659,887.896117468733,-90,0.9981276629888226,0.0611650911588582,350.50737198732355,0.09930657042042015,-0.9950568853444179,1161.1572063323122,-0.9552853737498204,0.2956853981847361,865.7153214639671
0.9981276629888226,0.0611650911588582,350.50737198732355,0.09930657042042015,-0.9950568853444179,1161.1572063323122,-0.9552853737498204,0.2956853981847361,865.7153214639671,45,0.4802425276926992,0.8771357446799937,295.6159363471801,0.9073457687951324,-0.420385128007129,1182.996425109738,-0.6748460756961633,-0.7379585178839582,910.7885274982442
0.4802425276926992,0.8771357446799937,295.6159363471801,0.9073457687951324,-0.420385128007129,1182.996425109738,-0.6748460756961633,-0.7379585178839582,910.7885274982442,-90,0.9251540385492272,-0.3795918926374154,303.79592699772985,-0.27039621392581575,-0.9627491300928734,1196.4622707216513,-0.8393700468167832,0.5435604147717079,900.0994418731799
0.9251540385492272,-0.3795918926374154,303.79592699772985,-0.27039621392581575,-0.9627491300928734,1196.4622707216513,-0.8393700468167832,0.5435604147717079,900.0994418731799,90,0.9563393905374088,0.2922583961266769,287.67343379542365,0.4994237664194682,-0.8663578368869255,1231.3547354485831,-0.9598965919569014,-0.28035429861075073,912.3434465768087
-0.9497792602073821,0.31292068784265104,305.438340703488,0.25084317697636854,0.9680277374974346,1180.3981107963955,0.8391631478519559,-0.5438797765013849,902.066704834903,-90,0.09307785927205894,0.9956588331920381,270.1441727510146,0.999335052674202,-0.03646165789771602,1184.6181638280455,-0.3070177282551581,-0.9517037955882292,934.8650138235627
-0.8944222699541309,-0.44722343745615545,337.13979919239733,-0.31673416957772726,0.9485143466610864,1105.142001825779,0.9935679171959488,-0.11323777602418791,903.2845200707749,0,-0.8386076755377199,-0.5447358685906614,355.3485666572471,-0.3472132330153438,0.9377862074156521,1070.775029511503,0.9912541873992134,-0.13196641983294483,907.6694353261875
-0.8386076755377199,-0.5447358685906614,355.3485666572471,-0.3472132330153438,0.9377862074156521,1070.775029511503,0.9912541873992134,-0.13196641983294483,907.6694353261875,90,0.5514035831222861,-0.8342386280435018,364.24387367697756,-0.917676711985146,-0.3973278901362594,1081.573372227335,0.08398693220104937,0.996466856056666,892.6676870544884
0.5514035831222861,-0.8342386280435018,364.24387367697756,-0.917676711985146,-0.3973278901362594,1081.573372227335,0.08398693220104937,0.996466856056666,892.6676870544884,90,0.9359477437164975,-0.3521389229153708,379.71379150798566,-0.3482890169830585,-0.937387198893272,1139.9015411259738,-0.6835629644832363,0.7298915491954198,847.6539408634694
0.9359477437164975,-0.3521389229153708,379.71379150798566,-0.3482890169830585,-0.937387198893272,1139.9015411259738,-0.6835629644832363,0.7298915491954198,847.6539408634694,45,0.9444857344185309,-0.32855242729264433,396.54037867599305,-0.14763592637868742,-0.9890417752766092,1208.5375757172385,-0.8528946312441905,0.5220830853368421,809.5761063176828
0.9444857344185309,-0.32855242729264433,396.54037867599305,-0.14763592637868742,-0.9890417752766092,1208.5375757172385,-0.8528946312441905,0.5220830853368421,809.5761063176828,-90,-0.25669196264929944,-0.9664932675974782,455.06933825976455,-0.9976119144981537,0.06906857499129752,1199.859001143126,0.5353535911629863,0.8446280438328425,758.1556717615321
-0.25669196264929944,-0.9664932675974782,455.06933825976455,-0.9976119144981537,0.06906857499129752,1199.859001143126,0.5353535911629863,0.8446280438328425,758.1556717615321,0,-0.25477655886344586,-0.9669999509067728,477.4173143823756,-0.9981651052636915,0.06055099201436504,1198.3587826991047,0.5584563640915464,0.8295338988887978,738.8036356651745
-0.25477655886344586,-0.9669999509067728,477.4173143823756,-0.9981651052636915,0.06055099201436504,1198.3587826991047,0.5584563640915464,0.8295338988887978,738.8036356651745,-45,-0.8345246519134365,-0.5509706029805562,505.13394550373465,-0.6536700531134988,0.7567796652015668,1155.3684013768811,0.9971446739333946,0.07551489420150281,733.2201189957692
-0.8345246519134365,-0.5509706029805562,505.13394550373465,-0.6536700531134988,0.7567796652015668,1155.3684013768811,0.9971446739333946,0.07551489420150281,733.2201189957692,0,-0.7816240947904433,-0.6237497690925586,539.5586126093253,-0.6787889017061223,0.7343334575794543,1111.6978980104711,0.999987380251564,-0.005023876751485172,731.1837364444726
-0.7816240947904433,-0.6237497690925586,539.5586126093253,-0.6787889017061223,0.7343334575794543,1111.6978980104711,0.999987380251564,-0.005023876751485172,731.1837364444726,-45,-0.9923400212606315,-0.12353656221722119,542.7343263219768,-0.08912857021459962,0.9960201293003577,1051.6386779536829,0.7474343353933023,-0.6643356939644086,770.5343528799804
-0.9923400212606315,-0.12353656221722119,542.7343263219768,-0.08912857021459962,0.9960201293003577,1051.6386779536829,0.7474343353933023,-0.6643356939644086,770.5343528799804,0,-0.988898927184649,-0.1485897432969388,545.4243115316826,-0.07961665334081293,0.9968255557071201,1031.7090285588326,0.727117173085651,-0.6865133768572405,784.0673948136155
-0.988898927184649,-0.1485897432969388,545.4243115316826,-0.07961665334081293,0.9968255557071201,1031.7090285588326,0.727117173085651,-0.6865133768572405,784.0673948136155,-45,-0.888759885592009,0.4583730639582556,515.7546135624771,0.6275243398529278,0.778596945082722,984.8718197872147,0.08543378706827034,-0.996343850298266,843.0874814697345
-0.888759885592009,0.4583730639582556,515.7546135624771,0.6275243398529278,0.778596945082722,984.8718197872147,0.08543378706827034,-0.996343850298266,843.0874814697345,0,-0.9302975694352671,0.36680571465400386,492.48583385844717,0.657173439855799,0.753739391267364,941.7142117177854,0.07896238475639758,-0.9968775961940275,899.1889548650216
-0.9302975694352671,0.36680571465400386,492.48583385844717,0.657173439855799,0.753739391267364,941.7142117177854,0.07896238475639758,-0.9968775961940275,899.1889548650216,-45,-0.44565931583349083,0.8952026442157244,439.5843899767143,0.9999710589270738,0.0076079766210606515,940.2222056041858,-0.617042132403586,-0.7869301156003852,943.6451218075575
-0.44565931583349083,0.8952026442157244,439.5843899767143,0.9999710589270738,0.0076079766210606515,940.2222056041858,-0.617042132403586,-0.7869301156003852,943.6451218075575,45,-0.7642463987876181,0.6449243691628941,396.69814249607975,0.9711134481210993,0.23861825344752816,922.9575809644991,-0.3379013697167197,-0.9411815257130607,1002.6029205322714
-0.7642463987876181,0.6449243691628941,396.69814249607975,0.9711134481210993,0.23861825344752816,922.9575809644991,-0.3379013697167197,-0.9411815257130607,1002.6029205322714,45,-0.9278377911145087,0.3729839586091462,391.29471238781133,0.872046158923673,0.4894236372576094,915.4290534731023,-0.05993890623954766,-0.9982020474427042,1017.2367039891255
-0.9278377911145087,0.3729839586091462,391.29471238781133,0.872046158923673,0.4894236372576094,915.4290534731023,-0.05993890623954766,-0.9982020474427042,1017.2367039891255,-90,-0.2460401158177755,0.9692596460228682,374.92489570891394,0.9002352539409383,-0.4354038212532067,923.9098426915583,-0.8371324819486918,-0.5470001898230229,1024.8318288491726
-0.2460401158177755,0.9692596460228682,374.92489570891394,0.9002352539409383,-0.4354038212532067,923.9098426915583,-0.8371324819486918,-0.5470001898230229,1024.8318288491726,90,-0.9875854470254242,-0.15708273241700751,383.77314384756005,0.5497197513873303,0.8353491455281747,907.3323018269767,0.42403305750874604,-0.9056467115491473,1035.8027929768484
-0.9875854470254242,-0.15708273241700751,383.77314384756005,0.5497197513873303,0.8353491455281747,907.3323018269767,0.42403305750874604,-0.9056467115491473,1035.8027929768484,45,-0.8853210635522871,-0.4649802301503228,394.21644129144335,0.31036333413285594,0.9506180099419205,885.5218814826035,0.6421258747220608,-0.7665992179831833,1052.8897960301874
-0.8853210635522871,-0.4649802301503228,394.21644129144335,0.31036333413285594,0.9506180099419205,885.5218814826035,0.6421258747220608,-0.7665992179831833,1052.8897960301874,-45,-0.9625589451639862,-0.27107245725966744,398.59109202897395,0.5476747407418786,0.8366913280017405,870.5586589339342,0.4235021713532462,-0.9058950882188763,1069.1055601037954
-0.9625589451639862,-0.27107245725966744,398.59109202897395,0.5476747407418786,0.8366913280017405,870.5586589339342,0.4235021713532462,-0.9058950882188763,1069.1055601037954,90,-0.11042348683082844,-0.9938846278900393,457.2554435304625,-0.595907937684734,0.8030527565511043,824.035327299892,0.9999149309521513,-0.013043422056898157,1065.8019237354754
-0.11042348683082844,-0.9938846278900393,457.2554435304625,-0.595907937684734,0.8030527565511043,824.035327299892,0.9999149309521513,-0.013043422056898157,1065.8019237354754,-90,-0.9017737747038475,-0.43220835167355864,482.60802828947016,0.5565015351836382,0.8308465811076398,759.1220382583093,0.35439422217655614,-0.9350961101875431,1140.249704656594
-0.9017737747038475,-0.43220835167355864,482.60802828947016,0.5565015351836382,0.8308465811076398,759.1220382583093,0.35439422217655614,-0.9350961101875431,1140.249704656594,-45,-0.7348223235396552,0.678259650007121,469.65043692399564,0.96882282978296,-0.2477545650262325,765.8054667491608,-0.7431006719349119,-0.6691796405823196,1148.4128582103651
-0.7348223235396552,0.678259650007121,469.65043692399564,0.96882282978296,-0.2477545650262325,765.8054667491608,-0.7431006719349119,-0.6691796405823196,1148.4128582103651,45,-0.9844887091791483,-0.1754479452680317,478.6883554074509,0.9092880018491429,0.41616742988032235,730.5434015872637,-0.06810593729710725,-0.9976780950310989,1222.3607248282683
-0.9844887091791483,-0.1754479452680317,478.6883554074509,0.9092880018491429,0.41616742988032235,730.5434015872637,-0.06810593729710725,-0.9976780950310989,1222.3607248282683,-90,-0.03288057231591638,0.9994592877972458,431.7240334955653,0.2848985409452552,-0.9585576776424384,777.3568814242786,-0.9867468719386627,0.16226709684734067,1206.8214951258037
-0.03288057231591638,0.9994592877972458,431.7240334955653,0.2848985409452552,-0.9585576776424384,777.3568814242786,-0.9867468719386627,0.16226709684734067,1206.8214951258037,90,-0.9842310781790131,0.17688749177535784,421.85370762789324,0.9944259492412408,-0.1054373343539052,778.8592110512657,-0.4563782638343486,-0.8897858620474624,1253.2214132544177
0.830075879091977,0.5576504594723127,319.9262641187966,-0.542792491903317,-0.8398668410726712,899.3617817502643,-0.5826091644862351,0.8127524601357113,1146.8890855148156,-90,0.8857546021187719,-0.46415383745630723,330.07904569373983,-0.9999977873130073,-0.0021036561243276404,898.0542168522401,0.3932954605819702,0.9194121386438271,1128.1271632250018
0.5978621154002884,-0.801598958937131,372.35359477985435,-0.9999793610443912,0.006424755656907451,938.1256203438215,0.5215902250676634,0.8531961305080235,1010.6048087880247,-45,-0.12973479894186576,-0.9915487289808371,406.84886091078096,-0.7215564722189967,0.6923555859519559,913.1910181470249,0.9793845297225734,0.20200480920040953,1003.5699854142708
-0.12973479894186576,-0.9915487289808371,406.84886091078096,-0.7215564722189967,0.6923555859519559,913.1910181470249,0.9793845297225734,0.20200480920040953,1003.5699854142708,45,0.43901583025447133,-0.8984793268550909,467.8875422523878,-0.999657871278025,0.02615607753252769,909.6673415018151,0.6831629707958475,0.7302659483594945,950.8575246560233
0.43901583025447133,-0.8984793268550909,467.8875422523878,-0.999657871278025,0.02615607753252769,909.6673415018151,0.6831629707958475,0.7302659483594945,950.8575246560233,-90,-0.3617596610243813,-0.9322713916320315,480.4927210514744,-0.6559538586155541,0.7548009905712668,898.1121394255007,0.9994123454377947,-0.03427774477013018,952.5824557398955
-0.3617596610243813,-0.9322713916320315,480.4927210514744,-0.6559538586155541,0.7548009905712668,898.1121394255007,0.9994123454377947,-0.03427774477013018,952.5824557398955,-90,-0.8405494156611024,-0.5417348796521959,486.63629136972514,-0.06326010595273328,0.9979970736404236,885.0329711813453,0.7672945330423016,-0.6412948616380739,961.6207152916788
-0.8405494156611024,-0.5417348796521959,486.63629136972514,-0.06326010595273328,0.9979970736404236,885.0329711813453,0.7672945330423016,-0.6412948616380739,961.6207152916788,0,-0.7861017503523898,-0.6180971105683224,524.0147952429778,-0.056916258512623046,0.9983789558664207,820.5075902351788,0.727708811901727,-0.6858862041771776,1004.7158730872824
-0.7861017503523898,-0.6180971105683224,524.0147952429778,-0.056916258512623046,0.9983789558664207,820.5075902351788,0.727708811901727,-0.6858862041771776,1004.7158730872824,0,-0.740246975459007,-0.6723350469251118,562.9184585807255,-0.04602843723331748,0.9989401298205306,760.0053624882524,0.688144018026207,-0.7255741247141793,1047.7036179239337
-0.740246975459007,-0.6723350469251118,562.9184585807255,-0.04602843723331748,0.9989401298205306,760.0053624882524,0.688144018026207,-0.7255741247141793,1047.7036179239337,0,-0.7251494385849304,-0.6885915274819754,580.2707389645113,-0.03684792163434359,0.9993208847368443,734.5015360762836,0.6683585720351353,-0.7438392428389047,1066.4772901934762
-0.7251494385849304,-0.6885915274819754,580.2707389645113,-0.03684792163434359,0.9993208847368443,734.5015360762836,0.6683585720351353,-0.7438392428389047,1066.4772901934762,-90,-0.8382585855252265,0.5452729076281404,541.5478924044046,0.9949310619683143,0.10055934531709358,729.028065144033,-0.607415613884237,-0.7943842093153889,1112.8096871287796
-0.8382585855252265,0.5452729076281404,541.5478924044046,0.9949310619683143,0.10055934531709358,729.028065144033,-0.607415613884237,-0.7943842093153889,1112.8096871287796,45,-0.9948117920685197,-0.10173248429788985,544.9316618410187,0.8042862703193803,0.5942420343393261,698.5101316923144,-0.06162714393694272,-0.9980992411229332,1161.5516329792724
-0.9948117920685197,-0.10173248429788985,544.9316618410187,0.8042862703193803,0.5942420343393261,698.5101316923144,-0.06162714393694272,-0.9980992411229332,1161.5516329792724,-90,0.06470979789820873,0.9979041246813107,529.3568475762701,0.46637833939804924,-0.8845853517554527,716.3672689869956,-0.9800984536944565,0.19851201743404687,1150.5791029198672
0.06470979789820873,0.9979041246813107,529.3568475762701,0.46637833939804924,-0.8845853517554527,716.3672689869956,-0.9800984536944565,0.19851201743404687,1150.5791029198672,-45,0.44075575189733773,0.8976270757778045,476.9965248557792,0.1318334106766917,-0.9912718859270401,773.6963259086151,-0.8781940014653828,0.4783046056544084,1121.471392735673
0.44075575189733773,0.8976270757778045,476.9965248557792,0.1318334106766917,-0.9912718859270401,773.6963259086151,-0.8781940014653828,0.4783046056544084,1121.471392735673,-90,0.6849720938519784,-0.7285693039402885,514.3819967521512,-0.9935716307994751,0.1132051874715622,760.5270005612754,0.7426870539445924,0.6696386636859478,1094.9374222222611
0.6849720938519784,-0.7285693039402885,514.3819967521512,-0.9935716307994751,0.1132051874715622,760.5270005612754,0.7426870539445924,0.6696386636859478,1094.9374222222611,90,0.9599525288608834,0.28016270689296724,483.6259653052553,-0.3906765718843663,-0.920528009449294,833.9885816469192,-0.4284986069685862,0.9035424416296011,1024.3810200884436
0.9599525288608834,0.28016270689296724,483.6259653052553,-0.3906765718843663,-0.920528009449294,833.9885816469192,-0.4284986069685862,0.9035424416296011,1024.3810200884436,-90,0.23805748514064243,-0.9712510662895114,509.4894280846267,-0.9139847603224642,0.40574851558359093,818.6455871315743,0.9300384208709116,0.3674622915401541,1019.6290096549823
0.23805748514064243,-0.9712510662895114,509.4894280846267,-0.9139847603224642,0.40574851558359093,818.6455871315743,0.9300384208709116,0.3674622915401541,1019.6290096549823,0,0.2237605559132801,-0.974644147172382,538.9076680680096,-0.926933794902328,0.37522491903919303,806.9237105839064,0.9403145013327296,0.3403066831306431,1008.819247785499
0.2237605559132801,-0.974644147172382,538.9076680680096,-0.926933794902328,0.37522491903919303,806.9237105839064,0.9403145013327296,0.3403066831306431,1008.819247785499,-90,-0.9932081979319995,0.11635065775778884,522.5568973132782,0.7665343164140035,0.6422033492280436,779.4816424584225,-0.07483114349615629,-0.9971962193886706,1058.6756778776396
-0.9932081979319995,0.11635065775778884,522.5568973132782,0.7665343164140035,0.6422033492280436,779.4816424584225,-0.07483114349615629,-0.9971962193886706,1058.6756778776396,45,-0.8646552772749357,-0.5023656551562855,533.3758931471313,0.2652361860622385,0.9641834709240548,759.6855161120949,0.501351443342955,-0.8652437403748933,1075.572184184074
-0.8646552772749357,-0.5023656551562855,533.3758931471313,0.2652361860622385,0.9641834709240548,759.6855161120949,0.501351443342955,-0.8652437403748933,1075.572184184074,0,-0.8490838111966353,-0.528258158066486,545.6576745408241,0.28095939453765534,0.9597196562648043,736.7608959393135,0.4852882485574354,-0.8743542278802435,1096.3029406990113
-0.8490838111966353,-0.528258158066486,545.6576745408241,0.28095939453765534,0.9597196562648043,736.7608959393135,0.4852882485574354,-0.8743542278802435,1096.3029406990113,-45,-0.9641695344529764,-0.26528684255486706,550.5585165734637,0.5857475398612979,0.8104935653948384,720.1208455332848,0.17811765881258812,-0.9840091969179569,1116.5512438628032
-0.9641695344529764,-0.26528684255486706,550.5585165734637,0.5857475398612979,0.8104935653948384,720.1208455332848,0.17811765881258812,-0.9840091969179569,1116.5512438628032,-45,-0.9999685834003657,-0.007926677252543488,550.2300726444915,0.8202168850959792,0.5720526736266943,705.1637914997923,-0.12475924094723283,-0.9921870447643782,1141.8830118897306
-0.9999685834003657,-0.007926677252543488,550.2300726444915,0.8202168850959792,0.5720526736266943,705.1637914997923,-0.12475924094723283,-0.9921870447643782,1141.8830118897306,45,-0.9098363643333142,-0.41496721573726375,558.9310104836431,0.5572318984054863,0.8303569180776528,687.7104641346288,0.2534787699728617,-0.9673409498067602,1161.6255999590687
-0.9098363643333142,-0.41496721573726375,558.9310104836431,0.5572318984054863,0.8303569180776528,687.7104641346288,0.2534787699728617,-0.9673409498067602,1161.6255999590687,-45,-0.978926321728935,0.2042137522946425,555.22878262439,0.9547850655946807,0.2972969534276484,684.0222694142071,-0.38621608948527275,-0.9224083326936633,1174.3573055312265
-0.978926321728935,0.2042137522946425,555.22878262439,0.9547850655946807,0.2972969534276484,684.0222694142071,-0.38621608948527275,-0.9224083326936633,1174.3573055312265,-90,0.11827835478597315,0.9929804785538956,546.2635081327377,0.3897943393050228,-0.9209019345433914,694.6750580793049,-0.9575910475435622,0.28813084816524454,1167.0383285554444
0.11827835478597315,0.9929804785538956,546.2635081327377,0.3897943393050228,-0.9209019345433914,694.6750580793049,-0.9575910475435622,0.28813084816524454,1167.0383285554444,0,0.12086862665378093,0.9926685121886505,488.7230772912202,0.37157183348932377,-0.9284042075289094,748.2865803133182,-0.9729397587963089,0.23105892268722358,1151.953265665322
0.12086862665378093,0.9926685121886505,488.7230772912202,0.37157183348932377,-0.9284042075289094,748.2865803133182,-0.9729397587963089,0.23105892268722358,1151.953265665322,-45,0.8569985121731194,0.5153188819877064,453.91477773534757,-0.3714595164483096,-0.9284491518871607,806.5596973854632,-0.5412141705705322,0.8408847849578744,1097.081831700138
0.8569985121731194,0.5153188819877064,453.91477773534757,-0.3714595164483096,-0.9284491518871607,806.5596973854632,-0.5412141705705322,0.8408847849578744,1097.081831700138,-45,0.9563455879535304,-0.2922381159291449,467.99144816819035,-0.8601916930725745,-0.5099708336453544,833.8274135326567,0.1529375742443569,0.9882358515983175,1040.2861123549426
0.9563455879535304,-0.2922381159291449,467.99144816819035,-0.8601916930725745,-0.5099708336453544,833.8274135326567,0.1529375742443569,0.9882358515983175,1040.2861123549426,90,0.36724684687852927,0.9301235151622488,449.4944130895622,0.43117341939785214,-0.9022690742814828,847.9094924570252,-0.9779182585054708,0.2089877500755181,1041.0404158334727
0.36724684687852927,0.9301235151622488,449.4944130895622,0.43117341939785214,-0.9022690742814828,847.9094924570252,-0.9779182585054708,0.2089877500755181,1041.0404158334727,45,0.17919359851260422,0.9838138310941271,427.3677129548394,0.5927548866021018,-0.8053829178777815,865.796212786964,-0.9998793746966558,-0.01553177569451172,1041.2917948760808
0.17919359851260422,0.9838138310941271,427.3677129548394,0.5927548866021018,-0.8053829178777815,865.796212786964,-0.9998793746966558,-0.01553177569451172,1041.2917948760808,-45,0.9389826235963175,0.3439645804209737,399.37795339477617,-0.22654524280030264,-0.9740006432054098,933.7846591467436,-0.6802626429934074,0.7329684417133004,987.6623054758139
0.9389826235963175,0.3439645804209737,399.37795339477617,-0.22654524280030264,-0.9740006432054098,933.7846591467436,-0.6802626429934074,0.7329684417133004,987.6623054758139,-90,0.6634810171983594,-0.7481931166600173,445.18959641438164,-0.9528898984534073,-0.30331640480767785,948.4471607609989,0.3661624383406764,0.9305509490341786,930.6881844933888
0.6634810171983594,-0.7481931166600173,445.18959641438164,-0.9528898984534073,-0.30331640480767785,948.4471607609989,0.3661624383406764,0.9305509490341786,930.6881844933888,0,0.6452000899534391,-0.7640136411897853,461.92213378690786,-0.9433187685086765,-0.33188808502155365,955.5993185861164,0.36681439692100903,0.9302941460696592,909.9833282441223
0.6452000899534391,-0.7640136411897853,461.92213378690786,-0.9433187685086765,-0.33188808502155365,955.5993185861164,0.36681439692100903,0.9302941460696592,909.9833282441223,-90,-0.7033991834027634,-0.710795039929462,464.47896969551806,-0.39345121740993455,0.9193454951859178,945.2370672426098,0.9505790330659704,-0.31048269178066085,917.7928705810533
-0.7033991834027634,-0.710795039929462,464.47896969551806,-0.39345121740993455,0.9193454951859178,945.2370672426098,0.9505790330659704,-0.31048269178066085,917.7928705810533,-90,-0.9900769326582212,0.1405263940264893,446.9752468590738,0.670951563991884,0.7415011792147364,891.0930317900202,0.1569832514125013,-0.9876012650740983,989.8816046905457
-0.9900769326582212,0.1405263940264893,446.9752468590738,0.670951563991884,0.7415011792147364,891.0930317900202,0.1569832514125013,-0.9876012650740983,989.8816046905457,-90,-0.7778112829233443,0.6284978982917455,433.8241921304528,0.970702648570169,0.2402839321695459,887.0793818354928,-0.3940369416284841,-0.91909460265637,1007.3675345561023
-0.7778112829233443,0.6284978982917455,433.8241921304528,0.970702648570169,0.2402839321695459,887.0793818354928,-0.3940369416284841,-0.91909460265637,1007.3675345561023,-45,-0.05434564699778542,0.9985221833551782,423.40172024539527,0.82483340055045,-0.5653758584661898,894.0776122388705,-0.9423810366422511,-0.3345414500134118,1009.4387632277453
-0.05434564699778542,0.9985221833551782,423.40172024539527,0.82483340055045,-0.5653758584661898,894.0776122388705,-0.9423810366422511,-0.3345414500134118,1009.4387632277453,-90,0.9663240178954307,-0.25732837472465303,432.8845415422108,-0.7600049791351635,-0.6499172498785977,900.2956327263895,-0.055825514505730686,0.9984405400073509,992.690478601568
0.9663240178954307,-0.25732837472465303,432.8845415422108,-0.7600049791351635,-0.6499172498785977,900.2956327263895,-0.055825514505730686,0.9984405400073509,992.690478601568,0,0.9580059266446921,-0.28674839932185314,437.34026620984713,-0.7471081028038395,-0.6647025520673495,911.1620868146896,-0.06276249284209472,0.9980284913228911,976.2291679971972
0.9580059266446921,-0.28674839932185314,437.34026620984713,-0.7471081028038395,-0.6647025520673495,911.1620868146896,-0.06276249284209472,0.9980284913228911,976.2291679971972,45,0.9172408958051848,0.3983329500085353,412.8792821286144,-0.040373307903270844,-0.9991846656193978,961.3426556702038,-0.7885730047134771,0.6149411485964802,946.408887115416
0.9172408958051848,0.3983329500085353,412.8792821286144,-0.040373307903270844,-0.9991846656193978,961.3426556702038,-0.7885730047134771,0.6149411485964802,946.408887115416,90,-0.03131213426521612,0.9995096549047223,354.019320281196,0.8849365314408006,-0.4657116439617169,985.2086475119675,-0.8413966031219505,-0.5404181309456991,979.0317252941092
-0.03131213426521612,0.9995096549047223,354.019320281196,0.8849365314408006,-0.4657116439617169,985.2086475119675,-0.8413966031219505,-0.5404181309456991,979.0317252941092,-90,0.9884600705722244,0.15148164537115738,342.8186207688987,-0.18228019390861724,-0.983246627712822,1042.6823709768425,-0.7859175012438678,0.6183313684737294,939.3888474672722
0.9884600705722244,0.15148164537115738,342.8186207688987,-0.18228019390861724,-0.983246627712822,1042.6823709768425,-0.7859175012438678,0.6183313684737294,939.3888474672722,-45,0.6449952356652126,-0.7641865910686845,388.2225960232737,-0.8606745600352432,-0.5091554789139958,1072.8333999568852,0.0009545489830833598,0.9999995444180156,877.088036666246
0.6449952356652126,-0.7641865910686845,388.2225960232737,-0.8606745600352432,-0.5091554789139958,1072.8333999568852,0.0009545489830833598,0.9999995444180156,877.088036666246,0,0.603516105605624,-0.7973508075336861,415.1595515698151,-0.8461522453698915,-0.532941251598608,1090.8689807945086,0.0002542219441385105,0.9999999676856011,842.5689367996248
0.603516105605624,-0.7973508075336861,415.1595515698151,-0.8461522453698915,-0.532941251598608,1090.8689807945086,0.0002542219441385105,0.9999999676856011,842.5689367996248,-45,-0.11996277634034813,-0.9927783903231957,460.48750828469815,-0.9835545170775561,0.18061149447456368,1080.2534634456165,0.7354274915652954,0.6776034272714221,811.809303522847
-0.11996277634034813,-0.9927783903231957,460.48750828469815,-0.9835545170775561,0.18061149447456368,1080.2534634456165,0.7354274915652954,0.6776034272714221,811.809303522847,-90,-0.9914201057951412,0.13071409191495378,445.21937628127773,0.3227375795325007,0.9464884863311877,1030.3979294507,0.5534883981337424,-0.832856886344433,859.3927001181067
-0.9914201057951412,0.13071409191495378,445.21937628127773,0.3227375795325007,0.9464884863311877,1030.3979294507,0.5534883981337424,-0.832856886344433,859.3927001181067,-90,-0.05870390005949406,0.9982754390035873,403.80835876154174,0.9847227807425752,-0.1741293917941773,1040.3451689731105,-0.6858854792781076,-0.7277094951389879,886.4041914418557
-0.05870390005949406,0.9982754390035873,403.80835876154174,0.9847227807425752,-0.1741293917941773,1040.3451689731105,-0.6858854792781076,-0.7277094951389879,886.4041914418557,-90,0.9989917989286131,0.04489304704933105,400.17983603135224,-0.04706860476312564,-0.9988916590129545,1095.1421009011021,-0.8349913451087095,0.550263076712901,852.8438433652905
0.9989917989286131,0.04489304704933105,400.17983603135224,-0.04706860476312564,-0.9988916590129545,1095.1421009011021,-0.8349913451087095,0.550263076712901,852.8438433652905,0,0.994498625110218,-0.10474962841884487,401.8866377284147,-0.04394881638712848,-0.9990337839823888,1155.4587961431814,-0.8676251875027039,0.49721879893151466,821.2868862855719
0.994498625110218,-0.10474962841884487,401.8866377284147,-0.04394881638712848,-0.9990337839823888,1155.4587961431814,-0.8676251875027039,0.49721879893151466,821.2868862855719,45,0.5017618501153144,0.8650058067833168,351.3148366898842,0.90214328329525,-0.43143654968635464,1175.679426747972,-0.738007576109085,-0.6747924255692214,860.2134819208776
0.5017618501153144,0.8650058067833168,351.3148366898842,0.90214328329525,-0.43143654968635464,1175.679426747972,-0.738007576109085,-0.6747924255692214,860.2134819208776,-45,0.9994199353497006,0.03405573117112722,348.4068838671963,0.23584907822994758,-0.9717896955093134,1221.0696936399863,-0.9964259421112959,0.08447095292238922,853.3332741233345
-0.9986976649259118,-0.051019349971663214,332.42473009276847,0.04315866981137588,0.9990682305128677,1122.1881665644357,0.8969370965825064,-0.4421581671462641,898.7373148908696,0,-0.9734232455254407,-0.22901350412304874,340.8095398002967,0.040250945328927396,0.9991896023278704,1062.8660980663979,0.8725365221152147,-0.48854888964676335,926.382783960761
-0.9734232455254407,-0.22901350412304874,340.8095398002967,0.040250945328927396,0.9991896023278704,1062.8660980663979,0.8725365221152147,-0.48854888964676335,926.382783960761,0,-0.9228695669299342,-0.3851126620023753,359.45026212516524,0.04075500348866639,0.9991691697058306,1003.0904300918487,0.8454354412943033,-0.5340776297538652,956.8562331624589
-0.9228695669299342,-0.3851126620023753,359.45026212516524,0.04075500348866639,0.9991691697058306,1003.0904300918487,0.8454354412943033,-0.5340776297538652,956.8562331624589,90,0.23916213787983895,-0.9709796454121707,368.0373152536846,-0.9853813688415466,0.17036301811120813,1004.0534773701747,0.6503377085442765,0.759645223012282,947.862788286965
0.23916213787983895,-0.9709796454121707,368.0373152536846,-0.9853813688415466,0.17036301811120813,1004.0534773701747,0.6503377085442765,0.759645223012282,947.862788286965,-45,-0.04357418521492546,-0.9990501941258284,456.1324030428446,-0.9272916682071259,0.3743396346550087,968.1542692699546,0.8839765680100409,0.46753120452991115,903.0127181306142
-0.04357418521492546,-0.9990501941258284,456.1324030428446,-0.9272916682071259,0.3743396346550087,968.1542692699546,0.8839765680100409,0.46753120452991115,903.0127181306142,90,0.5297315606312719,-0.848165357504748,472.3959268995976,-0.965812894911615,-0.2592401435396254,973.8633537367191,0.45026385874659597,0.8928955468063582,884.9220484038863
0.5297315606312719,-0.848165357504748,472.3959268995976,-0.965812894911615,-0.2592401435396254,973.8633537367191,0.45026385874659597,0.8928955468063582,884.9220484038863,45,0.8167238292763298,-0.5770287572488987,510.94107872126506,-0.6654995892699099,-0.7463982158885304,1029.6665799786113,-0.06967667287023135,0.9975696272730715,809.6805703021716
0.8167238292763298,-0.5770287572488987,510.94107872126506,-0.6654995892699099,-0.7463982158885304,1029.6665799786113,-0.06967667287023135,0.9975696272730715,809.6805703021716,0,0.7476554636256822,-0.6640868224190765,556.1944806684476,-0.6347395757853944,-0.7727261293186464,1084.9997513022959,-0.07218114738560315,0.9973915389465151,737.0953834654265
0.7476554636256822,-0.6640868224190765,556.1944806684476,-0.6347395757853944,-0.7727261293186464,1084.9997513022959,-0.07218114738560315,0.9973915389465151,737.0953834654265,90,0.9502327067712152,-0.3115410133228845,567.9219370192086,-0.1926074179551621,-0.9812758952245009,1129.0717455271165,-0.5591886823296703,0.8290404197350133,699.8387575346553
0.9502327067712152,-0.3115410133228845,567.9219370192086,-0.1926074179551621,-0.9812758952245009,1129.0717455271165,-0.5591886823296703,0.8290404197350133,699.8387575346553,-45,0.7997980580240559,-0.6002691616108135,618.3255335568449,-0.35364187969528127,-0.9353808961730982,1215.053276794214,-0.43980208349136424,0.8980947207041443,615.823168002274
0.7997980580240559,-0.6002691616108135,618.3255335568449,-0.35364187969528127,-0.9353808961730982,1215.053276794214,-0.43980208349136424,0.8980947207041443,615.823168002274,-90,0.04307875817886939,-0.9990716794073219,688.1060591494523,-0.9279356044693471,-0.3727405450955226,1238.1125427998013,0.4617250921802966,0.8870230770679512,553.6092598920195
0.04307875817886939,-0.9990716794073219,688.1060591494523,-0.9279356044693471,-0.3727405450955226,1238.1125427998013,0.4617250921802966,0.8870230770679512,553.6092598920195,-45,-0.4165453124342627,-0.9091149557063961,707.3406379907484,-0.996242778549579,0.08660442360419345,1235.9581134298844,0.8404817977938375,0.5418397803569233,541.8962872664463
-0.4165453124342627,-0.9091149557063961,707.3406379907484,-0.996242778549579,0.08660442360419345,1235.9581134298844,0.8404817977938375,0.5418397803569233,541.8962872664463,90,0.870885356831035,-0.49148621064815323,728.400199585427,-0.0924621813702548,-0.9957161970241591,1296.8733364350157,-0.6022750489122984,0.7982886479574218,496.39457164244857
0.870885356831035,-0.49148621064815323,728.400199585427,-0.0924621813702548,-0.9957161970241591,1296.8733364350157,-0.6022750489122984,0.7982886479574218,496.39457164244857,-90,-0.3651695652412874,-0.9309410231703666,778.9683004839286,-0.9983647784180945,-0.057164405132820145,1294.5278108865873,0.7919014578400262,0.6106489016373002,463.0842829969724
-0.3651695652412874,-0.9309410231703666,778.9683004839286,-0.9983647784180945,-0.057164405132820145,1294.5278108865873,0.7919014578400262,0.6106489016373002,463.0842829969724,90,0.94126993155156,-0.3376550250728124,777.65127463599,0.10300449544907848,-0.9946808904956809,1310.5103681173148,-0.6786270936043188,0.7344829935581593,455.3045408767411
0.94126993155156,-0.3376550250728124,777.65127463599,0.10300449544907848,-0.9946808904956809,1310.5103681173148,-0.6786270936043188,0.7344829935581593,455.3045408767411,-45,0.317788825431329,-0.9481615170586583,792.5525753150323,-0.7077796850019235,-0.706433236405662,1320.164105192415,0.16055609849412456,0.987026716576783,440.4965205747828
0.317788825431329,-0.9481615170586583,792.5525753150323,-0.7077796850019235,-0.706433236405662,1320.164105192415,0.16055609849412456,0.987026716576783,440.4965205747828,0,0.2967769751132753,-0.9549468189604143,849.2008967987846,-0.6855221378476175,-0.7280517828567087,1362.7754632087635,0.18536642488119295,0.9826694706394237,381.9130832059305
0.2967769751132753,-0.9549468189604143,849.2008967987846,-0.6855221378476175,-0.7280517828567087,1362.7754632087635,0.18536642488119295,0.9826694706394237,381.9130832059305,45,0.989161118023411,-0.146834201025087,853.0427236926413,0.3952330049657731,-0.9185809010564748,1404.3356751307574,-0.891037726631044,0.4539292562946136,360.1905723987789
0.989161118023411,-0.146834201025087,853.0427236926413,0.3952330049657731,-0.9185809010564748,1404.3356751307574,-0.891037726631044,0.4539292562946136,360.1905723987789,0,0.9760468475042292,-0.21756045476385616,864.4677876311298,0.3794841253955341,-0.925198248254279,1462.1504696343193,-0.9540310775038902,0.2997076961920835,336.4083171561904
0.9760468475042292,-0.21756045476385616,864.4677876311298,0.3794841253955341,-0.925198248254279,1462.1504696343193,-0.9540310775038902,0.2997076961920835,336.4083171561904,-90,-0.1896747217521329,-0.9818469839686075,905.2511443878157,-0.9088721467285873,-0.4170748384894121,1474.3867180680413,0.3433632449748426,0.9392026841956672,297.60099868019597
-0.1896747217521329,-0.9818469839686075,905.2511443878157,-0.9088721467285873,-0.4170748384894121,1474.3867180680413,0.3433632449748426,0.9392026841956672,297.60099868019597,0,-0.1900586810797587,-0.9817727322278933,968.0599332373228,-0.8980437321424677,-0.4399061890444687,1501.5414594141082,0.4434101419786924,0.8963188305454906,238.80660447200785
-0.1900586810797587,-0.9817727322278933,968.0599332373228,-0.8980437321424677,-0.4399061890444687,1501.5414594141082,0.4434101419786924,0.8963188305454906,238.80660447200785,-45,-0.8121285728394546,-0.5834785181801904,978.5308584870945,-0.9535513958275448,0.30123036951034843,1494.4344485495142,0.9672958482574003,0.2536508268151245,234.08340610024024
-0.8121285728394546,-0.5834785181801904,978.5308584870945,-0.9535513958275448,0.30123036951034843,1494.4344485495142,0.9672958482574003,0.2536508268151245,234.08340610024024,-90,-0.905736436122292,0.4238413716008492,950.4178341416001,-0.15660704631304803,0.9876609909503882,1438.4495192582915,0.5593579500506762,-0.828926223324552,280.7612142985744
-0.905736436122292,0.4238413716008492,950.4178341416001,-0.15660704631304803,0.9876609909503882,1438.4495192582915,0.5593579500506762,-0.828926223324552,280.7612142985744,0,-0.9192890242802635,0.3935831422175513,929.8024274207613,-0.14664010792109428,0.9891899103553826,1388.9876003901331,0.4734624951533674,-0.8808139790461704,323.7020760476213
-0.9192890242802635,0.3935831422175513,929.8024274207613,-0.14664010792109428,0.9891899103553826,1388.9876003901331,0.4734624951533674,-0.8808139790461704,323.7020760476213,90,-0.49657445055062327,-0.8679941330794504,989.1421003357707,-0.9988143670242927,-0.0486812101930671,1395.5558371690686,0.9893056659078401,0.14585711982157404,302.6865287003371
-0.49657445055062327,-0.8679941330794504,989.1421003357707,-0.9988143670242927,-0.0486812101930671,1395.5558371690686,0.9893056659078401,0.14585711982157404,302.6865287003371,-45,-0.7294815859791283,-0.6840004500856529,1031.9643659034066,-0.9684954959296613,0.24903107108142025,1378.6432071041513,0.9231239235927429,-0.3845025639586032,321.0729083781751
-0.7294815859791283,-0.6840004500856529,1031.9643659034066,-0.9684954959296613,0.24903107108142025,1378.6432071041513,0.9231239235927429,-0.3845025639586032,321.0729083781751,-90,-0.9149381432353371,0.4035940956618096,1004.8009462717927,-0.10316228826734766,0.994664537559998,1321.9719443425001,-0.026337618823971107,-0.9996531047491841,377.55230316962707
-0.9149381432353371,0.4035940956618096,1004.8009462717927,-0.10316228826734766,0.994664537559998,1321.9719443425001,-0.026337618823971107,-0.9996531047491841,377.55230316962707,45,-0.9964859340735774,0.083760272167119,1003.5487253678169,-0.41195278921065,0.9112051906467422,1308.053287976973,0.27490961071216735,-0.9614700754251713,392.2207085141859
-0.9964859340735774,0.083760272167119,1003.5487253678169,-0.41195278921065,0.9112051906467422,1308.053287976973,0.27490961071216735,-0.9614700754251713,392.2207085141859,0,-0.9966852462206397,0.08135428671006084,1001.9553419416706,-0.4020750354368758,0.9156067200924396,1290.2938375600536,0.24636442356858138,-0.9691772649003487,410.9937557256193
-0.9966852462206397,0.08135428671006084,1001.9553419416706,-0.4020750354368758,0.9156067200924396,1290.2938375600536,0.24636442356858138,-0.9691772649003487,410.9937557256193,-90,-0.8406567071596216,0.5415683712215312,968.3202727986749,0.13288585759247976,0.9911313479311968,1231.1985992165926,-0.25227229647202504,-0.9676562863086927,468.37103957535635
-0.8406567071596216,0.5415683712215312,968.3202727986749,0.13288585759247976,0.9911313479311968,1231.1985992165926,-0.25227229647202504,-0.9676562863086927,468.37103957535635,45,-0.9784396453917225,0.20653295215466316,950.7111775038832,-0.16542981059349574,0.9862215662654108,1158.0433079254074,0.028608989814034206,-0.9995906790791022,542.5074958291544
-0.9784396453917225,0.20653295215466316,950.7111775038832,-0.16542981059349574,0.9862215662654108,1158.0433079254074,0.028608989814034206,-0.9995906790791022,542.5074958291544,90,-0.5106211054679539,-0.8598058424148353,1002.7756868360341,-0.9903490681749728,0.1385955380413202,1152.2413801411055,0.9094504628712724,-0.415812284069661,560.6126988478588
-0.5106211054679539,-0.8598058424148353,1002.7756868360341,-0.9903490681749728,0.1385955380413202,1152.2413801411055,0.9094504628712724,-0.415812284069661,560.6126988478588,45,0.17497836197740368,-0.9845722791342973,1050.9949152359682,-0.8155542482322861,-0.5786806271081405,1181.5293106190215,0.9785127749363776,0.2061862005234832,546.7007882305091
0.17497836197740368,-0.9845722791342973,1050.9949152359682,-0.8155542482322861,-0.5786806271081405,1181.5293106190215,0.9785127749363776,0.2061862005234832,546.7007882305091,-45,-0.05161858220603866,-0.9986668723708815,1114.974168909047,-0.9065701021529854,-0.4220552687531879,1207.295140938793,0.9903295486483841,-0.13873494539548403,551.7245302996959
-0.05161858220603866,-0.9986668723708815,1114.974168909047,-0.9065701021529854,-0.4220552687531879,1207.295140938793,0.9903295486483841,-0.13873494539548403,551.7245302996959,90,0.9040288134166735,-0.42747152479719785,1134.3975539748003,0.08744297696264286,-0.996169526626824,1266.4072845905498,0.5010724777125692,0.8654053224235374,496.723313791501
0.9040288134166735,-0.42747152479719785,1134.3975539748003,0.08744297696264286,-0.996169526626824,1266.4072845905498,0.5010724777125692,0.8654053224235374,496.723313791501,-45,0.6913837991634209,-0.7224876761954867,1178.4393607891795,-0.22742190118605343,-0.9737963230886225,1326.2752229673938,0.8164353355860571,0.5774368734385451,458.87266976494686
0.6913837991634209,-0.7224876761954867,1178.4393607891795,-0.22742190118605343,-0.9737963230886225,1326.2752229673938,0.8164353355860571,0.5774368734385451,458.87266976494686,-45,0.4295891110729261,-0.9030244712340708,1191.610370497039,-0.512402476300796,-0.8587454234409707,1338.5016081709018,0.9635808815718158,0.26741706129056597,455.09831363793256
0.4295891110729261,-0.9030244712340708,1191.610370497039,-0.512402476300796,-0.8587454234409707,1338.5016081709018,0.9635808815718158,0.26741706129056597,455.09831363793256,90,0.9999771238837105,0.006764000980353024,1188.4235091226233,0.5741140313273029,-0.8187753532154669,1371.5459733582868,0.13890487838773802,0.990305727924507,413.0149113958599
0.9999771238837105,0.006764000980353024,1188.4235091226233,0.5741140313273029,-0.8187753532154669,1371.5459733582868,0.13890487838773802,0.990305727924507,413.0149113958599,-45,0.7571996697432751,-0.6531834812215286,1238.1513976476544,-0.05499951371156006,-0.9984863812248477,1447.6495720639164,0.8219938035875052,0.5694964327050221,365.95103975373536
-0.7828568509559783,0.6222018570458377,1167.648212923824,0.1059812305135377,0.9943681304118894,1309.5776835087715,-0.7197876085745166,-0.6941943521396429,470.1553244877697,45,-0.9921869936281831,-0.12475964762321133,1173.3249585150581,-0.6208113618364837,0.7839599817686682,1265.9362173009993,-0.048226681465467595,-0.9988364166342897,525.2449507366662
-0.9921869936281831,-0.12475964762321133,1173.3249585150581,-0.6208113618364837,0.7839599817686682,1265.9362173009993,-0.048226681465467595,-0.9988364166342897,525.2449507366662,45,-0.9204316493469695,-0.39090354165755176,1195.9205231447256,-0.8060952177197799,0.5917858565134019,1229.2833691540588,0.16103281499283628,-0.9869490526341687,584.9676039566243
-0.9204316493469695,-0.39090354165755176,1195.9205231447256,-0.8060952177197799,0.5917858565134019,1229.2833691540588,0.16103281499283628,-0.9869490526341687,584.9676039566243,0,-0.9135025092383796,-0.40683309306788723,1204.76689076309,-0.8149974172588769,0.5794645889623975,1216.443141736992,0.1557070188160365,-0.987803282182957,606.6983279019018
-0.9135025092383796,-0.40683309306788723,1204.76689076309,-0.8149974172588769,0.5794645889623975,1216.443141736992,0.1557070188160365,-0.987803282182957,606.6983279019018,-90,-0.2651566344396344,0.9642053511636648,1161.7221837476914,0.7185320799287954,0.695493817451456,1191.3123017124876,-0.9973312321920919,-0.07300967945556165,601.2312967664815
-0.2651566344396344,0.9642053511636648,1161.7221837476914,0.7185320799287954,0.695493817451456,1191.3123017124876,-0.9973312321920919,-0.07300967945556165,601.2312967664815,45,-0.6132421749580281,0.7898949517833034,1122.443120079556,0.43881564434439596,0.8985771142637746,1146.3986836236022,-0.8727250374218356,-0.4882120533713354,624.2676331621944
-0.6132421749580281,0.7898949517833034,1122.443120079556,0.43881564434439596,0.8985771142637746,1146.3986836236022,-0.8727250374218356,-0.4882120533713354,624.2676331621944,-45,-0.3684916325185735,0.9296310648659482,1071.0055651155735,0.7098837753486572,0.7043188379539036,1106.8442132967625,-0.9571639274087947,-0.28954656977310494,638.0572705553388
-0.3684916325185735,0.9296310648659482,1071.0055651155735,0.7098837753486572,0.7043188379539036,1106.8442132967625,-0.9571639274087947,-0.28954656977310494,638.0572705553388,-45,-0.0888188944788681,0.9960477920178086,1007.9341756984495,0.9065189481132804,0.42216512967272846,1078.5428830328967,-0.9951175419447787,-0.09869689819736764,641.2820460147882
-0.0888188944788681,0.9960477920178086,1007.9341756984495,0.9065189481132804,0.42216512967272846,1078.5428830328967,-0.9951175419447787,-0.09869689819736764,641.2820460147882,90,-0.9987920597716369,-0.04913676156535866,1013.3111021433783,-0.36040867971632207,0.9327945023343232,1035.6267540610509,0.005417475629896124,-0.9999853253712274,688.6391433305458
-0.9987920597716369,-0.04913676156535866,1013.3111021433783,-0.36040867971632207,0.9327945023343232,1035.6267540610509,0.005417475629896124,-0.9999853253712274,688.6391433305458,0,-0.9949602807167072,-0.10026983492621963,1017.9627796255779,-0.3714627229992628,0.9284478689845612,976.4242790421758,-0.005586913146832966,-0.9999843930789569,752.2100110361687
-0.9949602807167072,-0.10026983492621963,1017.9627796255779,-0.3714627229992628,0.9284478689845612,976.4242790421758,-0.005586913146832966,-0.9999843930789569,752.2100110361687,-90,-0.9099489154060039,0.4147203531916865,991.2380493875688,0.21398487873396466,0.9768369729249659,916.3282548048338,-0.5197688532987572,-0.8543069349715563,804.1252580000659
-0.9099489154060039,0.4147203531916865,991.2380493875688,0.21398487873396466,0.9768369729249659,916.3282548048338,-0.5197688532987572,-0.8543069349715563,804.1252580000659,-90,0.42319238609384513,0.9060398470002288,959.5929521674755,0.97104306713909,-0.23890450343413108,930.9406865367368,-0.8792413317710275,0.4763766162454975,779.925736111773
0.42319238609384513,0.9060398470002288,959.5929521674755,0.97104306713909,-0.23890450343413108,930.9406865367368,-0.8792413317710275,0.4763766162454975,779.925736111773,90,-0.9722666398779926,0.23387513972279714,951.4902753066328,0.09663570339416343,0.9953198183646879,875.1343851107051,-0.3315183491894189,-0.9434487713441162,834.3235823126971
-0.9722666398779926,0.23387513972279714,951.4902753066328,0.09663570339416343,0.9953198183646879,875.1343851107051,-0.3315183491894189,-0.9434487713441162,834.3235823126971,-90,0.03699366341533858,0.9993155001635433,890.0045446554933,0.9992377053609228,0.03903854742478941,875.3728128674275,-0.9983277653105308,0.057807205520433974,823.6749028029395
0.03699366341533858,0.9993155001635433,890.0045446554933,0.9992377053609228,0.03903854742478941,875.3728128674275,-0.9983277653105308,0.057807205520433974,823.6749028029395,0,0.040097585636864455,0.9991957684188291,826.8860013197256,0.9994354289047769,-0.03359796794338419,875.026538556703,-0.9998302693186105,-0.018423695456525505,822.6035958944776
0.040097585636864455,0.9991957684188291,826.8860013197256,0.9994354289047769,-0.03359796794338419,875.026538556703,-0.9998302693186105,-0.018423695456525505,822.6035958944776,90,-0.9559618890678442,0.2934908289024357,814.6461675787564,0.363971853259824,0.9314099473564844,822.4418588269662,-0.28747751718489545,-0.9577873861735746,876.0035995078761
-0.9559618890678442,0.2934908289024357,814.6461675787564,0.363971853259824,0.9314099473564844,822.4418588269662,-0.28747751718489545,-0.9577873861735746,876.0035995078761,-45,-0.913400143266801,0.40706286772461514,787.0375668725922,0.5706664221063339,0.8211819741569804,770.5734304196648,-0.4363172000108799,-0.8997929211627894,931.5997271729581
-0.913400143266801,0.40706286772461514,787.0375668725922,0.5706664221063339,0.8211819741569804,770.5734304196648,-0.4363172000108799,-0.8997929211627894,931.5997271729581,0,-0.9380524518859938,0.34649328638615096,765.6109915411739,0.6089175176723012,0.7932335448477975,724.5954225418897,-0.4157151482901822,-0.9094948683099162,983.0985049162977
-0.9380524518859938,0.34649328638615096,765.6109915411739,0.6089175176723012,0.7932335448477975,724.5954225418897,-0.4157151482901822,-0.9094948683099162,983.0985049162977,45,-0.8945920535732195,-0.44688371830225593,778.7444312363411,-0.13754960273050698,0.9904948797387494,697.4312648437926,0.3392522029251677,-0.9406954569946752,1008.5468006897908
-0.8945920535732195,-0.44688371830225593,778.7444312363411,-0.13754960273050698,0.9904948797387494,697.4312648437926,0.3392522029251677,-0.9406954569946752,1008.5468006897908,0,-0.8562481954598106,-0.5165646404583051,808.458354103469,-0.16218429474443857,0.9867604848889365,636.2812195245825,0.3311049062555719,-0.9435939492459079,1066.843620367901
-0.8562481954598106,-0.5165646404583051,808.458354103469,-0.16218429474443857,0.9867604848889365,636.2812195245825,0.3311049062555719,-0.9435939492459079,1066.843620367901,90,0.4322508230133717,-0.9017534175173737,850.2250870396203,-0.9851921719439986,-0.17145373819274656,647.051944307047,0.9739409632090015,0.22680167588340783,1050.6431452360644
0.4322508230133717,-0.9017534175173737,850.2250870396203,-0.9851921719439986,-0.17145373819274656,647.051944307047,0.9739409632090015,0.22680167588340783,1050.6431452360644,0,0.4056887429128035,-0.9140112930778422,904.7183985794695,-0.9659734697476106,-0.2586411717877918,660.1259430807124,0.9852403680534033,0.17117656719888524,1038.5497680555322
0.4056887429128035,-0.9140112930778422,904.7183985794695,-0.9659734697476106,-0.2586411717877918,660.1259430807124,0.9852403680534033,0.17117656719888524,1038.5497680555322,-45,-0.29385330111646535,-0.9558505309005985,959.8918118239889,-0.923892398155925,0.3826523704744211,635.3184165493237,0.8202708586381756,-0.5719752778477318,1071.050871997563
-0.29385330111646535,-0.9558505309005985,959.8918118239889,-0.923892398155925,0.3826523704744211,635.3184165493237,0.8202708586381756,-0.5719752778477318,1071.050871997563,-45,-0.8488117165554363,-0.5286952523318266,988.9935975408638,-0.43255798033987564,0.9016061189035308,579.8931763495929,0.18243755757351224,-0.9832174416611065,1130.480506677059
-0.8488117165554363,-0.5286952523318266,988.9935975408638,-0.43255798033987564,0.9016061189035308,579.8931763495929,0.18243755757351224,-0.9832174416611065,1130.480506677059,0,-0.8382077547250306,-0.5453510428328004,1001.8640353077108,-0.44887742631771604,0.8935933393565462,558.537541480472,0.17826654648956836,-0.9839822348003456,1153.9058996482556
-0.8382077547250306,-0.5453510428328004,1001.8640353077108,-0.44887742631771604,0.8935933393565462,558.537541480472,0.17826654648956836,-0.9839822348003456,1153.9058996482556,45,-0.22703038474461723,-0.9738876754547781,1014.5167875306007,-0.9493922730749849,0.3140928395005422,555.7619563998692,0.8034943720752261,-0.5953123499839712,1160.2571750182844
-0.22703038474461723,-0.9738876754547781,1014.5167875306007,-0.9493922730749849,0.3140928395005422,555.7619563998692,0.8034943720752261,-0.5953123499839712,1160.2571750182844,-45,-0.46997720745528915,-0.882678551043656,1045.533375284596,-0.856763962254781,0.5157087482111277,536.5669006135209,0.5958477235066004,-0.8030974351795689,1188.5675575389057
-0.46997720745528915,-0.882678551043656,1045.533375284596,-0.856763962254781,0.5157087482111277,536.5669006135209,0.5958477235066004,-0.8030974351795689,1188.5675575389057,45,0.23869869222881418,-0.9710936794811579,1114.954851555197,-0.945228338552421,-0.3264098466612637,557.097263506536,0.9704843881539637,-0.24116395325468293,1202.5148019905914
0.23869869222881418,-0.9710936794811579,1114.954851555197,-0.945228338552421,-0.3264098466612637,557.097263506536,0.9704843881539637,-0.24116395325468293,1202.5148019905914,90,0.9390423309816501,0.3438015424987924,1086.2261932898462,0.420021717562736,-0.9075140532111056,607.3288919431959,0.08351725564886658,0.9965063311434011,1142.358314623284
0.9390423309816501,0.3438015424987924,1086.2261932898462,0.420021717562736,-0.9075140532111056,607.3288919431959,0.08351725564886658,0.9965063311434011,1142.358314623284,45,0.8333631157671123,0.5527258970583254,1034.6117628595243,0.6029251544863298,-0.797797755128225,674.8700466366043,-0.23474978008461292,0.9720558321157411,1056.6963706984577
0.8333631157671123,0.5527258970583254,1034.6117628595243,0.6029251544863298,-0.797797755128225,674.8700466366043,-0.23474978008461292,0.9720558321157411,1056.6963706984577,0,0.8686157689025318,0.49548627227589626,992.1856294366033,0.5494514327095958,-0.835525656753503,740.6468546213566,-0.25405234735567556,0.967190469764395,978.6003858881871
0.8686157689025318,0.49548627227589626,992.1856294366033,0.5494514327095958,-0.835525656753503,740.6468546213566,-0.25405234735567556,0.967190469764395,978.6003858881871,0,0.8895377032105508,0.45686176746024393,968.7631820220063,0.5202076286517995,-0.854039825237952,781.9453323867359,-0.26697337894418915,0.9637039041817369,931.3735313188811
0.8895377032105508,0.45686176746024393,968.7631820220063,0.5202076286517995,-0.854039825237952,781.9453323867359,-0.26697337894418915,0.9637039041817369,931.3735313188811,90,-0.6180456151671688,0.7861422374943582,965.7518375210933,0.747866292290509,0.6638493871772775,772.2144596388806,-0.8972000671475943,-0.4416243194281224,940.1057066497194
-0.6180456151671688,0.7861422374943582,965.7518375210933,0.747866292290509,0.6638493871772775,772.2144596388806,-0.8972000671475943,-0.4416243194281224,940.1057066497194,-90,0.777774295282186,0.6285436703987234,936.2444149219262,0.6764338662278327,-0.7365033771952892,812.118072987235,-0.5128688417680157,0.858466977316853,893.8179257950133
0.777774295282186,0.6285436703987234,936.2444149219262,0.6764338662278327,-0.7365033771952892,812.118072987235,-0.5128688417680157,0.858466977316853,893.8179257950133,90,0.3673244518866165,0.9300928701189988,865.5832107271328,0.9323407183977339,-0.36158095195626294,836.4789433647999,-0.9171360473516942,0.39857429752570717,860.9167083363478
0.3673244518866165,0.9300928701189988,865.5832107271328,0.9323407183977339,-0.36158095195626294,836.4789433647999,-0.9171360473516942,0.39857429752570717,860.9167083363478,-90,0.9747033464262421,-0.2235025424139177,872.256942765678,-0.20154257353972144,-0.9794797553043074,843.9508174075829,0.2559367744535157,0.9666935230373328,853.7681454604214
0.9747033464262421,-0.2235025424139177,872.256942765678,-0.20154257353972144,-0.9794797553043074,843.9508174075829,0.2559367744535157,0.9666935230373328,853.7681454604214,45,0.999475159629446,-0.03239452552042523,871.721947975037,0.043751822832319126,-0.9990424305297795,893.6769587392264,0.00831174142586055,0.9999654568806212,803.9531892973577
0.999475159629446,-0.03239452552042523,871.721947975037,0.043751822832319126,-0.9990424305297795,893.6769587392264,0.00831174142586055,0.9999654568806212,803.9531892973577,-90,0.01772664782790093,-0.9998428706335739,916.9697482154397,-0.9900409518548126,-0.1407796634831066,895.2372909694316,0.9998441687371304,-0.01765327851580414,807.1750436815344
0.01772664782790093,-0.9998428706335739,916.9697482154397,-0.9900409518548126,-0.1407796634831066,895.2372909694316,0.9998441687371304,-0.01765327851580414,807.1750436815344,-45,-0.8215436589218114,-0.5701456098974739,926.1921141088565,-0.6632795937337713,0.7483716860867755,880.323386169783,0.5171029733130146,-0.8559231945629466,823.7550899614721
-0.8215436589218114,-0.5701456098974739,926.1921141088565,-0.6632795937337713,0.7483716860867755,880.323386169783,0.5171029733130146,-0.8559231945629466,823.7550899614721,-45,-0.9653339927804699,0.26101778173625584,920.6800071789909,0.16408532237360654,0.9864461500667685,866.2526719260994,-0.3280711964902364,-0.9446529998012311,836.9096412511368
-0.9653339927804699,0.26101778173625584,920.6800071789909,0.16408532237360654,0.9864461500667685,866.2526719260994,-0.3280711964902364,-0.9446529998012311,836.9096412511368,-90,0.29995573697523803,0.9539531203657975,907.775613061356,0.9779797367507453,-0.20869986704581964,875.0391052226871,-0.9397136158248751,0.341962454420568,826.1063876214255
0.29995573697523803,0.9539531203657975,907.775613061356,0.9779797367507453,-0.20869986704581964,875.0391052226871,-0.9397136158248751,0.341962454420568,826.1063876214255,45,0.009178428380127114,0.9999578773390762,845.3755123037546,0.9999025737390688,0.01395861848415713,871.4518763551064,-0.9997551842868457,-0.022126262485450295,825.6185443670919
0.009178428380127114,0.9999578773390762,845.3755123037546,0.9999025737390688,0.01395861848415713,871.4518763551064,-0.9997551842868457,-0.022126262485450295,825.6185443670919,-90,0.9626071739494737,0.27090114185991826,831.064239451768,0.33834299285357466,-0.9410228579513283,926.4474567375884,-0.3850881440369296,0.9228797978730453,771.1379604814858
0.9626071739494737,0.27090114185991826,831.064239451768,0.33834299285357466,-0.9410228579513283,926.4474567375884,-0.3850881440369296,0.9228797978730453,771.1379604814858,0,0.9792621029748906,0.20259746710458856,816.229809239299,0.32033022647686626,-0.9473059410799024,984.6269859651534,-0.41807314053782946,0.9084133691006734,714.7222268062065
0.9792621029748906,0.20259746710458856,816.229809239299,0.32033022647686626,-0.9473059410799024,984.6269859651534,-0.41807314053782946,0.9084133691006734,714.7222268062065,0,0.9887139136403961,0.14981587690859519,808.4489340754267,0.30809593352174924,-0.9513552941710903,1027.469512446814,-0.4440538243986857,0.8960001121857637,673.9776131354021
0.9887139136403961,0.14981587690859519,808.4489340754267,0.30809593352174924,-0.9513552941710903,1027.469512446814,-0.4440538243986857,0.8960001121857637,673.9776131354021,-90,0.16842377001704634,-0.9857146816869703,861.5425705933804,-0.9260478910133472,-0.37740601949324004,1041.9307851026622,0.9174071411323603,0.39794991820497916,655.2253970540596
0.16842377001704634,-0.9857146816869703,861.5425705933804,-0.9260478910133472,-0.37740601949324004,1041.9307851026622,0.9174071411323603,0.39794991820497916,655.2253970540596,45,0.4233750803579594,-0.9059544918658395,924.5344150628305,-0.739138787222039,-0.6735531554554053,1087.721528993322,0.8112028659901279,0.5847648332529947,611.8970866375897
0.4233750803579594,-0.9059544918658395,924.5344150628305,-0.739138787222039,-0.6735531554554053,1087.721528993322,0.8112028659901279,0.5847648332529947,611.8970866375897,-45,-0.02041083374323858,-0.9997916772337655,987.443018477912,-0.944575600444563,-0.3282939765588052,1106.4910097875943,0.99804915183405,0.06243308836933795,605.0087228633732
-0.02041083374323858,-0.9997916772337655,987.443018477912,-0.944575600444563,-0.3282939765588052,1106.4910097875943,0.99804915183405,0.06243308836933795,605.0087228633732,0,-0.027126478036688266,-0.9996320093861166,1007.3612075996006,-0.9413424059242943,-0.3374529223590473,1113.0907503777603,0.9997509837393688,0.022315252903887407,604.1990752860564
-0.027126478036688266,-0.9996320093861166,1007.3612075996006,-0.9413424059242943,-0.3374529223590473,1113.0907503777603,0.9997509837393688,0.022315252903887407,604.1990752860564,0,-0.039129143189872644,-0.9992341618225562,1030.7219880891016,-0.9389872623983522,-0.34395191677565656,1121.0681802327413,0.9995759720505835,-0.029118312092757018,604.2640289892742
-0.039129143189872644,-0.9992341618225562,1030.7219880891016,-0.9389872623983522,-0.34395191677565656,1121.0681802327413,0.9995759720505835,-0.029118312092757018,604.2640289892742,-45,-0.7282870009697359,-0.6852722409513667,1073.9183515917416,-0.9133500835403828,0.40717517716183993,1091.9543808628287,0.6076732948533262,-0.7941871106496897,655.6522751318138
-0.7282870009697359,-0.6852722409513667,1073.9183515917416,-0.9133500835403828,0.40717517716183993,1091.9543808628287,0.6076732948533262,-0.7941871106496897,655.6522751318138,90,0.303865110213509,-0.9527150648514655,1097.694858361019,-0.7446675110276874,-0.6674356133889089,1110.8376020248043,0.9841461328260739,0.17735949155171749,648.2055862704499
0.303865110213509,-0.9527150648514655,1097.694858361019,-0.7446675110276874,-0.6674356133889089,1110.8376020248043,0.9841461328260739,0.17735949155171749,648.2055862704499,-45,0.006942060519889217,-0.9999759036075511,1159.4769887800664,-0.8875371702678001,-0.4607361190454097,1138.1218140034441,0.9767122631184849,-0.21455338513751673,658.4583870758198
0.006942060519889217,-0.9999759036075511,1159.4769887800664,-0.8875371702678001,-0.4607361190454097,1138.1218140034441,0.9767122631184849,-0.21455338513751673,658.4583870758198,45,0.6899577119781818,-0.7238496775448838,1165.8342658048791,-0.32288699738827087,-0.9464375240434979,1148.32079112276,0.8612630666259071,0.5081593549922486,651.892825029392
0.6899577119781818,-0.7238496775448838,1165.8342658048791,-0.32288699738827087,-0.9464375240434979,1148.32079112276,0.8612630666259071,0.5081593549922486,651.892825029392,-90,-0.5403285286406785,-0.8414541467822234,1232.0416484661362,-0.9982201989922097,0.05963584764177653,1136.848946674603,0.611626707545662,-0.7911464912497895,717.4249393178036
-0.5403285286406785,-0.8414541467822234,1232.0416484661362,-0.9982201989922097,0.05963584764177653,1136.848946674603,0.611626707545662,-0.7911464912497895,717.4249393178036,-45,-0.6839332442331256,-0.7295445959177216,1243.1148801794707,-0.9719295136820705,0.23527222622684135,1132.9712994262563,0.4420461542409703,-0.896992306277355,731.2739331629564
-0.6839332442331256,-0.7295445959177216,1243.1148801794707,-0.9719295136820705,0.23527222622684135,1132.9712994262563,0.4420461542409703,-0.896992306277355,731.2739331629564,90,0.4871646411804427,-0.8733101467311201,1259.8011374227124,-0.5051775975261198,-0.8630154082968263,1151.0981999167404,0.9914118440172357,0.13077673930154532,726.7536761871659
0.4871646411804427,-0.8733101467311201,1259.8011374227124,-0.5051775975261198,-0.8630154082968263,1151.0981999167404,0.9914118440172357,0.13077673930154532,726.7536761871659,-90,-0.7611881786275827,-0.6485310761387022,1291.4828962218974,-0.9478816414707257,0.3186226510509926,1127.820336416089,0.2736737974035827,-0.9618225681562597,781.4207517296301
-0.7611881786275827,-0.6485310761387022,1291.4828962218974,-0.9478816414707257,0.3186226510509926,1127.820336416089,0.2736737974035827,-0.9618225681562597,781.4207517296301,-45,-0.9980572707956898,0.06230316373876305,1289.6303427767082,-0.45381832545429557,0.8910942304166597,1110.4937014726243,-0.47359445762687713,-0.8807430327315137,797.979060508714
-0.9980572707956898,0.06230316373876305,1289.6303427767082,-0.45381832545429557,0.8910942304166597,1110.4937014726243,-0.47359445762687713,-0.8807430327315137,797.979060508714,-45,-0.613833013333141,0.7894358946376557,1275.2254821544464,0.3811133109567185,0.9245283360782446,1094.7200693949299,-0.9704551061493133,-0.2412817584251349,801.0515278907094
-0.613833013333141,0.7894358946376557,1275.2254821544464,0.3811133109567185,0.9245283360782446,1094.7200693949299,-0.9704551061493133,-0.2412817584251349,801.0515278907094,90,-0.727629915012201,-0.6859699022401328,1322.172287692784,-0.963266981172226,0.26854556965875714,1081.3392614451627,0.27354510950788796,-0.9618591752768789,860.2133446667576
-0.727629915012201,-0.6859699022401328,1322.172287692784,-0.963266981172226,0.26854556965875714,1081.3392614451627,0.27354510950788796,-0.9618591752768789,860.2133446667576,45,-0.06971621945939867,-0.997566864297471,1365.7660904086688,-0.8744434592573587,-0.48512744362901605,1102.7522540036723,0.8293238090027076,-0.5587683060278567,882.950130930496
-0.06971621945939867,-0.997566864297471,1365.7660904086688,-0.8744434592573587,-0.48512744362901605,1102.7522540036723,0.8293238090027076,-0.5587683060278567,882.950130930496,0,-0.07018976914916313,-0.997533656728828,1385.869071679053,-0.8673878020113323,-0.4976327972732002,1112.7035022127684,0.8178860336122847,-0.5753802534167858,894.3293150940318
-0.07018976914916313,-0.997533656728828,1385.869071679053,-0.8673878020113323,-0.4976327972732002,1112.7035022127684,0.8178860336122847,-0.5753802534167858,894.3293150940318,45,0.5288990108262057,-0.848684768537212,1448.7720364011068,-0.3610043033274891,-0.9325641495248647,1183.037621319715,0.9991778532529724,-0.0405415536059192,893.2807920569041
0.5288990108262057,-0.848684768537212,1448.7720364011068,-0.3610043033274891,-0.9325641495248647,1183.037621319715,0.9991778532529724,-0.0405415536059192,893.2807920569041,0,0.5350984097743278,-0.8447897323340202,1463.037751080142,-0.34371135568777644,-0.9390753452046704,1198.8751148829638,0.998946479767861,-0.04589041903707747,893.9361616388724
-0.3362120044103124,0.9417863282562559,1468.539677470803,0.5636459807868377,0.8260164697769916,1037.6435150407149,-0.9582025153563299,0.2860907890247469,1064.159830244522,90,-0.9835478946242774,-0.18064755459222606,1472.5916538280733,-0.7255728809323833,0.6881453294584521,1024.7052351403793,-0.4411061791806643,-0.8974549229285199,1081.8216576331333
-0.9835478946242774,-0.18064755459222606,1472.5916538280733,-0.7255728809323833,0.6881453294584521,1024.7052351403793,-0.4411061791806643,-0.8974549229285199,1081.8216576331333,45,-0.8617595673344254,-0.5073169109221414,1483.336212964876,-0.9203847329592435,0.3910139937848032,1016.7992922366635,-0.11626569900679434,-0.9932181468511646,1102.4306965487583
-0.8617595673344254,-0.5073169109221414,1483.336212964876,-0.9203847329592435,0.3910139937848032,1016.7992922366635,-0.11626569900679434,-0.9932181468511646,1102.4306965487583,-45,-0.9856152027353852,0.16900494707814218,1473.0238523857142,-0.4389811569091202,0.8984962681495847,968.4043730267073,-0.7299680682738519,-0.6834812501455626,1137.9611547400245
-0.9856152027353852,0.16900494707814218,1473.0238523857142,-0.4389811569091202,0.8984962681495847,968.4043730267073,-0.7299680682738519,-0.6834812501455626,1137.9611547400245,-45,-0.7203724925681914,0.6935873931604373,1436.5958870011739,0.17596620785474618,0.984396207679215,917.9067831477715,-0.9846347910649158,-0.17462625296486659,1145.3028169653169
-0.7203724925681914,0.6935873931604373,1436.5958870011739,0.17596620785474618,0.984396207679215,917.9067831477715,-0.9846347910649158,-0.17462625296486659,1145.3028169653169,90,-0.5988397299663384,-0.8008688892782907,1449.57864806047,-0.9991594116608056,0.04099353716908225,923.205771706839,0.28634303142945966,-0.9581271671087234,1154.9176667246977
-0.5988397299663384,-0.8008688892782907,1449.57864806047,-0.9991594116608056,0.04099353716908225,923.205771706839,0.28634303142945966,-0.9581271671087234,1154.9176667246977,45,-0.3531617195820769,-0.9355622907224459,1507.5380507905631,-0.9583824813542918,-0.2854873367300034,939.5594364282708,0.5049365465342932,-0.863156465522921,1207.5947062576129
0.01895766387840465,0.9998202873418169,1427.0262419719443,0.847688344972037,0.5304945520913185,888.1081326485925,-0.798119412369618,0.6024992975919354,1163.4602078612616,0,0.030805589107858793,0.9995253952150079,1377.6141244160972,0.8778479323148889,0.47893946144630256,862.9242120781697,-0.8121216394334324,0.5834881684866917,1134.354246164191
0.030805589107858793,0.9995253952150079,1377.6141244160972,0.8778479323148889,0.47893946144630256,862.9242120781697,-0.8121216394334324,0.5834881684866917,1134.354246164191,0,0.032395230572741136,0.9994751367773682,1315.3632344245905,0.9074014440686385,0.4202649394157803,834.7118056406774,-0.8380086490352578,0.5456569473048997,1099.3457501968705
0.032395230572741136,0.9994751367773682,1315.3632344245905,0.9074014440686385,0.4202649394157803,834.7118056406774,-0.8380086490352578,0.5456569473048997,1099.3457501968705,45,-0.19931649888563643,0.9799351678922296,1296.6157688553112,0.7987775928842042,0.6016264265357003,822.8382417244899,-0.9458378123926776,0.3246395426441978,1093.2054756742898
-0.19931649888563643,0.9799351678922296,1296.6157688553112,0.7987775928842042,0.6016264265357003,822.8382417244899,-0.9458378123926776,0.3246395426441978,1093.2054756742898,-90,0.9901767418378293,0.1398213857870843,1292.601704490668,0.5597414424824204,-0.8286673141663663,867.0977144775437,0.36357187218908105,0.9315661510343356,1046.932608362248
0.9901767418378293,0.1398213857870843,1292.601704490668,0.5597414424824204,-0.8286673141663663,867.0977144775437,0.36357187218908105,0.9315661510343356,1046.932608362248,45,0.6474018883444885,0.7621488010670819,1243.1571830569978,0.9583898018851732,-0.2854627605178976,882.2145894204028,-0.3989237380312541,0.9169841063154647,988.880388007675
0.6474018883444885,0.7621488010670819,1243.1571830569978,0.9583898018851732,-0.2854627605178976,882.2145894204028,-0.3989237380312541,0.9169841063154647,988.880388007675,45,0.46043343681080123,0.8876942324171054,1164.4904892622524,0.9915227031538283,-0.12993355659923028,889.0613587274165,-0.6650827950574487,0.7467696269389721,921.7800277627194
0.46043343681080123,0.8876942324171054,1164.4904892622524,0.9915227031538283,-0.12993355659923028,889.0613587274165,-0.6650827950574487,0.7467696269389721,921.7800277627194,-90,0.7757222208536396,-0.6310745091301796,1178.573980163897,-0.31273757735597146,-0.9498395694587154,897.8442998200578,0.8723432410610039,0.4888939248703988,923.0380201916765
0.7757222208536396,-0.6310745091301796,1178.573980163897,-0.31273757735597146,-0.9498395694587154,897.8442998200578,0.8723432410610039,0.4888939248703988,923.0380201916765,-90,-0.16063510839910705,-0.9870138610726837,1231.5284756266094,-0.9681224843042548,-0.25047725522401776,907.4918326239635,0.8282275704741908,-0.5603919088516707,954.3305854258263
-0.16063510839910705,-0.9870138610726837,1231.5284756266094,-0.9681224843042548,-0.25047725522401776,907.4918326239635,0.8282275704741908,-0.5603919088516707,954.3305854258263,45,0.02501712117945683,-0.9996870228465969,1252.865959562299,-0.8955484015614775,-0.44496411142999237,917.074649431528,0.9096698159267136,-0.41533218752205936,962.7137438667634
0.02501712117945683,-0.9996870228465969,1252.865959562299,-0.8955484015614775,-0.44496411142999237,917.074649431528,0.9096698159267136,-0.41533218752205936,962.7137438667634,0,0.03823660531040848,-0.9992687136172812,1275.9187164981045,-0.8789282190468032,-0.4769540709158637,927.880601753356,0.906409945815559,-0.4223991123648763,972.2047166673128
0.03823660531040848,-0.9992687136172812,1275.9187164981045,-0.8789282190468032,-0.4769540709158637,927.880601753356,0.906409945815559,-0.4223991123648763,972.2047166673128,90,0.9979967402606581,0.06326536516215227,1263.736629724853,0.5043118976451886,-0.8635215746543388,972.538713526783,0.37248973742817326,0.9280363115259502,916.6591238341165
0.9979967402606581,0.06326536516215227,1263.736629724853,0.5043118976451886,-0.8635215746543388,972.538713526783,0.37248973742817326,0.9280363115259502,916.6591238341165,-45,0.9706696157357421,-0.24041733940676344,1268.490179950519,0.23088172572536497,-0.9729818234304675,991.5004672872827,0.633862850854441,0.7734454643390707,901.6776678120069
0.9706696157357421,-0.24041733940676344,1268.490179950519,0.23088172572536497,-0.9729818234304675,991.5004672872827,0.633862850854441,0.7734454643390707,901.6776678120069,45,0.7869472392304113,0.6170202935622408,1235.8874564502426,0.9020755931750966,-0.4315780626929474,1009.9025918429212,-0.26428974719627635,0.9644433262389908,854.5213192255943
0.7869472392304113,0.6170202935622408,1235.8874564502426,0.9020755931750966,-0.4315780626929474,1009.9025918429212,-0.26428974719627635,0.9644433262389908,854.5213192255943,-90,0.895101235337467,-0.4458629593242082,1265.7810306409121,0.04318253286493479,-0.999067199369176,1074.5852118517032,0.7667600689024686,0.6419337946678626,813.5324563472376
0.895101235337467,-0.4458629593242082,1265.7810306409121,0.04318253286493479,-0.999067199369176,1074.5852118517032,0.7667600689024686,0.6419337946678626,813.5324563472376,-90,-0.16757107041363864,-0.9858599983569813,1278.4680952431547,-0.9409944062213823,-0.33842211431889035,1075.4355910767786,0.8276329755584476,-0.5612696836354785,824.2845810487178
-0.16757107041363864,-0.9858599983569813,1278.4680952431547,-0.9409944062213823,-0.33842211431889035,1075.4355910767786,0.8276329755584476,-0.5612696836354785,824.2845810487178,0,-0.16767456347118534,-0.9858424015859469,1298.8745243027327,-0.9357369268001591,-0.3526987437213148,1082.615864414821,0.8143544300620608,-0.5803678680270783,836.0734356996699
-0.16767456347118534,-0.9858424015859469,1298.8745243027327,-0.9357369268001591,-0.3526987437213148,1082.615864414821,0.8143544300620608,-0.5803678680270783,836.0734356996699,0,-0.1643109621743719,-0.9864085906506148,1359.995689390404,-0.9176468268648247,-0.39739690631020075,1106.0161821422325,0.7768181576793798,-0.6297249795741108,873.462875662429
-0.1643109621743719,-0.9864085906506148,1359.995689390404,-0.9176468268648247,-0.39739690631020075,1106.0161821422325,0.7768181576793798,-0.6297249795741108,873.462875662429,45,0.06380140557585903,-0.9979626148541562,1418.292098151435,-0.776667352900164,-0.6299109642949964,1142.1985797919729,0.8737269068518301,-0.486416788611509,900.0616843743544
0.06380140557585903,-0.9979626148541562,1418.292098151435,-0.776667352900164,-0.6299109642949964,1142.1985797919729,0.8737269068518301,-0.486416788611509,900.0616843743544,0,0.063077041667005,-0.998008660691148,1434.2644369596285,-0.769832386765061,-0.6382461094966497,1152.3733054557972,0.866126330270475,-0.49982514943948153,907.9272631258078
0.063077041667005,-0.998008660691148,1434.2644369596285,-0.769832386765061,-0.6382461094966497,1152.3733054557972,0.866126330270475,-0.49982514943948153,907.9272631258078,-45,-0.17013703649221465,-0.9854204122168603,1521.5455176019218,-0.8704110437498922,-0.49232572035007816,1194.2136668680778,0.6721737959394245,-0.7403934008703649,970.8034827577103
-0.17013703649221465,-0.9854204122168603,1521.5455176019218,-0.8704110437498922,-0.49232572035007816,1194.2136668680778,0.6721737959394245,-0.7403934008703649,970.8034827577103,-90,-0.9997529104395387,-0.022228766670051275,1516.8906366076924,-0.6466361053331614,0.7627986282627681,1180.5288998699227,-0.5948520114520295,-0.8038352346541389,978.8844688869519
-0.9997529104395387,-0.022228766670051275,1516.8906366076924,-0.6466361053331614,0.7627986282627681,1180.5288998699227,-0.5948520114520295,-0.8038352346541389,978.8844688869519,0,-0.9976955519093337,-0.0678497288154497,1520.111641088802,-0.676801163518336,0.7361658678995017,1131.4549047017695,-0.5621948454540283,-0.8270048099889874,1032.615262996674
-0.9976955519093337,-0.0678497288154497,1520.111641088802,-0.676801163518336,0.7361658678995017,1131.4549047017695,-0.5621948454540283,-0.8270048099889874,1032.615262996674,0,-0.9906346899625905,-0.13653904585400517,1528.38645125284,-0.7253044086698718,0.6884282931170447,1077.3966513653409,-0.5137503086200274,-0.85793975335849,1097.182548336078
-0.9906346899625905,-0.13653904585400517,1528.38645125284,-0.7253044086698718,0.6884282931170447,1077.3966513653409,-0.5137503086200274,-0.85793975335849,1097.182548336078,0,-0.9831989224245716,-0.18253733575124068,1538.3719969821927,-0.7589932374392263,0.6510985067726097,1035.5070647267357,-0.48420564857600346,-0.8749542215951025,1151.3667014027199
-0.9831989224245716,-0.18253733575124068,1538.3719969821927,-0.7589932374392263,0.6510985067726097,1035.5070647267357,-0.48420564857600346,-0.8749542215951025,1151.3667014027199,0,-0.981977164446601,-0.18899959922024476,1541.1565660429344,-0.7642318723484748,0.6449415828482022,1025.7063717542414,-0.4813598186535423,-0.8765230886781186,1164.5797358091243
0.9762800360110564,0.21651164238038212,1644.412457980357,0.8256243825034703,-0.5642201511961119,1148.8917842690842,0.5103769282400406,0.8599508073839227,1177.8446128250534,45,0.3360749331394054,0.9418352506226045,1633.2123877894937,0.9198156152123415,0.3923509067296032,1142.2661264473616,-0.46285027344108104,0.8864364750931205,1169.2033799254345
0.3360749331394054,0.9418352506226045,1633.2123877894937,0.9198156152123415,0.3923509067296032,1142.2661264473616,-0.46285027344108104,0.8864364750931205,1169.2033799254345,45,-0.41883593506029565,0.9080619249270215,1594.4331631354542,0.4067103565164793,0.9135571607196992,1101.7006815401949,-0.9580138679508458,0.286721866647557,1157.7947277933727
0.13448327986341999,0.9909158629455768,1323.0828273677087,0.9458181593136312,0.3246967962770413,799.6012056489973,-0.7661469424822832,0.6426654359190705,1140.1250142310405,-90,0.9272895748361084,-0.3743448201862413,1335.7549929166837,0.09741228197233182,-0.995244114436726,813.4264079201326,0.8155092657109638,0.5787440172818762,1139.2964324976401
0.9272895748361084,-0.3743448201862413,1335.7549929166837,0.09741228197233182,-0.995244114436726,813.4264079201326,0.8155092657109638,0.5787440172818762,1139.2964324976401,90,0.9608705086649645,0.2769979522991685,1311.4265586084186,0.682951479100465,-0.7304637411908185,868.1487076667913,0.24702897871134386,0.9690080926787095,1063.427787216189
0.9608705086649645,0.2769979522991685,1311.4265586084186,0.682951479100465,-0.7304637411908185,868.1487076667913,0.24702897871134386,0.9690080926787095,1063.427787216189,90,0.6457017746926407,0.763589692281643,1268.2676097772505,0.9649338414876134,-0.26249320286810746,880.6596221072589,-0.3761976686557661,0.9265394293271962,1011.916404655098
0.6457017746926407,0.763589692281643,1268.2676097772505,0.9649338414876134,-0.26249320286810746,880.6596221072589,-0.3761976686557661,0.9265394293271962,1011.916404655098,0,0.6742851763840014,0.7384710562430975,1227.3600596527574,0.9449669637773327,-0.3271657643602844,896.9854380260697,-0.3872145741469746,0.921989627690126,961.3329059336418
0.6742851763840014,0.7384710562430975,1227.3600596527574,0.9449669637773327,-0.3271657643602844,896.9854380260697,-0.3872145741469746,0.921989627690126,961.3329059336418,90,-0.5214046276916271,0.853309565293719,1157.5073056583703,0.6520144328791355,0.7582065545201382,831.2699938362385,-0.9867813941760988,-0.16205702733258653,973.8401730533095
-0.5214046276916271,0.853309565293719,1157.5073056583703,0.6520144328791355,0.7582065545201382,831.2699938362385,-0.9867813941760988,-0.16205702733258653,973.8401730533095,-45,0.23479004916443166,0.9720461063207669,1099.5962431173452,0.9998805746635966,0.015454333062151573,828.130314550663,-0.847844263397662,0.5302453253199655,941.0758831665914
0.23479004916443166,0.9720461063207669,1099.5962431173452,0.9998805746635966,0.015454333062151573,828.130314550663,-0.847844263397662,0.5302453253199655,941.0758831665914,-90,0.98820612644831,0.153129525729125,1092.0158767271198,0.4195871540593835,-0.9077150544903104,882.4716397845882,0.12556630516462758,0.9920852297092744,883.072202610919
0.98820612644831,0.153129525729125,1092.0158767271198,0.4195871540593835,-0.9077150544903104,882.4716397845882,0.12556630516462758,0.9920852297092744,883.072202610919,-90,0.11319419649996876,-0.9935728830230455,1109.1110786876352,-0.9173100134873122,-0.39817375498129853,884.5095956899789,0.9826800733144813,-0.18531020886784905,890.7671440211801
0.11319419649996876,-0.9935728830230455,1109.1110786876352,-0.9173100134873122,-0.39817375498129853,884.5095956899789,0.9826800733144813,-0.18531020886784905,890.7671440211801,0,0.11220444774829402,-0.993685142238476,1128.138492850058,-0.9088947740046287,-0.41702552654133174,892.3665497148579,0.9787615111240007,-0.2050022057009697,894.4538328220189
0.11220444774829402,-0.993685142238476,1128.138492850058,-0.9088947740046287,-0.41702552654133174,892.3665497148579,0.9787615111240007,-0.2050022057009697,894.4538328220189,0,0.09639935751068512,-0.9953427368859066,1191.2207120587898,-0.8857141861039872,-0.4642309560274407,920.2464370144826,0.959688519744044,-0.2810657308735551,909.9816178571136
0.09639935751068512,-0.9953427368859066,1191.2207120587898,-0.8857141861039872,-0.4642309560274407,920.2464370144826,0.959688519744044,-0.2810657308735551,909.9816178571136,45,0.3461512523500639,-0.9381787199124069,1238.3230848290038,-0.7018175025874644,-0.712356787755893,955.7530132939263,0.9976582858642942,-0.06839550165265447,911.7132786246013
0.3461512523500639,-0.9381787199124069,1238.3230848290038,-0.7018175025874644,-0.712356787755893,955.7530132939263,0.9976582858642942,-0.06839550165265447,911.7132786246013,90,0.9984623644655762,0.05543380508147272,1231.3585526435427,0.48928913521521306,-0.8721216326639014,1008.46380459013,0.3305599040243511,0.94378501251684,852.2000969070585
0.9984623644655762,0.05543380508147272,1231.3585526435427,0.48928913521521306,-0.8721216326639014,1008.46380459013,0.3305599040243511,0.94378501251684,852.2000969070585,-90,0.7464003091717041,-0.6654972415182384,1262.135979835473,-0.2310702828407458,-0.9729370608564039,1053.9076769789895,0.9095864501526696,0.41551472861821037,831.8295207524495
0.7464003091717041,-0.6654972415182384,1262.135979835473,-0.2310702828407458,-0.9729370608564039,1053.9076769789895,0.9095864501526696,0.41551472861821037,831.8295207524495,90,0.9806394733055337,0.19582191755532777,1241.6891593111902,0.646853892846623,-0.7626139529992679,1112.963093885386,0.16732329279292196,0.9859020822013381,751.4689936058107
0.9806394733055337,0.19582191755532777,1241.6891593111902,0.646853892846623,-0.7626139529992679,1112.963093885386,0.16732329279292196,0.9859020822013381,751.4689936058107,-90,0.9520021825698072,-0.306091235389587,1246.767665028573,0.20375273242063566,-0.9790223817825233,1129.6173558160303,0.6267737059804395,0.7792013356582146,738.11251890264
0.9520021825698072,-0.306091235389587,1246.767665028573,0.20375273242063566,-0.9790223817825233,1129.6173558160303,0.6267737059804395,0.7792013356582146,738.11251890264,-45,0.6479085149516408,-0.7617181606428715,1300.076114502301,-0.29041574373515394,-0.9569005673479127,1196.9374183721552,0.9603021714531296,0.27896189614785066,715.6829350343629
0.6479085149516408,-0.7617181606428715,1300.076114502301,-0.29041574373515394,-0.9569005673479127,1196.9374183721552,0.9603021714531296,0.27896189614785066,715.6829350343629,-45,-0.04686619756890787,-0.9989011760556857,1319.884270146023,-0.8589749408858144,-0.5120176275580868,1205.8722347657317,0.8802863815733183,-0.47444271141683086,726.0684310579134
-0.04686619756890787,-0.9989011760556857,1319.884270146023,-0.8589749408858144,-0.5120176275580868,1205.8722347657317,0.8802863815733183,-0.47444271141683086,726.0684310579134,0,-0.025670864984990428,-0.9996704490435447,1370.6076842018836,-0.8294923919321433,-0.5585180137888944,1233.2736857621062,0.8606205098591017,-0.5092468340695501,750.8137878284135
-0.025670864984990428,-0.9996704490435447,1370.6076842018836,-0.8294923919321433,-0.5585180137888944,1233.2736857621062,0.8606205098591017,-0.5092468340695501,750.8137878284135,-90,-0.9938535555244137,0.11070280110042914,1358.032435310269,-0.4646655357527546,0.885486273119807,1177.1260660416708,-0.5743295974877441,-0.8186241588479818,796.9193782025507
-0.9938535555244137,0.11070280110042914,1358.032435310269,-0.4646655357527546,0.885486273119807,1177.1260660416708,-0.5743295974877441,-0.8186241588479818,796.9193782025507,0,-0.9961249677759428,0.08794912491535561,1354.030092627564,-0.4726142361107662,0.8812694161409648,1139.592686770589,-0.5570613896492997,-0.8304713168809571,832.1897210017737
-0.9961249677759428,0.08794912491535561,1354.030092627564,-0.4726142361107662,0.8812694161409648,1139.592686770589,-0.5570613896492997,-0.8304713168809571,832.1897210017737,-90,0.021190018482643597,0.9997754663506728,1290.729149227831,0.8712758056931935,0.49079371472511385,1110.9203286763636,-0.8989172979672541,0.43811835320521664,798.5785225426489
0.021190018482643597,0.9997754663506728,1290.729149227831,0.8712758056931935,0.49079371472511385,1110.9203286763636,-0.8989172979672541,0.43811835320521664,798.5785225426489,45,-0.7106383127018341,0.7035575232490164,1254.48055508502,0.28382499816758044,0.9588760975304228,1060.4591944466415,-0.9255080894044815,-0.37872783954558487,818.1799943083552
-0.7106383127018341,0.7035575232490164,1254.48055508502,0.28382499816758044,0.9588760975304228,1060.4591944466415,-0.9255080894044815,-0.37872783954558487,818.1799943083552,-45,-0.5335853671360998,0.8457462125119057,1217.3051404099795,0.5275168494194745,0.8495445683297325,1023.0952081153348,-0.9811071997556899,-0.1934648872212959,825.4984220872624
-0.5335853671360998,0.8457462125119057,1217.3051404099795,0.5275168494194745,0.8495445683297325,1023.0952081153348,-0.9811071997556899,-0.1934648872212959,825.4984220872624,0,-0.5403686453484062,0.8414283850241376,1202.1530091292373,0.5354204839527653,0.8445856412252025,1007.8842083089108,-0.976759009881895,-0.21434046891462194,829.1573658591474
-0.5403686453484062,0.8414283850241376,1202.1530091292373,0.5354204839527653,0.8445856412252025,1007.8842083089108,-0.976759009881895,-0.21434046891462194,829.1573658591474,45,-0.9962726045771471,0.086260636266304,1194.724761024417,-0.3047764608429138,0.952423912402491,935.3486914540748,-0.448470065222951,-0.8937978522008889,897.4530041204665
-0.9962726045771471,0.086260636266304,1194.724761024417,-0.3047764608429138,0.952423912402491,935.3486914540748,-0.448470065222951,-0.8937978522008889,897.4530041204665,-90,-0.8078554713668012,0.5893806387918791,1164.4863239654858,0.2789931781719661,0.960293083664308,887.8120514515726,-0.8390975737363363,-0.543980938774323,923.0184823190975
-0.8078554713668012,0.5893806387918791,1164.4863239654858,0.2789931781719661,0.960293083664308,887.8120514515726,-0.8390975737363363,-0.543980938774323,923.0184823190975,45,-0.9896402344531287,-0.1435695174873714,1167.8715771544275,-0.4695456123607485,0.8829082160183864,876.131874049318,-0.22899449045681242,-0.9734277186008342,936.9566589363512
-0.9896402344531287,-0.1435695174873714,1167.8715771544275,-0.4695456123607485,0.8829082160183864,876.131874049318,-0.22899449045681242,-0.9734277186008342,936.9566589363512,45,-0.9017146339596018,-0.4323317232208403,1177.1375694184135,-0.7122955423221377,0.7018796623268206,860.8596501964126,0.05392608297243584,-0.998544930173525,958.5643730789759
-0.9017146339596018,-0.4323317232208403,1177.1375694184135,-0.7122955423221377,0.7018796623268206,860.8596501964126,0.05392608297243584,-0.998544930173525,958.5643730789759,0,-0.886848050577492,-0.46206118121619144,1204.9683289329225,-0.7398534777356883,0.6727680369060403,817.4807360001824,0.037325576047812135,-0.9993031578918877,1021.2886143159533
-0.886848050577492,-0.46206118121619144,1204.9683289329225,-0.7398534777356883,0.6727680369060403,817.4807360001824,0.037325576047812135,-0.9993031578918877,1021.2886143159533,90,0.5442794828270641,-0.8389039543198635,1236.3273467398228,-0.5625505515828112,-0.8267628903826507,854.279221505902,0.9933522406176456,0.11511440422424586,1010.4987027684549
0.5442794828270641,-0.8389039543198635,1236.3273467398228,-0.5625505515828112,-0.8267628903826507,854.279221505902,0.9933522406176456,0.11511440422424586,1010.4987027684549,-45,-0.5629514368447924,-0.826489975592193,1273.4241678779501,-0.9856358400945482,0.1688845484972329,841.9689253978735,0.4533171490002306,-0.891349293163069,1053.990318425957
-0.5629514368447924,-0.826489975592193,1273.4241678779501,-0.9856358400945482,0.1688845484972329,841.9689253978735,0.4533171490002306,-0.891349293163069,1053.990318425957,45,0.1614830055659742,-0.9868754931162186,1285.4546187629028,-0.8229830701793063,-0.5680658995206833,849.6250331168922,0.939642164780609,-0.3421587382581524,1057.3383833470152
0.1614830055659742,-0.9868754931162186,1285.4546187629028,-0.8229830701793063,-0.5680658995206833,849.6250331168922,0.939642164780609,-0.3421587382581524,1057.3383833470152,-90,-0.8609021890306179,-0.508770499264934,1292.5324686846438,-0.8301358826736271,0.5575611323412689,839.3740183041289,0.011978706158367877,-0.9999282527255501,1073.628959465988
-0.8609021890306179,-0.508770499264934,1292.5324686846438,-0.8301358826736271,0.5575611323412689,839.3740183041289,0.011978706158367877,-0.9999282527255501,1073.628959465988,45,-0.24594610537256364,-0.9692835050964541,1318.7465299784828,-0.9750469254944973,-0.22199885829374943,846.8458716497884,0.7020631507759262,-0.7121146904274473,1090.9273167036793
-0.24594610537256364,-0.9692835050964541,1318.7465299784828,-0.9750469254944973,-0.22199885829374943,846.8458716497884,0.7020631507759262,-0.7121146904274473,1090.9273167036793,-90,-0.9874747069895166,0.15777738448829878,1303.9888915309555,-0.28234197594843563,0.9593138217588304,793.8529770909283,-0.649053195075966,-0.7607430249181915,1127.552991764081
-0.9874747069895166,0.15777738448829878,1303.9888915309555,-0.28234197594843563,0.9593138217588304,793.8529770909283,-0.649053195075966,-0.7607430249181915,1127.552991764081,90,-0.41712478806013314,-0.9088492235710988,1319.9556028026132,-0.9994916504220083,-0.031881667721277915,798.5806367362096,0.5479254547323169,-0.8365271639680231,1138.1006956196848
-0.41712478806013314,-0.9088492235710988,1319.9556028026132,-0.9994916504220083,-0.031881667721277915,798.5806367362096,0.5479254547323169,-0.8365271639680231,1138.1006956196848,-90,-0.9945563049946472,-0.10420055755798238,1323.299708704759,-0.5309192122825172,0.8474224389460734,747.6460921171861,-0.45802112925702737,-0.8889413057981486,1189.105461705605
-0.9945563049946472,-0.10420055755798238,1323.299708704759,-0.5309192122825172,0.8474224389460734,747.6460921171861,-0.45802112925702737,-0.8889413057981486,1189.105461705605,90,-0.4891201947717391,-0.8722163923399147,1377.9512385512232,-0.9999850087284902,-0.005475611224455947,746.9250135220068,0.4208776496578024,-0.9071174146815417,1244.5374786742461
-0.8354379701586225,0.5495847505319271,1312.7520925701424,0.15898741378067313,0.9872806096846697,615.6900328471203,-0.9313646873421992,-0.36408765314408476,1299.5260184187496,90,-0.5323885856355471,-0.8465000849881715,1328.3783806469125,-0.993215809335047,0.11628566587042184,618.5703534523083,0.37287851424356633,-0.9278801720133427,1311.9280720260977
0.8747383979701217,0.4845954344777353,1306.7216041806496,0.8083948478186613,-0.5886406119358767,742.0434426854333,0.06194381513629013,0.9980796379880521,1178.6702638280353,-90,0.7751157255280359,-0.6318192874858654,1319.5133442735394,-0.22867939188814432,-0.9735017903042955,758.3776537556602,0.9512598871469269,0.3083903810192789,1175.4805764945415
0.7751157255280359,-0.6318192874858654,1319.5133442735394,-0.22867939188814432,-0.9735017903042955,758.3776537556602,0.9512598871469269,0.3083903810192789,1175.4805764945415,-45,0.3826857416974821,-0.9238785759511084,1375.5471025391823,-0.6116441056985459,-0.7911330406222622,805.6966124441259,0.9772636948241348,-0.21202752363474034,1186.8112534451045
0.3826857416974821,-0.9238785759511084,1375.5471025391823,-0.6116441056985459,-0.7911330406222622,805.6966124441259,0.9772636948241348,-0.21202752363474034,1186.8112534451045,-90,-0.6869646571339979,-0.7266908282404345,1409.910734579906,-0.979418301701313,0.20184100250572426,791.3705323574096,0.1744063863944044,-0.9846737593664441,1237.0038801409032
-0.6869646571339979,-0.7266908282404345,1409.910734579906,-0.979418301701313,0.20184100250572426,791.3705323574096,0.1744063863944044,-0.9846737593664441,1237.0038801409032,0,-0.6800242241938474,-0.7331896443005425,1424.19380841838,-0.9840520166255785,0.1778809393249656,787.7048203085023,0.17181233285253578,-0.9851296982021045,1256.2284202871904
-0.6800242241938474,-0.7331896443005425,1424.19380841838,-0.9840520166255785,0.1778809393249656,787.7048203085023,0.17181233285253578,-0.9851296982021045,1256.2284202871904,-90,-0.6635419314959866,0.7481390947855722,1382.0125358705036,0.3187599821228262,0.9478354676825802,742.1185951741272,-0.9954328528168735,-0.09546431549464217,1253.2784564107133
-0.6635419314959866,0.7481390947855722,1382.0125358705036,0.3187599821228262,0.9478354676825802,742.1185951741272,-0.9954328528168735,-0.09546431549464217,1253.2784564107133,-45,-0.28802695674522,0.9576223014258216,1302.3885631719806,0.7577528608643166,0.6525416475995564,685.3436871243334,-0.9577767025051237,0.28751310950704795,1226.9081569054695
-0.28802695674522,0.9576223014258216,1302.3885631719806,0.7577528608643166,0.6525416475995564,685.3436871243334,-0.9577767025051237,0.28751310950704795,1226.9081569054695,-45,0.8224197358983335,0.5688811633416204,1274.980636711758,0.8398939433745674,-0.5427505540141981,714.2147184075109,-0.05475820204403219,0.99849964412057,1175.7811803179707
0.8224197358983335,0.5688811633416204,1274.980636711758,0.8398939433745674,-0.5427505540141981,714.2147184075109,-0.05475820204403219,0.99849964412057,1175.7811803179707,90,-0.3169408897402756,0.948445292260256,1255.896291954495,0.7732266444564885,0.6341297629843274,698.6379721608681,-0.9765116467116073,0.21546462316720355,1173.7358033838152
-0.3169408897402756,0.948445292260256,1255.896291954495,0.7732266444564885,0.6341297629843274,698.6379721608681,-0.9765116467116073,0.21546462316720355,1173.7358033838152,90,-0.7575537773250673,-0.6527727586691423,1271.7207444221426,-0.8892682440416891,0.45738604060357035,701.2447588350362,0.15823397578606052,-0.9874016451814005,1184.874283539654
-0.7575537773250673,-0.6527727586691423,1271.7207444221426,-0.8892682440416891,0.45738604060357035,701.2447588350362,0.15823397578606052,-0.9874016451814005,1184.874283539654,90,0.4519181292490157,-0.892059417559206,1315.5342044466045,-0.6099940480791459,-0.7924059952499203,743.7895421884876,0.9943956721356253,-0.10572250109573672,1185.3079950244833
0.4519181292490157,-0.892059417559206,1315.5342044466045,-0.6099940480791459,-0.7924059952499203,743.7895421884876,0.9943956721356253,-0.10572250109573672,1185.3079950244833,90,0.8139131778486642,-0.5809865221537318,1329.9384170398605,-0.15266679789027832,-0.9882777184688163,769.545653693457,0.9315491089541375,0.36361553543097197,1175.0382943200148
0.8139131778486642,-0.5809865221537318,1329.9384170398605,-0.15266679789027832,-0.9882777184688163,769.545653693457,0.9315491089541375,0.36361553543097197,1175.0382943200148,-45,0.18134107184490708,-0.9834202640082927,1386.8187152592259,-0.755962437574543,-0.6546149959910446,805.0041422211752,0.9074916700227473,-0.4200700761055531,1199.2892849489026
0.18134107184490708,-0.9834202640082927,1386.8187152592259,-0.755962437574543,-0.6546149959910446,805.0041422211752,0.9074916700227473,-0.4200700761055531,1199.2892849489026,0,0.17319159640797382,-0.9848881514840442,1450.2434315634875,-0.7172856056924288,-0.696779276289447,848.6922238320792,0.8863594790646769,-0.46299770395995976,1227.658100121137
0.17319159640797382,-0.9848881514840442,1450.2434315634875,-0.7172856056924288,-0.696779276289447,848.6922238320792,0.8863594790646769,-0.46299770395995976,1227.658100121137,45,0.9327167979261773,-0.36060972652763873,1465.2750288317616,0.24136470773748794,-0.9704344789107594,897.5173926548276,0.8548275561436041,0.5189121787523912,1198.0161727280313
0.9327167979261773,-0.36060972652763873,1465.2750288317616,0.24136470773748794,-0.9704344789107594,897.5173926548276,0.8548275561436041,0.5189121787523912,1198.0161727280313,45,0.9903304073159857,-0.13872881584355104,1472.285815953003,0.4645915736361319,-0.8855250813536015,953.0940372578143,0.7102711242347355,0.7039282137251817,1152.1082257567646
0.9903304073159857,-0.13872881584355104,1472.285815953003,0.4645915736361319,-0.8855250813536015,953.0940372578143,0.7102711242347355,0.7039282137251817,1152.1082257567646,-45,0.41371741082007335,-0.910405351469517,1497.8446329322312,-0.47945354252426253,-0.8775672626989541,975.128578395634,0.971239928542917,-0.23810292145194173,1160.9790973156623
0.41371741082007335,-0.910405351469517,1497.8446329322312,-0.47945354252426253,-0.8775672626989541,975.128578395634,0.971239928542917,-0.23810292145194173,1160.9790973156623,-90,-0.9607494688810134,-0.27741747970315545,1508.687139897643,-0.8030725043738213,0.5958813243580964,934.9944203536885,-0.3904458079982595,-0.920625912635847,1213.4551355911476
0.6649815883419368,0.7468597506669074,1399.1976417207006,0.985882284950932,-0.16743990032226255,924.8099699920897,-0.24552882157017802,0.9693892911407469,1097.279818732109,0,0.6771856948667503,0.7358121599075654,1384.5970067869025,0.9808349540170629,-0.19484042952720604,928.414730173563,-0.24307159079398447,0.9700083513809981,1078.1463681723599
0.6771856948667503,0.7358121599075654,1384.5970067869025,0.9808349540170629,-0.19484042952720604,928.414730173563,-0.24307159079398447,0.9700083513809981,1078.1463681723599,0,0.7052947979767142,0.708914132985784,1329.8029657318486,0.9624087120417946,-0.2716053589052582,946.1237168939483,-0.2605440175351002,0.965461969694648,1004.7640955314935
0.7052947979767142,0.708914132985784,1329.8029657318486,0.9624087120417946,-0.2716053589052582,946.1237168939483,-0.2605440175351002,0.965461969694648,1004.7640955314935,-90,0.9803786041424423,0.19712380003367558,1313.4879123020396,0.6517018535734416,-0.7584752428714734,1000.5513758741077,0.28884981337372867,0.9573744227385449,934.403475894418
0.9803786041424423,0.19712380003367558,1313.4879123020396,0.6517018535734416,-0.7584752428714734,1000.5513758741077,0.28884981337372867,0.9573744227385449,934.403475894418,-90,0.202657760387591,-0.9792496270893779,1379.7929593635017,-0.7154898732475472,-0.6986231038837815,1043.1056181945767,0.9407322481372554,-0.3391501692681653,958.8804986592907
0.202657760387591,-0.9792496270893779,1379.7929593635017,-0.7154898732475472,-0.6986231038837815,1043.1056181945767,0.9407322481372554,-0.3391501692681653,958.8804986592907,90,0.9551948001940312,0.29597786012180843,1360.45152126906,0.7592032235466011,-0.6508536435762265,1062.2663798329024,0.22357455805315865,0.9746868302133433,918.9451026711552
0.9551948001940312,0.29597786012180843,1360.45152126906,0.7592032235466011,-0.6508536435762265,1062.2663798329024,0.22357455805315865,0.9746868302133433,918.9451026711552,0,0.9595436100265282,0.28156004769366344,1354.0397228002803,0.7492755761688609,-0.6622583415532202,1076.6195850536344,0.22841845994180915,0.9735630473460937,897.5473084584789
0.9595436100265282,0.28156004769366344,1354.0397228002803,0.7492755761688609,-0.6622583415532202,1076.6195850536344,0.22841845994180915,0.9735630473460937,897.5473084584789,-45,0.9940422173583155,-0.10899573436315425,1359.773442788945,0.45705044130053807,-0.8894407760536861,1140.6625687354258,0.5797340928988464,0.8148057323870223,837.1595162895181
0.9940422173583155,-0.10899573436315425,1359.773442788945,0.45705044130053807,-0.8894407760536861,1140.6625687354258,0.5797340928988464,0.8148057323870223,837.1595162895181,-45,0.5126206275744698,-0.8586152177693782,1390.67864148484,-0.40990217774825727,-0.9121294889856572,1172.54528436309,0.9999997933137961,-0.0006429404056737847,837.4354446058037
0.5126206275744698,-0.8586152177693782,1390.67864148484,-0.40990217774825727,-0.9121294889856572,1172.54528436309,0.9999997933137961,-0.0006429404056737847,837.4354446058037,45,0.999770702280443,-0.02141361393296128,1388.3657031725468,0.5638754081868641,-0.8258598694948782,1212.2998827624294,0.5253483098786795,0.8508872741483533,792.9738241239744
0.999770702280443,-0.02141361393296128,1388.3657031725468,0.5638754081868641,-0.8258598694948782,1212.2998827624294,0.5253483098786795,0.8508872741483533,792.9738241239744,0,0.99933756869711,-0.036392633740210095,1388.902775391053,0.556192133330237,-0.8310537352190651,1230.5619364700706,0.5371649692019295,0.8434772053009436,774.185739657461
0.99933756869711,-0.036392633740210095,1388.902775391053,0.556192133330237,-0.8310537352190651,1230.5619364700706,0.5371649692019295,0.8434772053009436,774.185739657461,45,0.8822813870989221,0.4707223746315889,1380.8670665825946,0.8977265260757482,-0.4405531572693232,1237.490887066414,0.030521917928888663,0.9995340977305087,757.7429746110616
0.8822813870989221,0.4707223746315889,1380.8670665825946,0.8977265260757482,-0.4405531572693232,1237.490887066414,0.030521917928888663,0.9995340977305087,757.7429746110616,90,-0.10307352852405292,0.9946737393324513,1294.1091839043102,0.7869142226310267,0.6170624005892814,1179.688713121169,-0.9508730802377828,0.30958098339386275,728.4497648194281
-0.10307352852405292,0.9946737393324513,1294.1091839043102,0.7869142226310267,0.6170624005892814,1179.688713121169,-0.9508730802377828,0.30958098339386275,728.4497648194281,0,-0.09368994706616814,0.995601423170306,1274.3459125522395,0.8017294080392998,0.5976871725952917,1167.6297635974342,-0.9554526072116162,0.29514456690328067,722.4394679408095
-0.09368994706616814,0.995601423170306,1274.3459125522395,0.8017294080392998,0.5976871725952917,1167.6297635974342,-0.9554526072116162,0.29514456690328067,722.4394679408095,90,-0.992983392602552,-0.11825388795099306,1283.5971477719713,-0.611818107757006,0.7909984848409235,1136.8792186368523,-0.29248796922625914,-0.9562692026087104,764.2384691759111
-0.992983392602552,-0.11825388795099306,1283.5971477719713,-0.611818107757006,0.7909984848409235,1136.8792186368523,-0.29248796922625914,-0.9562692026087104,764.2384691759111,0,-0.9875204465899785,-0.15749084915235387,1290.3817102341811,-0.6338326137567618,0.7734702436023454,1095.5255168670833,-0.27466383361985464,-0.9615403155880906,814.4451351115617
-0.9875204465899785,-0.15749084915235387,1290.3817102341811,-0.6338326137567618,0.7734702436023454,1095.5255168670833,-0.27466383361985464,-0.9615403155880906,814.4451351115617,45,-0.8912394464578757,-0.45353307385179686,1299.553222108833,-0.841998662433966,0.5394796126448265,1085.1968748081842,0.01992586415732423,-0.9998014602597777,834.0347337452141
-0.8912394464578757,-0.45353307385179686,1299.553222108833,-0.841998662433966,0.5394796126448265,1085.1968748081842,0.01992586415732423,-0.9998014602597777,834.0347337452141,0,-0.8865023235808687,-0.46272414059104466,1314.7841328485601,-0.8493468910291643,0.5278350677049537,1067.1947319914675,0.0070612766593004805,-0.9999750688751899,867.544647836836
-0.8865023235808687,-0.46272414059104466,1314.7841328485601,-0.8493468910291643,0.5278350677049537,1067.1947319914675,0.0070612766593004805,-0.9999750688751899,867.544647836836,-90,-0.7396588945519068,0.672981960909987,1302.794308173205,0.2147816456645179,0.9766620934005996,1054.7305861728387,-0.9326641278771612,-0.36074592800353844,868.764070049228
-0.7396588945519068,0.672981960909987,1302.794308173205,0.2147816456645179,0.9766620934005996,1054.7305861728387,-0.9326641278771612,-0.36074592800353844,868.764070049228,90,-0.9164587568385597,-0.4001291629135793,1312.7939128949981,-0.8056569277804149,0.5923824058152161,1045.05640887665,-0.06614307540108212,-0.9978101490646839,888.3971283914418
-0.9164587568385597,-0.4001291629135793,1312.7939128949981,-0.8056569277804149,0.5923824058152161,1045.05640887665,-0.06614307540108212,-0.9978101490646839,888.3971283914418,90,0.47779436237933365,-0.8784717111430088,1318.435393717542,-0.5141102311802388,-0.8577241224285356,1056.919205714008,0.9998532380578479,0.017131910145591525,881.7335013523814
0.47779436237933365,-0.8784717111430088,1318.435393717542,-0.5141102311802388,-0.8577241224285356,1056.919205714008,0.9998532380578479,0.017131910145591525,881.7335013523814,-90,-0.7713068399369104,-0.6364634778732691,1327.7088994366536,-0.9410414298486778,0.33829133495902036,1047.4652269375295,0.194659113654395,-0.9808709545456453,900.6291809858761
-0.7713068399369104,-0.6364634778732691,1327.7088994366536,-0.9410414298486778,0.33829133495902036,1047.4652269375295,0.194659113654395,-0.9808709545456453,900.6291809858761,90,-0.34963335989119176,-0.9368866066131997,1386.7864980463935,-0.9756702962068925,-0.2192429545037984,1060.0370140536506,0.6131183027291194,-0.7899911055566157,949.2282713677358
-0.34963335989119176,-0.9368866066131997,1386.7864980463935,-0.9756702962068925,-0.2192429545037984,1060.0370140536506,0.6131183027291194,-0.7899911055566157,949.2282713677358,90,0.7355624418950842,-0.6774569315265295,1392.4229266413167,-0.1587131594407809,-0.9873247353431014,1072.4416285450552,0.9638702069524419,0.26637234118702513,942.7331789198735
0.7355624418950842,-0.6774569315265295,1392.4229266413167,-0.1587131594407809,-0.9873247353431014,1072.4416285450552,0.9638702069524419,0.26637234118702513,942.7331789198735,-45,0.06692992240208083,-0.9977576787413122,1412.7250749677023,-0.7852646055793243,-0.6191603178695709,1084.495706511787,0.8737947928126895,-0.4862948283227255,952.8943999428793
0.06692992240208083,-0.9977576787413122,1412.7250749677023,-0.7852646055793243,-0.6191603178695709,1084.495706511787,0.8737947928126895,-0.4862948283227255,952.8943999428793,90,0.8939344240972094,-0.4481977748873711,1432.648899215593,0.15884463065223067,-0.9873035922718789,1135.277159297962,0.8682434038387434,0.49613848035655594,923.6361558663941
0.8939344240972094,-0.4481977748873711,1432.648899215593,0.15884463065223067,-0.9873035922718789,1135.277159297962,0.8682434038387434,0.49613848035655594,923.6361558663941,90,0.741543450323362,0.6709048451774093,1418.9863737293497,0.9760951949148774,-0.21734343897179745,1135.0773052217942,-0.1612728965238187,0.9869098504153344,908.1897207244585
0.741543450323362,0.6709048451774093,1418.9863737293497,0.9760951949148774,-0.21734343897179745,1135.0773052217942,-0.1612728965238187,0.9869098504153344,908.1897207244585,0,0.7600366493781793,0.6498802132716388,1376.2853711351145,0.9644617343136035,-0.2642225634664762,1150.200183794334,-0.18024707325878223,0.9836213664727109,844.9632316263945
0.7600366493781793,0.6498802132716388,1376.2853711351145,0.9644617343136035,-0.2642225634664762,1150.200183794334,-0.18024707325878223,0.9836213664727109,844.9632316263945,-45,0.8840136461539265,0.4674610929410493,1366.2393149341372,0.8818411273136462,-0.47154663202932295,1160.063457605531,0.026812336592719765,0.9996404846775858,823.7424024971035
0.8840136461539265,0.4674610929410493,1366.2393149341372,0.8818411273136462,-0.47154663202932295,1160.063457605531,0.026812336592719765,0.9996404846775858,823.7424024971035,-45,0.9489707074583085,-0.3153642281332451,1385.985153011175,0.2966781889864078,-0.9549775139655097,1221.4982784954755,0.7505656166668232,0.6607959254395803,780.5394316544232
0.9489707074583085,-0.3153642281332451,1385.985153011175,0.2966781889864078,-0.9549775139655097,1221.4982784954755,0.7505656166668232,0.6607959254395803,780.5394316544232,-45,0.3313136961051183,-0.9435206594310298,1399.675244096019,-0.565721589971488,-0.8245963149566772,1231.901290256346,0.9790142935719068,-0.2037915920294557,785.0067445157716
-0.8255162803600496,0.5643783047393901,1360.9315072132397,0.031188456133848144,0.9995135217714601,1085.7489614665537,-0.9005557022110627,-0.4347406436200091,895.3700058220065,-45,-0.3104373249530515,0.950593849799163,1347.413688337791,0.6426932389604898,0.7661236196557802,1075.8632847718384,-0.9814069879369184,0.19193833392156281,891.4613438170215
-0.3104373249530515,0.950593849799163,1347.413688337791,0.6426932389604898,0.7661236196557802,1075.8632847718384,-0.9814069879369184,0.19193833392156281,891.4613438170215,-45,-0.14591051101882654,0.9892977927672865,1265.0031475186533,0.8066499785454108,0.5910294511381716,1025.2381202589474,-0.9606914360660845,0.2776183795595748,864.0611571133724
-0.14591051101882654,0.9892977927672865,1265.0031475186533,0.8066499785454108,0.5910294511381716,1025.2381202589474,-0.9606914360660845,0.2776183795595748,864.0611571133724,45,-0.7271076369642203,0.6865234768515258,1248.3516844898877,0.28787689044499654,0.9576674244996117,1000.5670033379773,-0.9219926712991852,-0.3872073269846435,874.7340213852094
-0.7271076369642203,0.6865234768515258,1248.3516844898877,0.28787689044499654,0.9576674244996117,1000.5670033379773,-0.9219926712991852,-0.3872073269846435,874.7340213852094,-45,-0.43461974859671326,0.9006140539263918,1229.1296585033858,0.6266159263495824,0.7793282240783114,983.9961165638053,-0.9987463928909062,-0.050056395069997095,875.41695060848
-0.43461974859671326,0.9006140539263918,1229.1296585033858,0.6266159263495824,0.7793282240783114,983.9961165638053,-0.9987463928909062,-0.050056395069997095,875.41695060848,0,-0.459667564040884,0.8880910598405548,1161.9095652148578,0.6655366470436677,0.7463651729829525,926.5075054945751,-0.9908921539177085,-0.13465786016540018,882.4983613229998
-0.459667564040884,0.8880910598405548,1161.9095652148578,0.6655366470436677,0.7463651729829525,926.5075054945751,-0.9908921539177085,-0.13465786016540018,882.4983613229998,0,-0.4856341403837367,0.8741621598386361,1124.843617323946,0.6796999451319818,0.7334902757280296,895.0920195345392,-0.9812753264870726,-0.19261031547580457,889.6757855727108
-0.4856341403837367,0.8741621598386361,1124.843617323946,0.6796999451319818,0.7334902757280296,895.0920195345392,-0.9812753264870726,-0.19261031547580457,889.6757855727108,-45,0.3052920053958026,0.9522587838615137,1112.9403717066787,0.9999924461801587,-0.003886847388620252,896.0289007474033,-0.8207775903413499,0.5712478859422127,881.5033244262894
0.3052920053958026,0.9522587838615137,1112.9403717066787,0.9999924461801587,-0.003886847388620252,896.0289007474033,-0.8207775903413499,0.5712478859422127,881.5033244262894,45,-0.4642398997590905,0.8857094983524054,1065.4907224833307,0.7510039049682744,0.6602977621667387,858.3328956168755,-0.9757465398685327,-0.21890338036354326,893.2681118779792
-0.4642398997590905,0.8857094983524054,1065.4907224833307,0.7510039049682744,0.6602977621667387,858.3328956168755,-0.9757465398685327,-0.21890338036354326,893.2681118779792,0,-0.46638640807899967,0.8845810976723213,1045.0434311285105,0.7694453213877026,0.6387126876730843,843.344255298422,-0.9717992938271844,-0.23580952592502646,898.5034740861328
-0.46638640807899967,0.8845810976723213,1045.0434311285105,0.7694453213877026,0.6387126876730843,843.344255298422,-0.9717992938271844,-0.23580952592502646,898.5034740861328,0,-0.4982497107968229,0.8670335781795779,1011.0901534320236,0.7808927566001144,0.624665112431833,818.6570089892305,-0.9560836232045558,-0.2930940215017172,908.9560750482901
-0.4982497107968229,0.8670335781795779,1011.0901534320236,0.7808927566001144,0.624665112431833,818.6570089892305,-0.9560836232045558,-0.2930940215017172,908.9560750482901,90,-0.996221462753212,-0.08684927834962547,1015.5589028347343,-0.2312473408524045,0.9728949929713339,804.3400556523898,-0.1524579992949894,-0.9883099505979736,924.7307830535813
