red_sin_t,red_cos_t,red_dist_t,green_sin_t,green_cos_t,green_dist_t,blue_sin_t,blue_cos_t,blue_dist_t,action,red_sin_t1,red_cos_t1,red_dist_t1,green_sin_t1,green_cos_t1,green_dist_t1,blue_sin_t1,blue_cos_t1,blue_dist_t1
-0.0432060073658092,0.9990661844580196,1498.45535914855,0.7694791904076558,0.6386718840919636,1032.9153999050502,-0.8166575152892892,0.5771226063164779,1104.629921449265,-90,0.5507666318800133,0.8346592821071038,1484.6518724343496,0.9984065172266172,0.0564307217694103,1032.5218362450355,-0.3337175639168988,0.9426731074626932,1088.3928253727236
0.5507666318800133,0.8346592821071038,1484.6518724343496,0.9984065172266172,0.0564307217694103,1032.5218362450355,-0.3337175639168988,0.9426731074626932,1088.3928253727236,90,-0.4936644134886093,0.8696524862581303,1475.7625783307728,0.4101104795209731,0.9120358515908668,1020.1749201002198,-0.9921306642853488,0.125206808859232,1090.0741202328811
-0.4936644134886093,0.8696524862581303,1475.7625783307728,0.4101104795209731,0.9120358515908668,1020.1749201002198,-0.9921306642853488,0.125206808859232,1090.0741202328811,45,-0.9855719573164686,0.1692569554003171,1474.9303010581211,-0.4438937174292743,0.8960794426984806,1009.2555835760336,-0.726345243779402,-0.6873300421479052,1099.9163027155294
-0.9855719573164686,0.1692569554003171,1474.9303010581211,-0.4438937174292743,0.8960794426984806,1009.2555835760336,-0.726345243779402,-0.6873300421479052,1099.9163027155294,0,-0.990284190035846,0.1390583437448053,1468.0008389921888,-0.4625318244419751,0.8866026795461301,968.483259164437,-0.7060326305071345,-0.7081793026198775,1131.9815825718058
-0.990284190035846,0.1390583437448053,1468.0008389921888,-0.4625318244419751,0.8866026795461301,968.483259164437,-0.7060326305071345,-0.7081793026198775,1131.9815825718058,-45,-0.9068307130453142,0.421495027109131,1459.4781881675003,-0.1757030971331925,0.9844432038760812,949.468999881876,-0.8801356269176271,-0.4747223169710008,1140.69253602217
-0.8162803241579113,0.5776559810065636,1354.8296034883772,0.1264988774693149,0.991966750450338,539.006247170173,-0.9606458475234896,-0.2777760890283335,1409.333001986569,-90,0.2734612965557599,0.9618830070679296,1339.465792756897,0.9827505160566404,0.1849362679152121,537.1633363939338,-0.5897094582250835,0.8076154746411677,1395.223254524473
0.2734612965557599,0.9618830070679296,1339.465792756897,0.9827505160566404,0.1849362679152121,537.1633363939338,-0.5897094582250835,0.8076154746411677,1395.223254524473,90,-0.4275044991498067,0.9040132207034768,1330.4428872941194,0.6294232311689905,0.7770626719028444,527.6601523248771,-0.976294112003764,0.2164481620776246,1394.5421314365203
-0.4275044991498067,0.9040132207034768,1330.4428872941194,0.6294232311689905,0.7770626719028444,527.6601523248771,-0.976294112003764,0.2164481620776246,1394.5421314365203,45,-0.6977937479000274,0.7162987403253149,1318.6602354290396,0.3616517574404523,0.9323132554781318,512.2039598653747,-0.9933452433885492,-0.1151747691004595,1396.4661343912962
-0.0289313501196949,0.9995814008775132,1072.5737610158894,0.9830293948585735,-0.1834481094042311,356.9378556832688,-0.8610374800786741,0.5085415006661372,1357.2409929042706,-45,0.6384146302300583,0.7696926398947945,1030.4355236858296,0.5749094939467448,-0.8182170089712739,401.1985150442235,-0.3550991574748435,0.9348286411747644,1305.3846055755714
0.6384146302300583,0.7696926398947945,1030.4355236858296,0.5749094939467448,-0.8182170089712739,401.1985150442235,-0.3550991574748435,0.9348286411747644,1305.3846055755714,45,0.2279558989983449,0.9736714579938432,966.8330731697846,0.8163919495368125,-0.5774982118859612,434.7349898213048,-0.7694560337242783,0.6386997824998082,1263.2835435383977
0.2279558989983449,0.9736714579938432,966.8330731697846,0.8163919495368125,-0.5774982118859612,434.7349898213048,-0.7694560337242783,0.6386997824998082,1263.2835435383977,-90,0.9898275421199544,-0.1422724037217683,978.4854510516598,-0.400453748244616,-0.9163169732777178,481.54337075674704,0.546194955052446,0.8376580872141428,1220.2547020682896
0.9898275421199544,-0.1422724037217683,978.4854510516598,-0.400453748244616,-0.9163169732777178,481.54337075674704,0.546194955052446,0.8376580872141428,1220.2547020682896,0,0.9733524411649344,-0.2293142500549469,993.3740480419096,-0.3534202199015132,-0.9354646696507388,556.7565350520549,0.5843276791803114,0.8115178145572352,1153.2430096571884
0.9733524411649344,-0.2293142500549469,993.3740480419096,-0.3534202199015132,-0.9354646696507388,556.7565350520549,0.5843276791803114,0.8115178145572352,1153.2430096571884,0,0.9534933267045872,-0.3014141269579432,1009.1598611896636,-0.3361240959515934,-0.9418177064170772,613.4047484624984,0.6232046389168726,0.7820588072725033,1105.0732543303818
0.9534933267045872,-0.3014141269579432,1009.1598611896636,-0.3361240959515934,-0.9418177064170772,613.4047484624984,0.6232046389168726,0.7820588072725033,1105.0732543303818,0,0.9394499928000124,-0.3426860239753828,1029.1260049580778,-0.2927582369893649,-0.95618649576057,673.7169242945984,0.6396974606791858,0.7686268007301083,1055.6247809145889
0.9394499928000124,-0.3426860239753828,1029.1260049580778,-0.2927582369893649,-0.95618649576057,673.7169242945984,0.6396974606791858,0.7686268007301083,1055.6247809145889,45,0.8879249478693492,0.4599883552343619,1001.502987178407,0.5086119364743569,-0.8609958757600438,719.0360167107573,-0.1900328225497906,0.9817777377562396,1002.4966556189962
0.8879249478693492,0.4599883552343619,1001.502987178407,0.5086119364743569,-0.8609958757600438,719.0360167107573,-0.1900328225497906,0.9817777377562396,1002.4966556189962,0,0.9063993920987548,0.4224217584393681,979.4930356062532,0.4814775279985644,-0.8764584359981891,761.090879462599,-0.2021416851650154,0.979356288139637,954.8342300112374
0.9063993920987548,0.4224217584393681,979.4930356062532,0.4814775279985644,-0.8764584359981891,761.090879462599,-0.2021416851650154,0.979356288139637,954.8342300112374,90,0.0342406987871399,0.9994136153498052,961.0974785661554,0.9999873527955508,0.0050293388180296,757.2638399568683,-0.968837170661163,0.247698479497296,953.5314581628764
0.0342406987871399,0.9994136153498052,961.0974785661554,0.9999873527955508,0.0050293388180296,757.2638399568683,-0.968837170661163,0.247698479497296,953.5314581628764,45,-0.5933750046552958,0.8049261480721865,911.052724574714,0.843685962324335,0.536837030184078,721.089583169116,-0.9054813998506804,-0.4243859499611792,979.388957950318
-0.5933750046552958,0.8049261480721865,911.052724574714,0.843685962324335,0.536837030184078,721.089583169116,-0.9054813998506804,-0.4243859499611792,979.388957950318,0,-0.6082625357783602,0.7937359054298092,893.6798240618742,0.855137323027693,0.5184015420164481,709.5824884643522,-0.8950362860368726,-0.4459933258214987,988.886236093547
-0.6082625357783602,0.7937359054298092,893.6798240618742,0.855137323027693,0.5184015420164481,709.5824884643522,-0.8950362860368726,-0.4459933258214987,988.886236093547,-45,-0.1500394207068336,0.9886800150877724,807.3534279060951,0.9953940444284128,-0.0958681193955901,712.3111157013643,-0.9994771220228668,-0.0323339226337815,988.1536507809514
-0.1500394207068336,0.9886800150877724,807.3534279060951,0.9953940444284128,-0.0958681193955901,712.3111157013643,-0.9994771220228668,-0.0323339226337815,988.1536507809514,0,-0.1656135246801816,0.9861907322840784,731.8473958394234,0.979709854560614,-0.2004210589654199,723.4048031337267,-0.9940570421543552,-0.1088604471024,993.8368330852634
-0.1656135246801816,0.9861907322840784,731.8473958394234,0.979709854560614,-0.2004210589654199,723.4048031337267,-0.9940570421543552,-0.1088604471024,993.8368330852634,-90,0.6289222697141733,0.77746818498095,705.4959788658965,0.5055212891070248,-0.8628141319308417,753.1710563981794,-0.776965062193479,0.6295437174102234,971.2729874736297
0.6289222697141733,0.77746818498095,705.4959788658965,0.5055212891070248,-0.8628141319308417,753.1710563981794,-0.776965062193479,0.6295437174102234,971.2729874736297,90,-0.6489601524899903,0.7608223974622254,650.1785795500805,0.9836453344049042,0.1801162294282891,734.0142623312986,-0.7703371325713788,-0.6376368105604522,1018.2587614677128
-0.6489601524899903,0.7608223974622254,650.1785795500805,0.9836453344049042,0.1801162294282891,734.0142623312986,-0.7703371325713788,-0.6376368105604522,1018.2587614677128,-90,0.6063396683814987,0.7952057636530399,612.2563185088701,0.4066262851023393,-0.9135945841914076,779.2268165008406,-0.8368897395817239,0.5473715043577209,988.8182641689197
0.6063396683814987,0.7952057636530399,612.2563185088701,0.4066262851023393,-0.9135945841914076,779.2268165008406,-0.8368897395817239,0.5473715043577209,988.8182641689197,-45,0.98035975240606,-0.1972175343683436,622.8056873987102,-0.5356843258776732,-0.844418322284034,826.4060770929628,0.0382007482085868,0.9992700850302204,931.1178465995484
0.98035975240606,-0.1972175343683436,622.8056873987102,-0.5356843258776732,-0.844418322284034,826.4060770929628,0.0382007482085868,0.9992700850302204,931.1178465995484,0,0.9707737209778672,-0.2399966305154849,630.8670926238109,-0.5037551085005219,-0.8638465087384607,858.4200886253885,0.0249424946954578,0.9996888875837158,893.7347752860577
0.9707737209778672,-0.2399966305154849,630.8670926238109,-0.5037551085005219,-0.8638465087384607,858.4200886253885,0.0249424946954578,0.9996888875837158,893.7347752860577,0,0.9477498452422684,-0.3190144680782619,646.09882394489,-0.4780249558621703,-0.878346253804825,905.6893122384574,0.0273336980214075,0.999626364674559,839.4809410004316
0.9477498452422684,-0.3190144680782619,646.09882394489,-0.4780249558621703,-0.878346253804825,905.6893122384574,0.0273336980214075,0.999626364674559,839.4809410004316,-45,0.7714367359641189,-0.6363060288925655,683.53132916672,-0.6765998313920267,-0.736350913736298,950.4669788858648,0.3359929945525025,0.9418644847384584,780.8468005648887
0.7714367359641189,-0.6363060288925655,683.53132916672,-0.6765998313920267,-0.736350913736298,950.4669788858648,0.3359929945525025,0.9418644847384584,780.8468005648887,90,0.7244579764858466,0.6893189684797832,655.0241121770576,0.6528205898469351,-0.7575125592832767,973.7290524233846,-0.9264288884753368,0.37646980569277,771.3437025952454
0.7244579764858466,0.6893189684797832,655.0241121770576,0.6528205898469351,-0.7575125592832767,973.7290524233846,-0.9264288884753368,0.37646980569277,771.3437025952454,-90,0.7983841023450955,-0.6021485075316687,685.5040678273135,-0.5720044637018092,-0.820250506555897,1010.7827793387628,0.1807489722034172,0.9835292619172082,724.6277133865322
0.7983841023450955,-0.6021485075316687,685.5040678273135,-0.5720044637018092,-0.820250506555897,1010.7827793387628,0.1807489722034172,0.9835292619172082,724.6277133865322,0,0.7656175585917221,-0.6432960080523203,714.4968511365225,-0.5514694860888507,-0.8341950646658723,1049.3152387552589,0.1934498144713446,0.9811101718364774,678.8877714939385
0.7656175585917221,-0.6432960080523203,714.4968511365225,-0.5514694860888507,-0.8341950646658723,1049.3152387552589,0.1934498144713446,0.9811101718364774,678.8877714939385,45,0.9994290419571992,0.0337874250648846,710.160471696679,0.2005718363802919,-0.9796789976574152,1093.4254686810848,-0.599617721325403,0.8002865663451632,642.818661490509
0.9994290419571992,0.0337874250648846,710.160471696679,0.2005718363802919,-0.9796789976574152,1093.4254686810848,-0.599617721325403,0.8002865663451632,642.818661490509,0,0.9999919584225344,0.0040103728335363,709.7620592819501,0.1956962174863952,-0.9806645657213876,1113.2247305895405,-0.6139261104524316,0.7893634973222088,626.7694095886894
0.9999919584225344,0.0040103728335363,709.7620592819501,0.1956962174863952,-0.9806645657213876,1113.2247305895405,-0.6139261104524316,0.7893634973222088,626.7694095886894,90,0.7790959273694142,0.6269047263790507,695.266480248751,0.7692047760249447,-0.6390023572260236,1125.9121984228996,-0.983893638199772,0.1787548844368064,623.6925256546585
0.7790959273694142,0.6269047263790507,695.266480248751,0.7692047760249447,-0.6390023572260236,1125.9121984228996,-0.983893638199772,0.1787548844368064,623.6925256546585,-90,0.9949766982059765,-0.1001067931118224,697.7144523648818,0.12649839368913,-0.9919668121434656,1145.977075267576,-0.6137861178772113,0.7894723563882539,607.2402696123066
0.9949766982059765,-0.1001067931118224,697.7144523648818,0.12649839368913,-0.9919668121434656,1145.977075267576,-0.6137861178772113,0.7894723563882539,607.2402696123066,-45,0.916941770894476,-0.3990210380279494,706.429019690205,-0.1505967224358907,-0.9885952797740676,1167.90884912328,-0.3834858514571191,0.9235467512433836,586.60536637544
0.916941770894476,-0.3990210380279494,706.429019690205,-0.1505967224358907,-0.9885952797740676,1167.90884912328,-0.3834858514571191,0.9235467512433836,586.60536637544,-90,0.5561997484995791,-0.8310486386301376,725.9036670079208,-0.6370971238220449,-0.7707835330478189,1185.626135750873,0.1652737165044177,0.9862477369468674,563.5959029087653
0.5561997484995791,-0.8310486386301376,725.9036670079208,-0.6370971238220449,-0.7707835330478189,1185.626135750873,0.1652737165044177,0.9862477369468674,563.5959029087653,0,0.5430564092746006,-0.8396962167032654,743.5211099150918,-0.6283912151147848,-0.7778974744569905,1201.975158183134,0.1715054439648409,0.9851831721514648,542.7951739739126
0.5430564092746006,-0.8396962167032654,743.5211099150918,-0.6283912151147848,-0.7778974744569905,1201.975158183134,0.1715054439648409,0.9851831721514648,542.7951739739126,-90,-0.0159125053698042,-0.9998733880711376,766.8092270721318,-0.949536549188848,-0.3136564071632114,1208.9104146804923,0.7131012733007563,0.7010610344448193,526.3316736839613
-0.0159125053698042,-0.9998733880711376,766.8092270721318,-0.949536549188848,-0.3136564071632114,1208.9104146804923,0.7131012733007563,0.7010610344448193,526.3316736839613,45,0.1870413849800984,-0.9823520348147738,786.4155168600439,-0.85648466587651,-0.5161724683847475,1219.3314254780155,0.5695286322024509,0.821971494093077,509.621119223144
0.1870413849800984,-0.9823520348147738,786.4155168600439,-0.85648466587651,-0.5161724683847475,1219.3314254780155,0.5695286322024509,0.821971494093077,509.621119223144,-90,-0.4116992332814297,-0.9113197799430686,806.7979016425116,-0.9979517021072486,0.0639718708593499,1217.1719903508954,0.9561788167758124,0.2927833163778415,502.99961639623547
-0.4116992332814297,-0.9113197799430686,806.7979016425116,-0.9979517021072486,0.0639718708593499,1217.1719903508954,0.9561788167758124,0.2927833163778415,502.99961639623547,45,-0.0793029406574273,-0.9968505623227006,827.4601047499814,-0.9565895813022024,-0.2914384548134943,1223.6107162626724,0.8209712097440252,0.5709695900583777,490.42747165391336
-0.0793029406574273,-0.9968505623227006,827.4601047499814,-0.9565895813022024,-0.2914384548134943,1223.6107162626724,0.8209712097440252,0.5709695900583777,490.42747165391336,45,0.1437871093119873,-0.9896086434524016,851.8691240581795,-0.8570965641510407,-0.5151557819926715,1236.3614861858364,0.6958308766179416,0.7182056746817773,472.22118178206495
0.1437871093119873,-0.9896086434524016,851.8691240581795,-0.8570965641510407,-0.5151557819926715,1236.3614861858364,0.6958308766179416,0.7182056746817773,472.22118178206495,45,0.4361113929430151,-0.8998926896832217,912.0172981742452,-0.6093059051986872,-0.7929352520162087,1288.793246478678,0.476822022540899,0.8789998628100043,412.1647633763105
0.4361113929430151,-0.8998926896832217,912.0172981742452,-0.6093059051986872,-0.7929352520162087,1288.793246478678,0.476822022540899,0.8789998628100043,412.1647633763105,0,0.4235678104935297,-0.9058643992970016,934.3662777505886,-0.6019657547875513,-0.7985219033082647,1308.549067095877,0.5051183362977205,0.8630500949167569,390.54518432249296
0.4235678104935297,-0.9058643992970016,934.3662777505886,-0.6019657547875513,-0.7985219033082647,1308.549067095877,0.5051183362977205,0.8630500949167569,390.54518432249296,45,0.6210126582683004,-0.7838005347475461,953.5846786547328,-0.3796686550259002,-0.9251225391216148,1331.7271715201466,0.2935558097386669,0.9559419368186938,366.5317167245558
0.6210126582683004,-0.7838005347475461,953.5846786547328,-0.3796686550259002,-0.9251225391216148,1331.7271715201466,0.2935558097386669,0.9559419368186938,366.5317167245558,0,0.6234517333625512,-0.7818618395645296,973.7335465792786,-0.3546582841855778,-0.9349959900761832,1355.8255860300983,0.2946617074017567,0.9556016315343344,341.78001658063624
0.6234517333625512,-0.7818618395645296,973.7335465792786,-0.3546582841855778,-0.9349959900761832,1355.8255860300983,0.2946617074017567,0.9556016315343344,341.78001658063624,0,0.6127434314169806,-0.790281903661816,990.22169515611,-0.3499296731946819,-0.9367759731215692,1375.537933158457,0.3131177079353754,0.9497143259829752,321.7168406500349
0.6127434314169806,-0.790281903661816,990.22169515611,-0.3499296731946819,-0.9367759731215692,1375.537933158457,0.3131177079353754,0.9497143259829752,321.7168406500349,0,0.6058448833133803,-0.7955827910173753,1009.2042763600488,-0.3388140141620288,-0.9408533699824924,1398.0193959396308,0.3310386522006901,0.9436171950262195,299.04526651229577
0.6058448833133803,-0.7955827910173753,1009.2042763600488,-0.3388140141620288,-0.9408533699824924,1398.0193959396308,0.3310386522006901,0.9436171950262195,299.04526651229577,-45,0.2616582685276619,-0.9651605827586962,1023.6158764898092,-0.6601328195948092,-0.7511488936913953,1408.9539462317423,0.6850486688299071,0.7284973035875784,288.2379964577883
-0.4023277988728841,-0.915495681177197,1100.7709704809624,-0.9785190454994608,-0.2061564396152208,1440.6915316797,0.9885558906441628,-0.1508550664469896,270.9735216835771,0,-0.400974239597213,-0.9160893292574894,1122.9860216745,-0.9765926712401484,-0.2150970815237428,1445.8007625106304,0.9699582028798188,-0.2432716273348626,275.7639658771972
-0.400974239597213,-0.9160893292574894,1122.9860216745,-0.9765926712401484,-0.2150970815237428,1445.8007625106304,0.9699582028798188,-0.2432716273348626,275.7639658771972,45,-0.0605269364192044,-0.9981665642405108,1144.147888788377,-0.8363425852738606,-0.5482071506806848,1457.8065411497166,0.9995809473039168,0.0289470168930173,273.7331390586459
-0.0605269364192044,-0.9981665642405108,1144.147888788377,-0.8363425852738606,-0.5482071506806848,1457.8065411497166,0.9995809473039168,0.0289470168930173,273.7331390586459,45,0.3086162171620063,-0.9511866433590273,1163.4534065323155,-0.5669590029731008,-0.823746009973795,1474.644685736754,0.9431342567673991,0.3324120541012396,266.122507826095
-0.9728323945772452,-0.2315105441683016,1274.148210476587,-0.7933015171380282,0.6088289603053576,1483.8276390001265,-0.1144033191860709,-0.99343438664021,359.75066679672744,0,-0.9682278203033275,-0.2500697662466763,1280.218791984003,-0.8015305110631449,0.5979538776819278,1468.7377149610409,-0.1070093858393094,-0.994258010449146,384.6580758920576
-0.9682278203033275,-0.2500697662466763,1280.218791984003,-0.8015305110631449,0.5979538776819278,1468.7377149610409,-0.1070093858393094,-0.994258010449146,384.6580758920576,0,-0.9648242647914828,-0.2628956790621986,1286.860132934314,-0.8062609293700702,0.5915600677626158,1453.1913713395493,-0.1062744960836706,-0.9943368299938214,410.57759526759367
-0.9648242647914828,-0.2628956790621986,1286.860132934314,-0.8062609293700702,0.5915600677626158,1453.1913713395493,-0.1062744960836706,-0.9943368299938214,410.57759526759367,-45,-0.9974777550934364,-0.0709797724267867,1287.9563831047851,-0.6716201777364853,0.7408956315549525,1438.0335339554358,-0.2974969105073372,-0.9547227808314774,429.7732946337639
-0.9974777550934364,-0.0709797724267867,1287.9563831047851,-0.6716201777364853,0.7408956315549525,1438.0335339554358,-0.2974969105073372,-0.9547227808314774,429.7732946337639,-45,-0.9864397282201322,0.1641239244869306,1283.5515304255027,-0.470199843747475,0.8825599735654512,1415.9817128966215,-0.5035394822535947,-0.8639722158795281,451.0449769786268
-0.9864397282201322,0.1641239244869306,1283.5515304255027,-0.470199843747475,0.8825599735654512,1415.9817128966215,-0.5035394822535947,-0.8639722158795281,451.0449769786268,0,-0.9896109109678494,0.1437715023688053,1279.4719903531768,-0.4780730806194432,0.8783200610182118,1392.2577110931438,-0.4789043210118769,-0.8778671034479838,474.5899431070152
-0.9896109109678494,0.1437715023688053,1279.4719903531768,-0.4780730806194432,0.8783200610182118,1392.2577110931438,-0.4789043210118769,-0.8778671034479838,474.5899431070152,0,-0.990912688215244,0.1345066702213638,1275.9700694312935,-0.4768459954701733,0.8789868580383096,1370.2668419269658,-0.4662543037377539,-0.8846507357403951,496.62784666639465
-0.990912688215244,0.1345066702213638,1275.9700694312935,-0.4768459954701733,0.8789868580383096,1370.2668419269658,-0.4662543037377539,-0.8846507357403951,496.62784666639465,0,-0.9945353893237642,0.1043999970432419,1273.4353263742323,-0.4952562826830479,0.8687469219876229,1351.0090312273446,-0.4371482329248974,-0.8993894720590405,516.3882361729868
-0.9945353893237642,0.1043999970432419,1273.4353263742323,-0.4952562826830479,0.8687469219876229,1351.0090312273446,-0.4371482329248974,-0.8993894720590405,516.3882361729868,90,-0.8747004782719928,-0.4846638766307501,1284.6282200183691,-0.9039561642005012,0.4276251316327377,1342.355511653885,0.1356825928975584,-0.9907523575468268,537.8208471857181
-0.8747004782719928,-0.4846638766307501,1284.6282200183691,-0.9039561642005012,0.4276251316327377,1342.355511653885,0.1356825928975584,-0.9907523575468268,537.8208471857181,-45,-0.9534414917462694,-0.3015780526110091,1291.2137082112365,-0.7991168917241951,0.6011756759559231,1328.3140894655196,-0.0769506327730713,-0.9970349041612454,560.6826912546993
-0.9534414917462694,-0.3015780526110091,1291.2137082112365,-0.7991168917241951,0.6011756759559231,1328.3140894655196,-0.0769506327730713,-0.9970349041612454,560.6826912546993,-90,-0.9470040696934868,0.3212215621404851,1283.3254846991206,-0.2770117732663174,0.960866524274756,1307.2187834017047,-0.6442801617878317,-0.7647895613347803,576.5869055729872
-0.9470040696934868,0.3212215621404851,1283.3254846991206,-0.2770117732663174,0.960866524274756,1307.2187834017047,-0.6442801617878317,-0.7647895613347803,576.5869055729872,90,-0.958793707562954,-0.2841031966340479,1291.1155221666163,-0.7790383731643129,0.6269762460711735,1293.2974477588575,-0.1003566589297668,-0.9949515269642308,600.2253673242865
-0.958793707562954,-0.2841031966340479,1291.1155221666163,-0.7790383731643129,0.6269762460711735,1293.2974477588575,-0.1003566589297668,-0.9949515269642308,600.2253673242865,45,-0.3585673809600503,-0.9335038475075772,1308.363457125493,-0.9695419108731173,-0.2449254642957823,1298.6793445425133,0.709367379990331,-0.7048389321012662,612.0188689422669
-0.3585673809600503,-0.9335038475075772,1308.363457125493,-0.9695419108731173,-0.2449254642957823,1298.6793445425133,0.709367379990331,-0.7048389321012662,612.0188689422669,90,0.3201423272133645,-0.9473694581980204,1326.0700669412972,-0.5789603980698382,-0.8153556631720997,1314.8498128827096,0.9933601601993368,-0.115046043516272,612.8081448852458
0.3201423272133645,-0.9473694581980204,1326.0700669412972,-0.5789603980698382,-0.8153556631720997,1314.8498128827096,0.9933601601993368,-0.115046043516272,612.8081448852458,0,0.3157003718079004,-0.9488589332668758,1348.7973232627726,-0.5696213245671167,-0.8219072615559516,1334.4803315301504,0.9883252351244144,-0.1523588842708921,616.0068662286319
-0.9683577103202196,-0.249566313558905,1415.7191442016458,-0.7859362081243896,0.6183075907338161,1275.6771594957088,-0.3022846493000016,-0.9532177037789296,757.0542221393657,-90,-0.9179353168562874,0.3967300770901386,1407.103113813412,-0.2321875827636534,0.9726710268175832,1255.8188296499618,-0.8180411073712985,-0.5751597575028521,768.1413235228268
-0.9179353168562874,0.3967300770901386,1407.103113813412,-0.2321875827636534,0.9726710268175832,1255.8188296499618,-0.8180411073712985,-0.5751597575028521,768.1413235228268,-90,-0.474192899580158,0.8804209754360479,1388.6052273495336,0.4335639957167783,0.9011227783260732,1238.0114367090678,-0.9993630086185776,0.0356872106618685,765.9114814536011
-0.474192899580158,0.8804209754360479,1388.6052273495336,0.4335639957167783,0.9011227783260732,1238.0114367090678,-0.9993630086185776,0.0356872106618685,765.9114814536011,-45,-0.2413467785501326,0.9704389380499286,1330.7705212280175,0.6754136574457221,0.7374390763553235,1193.572193111707,-0.9758078120770662,0.2186300845935185,750.580109095285
-0.2413467785501326,0.9704389380499286,1330.7705212280175,0.6754136574457221,0.7374390763553235,1193.572193111707,-0.9758078120770662,0.2186300845935185,750.580109095285,0,-0.2343927113727963,0.9721419941836218,1306.4864914402638,0.6944388800988743,0.7195516950206018,1175.3956918059084,-0.9801900886254468,0.1980590572542415,745.3282178449236
-0.2343927113727963,0.9721419941836218,1306.4864914402638,0.6944388800988743,0.7195516950206018,1175.3956918059084,-0.9801900886254468,0.1980590572542415,745.3282178449236,90,-0.7756743153904512,0.6311333903728712,1294.234074489897,0.1303170286510478,0.9914723758348298,1154.497812718032,-0.894703535705235,-0.4466604786597437,755.653412333141
-0.7756743153904512,0.6311333903728712,1294.234074489897,0.1303170286510478,0.9914723758348298,1154.497812718032,-0.894703535705235,-0.4466604786597437,755.653412333141,-90,-0.19147745378415,0.9814970120649062,1278.35865443467,0.743526241194484,0.6687067583441952,1144.3612582432263,-0.9773285412065826,0.2117284169473081,751.2723935883841
-0.19147745378415,0.9814970120649062,1278.35865443467,0.743526241194484,0.6687067583441952,1144.3612582432263,-0.9773285412065826,0.2117284169473081,751.2723935883841,-45,0.1331705957111579,0.9910931300528398,1259.9681145908576,0.9236982997069084,0.3831206743554391,1137.0812327119115,-0.8697112675180801,0.4935608484797943,741.9884431617787
0.1331705957111579,0.9910931300528398,1259.9681145908576,0.9236982997069084,0.3831206743554391,1137.0812327119115,-0.8697112675180801,0.4935608484797943,741.9884431617787,-45,0.3664863354019765,0.9304234336922248,1237.0740584304967,0.9905888126559632,0.1368714880493703,1133.58178621646,-0.747916880692728,0.6637923919230015,725.3171348049761
0.3664863354019765,0.9304234336922248,1237.0740584304967,0.9905888126559632,0.1368714880493703,1133.58178621646,-0.747916880692728,0.6637923919230015,725.3171348049761,45,0.1067618068302178,0.994284625548614,1212.9094581312215,0.9257661667929048,0.3780965543635269,1123.9980469841455,-0.9110124327425227,0.4123788881460232,715.1439530781014
0.1067618068302178,0.994284625548614,1212.9094581312215,0.9257661667929048,0.3780965543635269,1123.9980469841455,-0.9110124327425227,0.4123788881460232,715.1439530781014,0,0.1086516163197563,0.9940798892800842,1187.3200845777203,0.9335026633815748,0.358570463729943,1114.4489289517242,-0.9243701219852216,0.3814968906570882,704.9971512294534
0.1086516163197563,0.9940798892800842,1187.3200845777203,0.9335026633815748,0.358570463729943,1114.4489289517242,-0.9243701219852216,0.3814968906570882,704.9971512294534,45,-0.2974304257018252,0.9547434953257504,1167.3378825558627,0.7256991001287167,0.6880122208742886,1099.9581646817323,-0.9990386560507148,-0.0438379255483398,705.6037216809482
-0.2974304257018252,0.9547434953257504,1167.3378825558627,0.7256991001287167,0.6880122208742886,1099.9581646817323,-0.9990386560507148,-0.0438379255483398,705.6037216809482,0,-0.301645300717771,0.9534202182431866,1149.4589559239566,0.7345471522492838,0.6785576476044373,1087.1354374473276,-0.9975573535738794,-0.0698521748457269,706.688425937338
-0.301645300717771,0.9534202182431866,1149.4589559239566,0.7345471522492838,0.6785576476044373,1087.1354374473276,-0.9975573535738794,-0.0698521748457269,706.688425937338,-90,0.3654485993661453,0.9308315213943512,1126.4410804009517,0.9987203010297676,0.0505743048495007,1085.9081266916014,-0.8401571240172953,0.5423430712777542,692.669840266532
0.3654485993661453,0.9308315213943512,1126.4410804009517,0.9987203010297676,0.0505743048495007,1085.9081266916014,-0.8401571240172953,0.5423430712777542,692.669840266532,90,-0.3011724180260858,0.9535697009764524,1106.324170800488,0.7585735512268704,0.6515874211332311,1071.011179632308,-0.9914821950834052,-0.1302423004733583,696.2244256684676
-0.3011724180260858,0.9535697009764524,1106.324170800488,0.7585735512268704,0.6515874211332311,1071.011179632308,-0.9914821950834052,-0.1302423004733583,696.2244256684676,45,-0.6266548453282658,0.7792969298198263,1088.085057302792,0.4915377013100865,0.8708562959471535,1050.351813406165,-0.8690209926936645,-0.4947752158887082,707.7960524936685
-0.6266548453282658,0.7792969298198263,1088.085057302792,0.4915377013100865,0.8708562959471535,1050.351813406165,-0.8690209926936645,-0.4947752158887082,707.7960524936685,90,-0.988186221297066,0.1532579265115707,1084.9609135684807,-0.2089330168259099,0.9779299537697084,1028.745410668428,-0.3187857420870693,-0.9478268041377584,728.9577381243388
-0.988186221297066,0.1532579265115707,1084.9609135684807,-0.2089330168259099,0.9779299537697084,1028.745410668428,-0.3187857420870693,-0.9478268041377584,728.9577381243388,90,-0.8888003023958958,-0.4582946895404355,1096.2874473029376,-0.7446079805385872,0.6675020264525396,1014.9684207471636,0.2741308819129615,-0.96169239343026,749.7717033297475
-0.8888003023958958,-0.4582946895404355,1096.2874473029376,-0.7446079805385872,0.6675020264525396,1014.9684207471636,0.2741308819129615,-0.96169239343026,749.7717033297475,45,-0.7396142936450358,-0.6730309774712859,1110.6156104697382,-0.8942066410782054,0.4476544236926891,1005.275995047663,0.4894732552414158,-0.8720183096720916,768.3111831927666
-0.7396142936450358,-0.6730309774712859,1110.6156104697382,-0.8942066410782054,0.4476544236926891,1005.275995047663,0.4894732552414158,-0.8720183096720916,768.3111831927666,-45,-0.8883914657217771,-0.4590867060073866,1140.9957667041233,-0.7455014226701119,0.6665040350941914,957.3827968146962,0.1771437241465331,-0.9841849932789551,836.9733924305658
-0.8883914657217771,-0.4590867060073866,1140.9957667041233,-0.7455014226701119,0.6665040350941914,957.3827968146962,0.1771437241465331,-0.9841849932789551,836.9733924305658,0,-0.8854271551785475,-0.464778175985517,1151.7768748541057,-0.7499417756110522,0.6615038421606803,941.7893020462112,0.1610367955554254,-0.986948403148432,860.0734674716399
-0.8854271551785475,-0.464778175985517,1151.7768748541057,-0.7499417756110522,0.6615038421606803,941.7893020462112,0.1610367955554254,-0.986948403148432,860.0734674716399,-90,-0.9835083020561044,0.1808629862263655,1146.8566521214627,-0.1667399702119801,0.9860009038199244,920.65525606236,-0.4869336519980147,-0.8734389609765963,878.148472933393
-0.9835083020561044,0.1808629862263655,1146.8566521214627,-0.1667399702119801,0.9860009038199244,920.65525606236,-0.4869336519980147,-0.8734389609765963,878.148472933393,90,-0.8719600322193327,-0.4895770646303402,1158.881674602442,-0.7604821224426386,0.6493588695360523,907.0247712876204,0.1620567675753946,-0.9867814368354396,899.9807196431266
-0.8719600322193327,-0.4895770646303402,1158.881674602442,-0.7604821224426386,0.6493588695360523,907.0247712876204,0.1620567675753946,-0.9867814368354396,899.9807196431266,-45,-0.9570168594971284,-0.2900322924059553,1166.1598960003084,-0.5991479499813951,0.8006383291056528,886.1118343862979,-0.0738281912936136,-0.9972709752972426,925.8733515116688
-0.9570168594971284,-0.2900322924059553,1166.1598960003084,-0.5991479499813951,0.8006383291056528,886.1118343862979,-0.0738281912936136,-0.9972709752972426,925.8733515116688,-90,-0.9168333493855696,0.3992700958679951,1157.1017481586528,0.0810219224292756,0.9967123196217976,865.8314244654152,-0.7022247029865607,-0.7119553823909449,939.7002796593232
-0.9168333493855696,0.3992700958679951,1157.1017481586528,0.0810219224292756,0.9967123196217976,865.8314244654152,-0.7022247029865607,-0.7119553823909449,939.7002796593232,-90,-0.4785924428125542,0.8780371710142527,1138.0738144574718,0.6944821007489761,0.7195099802916489,851.4814896131213,-0.9893918531526724,-0.1452713354902507,941.280450850744
-0.4785924428125542,0.8780371710142527,1138.0738144574718,0.6944821007489761,0.7195099802916489,851.4814896131213,-0.9893918531526724,-0.1452713354902507,941.280450850744,90,-0.907632606426224,0.4197654723198883,1130.357370593358,0.1476193384009,0.9890442512497004,830.9764528882453,-0.7094183554534153,-0.7047876254204325,956.5043153351322
-0.907632606426224,0.4197654723198883,1130.357370593358,0.1476193384009,0.9890442512497004,830.9764528882453,-0.7094183554534153,-0.7047876254204325,956.5043153351322,0,-0.913553242465634,0.4067191576266437,1123.0818820544298,0.1506788997150229,0.9885827578815392,813.5693908935611,-0.7002051650217237,-0.713941683106471,968.9921949112488
-0.913553242465634,0.4067191576266437,1123.0818820544298,0.1506788997150229,0.9885827578815392,813.5693908935611,-0.7002051650217237,-0.713941683106471,968.9921949112488,45,-0.9854873109779604,0.1697491086911171,1118.6577787892238,-0.077638230699419,0.9969815971891676,788.8918975662255,-0.5108028959993984,-0.8596978547365509,990.212677178817
-0.9854873109779604,0.1697491086911171,1118.6577787892238,-0.077638230699419,0.9969815971891676,788.8918975662255,-0.5108028959993984,-0.8596978547365509,990.212677178817,45,-0.9824877046564277,-0.1863274273931356,1121.833615156517,-0.4174376633548531,0.9087055613414284,774.5996773141208,-0.1881776846375743,-0.9821350003968098,1005.8383270163948
-0.9824877046564277,-0.1863274273931356,1121.833615156517,-0.4174376633548531,0.9087055613414284,774.5996773141208,-0.1881776846375743,-0.9821350003968098,1005.8383270163948,-90,-0.8748137255551196,0.4844594364653989,1111.0008796608126,0.2833362524625699,0.9590206296219425,754.2777701928511,-0.7721916893674619,-0.6353896401986936,1018.8995134983134
-0.8748137255551196,0.4844594364653989,1111.0008796608126,0.2833362524625699,0.9590206296219425,754.2777701928511,-0.7721916893674619,-0.6353896401986936,1018.8995134983134,90,-0.9838109939474412,-0.179209174397261,1115.5400877104903,-0.3827478961104906,0.9238528281187394,736.3330274333267,-0.209235417720895,-0.9778652974572534,1038.5537825693614
-0.9838109939474412,-0.179209174397261,1115.5400877104903,-0.3827478961104906,0.9238528281187394,736.3330274333267,-0.209235417720895,-0.9778652974572534,1038.5537825693614,0,-0.9783455186933928,-0.2069783709776361,1120.728529445975,-0.4011061331528169,0.9160315878544772,712.7320651648399,-0.1989164810782645,-0.9800164455535634,1063.8036758322176
-0.9783455186933928,-0.2069783709776361,1120.728529445975,-0.4011061331528169,0.9160315878544772,712.7320651648399,-0.1989164810782645,-0.9800164455535634,1063.8036758322176,90,-0.592866028666635,-0.8053011064521474,1139.5075493281254,-0.9164331000645528,0.4001879222391318,704.6249605114698,0.4840017682029606,-0.87506701936275,1082.7517753279328
-0.592866028666635,-0.8053011064521474,1139.5075493281254,-0.9164331000645528,0.4001879222391318,704.6249605114698,0.4840017682029606,-0.87506701936275,1082.7517753279328,0,-0.5462760762372372,-0.8376051865472468,1193.6222755287276,-0.9558735485370607,0.2937784185524306,681.5192269029379,0.4803972486922164,-0.8770510153058081,1140.6238436217166
-0.5462760762372372,-0.8376051865472468,1193.6222755287276,-0.9558735485370607,0.2937784185524306,681.5192269029379,0.4803972486922164,-0.8770510153058081,1140.6238436217166,0,-0.5428384198574178,-0.8398371567909471,1214.374632277404,-0.96369465070171,0.2670067793313663,674.4681960766426,0.4651543901773568,-0.8852295709581393,1162.5286661062944
-0.5428384198574178,-0.8398371567909471,1214.374632277404,-0.96369465070171,0.2670067793313663,674.4681960766426,0.4651543901773568,-0.8852295709581393,1162.5286661062944,90,0.0878257370733647,-0.9961358541421548,1232.5981617711732,-0.913918777298476,-0.4058971156601862,682.7304507649234,0.9057123035255604,-0.423892938420096,1169.2131595229655
0.0878257370733647,-0.9961358541421548,1232.5981617711732,-0.913918777298476,-0.4058971156601862,682.7304507649234,0.9057123035255604,-0.423892938420096,1169.2131595229655,90,0.7124566325681931,-0.7017161439710438,1240.0121106994416,-0.4209406631862294,-0.9070881754693628,694.1751613831225,0.9649807702099849,0.2623206303837817,1164.7001926166597
0.7124566325681931,-0.7017161439710438,1240.0121106994416,-0.4209406631862294,-0.9070881754693628,694.1751613831225,0.9649807702099849,0.2623206303837817,1164.7001926166597,-90,0.255387775451708,-0.9668387063775572,1262.960684248213,-0.8056718588544791,-0.5923620985933927,707.8360332426677,0.959926123880523,-0.2802531653553886,1171.2659211113055
0.255387775451708,-0.9668387063775572,1262.960684248213,-0.8056718588544791,-0.5923620985933927,707.8360332426677,0.959926123880523,-0.2802531653553886,1171.2659211113055,90,0.801667594372793,-0.5977700796565006,1272.0384896996238,-0.2469175952035443,-0.969036480829746,724.1903059813076,0.9264389276946564,0.3764450999176043,1163.9965976227336
0.801667594372793,-0.5977700796565006,1272.0384896996238,-0.2469175952035443,-0.969036480829746,724.1903059813076,0.9264389276946564,0.3764450999176043,1163.9965976227336,0,0.7968930070898961,-0.6041204641884124,1285.4098519253266,-0.234032569967679,-0.9722287571319436,745.907827701714,0.930819649629322,0.3654788364104633,1155.630393952448
0.7968930070898961,-0.6041204641884124,1285.4098519253266,-0.234032569967679,-0.9722287571319436,745.907827701714,0.930819649629322,0.3654788364104633,1155.630393952448,-45,0.5935515848219369,-0.8047959469054047,1304.4825119277489,-0.4765482683081123,-0.8791483082919169,766.6509922548395,0.9969669519416744,0.0778260672019791,1153.61895958992
0.5935515848219369,-0.8047959469054047,1304.4825119277489,-0.4765482683081123,-0.8791483082919169,766.6509922548395,0.9969669519416744,0.0778260672019791,1153.61895958992,45,0.81260764298863,-0.5828111345508622,1316.7586628115002,-0.1649104420988253,-0.986308545074395,788.0143755599449,0.9259081834525904,0.3777486410505327,1145.0427485858902
0.81260764298863,-0.5828111345508622,1316.7586628115002,-0.1649104420988253,-0.986308545074395,788.0143755599449,0.9259081834525904,0.3777486410505327,1145.0427485858902,45,0.915841382826131,-0.4015402364684267,1338.5155338247964,0.0772427451306302,-0.9970123160346036,844.9606820972677,0.8282118135732608,0.5604151959553652,1111.9130875613796
0.915841382826131,-0.4015402364684267,1338.5155338247964,0.0772427451306302,-0.9970123160346036,844.9606820972677,0.8282118135732608,0.5604151959553652,1111.9130875613796,90,0.8984664571976166,0.4390421680098202,1310.2870100681455,0.7998275144459708,-0.600229911896417,876.877122950143,0.0717816064725611,0.997420373249022,1053.8883663620736
0.8984664571976166,0.4390421680098202,1310.2870100681455,0.7998275144459708,-0.600229911896417,876.877122950143,0.0717816064725611,0.997420373249022,1053.8883663620736,-90,0.9861287598918324,-0.1659821343223326,1314.0159031553994,0.3093207428969169,-0.9509577687856068,896.8305713708137,0.6368501281877427,0.7709876226161194,1037.9899584029222
0.9861287598918324,-0.1659821343223326,1314.0159031553994,0.3093207428969169,-0.9509577687856068,896.8305713708137,0.6368501281877427,0.7709876226161194,1037.9899584029222,90,0.8964487584658332,0.4431474060006063,1283.797697561372,0.7992798340351361,-0.6009590226502679,932.800626213276,0.0219329711484606,0.9997594434545746,974.4361488901568
0.8964487584658332,0.4431474060006063,1283.797697561372,0.7992798340351361,-0.6009590226502679,932.800626213276,0.0219329711484606,0.9997594434545746,974.4361488901568,90,0.5519751595554568,0.8338605538300321,1270.9385216417434,0.9918684987385824,-0.1272669682599179,934.2773923160617,-0.4963187008977118,0.868140395983972,961.4017296598232
0.5519751595554568,0.8338605538300321,1270.9385216417434,0.9918684987385824,-0.1272669682599179,934.2773923160617,-0.4963187008977118,0.868140395983972,961.4017296598232,-45,0.7576768578472305,0.6526298944139378,1257.350879733597,0.916924515815324,-0.3990606874860435,942.6064898815677,-0.2593379794174411,0.9657866288325174,941.151398430056
0.7576768578472305,0.6526298944139378,1257.350879733597,0.916924515815324,-0.3990606874860435,942.6064898815677,-0.2593379794174411,0.9657866288325174,941.151398430056,45,0.5376691548575402,0.8431559048685945,1240.6339886092312,0.9914560859112824,-0.1304409050469966,944.8462169540873,-0.5431871785795623,0.8396116298782281,924.6238876929636
0.5376691548575402,0.8431559048685945,1240.6339886092312,0.9914560859112824,-0.1304409050469966,944.8462169540873,-0.5431871785795623,0.8396116298782281,924.6238876929636,45,0.2712331644242838,0.962513672898411,1227.222252822601,0.9886870086683112,0.1499933294867032,942.4347074588138,-0.7718891404352805,0.6357571508666529,915.9293301466986
0.2712331644242838,0.962513672898411,1227.222252822601,0.9886870086683112,0.1499933294867032,942.4347074588138,-0.7718891404352805,0.6357571508666529,915.9293301466986,-90,0.8162063281404511,0.5777605298940749,1215.7611381429208,0.8606342791040636,-0.5092235635072562,952.6931221639894,-0.217821659671505,0.9759885883441216,896.3325861635122
0.8162063281404511,0.5777605298940749,1215.7611381429208,0.8606342791040636,-0.5092235635072562,952.6931221639894,-0.217821659671505,0.9759885883441216,896.3325861635122,0,0.8248122148385502,0.5654067653054087,1202.56640245944,0.850264794582504,-0.5263551834014482,964.5693092381904,-0.2240007277319827,0.9745889769413268,873.8979530381336
0.8248122148385502,0.5654067653054087,1202.56640245944,0.850264794582504,-0.5263551834014482,964.5693092381904,-0.2240007277319827,0.9745889769413268,873.8979530381336,90,0.3142849994359193,0.9493286781350092,1185.502630208744,0.9966784332483066,0.0814377105381818,961.9527671522392,-0.7810639978352144,0.6244509838935898,863.5742042417953
0.3142849994359193,0.9493286781350092,1185.502630208744,0.9966784332483066,0.0814377105381818,961.9527671522392,-0.7810639978352144,0.6244509838935898,863.5742042417953,45,0.1093567209969063,0.9940025691982918,1164.2455252278749,0.9632105760716518,0.2687478114212591,955.7391500891496,-0.9047307715464508,0.4259838389152384,854.4996916401609
0.1093567209969063,0.9940025691982918,1164.2455252278749,0.9632105760716518,0.2687478114212591,955.7391500891496,-0.9047307715464508,0.4259838389152384,854.4996916401609,0,0.1261281267682545,0.9920139593967068,1144.4851197034936,0.9720390791512682,0.2348191401967792,950.7313128443388,-0.9074163582844792,0.4202327363708517,846.0763731618559
0.1261281267682545,0.9920139593967068,1144.4851197034936,0.9720390791512682,0.2348191401967792,950.7313128443388,-0.9074163582844792,0.4202327363708517,846.0763731618559,-45,0.3759669375869443,0.9266330783225336,1125.8316435854254,0.999333668252438,-0.0364995821500203,951.1873052655088,-0.7854041674143342,0.6189832742556107,833.5521157661709
0.3759669375869443,0.9266330783225336,1125.8316435854254,0.999333668252438,-0.0364995821500203,951.1873052655088,-0.7854041674143342,0.6189832742556107,833.5521157661709,0,0.3836506185200636,0.9234783175089564,1106.1268282094284,0.9982044772346184,-0.0598984275984134,952.1909472814,-0.797210076398826,0.6037019911249075,820.5523993534173
0.3836506185200636,0.9234783175089564,1106.1268282094284,0.9982044772346184,-0.0598984275984134,952.1909472814,-0.797210076398826,0.6037019911249075,820.5523993534173,-45,0.6104187605070885,0.7920788703285738,1094.353862907666,0.9463013800075246,-0.323285784091807,957.0857314059856,-0.6283845600232171,0.7779028504411254,808.760568562124
0.6104187605070885,0.7920788703285738,1094.353862907666,0.9463013800075246,-0.323285784091807,957.0857314059856,-0.6283845600232171,0.7779028504411254,808.760568562124,-45,0.8466770760827785,0.53210706520015,1086.4390455684709,0.7759364389947496,-0.6308110990147108,966.7459437389588,-0.3374416458648359,0.9413464482516682,794.4275169804544
0.8466770760827785,0.53210706520015,1086.4390455684709,0.7759364389947496,-0.6308110990147108,966.7459437389588,-0.3374416458648359,0.9413464482516682,794.4275169804544,-45,0.96290910515835,0.2698259720693055,1080.3723717013013,0.5701174116548591,-0.8215632275899183,984.3324100808096,-0.0774995033055527,0.9969923906366552,772.9526127360557
0.96290910515835,0.2698259720693055,1080.3723717013013,0.5701174116548591,-0.8215632275899183,984.3324100808096,-0.0774995033055527,0.9969923906366552,772.9526127360557,45,0.8383018414278142,0.5452064037213208,1068.1999330539134,0.7889835585712256,-0.6144143099768148,997.16922584704,-0.3977282446767938,0.9175032661447676,753.2543109577169
0.8383018414278142,0.5452064037213208,1068.1999330539134,0.7889835585712256,-0.6144143099768148,997.16922584704,-0.3977282446767938,0.9175032661447676,753.2543109577169,0,0.8458265435580619,0.5334580191661027,1058.536227628494,0.7804249910679617,-0.625249416886231,1008.2405790296096,-0.4067767172681167,0.9135276144094248,736.8869012283789
0.8458265435580619,0.5334580191661027,1058.536227628494,0.7804249910679617,-0.625249416886231,1008.2405790296096,-0.4067767172681167,0.9135276144094248,736.8869012283789,0,0.8463214971945852,0.5326724353543327,1046.159297080306,0.7802968869537016,-0.6254092805598285,1022.609052799534,-0.4349570686739186,0.9004511915759743,715.9840185839066
0.8463214971945852,0.5326724353543327,1046.159297080306,0.7802968869537016,-0.6254092805598285,1022.609052799534,-0.4349570686739186,0.9004511915759743,715.9840185839066,-45,0.977567093305538,0.2106242580667318,1040.886486799565,0.5269873167569183,-0.8498731481682096,1041.9967302837094,-0.1258924044493332,0.9920439014993064,693.1681746891886
0.977567093305538,0.2106242580667318,1040.886486799565,0.5269873167569183,-0.8498731481682096,1041.9967302837094,-0.1258924044493332,0.9920439014993064,693.1681746891886,-90,0.8937287137159919,-0.4486078312731049,1051.2922528876045,-0.1008241123991921,-0.994904265926584,1063.702067771561,0.52295517273284,0.8523601863719149,674.8308536081427
0.8937287137159919,-0.4486078312731049,1051.2922528876045,-0.1008241123991921,-0.994904265926584,1063.702067771561,0.52295517273284,0.8523601863719149,674.8308536081427,-90,0.4596563507876152,-0.8880968636250287,1068.2684711757863,-0.6515623209664015,-0.7585951106465662,1076.964720735202,0.9310789193497708,0.3648178256917591,668.8821768504913
0.4596563507876152,-0.8880968636250287,1068.2684711757863,-0.6515623209664015,-0.7585951106465662,1076.964720735202,0.9310789193497708,0.3648178256917591,668.8821768504913,-45,0.2031788127931751,-0.9791416496258116,1090.0369643682502,-0.820057356560164,-0.5722813398596499,1089.487846544949,0.9974486329631136,0.0713878463046493,666.9811569221054
0.2031788127931751,-0.9791416496258116,1090.0369643682502,-0.820057356560164,-0.5722813398596499,1089.487846544949,0.9974486329631136,0.0713878463046493,666.9811569221054,-90,-0.4250979638790894,-0.9051473477317672,1104.5267126219967,-0.9996551945111246,0.0262581813331683,1088.3892184763477,0.8260393818349953,-0.5636124019728975,676.4889200094522
-0.4250979638790894,-0.9051473477317672,1104.5267126219967,-0.9996551945111246,0.0262581813331683,1088.3892184763477,0.8260393818349953,-0.5636124019728975,676.4889200094522,90,0.0601329497905117,-0.998190376806695,1128.74959411172,-0.8803355588026781,-0.4743514561035694,1100.2153635572322,0.9911154409521108,-0.1330044461899778,678.7234239418678
0.0601329497905117,-0.998190376806695,1128.74959411172,-0.8803355588026781,-0.4743514561035694,1100.2153635572322,0.9911154409521108,-0.1330044461899778,678.7234239418678,90,0.5770018191897723,-0.8167428607901592,1139.707575793879,-0.4868273142526763,-0.8734982347420778,1112.6808088225305,0.916858225971494,0.3992129675604295,672.4449109941722
0.5770018191897723,-0.8167428607901592,1139.707575793879,-0.4868273142526763,-0.8734982347420778,1112.6808088225305,0.916858225971494,0.3992129675604295,672.4449109941722,-45,0.2874081849460214,-0.9578081933383288,1160.1738772548254,-0.7261203168053465,-0.6875676588689315,1127.2304615581031,0.9981557548075164,0.0607049350929303,670.8575299305318
0.2874081849460214,-0.9578081933383288,1160.1738772548254,-0.7261203168053465,-0.6875676588689315,1127.2304615581031,0.9981557548075164,0.0607049350929303,670.8575299305318,90,0.7370328830704126,-0.6758568852004954,1174.886905921372,-0.253531871091856,-0.967327033810522,1149.0452879262396,0.833772864237795,0.5521076080445763,657.8327763995154
0.7370328830704126,-0.6758568852004954,1174.886905921372,-0.253531871091856,-0.967327033810522,1149.0452879262396,0.833772864237795,0.5521076080445763,657.8327763995154,45,0.9082986354893832,-0.4183223503090944,1180.1828738625393,0.0636885447076943,-0.9979698238288652,1162.506832564197,0.62670023164701,0.7792604312125594,647.053580284077
0.9082986354893832,-0.4183223503090944,1180.1828738625393,0.0636885447076943,-0.9979698238288652,1162.506832564197,0.62670023164701,0.7792604312125594,647.053580284077,-45,0.7307157116415489,-0.6826818796190395,1192.002718166536,-0.2394287604534925,-0.9709139347376284,1179.3080683673838,0.8464001178286467,0.532547500735524,637.7210049201846
0.7307157116415489,-0.6826818796190395,1192.002718166536,-0.2394287604534925,-0.9709139347376284,1179.3080683673838,0.8464001178286467,0.532547500735524,637.7210049201846,0,0.7286654405179082,-0.6848698239774059,1205.7259175276056,-0.2265631919981343,-0.9739964681823114,1198.9925505180531,0.8557004273620602,0.517471524445923,626.996992176028
0.7286654405179082,-0.6848698239774059,1205.7259175276056,-0.2265631919981343,-0.9739964681823114,1198.9925505180531,0.8557004273620602,0.517471524445923,626.996992176028,90,0.992948989104744,-0.1185424187194902,1206.6083471515872,0.4019828678570963,-0.9156471885772294,1212.0482941763853,0.377272411261891,0.9261023311171604,613.1542900574742
0.992948989104744,-0.1185424187194902,1206.6083471515872,0.4019828678570963,-0.9156471885772294,1212.0482941763853,0.377272411261891,0.9261023311171604,613.1542900574742,45,0.9833991663697326,0.1814554479295541,1202.3340753916923,0.6597126669206065,-0.7515179286647131,1227.5694574434458,0.0703579864331509,0.9975218061501576,592.1687840877769
0.9833991663697326,0.1814554479295541,1202.3340753916923,0.6597126669206065,-0.7515179286647131,1227.5694574434458,0.0703579864331509,0.9975218061501576,592.1687840877769,90,0.7270598880288633,0.6865740449648943,1183.7399021167796,0.9607034327791336,-0.2775768618714256,1233.8839507277185,-0.5167977298075838,0.856107532069265,569.9965577645561
0.7270598880288633,0.6865740449648943,1183.7399021167796,0.9607034327791336,-0.2775768618714256,1233.8839507277185,-0.5167977298075838,0.856107532069265,569.9965577645561,0,0.7335358496469145,0.67965076126109,1167.7361337799275,0.9569924377797584,-0.2901128643000084,1240.5554941780288,-0.53987929230143,0.841742448581576,550.0813741032264
0.7335358496469145,0.67965076126109,1167.7361337799275,0.9569924377797584,-0.2901128643000084,1240.5554941780288,-0.53987929230143,0.841742448581576,550.0813741032264,-45,0.9212835599258544,0.3888915044203777,1160.2091360487998,0.8025428490357719,-0.5965944815882445,1252.2801217663332,-0.2436876087940414,0.9698537772882272,531.0786376527511
0.9212835599258544,0.3888915044203777,1160.2091360487998,0.8025428490357719,-0.5965944815882445,1252.2801217663332,-0.2436876087940414,0.9698537772882272,531.0786376527511,45,0.8188659953594816,0.5739847399051002,1147.398045850371,0.9098583822292388,-0.4149189370072093,1261.1308717263448,-0.4735000597844496,0.880793785959076,511.70174479011695
0.8188659953594816,0.5739847399051002,1147.398045850371,0.9098583822292388,-0.4149189370072093,1261.1308717263448,-0.4735000597844496,0.880793785959076,511.70174479011695,-45,0.9643425399598404,0.2646572606670815,1143.3534855314433,0.7199845808753931,-0.693990059944438,1272.043204013488,-0.1668349791226527,0.985984832409274,496.2852333859028
0.9643425399598404,0.2646572606670815,1143.3534855314433,0.7199845808753931,-0.693990059944438,1272.043204013488,-0.1668349791226527,0.985984832409274,496.2852333859028,-45,0.9980118194151304,-0.0630270442564224,1144.4811077916706,0.4634765997850574,-0.8861091588803728,1287.6896699484896,0.153069557649197,0.9882154170630404,478.9020422717469
0.9980118194151304,-0.0630270442564224,1144.4811077916706,0.4634765997850574,-0.8861091588803728,1287.6896699484896,0.153069557649197,0.9882154170630404,478.9020422717469,-45,0.9560880168701924,-0.2930796888172615,1150.7217768420696,0.2584863295392521,-0.9660149157447442,1308.8563128543065,0.3774423816388983,0.926033070976818,458.5329297864767
0.9560880168701924,-0.2930796888172615,1150.7217768420696,0.2584863295392521,-0.9660149157447442,1308.8563128543065,0.3774423816388983,0.926033070976818,458.5329297864767,45,0.99988578406426,0.0151135312286799,1149.7082375177629,0.5513108105813795,-0.834299940151084,1327.5676673586925,0.0564804537796651,0.9984037050917044,435.7462465887687
0.99988578406426,0.0151135312286799,1149.7082375177629,0.5513108105813795,-0.834299940151084,1327.5676673586925,0.0564804537796651,0.9984037050917044,435.7462465887687,0,0.9998588930385864,-0.0167986312434279,1149.759733846359,0.5342745311803476,-0.8453110228383514,1348.592275513415,0.0704309760538893,0.9975166553056126,410.7847192562669
0.9998588930385864,-0.0167986312434279,1149.759733846359,0.5342745311803476,-0.8453110228383514,1348.592275513415,0.0704309760538893,0.9975166553056126,410.7847192562669,0,0.9992149921303254,-0.0396156471863555,1150.3922710020004,0.5230142952796997,-0.8523239096335847,1365.475176332818,0.0798859744277013,0.9968040083635984,391.0022726035489
0.9992149921303254,-0.0396156471863555,1150.3922710020004,0.5230142952796997,-0.8523239096335847,1365.475176332818,0.0798859744277013,0.9968040083635984,391.0022726035489,-45,0.9369994659100112,-0.3493307900605868,1156.2251426626738,0.2414854356602648,-0.9704044437058046,1381.7894269841986,0.3898540699515676,0.9208766497974624,375.5066184840422
0.9369994659100112,-0.3493307900605868,1156.2251426626738,0.2414854356602648,-0.9704044437058046,1381.7894269841986,0.3898540699515676,0.9208766497974624,375.5066184840422,-90,0.590331928320584,-0.8071605877427991,1169.840691494188,-0.3204286261693146,-0.947272661661491,1397.4942302119175,0.8483107814815747,0.5294986478000865,366.6528105382529
0.590331928320584,-0.8071605877427991,1169.840691494188,-0.3204286261693146,-0.947272661661491,1397.4942302119175,0.8483107814815747,0.5294986478000865,366.6528105382529,-45,0.3084409017223904,-0.9512435072812212,1190.3955339842846,-0.5885964132192434,-0.8084270296974501,1414.8551895263804,0.9824227343582111,0.1866696842450208,362.0798908110335
0.3084409017223904,-0.9512435072812212,1190.3955339842846,-0.5885964132192434,-0.8084270296974501,1414.8551895263804,0.9824227343582111,0.1866696842450208,362.0798908110335,90,0.8605360671735013,-0.5093895141181877,1196.2103611144028,0.1014144158732223,-0.9948442673369,1427.5403840303256,0.6217782806358727,0.7831933156823403,351.47385114322515
0.8605360671735013,-0.5093895141181877,1196.2103611144028,0.1014144158732223,-0.9948442673369,1427.5403840303256,0.6217782806358727,0.7831933156823403,351.47385114322515,-45,0.719750383439062,-0.6942329476042773,1207.2474048642764,-0.1200493136379373,-0.9927679297273156,1443.3865097580515,0.802069201752062,0.5972311073619744,341.715988141512
0.719750383439062,-0.6942329476042773,1207.2474048642764,-0.1200493136379373,-0.9927679297273156,1443.3865097580515,0.802069201752062,0.5972311073619744,341.715988141512,0,0.7201647983542194,-0.6938030435299534,1222.6618064728857,-0.104608078148551,-0.9945135242851484,1465.5854437758107,0.8253856896995768,0.5645692723122238,328.6462733814884
-0.8563874113896828,-0.5163338083190739,1297.9968429878595,-0.934658270726737,0.3555473484110178,1430.1690684693365,0.1490879729701733,-0.9888239359540428,450.0987940513171,0,-0.8502225614594616,-0.5264233999218804,1310.2684383961212,-0.938832926634998,0.3443729604164129,1422.0376720245529,0.1382887093088334,-0.9903919592149852,473.2671345625111
-0.9999511999229396,0.0098791585002473,1301.110323666516,-0.584040723170496,0.8117243581897022,1353.797185087776,-0.3966727760364895,-0.9179600801513674,541.9846440182471,90,-0.8670825325217749,-0.4981645127822987,1310.597195891402,-0.915110050013631,0.4032041621363175,1347.260281414993,0.1067168797993475,-0.9942894485842096,559.5931109997747
-0.9794746985337672,-0.201567147452619,1342.3843324530435,-0.7381829970118569,0.6746005209919371,1297.003296840607,-0.2602868097713851,-0.9655313442136588,650.4048708423112,90,-0.6508066773619077,-0.7592434844640774,1356.0884748019034,-0.9971415774654288,0.0755557707243875,1296.8143087931105,0.3680392849130072,-0.9298102412647016,665.7759619350586
-0.6508066773619077,-0.7592434844640774,1356.0884748019034,-0.9971415774654288,0.0755557707243875,1296.8143087931105,0.3680392849130072,-0.9298102412647016,665.7759619350586,-90,-0.9761764144761632,-0.2169783579541109,1358.7093779762647,-0.7504268505650042,0.6609535096745375,1284.87534251407,-0.267373904363978,-0.9635928576246102,681.7668030937326
-0.9761764144761632,-0.2169783579541109,1358.7093779762647,-0.7504268505650042,0.6609535096745375,1284.87534251407,-0.267373904363978,-0.9635928576246102,681.7668030937326,-90,-0.9262231403748002,0.3769757210142889,1349.8099102492802,-0.2302159043603988,0.9731395775424632,1263.7295319043428,-0.7615442080241785,-0.6481129679498989,695.0161392422262
-0.9262231403748002,0.3769757210142889,1349.8099102492802,-0.2302159043603988,0.9731395775424632,1263.7295319043428,-0.7615442080241785,-0.6481129679498989,695.0161392422262,0,-0.9369804180567448,0.3493818772893177,1341.1657656905204,-0.2472308449484485,0.968956608577534,1240.1747018304477,-0.7360767221350372,-0.6768981157684953,711.2704204873418
-0.9369804180567448,0.3493818772893177,1341.1657656905204,-0.2472308449484485,0.968956608577534,1240.1747018304477,-0.7360767221350372,-0.6768981157684953,711.2704204873418,-45,-0.8054203778382841,0.5927039859515336,1328.836972252932,0.0406646442649602,0.999172851265888,1219.758049297622,-0.8872629828650916,-0.4612639149525357,720.3390998872267
-0.8054203778382841,0.5927039859515336,1328.836972252932,0.0406646442649602,0.999172851265888,1219.758049297622,-0.8872629828650916,-0.4612639149525357,720.3390998872267,-45,-0.6641092965565993,0.7476355009141143,1317.3195013582772,0.2586428739335724,0.9659730139933425,1205.1166369521334,-0.9604521904670604,-0.2784449493652658,724.2513573745099
-0.6641092965565993,0.7476355009141143,1317.3195013582772,0.2586428739335724,0.9659730139933425,1205.1166369521334,-0.9604521904670604,-0.2784449493652658,724.2513573745099,-90,-0.1670444503396848,0.9859493656424312,1293.0846794066078,0.7435357544913056,0.6686961804833679,1188.608122181609,-0.9697757253831062,0.2439980378152051,717.7957844095282
-0.1670444503396848,0.9859493656424312,1293.0846794066078,0.7435357544913056,0.6686961804833679,1188.608122181609,-0.9697757253831062,0.2439980378152051,717.7957844095282,45,-0.4637786391951047,0.8859511125487325,1274.1209585072918,0.5150046145333274,0.857187404835943,1169.7921768021615,-0.9959718754601944,-0.0896661769693725,719.8876418633258
-0.4637786391951047,0.8859511125487325,1274.1209585072918,0.5150046145333274,0.857187404835943,1169.7921768021615,-0.9959718754601944,-0.0896661769693725,719.8876418633258,-90,0.056489578886982,0.9984031888356384,1258.5414504894504,0.8869583693461818,0.4618493813428379,1163.0201024058397,-0.909627516871242,0.4154248193724807,712.7062386426052
0.056489578886982,0.9984031888356384,1258.5414504894504,0.8869583693461818,0.4618493813428379,1163.0201024058397,-0.909627516871242,0.4154248193724807,712.7062386426052,45,-0.2711208454865775,0.9625453169293606,1241.253371556876,0.6992522282426479,0.7148750389387587,1149.999848870126,-0.9971037119627438,0.0760538466490527,711.2460702185373
-0.2711208454865775,0.9625453169293606,1241.253371556876,0.6992522282426479,0.7148750389387587,1149.999848870126,-0.9971037119627438,0.0760538466490527,711.2460702185373,-90,0.3658825778499632,0.9306610227283968,1221.0505047961722,0.990876962719226,0.1347695987688677,1147.247498695459,-0.7678517602068222,0.6406275629000713,696.7606872255258
0.3658825778499632,0.9306610227283968,1221.0505047961722,0.990876962719226,0.1347695987688677,1147.247498695459,-0.7678517602068222,0.6406275629000713,696.7606872255258,0,0.3583268244575787,0.9335962119000633,1199.3532090583444,0.9915579657034308,0.1296641841453298,1143.9942797403091,-0.7936796684759415,0.6083359136594844,682.4114595158474
0.3583268244575787,0.9335962119000633,1199.3532090583444,0.9915579657034308,0.1296641841453298,1143.9942797403091,-0.7936796684759415,0.6083359136594844,682.4114595158474,-90,0.7993832696919714,0.6008214278274144,1186.2976993176976,0.9079913469882782,-0.4189889184625437,1153.191133943746,-0.3740352191747413,0.9274145000035868,662.0254915080404
0.7993832696919714,0.6008214278274144,1186.2976993176976,0.9079913469882782,-0.4189889184625437,1153.191133943746,-0.3740352191747413,0.9274145000035868,662.0254915080404,-45,0.9172116477457464,0.3984002927201894,1180.256158318296,0.7866029420285796,-0.6174591578331178,1162.8048637876705,-0.1633538672319223,0.9865675415603208,646.7812298206117
0.9172116477457464,0.3984002927201894,1180.256158318296,0.7866029420285796,-0.6174591578331178,1162.8048637876705,-0.1633538672319223,0.9865675415603208,646.7812298206117,-45,0.997557495358649,0.0698501499910981,1179.0353933631638,0.5415425880916085,-0.8406733166236707,1177.7559844055263,0.1647711277472354,0.9863318282712488,629.3078569373107
0.997557495358649,0.0698501499910981,1179.0353933631638,0.5415425880916085,-0.8406733166236707,1177.7559844055263,0.1647711277472354,0.9863318282712488,629.3078569373107,0,0.9991773305775868,0.0405544332946205,1177.9240892886078,0.5235543747585311,-0.8519922632695696,1194.9317571001266,0.1823518196689956,0.9832333465985612,609.3297630400111
0.9991773305775868,0.0405544332946205,1177.9240892886078,0.5235543747585311,-0.8519922632695696,1194.9317571001266,0.1823518196689956,0.9832333465985612,609.3297630400111,-45,0.9562788502423616,-0.2924564250946573,1183.7363810272448,0.2245963634029958,-0.9744518836485204,1215.0775891964588,0.4974891436466421,0.8674702023434181,591.2465304485755
0.9562788502423616,-0.2924564250946573,1183.7363810272448,0.2245963634029958,-0.9744518836485204,1215.0775891964588,0.4974891436466421,0.8674702023434181,591.2465304485755,0,0.9553085634163772,-0.2956104677837669,1190.4117065299297,0.2352761901848032,-0.97192855412943,1237.6754110199893,0.501179202751857,0.8653435194932779,571.0065070062677
0.9553085634163772,-0.2956104677837669,1190.4117065299297,0.2352761901848032,-0.97192855412943,1237.6754110199893,0.501179202751857,0.8653435194932779,571.0065070062677,45,0.9983630514675618,-0.0571945579961822,1191.2306092183264,0.4704510921279763,-0.882426070509929,1255.9359045503338,0.2707409335053937,0.9626522461016896,550.8659041351759
0.9983630514675618,-0.0571945579961822,1191.2306092183264,0.4704510921279763,-0.882426070509929,1255.9359045503338,0.2707409335053937,0.9626522461016896,550.8659041351759,-45,0.9282918134545964,-0.3718525367308616,1199.1494652535375,0.1787134234124865,-0.9839011699821224,1276.9279040015708,0.5676105034878167,0.823297222350657,533.282139226362
0.9282918134545964,-0.3718525367308616,1199.1494652535375,0.1787134234124865,-0.9839011699821224,1276.9279040015708,0.5676105034878167,0.823297222350657,533.282139226362,45,0.990802517347401,-0.1353158217580385,1201.955619725641,0.4230568081161021,-0.9061031603005342,1298.7642864623472,0.3462705322633266,0.9381347016745902,510.38083015533607
0.990802517347401,-0.1353158217580385,1201.955619725641,0.4230568081161021,-0.9061031603005342,1298.7642864623472,0.3462705322633266,0.9381347016745902,510.38083015533607,-90,0.693662655067376,-0.7203000214944315,1212.9036537035413,-0.2189249897447411,-0.9757416916711436,1312.82269677493,0.8621142708535148,0.5067139074376315,503.4421448065309
0.693662655067376,-0.7203000214944315,1212.9036537035413,-0.2189249897447411,-0.9757416916711436,1312.82269677493,0.8621142708535148,0.5067139074376315,503.4421448065309,0,0.684313026424071,-0.7291883720043324,1228.4236961802146,-0.2162882982438873,-0.9763295406996364,1333.7095550895106,0.8808780262302348,0.4733433245591679,492.9610708129598
0.684313026424071,-0.7291883720043324,1228.4236961802146,-0.2162882982438873,-0.9763295406996364,1333.7095550895106,0.8808780262302348,0.4733433245591679,492.9610708129598,45,0.8689542907208815,-0.4948923525755573,1237.6139947359072,0.0935731831090368,-0.9956124042029824,1353.097690474036,0.7117119692414909,0.7024714035734118,478.78195451183205
0.8689542907208815,-0.4948923525755573,1237.6139947359072,0.0935731831090368,-0.9956124042029824,1353.097690474036,0.7117119692414909,0.7024714035734118,478.78195451183205,-90,0.4862440587085115,-0.8738230457997052,1256.8687364588554,-0.4226038125532679,-0.906314524663178,1372.4270984965576,0.9806850579312238,0.1955934997652838,474.7448795802647
0.4862440587085115,-0.8738230457997052,1256.8687364588554,-0.4226038125532679,-0.906314524663178,1372.4270984965576,0.9806850579312238,0.1955934997652838,474.7448795802647,90,0.9214248702257072,-0.3885565705653919,1263.6456822395944,0.2366736098279589,-0.9715892148490548,1392.6489041545144,0.6603405767958755,0.7509662593198781,457.7482389291847
-0.909828249138578,-0.4149850082465989,1359.190641536744,-0.8891340877069747,0.4576467787251276,1389.62145638338,-0.064683955543995,-0.9979058001110036,566.299920573071,0,-0.9070611714026222,-0.4209988495633959,1369.750895565837,-0.8918623099209929,0.4523069976712617,1377.9590710552372,-0.071868123614541,-0.9974141430760468,591.691673004963
-0.9956001000814916,-0.0937040058787449,1372.3021843757374,-0.6760686985484865,0.7368385948380797,1322.8261583603569,-0.4011150813437698,-0.9160276696249852,655.583957432166,45,-0.9396665480413527,-0.342091769108887,1377.8922100484333,-0.8398938744663834,0.542750660648006,1314.3430901070526,-0.1639115410526677,-0.9864750410982224,671.2953318116815
-0.9396665480413527,-0.342091769108887,1377.8922100484333,-0.8398938744663834,0.542750660648006,1314.3430901070526,-0.1639115410526677,-0.9864750410982224,671.2953318116815,-45,-0.9981658725585824,-0.0605383420599178,1378.925726351091,-0.6469763549468116,0.7625100629760484,1298.2600720937558,-0.4390990329367236,-0.8984386675082692,690.0091584847868
-0.9981658725585824,-0.0605383420599178,1378.925726351091,-0.6469763549468116,0.7625100629760484,1298.2600720937558,-0.4390990329367236,-0.8984386675082692,690.0091584847868,90,-0.839951597433577,-0.542661325293025,1386.9459487947463,-0.938636846186422,0.3449070468709028,1294.0564535128133,0.0483155847978318,-0.9988321201611629,703.7822567230294
-0.839951597433577,-0.542661325293025,1386.9459487947463,-0.938636846186422,0.3449070468709028,1294.0564535128133,0.0483155847978318,-0.9988321201611629,703.7822567230294,-45,-0.9661715754476838,-0.2579001488889459,1390.8987322390442,-0.7861180031559848,0.6180764395396796,1284.311863740338,-0.2661556046598622,-0.9639300773957328,718.8686690517121
-0.9661715754476838,-0.2579001488889459,1390.8987322390442,-0.7861180031559848,0.6180764395396796,1284.311863740338,-0.2661556046598622,-0.9639300773957328,718.8686690517121,45,-0.8890479031694964,-0.457814182687607,1398.6442624114898,-0.9002437605337106,0.4353862326947456,1277.0466290533718,-0.064072234366524,-0.9979452634204348,735.6392137295156
-0.8890479031694964,-0.457814182687607,1398.6442624114898,-0.9002437605337106,0.4353862326947456,1277.0466290533718,-0.064072234366524,-0.9979452634204348,735.6392137295156,-90,-0.9967716957284308,0.0802881472863133,1396.0096871710489,-0.5289097089185685,0.8486781014092888,1257.5841946666671,-0.5790711229261889,-0.8152770293544414,753.4511574584049
-0.9967716957284308,0.0802881472863133,1396.0096871710489,-0.5289097089185685,0.8486781014092888,1257.5841946666671,-0.5790711229261889,-0.8152770293544414,753.4511574584049,45,-0.9867439773476702,-0.1622846978864632,1400.0127288282667,-0.7155610376076954,0.6985502139845055,1240.338131672638,-0.3706890484382596,-0.9287570346263536,776.4324831440078
-0.9867439773476702,-0.1622846978864632,1400.0127288282667,-0.7155610376076954,0.6985502139845055,1240.338131672638,-0.3706890484382596,-0.9287570346263536,776.4324831440078,-90,-0.9058450987711116,0.4236090851626707,1388.7981102915212,-0.1834410131184257,0.9830307191060133,1216.3861028264423,-0.8244517654313998,-0.5659322278127021,789.1287037925437
-0.9058450987711116,0.4236090851626707,1388.7981102915212,-0.1834410131184257,0.9830307191060133,1216.3861028264423,-0.8244517654313998,-0.5659322278127021,789.1287037925437,-90,-0.484456979697547,0.8748150860738116,1370.7396623294485,0.4417694682117729,0.8971286066979959,1198.6657006367743,-0.9999752294139456,0.0070385054185359,787.8703585508532
-0.484456979697547,0.8748150860738116,1370.7396623294485,0.4417694682117729,0.8971286066979959,1198.6657006367743,-0.9999752294139456,0.0070385054185359,787.8703585508532,0,-0.4913982057478104,0.8709350167422553,1349.9473484170114,0.4503034782125277,0.8928755666439191,1177.346339654615,-0.9997446337364484,-0.0225979493577321,788.0555840155693
-0.4913982057478104,0.8709350167422553,1349.9473484170114,0.4503034782125277,0.8928755666439191,1177.346339654615,-0.9997446337364484,-0.0225979493577321,788.0555840155693,90,-0.9759269652736204,-0.218097589284755,1357.3166595056034,-0.7246915745544075,0.6890733790895232,1167.2937394552623,-0.278053643138077,-0.9605655477569676,806.5472299694854
-0.9759269652736204,-0.218097589284755,1357.3166595056034,-0.7246915745544075,0.6890733790895232,1167.2937394552623,-0.278053643138077,-0.9605655477569676,806.5472299694854,90,-0.6425762184439624,-0.7662217717412219,1367.0507108693955,-0.9948088484658892,0.1017612648013561,1167.1522120479915,0.3521947672126452,-0.9359267310788972,817.1632677063501
-0.6425762184439624,-0.7662217717412219,1367.0507108693955,-0.9948088484658892,0.1017612648013561,1167.1522120479915,0.3521947672126452,-0.9359267310788972,817.1632677063501,-90,-0.963120713798266,-0.269069676204359,1370.296393206539,-0.7625078803399569,0.6469789273380286,1157.3722500711904,-0.2434077001757062,-0.9699240648087734,830.9522520788123
-0.963120713798266,-0.269069676204359,1370.296393206539,-0.7625078803399569,0.6469789273380286,1157.3722500711904,-0.2434077001757062,-0.9699240648087734,830.9522520788123,-90,-0.9329011852540054,0.3601324458469019,1361.6926650246191,-0.2133351212618137,0.9769790816779074,1135.398940453024,-0.7712189829046098,-0.6365699336346159,844.7061228509298
-0.9329011852540054,0.3601324458469019,1361.6926650246191,-0.2133351212618137,0.9769790816779074,1135.398940453024,-0.7712189829046098,-0.6365699336346159,844.7061228509298,0,-0.9416258100601188,0.3366613043232394,1354.8605875102317,-0.2282061879297252,0.973612826430806,1115.9146255823382,-0.7524432734645519,-0.658657058125053,857.7816572931424
-0.9416258100601188,0.3366613043232394,1354.8605875102317,-0.2282061879297252,0.973612826430806,1115.9146255823382,-0.7524432734645519,-0.658657058125053,857.7816572931424,-90,-0.5589093492262459,0.8292287617705348,1339.0651727355207,0.4064914764153314,0.9136545734585276,1099.4108316881411,-0.9950954585081307,-0.098919302749732,858.5363922590643
-0.5589093492262459,0.8292287617705348,1339.0651727355207,0.4064914764153314,0.9136545734585276,1099.4108316881411,-0.9950954585081307,-0.098919302749732,858.5363922590643,45,-0.8062703599105278,0.5915472142861871,1326.0529505393515,0.0886639279283822,0.9960615984387264,1077.5849793098082,-0.8989169634213434,-0.4381190396152067,867.9768358856819
-0.8062703599105278,0.5915472142861871,1326.0529505393515,0.0886639279283822,0.9960615984387264,1077.5849793098082,-0.8989169634213434,-0.4381190396152067,867.9768358856819,0,-0.8136757644451516,0.5813189747071725,1315.169093132199,0.0889673802125562,0.996034540193318,1059.07940378905,-0.8898509460486925,-0.4562513493856724,876.297656923816
-0.8136757644451516,0.5813189747071725,1315.169093132199,0.0889673802125562,0.996034540193318,1059.07940378905,-0.8898509460486925,-0.4562513493856724,876.297656923816,90,-0.9322285535222368,-0.3618700374413967,1349.7985351882887,-0.7874946135261788,0.6163215343205641,996.4308333228404,-0.1598041806933609,-0.987148734402736,974.613485232197
-0.9322285535222368,-0.3618700374413967,1349.7985351882887,-0.7874946135261788,0.6163215343205641,996.4308333228404,-0.1598041806933609,-0.987148734402736,974.613485232197,90,-0.537746744079042,-0.8431064222459638,1365.04292231587,-0.999798655070987,0.020066123647721,996.9928484019582,0.4413593179496579,-0.8973304588940536,989.7487861900362
-0.537746744079042,-0.8431064222459638,1365.04292231587,-0.999798655070987,0.020066123647721,996.9928484019582,0.4413593179496579,-0.8973304588940536,989.7487861900362,45,-0.2827598132611153,-0.95919074641311,1382.3809742202943,-0.962484247271399,-0.2713375642155143,1001.9385399745088,0.6612023540523797,-0.7502076025978354,1003.0540353770826
-0.2827598132611153,-0.95919074641311,1382.3809742202943,-0.962484247271399,-0.2713375642155143,1001.9385399745088,0.6612023540523797,-0.7502076025978354,1003.0540353770826,-90,-0.7641676092966503,-0.6450177244865771,1391.0400862844642,-0.9544005523386996,0.2985290366037865,996.6863707557608,0.1295222737308254,-0.9915765127349464,1017.566725895796
-0.7641676092966503,-0.6450177244865771,1391.0400862844642,-0.9544005523386996,0.2985290366037865,996.6863707557608,0.1295222737308254,-0.9915765127349464,1017.566725895796,-45,-0.8830252510590295,-0.46932547980281,1400.205459349752,-0.8722964252340328,0.4889774499135183,986.8857524520504,-0.093228941204632,-0.9956446979328836,1037.22940972229
-0.8830252510590295,-0.46932547980281,1400.205459349752,-0.8722964252340328,0.4889774499135183,986.8857524520504,-0.093228941204632,-0.9956446979328836,1037.22940972229,90,-0.4179489378571104,-0.9084705197991364,1419.2039627858146,-0.9880187963416188,-0.154333593477436,990.2968686141344,0.5151212315134016,-0.8571173296837,1054.7305475745736
-0.4179489378571104,-0.9084705197991364,1419.2039627858146,-0.9880187963416188,-0.154333593477436,990.2968686141344,0.5151212315134016,-0.8571173296837,1054.7305475745736,-90,-0.883206650454928,-0.4689840216811087,1427.013265773637,-0.8812445079592943,0.4726606787025776,980.417248264197,-0.1189832795595338,-0.9928962580175524,1073.230665185234
-0.9425714519064216,-0.3340045778893161,1444.8370363007864,-0.8069481651225877,0.5906222640616327,936.0976773106746,-0.2870906394830928,-0.9579034213954916,1136.922574965613,90,-0.5497747380066234,-0.8353129577887252,1460.8149680495371,-0.9995629631497628,-0.0295615070533602,937.189485044284,0.3373739220524089,-0.9413707222550396,1154.2497697108586
-0.5497747380066234,-0.8353129577887252,1460.8149680495371,-0.9995629631497628,-0.0295615070533602,937.189485044284,0.3373739220524089,-0.9413707222550396,1154.2497697108586,0,-0.5558585162986105,-0.8312769152684967,1482.147270859158,-0.9992028957409144,-0.0399195834518791,938.0130769425606,0.3146039889892117,-0.9492230138971958,1178.5150540045086
-0.5558585162986105,-0.8312769152684967,1482.147270859158,-0.9992028957409144,-0.0399195834518791,938.0130769425606,0.3146039889892117,-0.9492230138971958,1178.5150540045086,0,-0.5639357970731395,-0.8258186343135415,1496.7511745817271,-0.9991046681431812,-0.0423067618059278,938.6348377360496,0.2946811799504277,-0.9555956269170676,1195.4032619211728
-0.5639357970731395,-0.8258186343135415,1496.7511745817271,-0.9991046681431812,-0.0423067618059278,938.6348377360496,0.2946811799504277,-0.9555956269170676,1195.4032619211728,-45,-0.8024476886641381,-0.5967224706323556,1510.9276139925337,-0.961546150496162,0.2746434060122545,931.7871509766434,-0.0450467757635607,-0.9989848787610888,1219.326246221728
-0.7714425975053062,0.6362989224839738,1467.2673392607255,0.0764772196526321,0.9970713288798364,842.264236959667,-0.9777945207581122,-0.2095659208349813,1253.5717948570991,45,-0.9419970967663948,0.3356210209204476,1460.0459542776214,-0.2608154688474918,0.9653886736490452,820.899524060314,-0.847758557575562,-0.5303823413891178,1265.5655923745912
-0.0899333547591518,0.995947785630233,1384.3228908838068,0.8160303408270638,0.5780090681379194,779.6599426832829,-0.8623501006526824,0.5063124567935382,1220.571090197085,-90,0.5628876024576297,0.8265334518333189,1370.9842336664633,0.9963458796004984,-0.0854101176858408,782.23930415316,-0.3556370979107459,0.934624124763331,1204.2204154398062
0.5628876024576297,0.8265334518333189,1370.9842336664633,0.9963458796004984,-0.0854101176858408,782.23930415316,-0.3556370979107459,0.934624124763331,1204.2204154398062,90,-0.0564604743614149,0.99840483514198,1357.1203711799665,0.8509091976905016,0.5253127994687613,774.1862449512068,-0.8557803372523403,0.5173393609346488,1197.6078581370657
-0.0564604743614149,0.99840483514198,1357.1203711799665,0.8509091976905016,0.5253127994687613,774.1862449512068,-0.8557803372523403,0.5173393609346488,1197.6078581370657,45,-0.3773843030583419,0.92605674113694,1342.6999200097466,0.6477505401985472,0.761852503882799,761.9447454994227,-0.9790677116872925,0.2035348027522781,1194.647376925166
-0.3773843030583419,0.92605674113694,1342.6999200097466,0.6477505401985472,0.761852503882799,761.9447454994227,-0.9790677116872925,0.2035348027522781,1194.647376925166,0,-0.385470054129226,0.922720346242355,1318.0500801017577,0.6644951853633434,0.747292545546211,741.7145095360141,-0.983493012465287,0.1809461091926401,1189.61977692717
-0.385470054129226,0.922720346242355,1318.0500801017577,0.6644951853633434,0.747292545546211,741.7145095360141,-0.983493012465287,0.1809461091926401,1189.61977692717,45,-0.6765159988531796,0.7364279348963377,1302.5255347928346,0.3907659023841149,0.9204900920346336,721.7327821204742,-0.9852877866061336,-0.1709034158956044,1193.6082978881136
-0.6765159988531796,0.7364279348963377,1302.5255347928346,0.3907659023841149,0.9204900920346336,721.7327821204742,-0.9852877866061336,-0.1709034158956044,1193.6082978881136,-45,-0.4588928348261983,0.8884916241277547,1281.1493050262484,0.6423354739207926,0.7664236028091455,703.2495586697789,-0.9965649338377645,0.0828150508357756,1191.3058170634604
-0.4588928348261983,0.8884916241277547,1281.1493050262484,0.6423354739207926,0.7664236028091455,703.2495586697789,-0.9965649338377645,0.0828150508357756,1191.3058170634604,90,-0.8439940914573348,0.536352471407663,1268.9119799767234,0.1897782150078018,0.9818269853230012,679.5911807318047,-0.9018864833080223,-0.4319731140086017,1202.254773718303
-0.8439940914573348,0.536352471407663,1268.9119799767234,0.1897782150078018,0.9818269853230012,679.5911807318047,-0.9018864833080223,-0.4319731140086017,1202.254773718303,-45,-0.6493327620057259,0.7605044143106701,1250.4518372444968,0.495823756589494,0.8684231701201219,658.8830831552268,-0.9878060144312848,-0.1556896844796741,1205.4433098524946
-0.6493327620057259,0.7605044143106701,1250.4518372444968,0.495823756589494,0.8684231701201219,658.8830831552268,-0.9878060144312848,-0.1556896844796741,1205.4433098524946,-90,-0.0383221043526101,0.9992654383685988,1230.5301042840415,0.9376284134844896,0.3476391206791306,652.8374510927619,-0.8786980670821465,0.477377949748519,1194.7572312186664
-0.0383221043526101,0.9992654383685988,1230.5301042840415,0.9376284134844896,0.3476391206791306,652.8374510927619,-0.8786980670821465,0.477377949748519,1194.7572312186664,45,-0.3640150015888551,0.9313930849100532,1208.7530101023335,0.7937418595054485,0.6082547660880535,638.0311586681738,-0.9885980817026434,0.150578327968714,1191.3263362452174
-0.3640150015888551,0.9313930849100532,1208.7530101023335,0.7937418595054485,0.6082547660880535,638.0311586681738,-0.9885980817026434,0.150578327968714,1191.3263362452174,-45,-0.0763084143265654,0.9970842621879884,1188.3406717402663,0.9473022349709274,0.3203411862672142,631.4264106862393,-0.9077398690071145,0.4195334673359766,1182.369889718149
-0.0763084143265654,0.9970842621879884,1188.3406717402663,0.9473022349709274,0.3203411862672142,631.4264106862393,-0.9077398690071145,0.4195334673359766,1182.369889718149,45,-0.3782611041172532,0.9256989451825018,1167.985857798589,0.8243028545515882,0.5661491004833472,618.4613844190319,-0.9939503569882532,0.1098302683367568,1180.0041440679374
-0.3782611041172532,0.9256989451825018,1167.985857798589,0.8243028545515882,0.5661491004833472,618.4613844190319,-0.9939503569882532,0.1098302683367568,1180.0041440679374,90,-0.8784195373632381,0.4778902765055539,1158.920855213025,0.303992118127588,0.9526745467977522,598.2814961602022,-0.8404207785861909,-0.5419344193909265,1192.126850904588
-0.8784195373632381,0.4778902765055539,1158.920855213025,0.303992118127588,0.9526745467977522,598.2814961602022,-0.8404207785861909,-0.5419344193909265,1192.126850904588,-45,-0.700777658082464,0.7133797543612078,1141.7449674131688,0.5997478919645333,0.8001890189724541,579.2750388315537,-0.960603499091363,-0.2779225027474921,1198.2858534645638
-0.700777658082464,0.7133797543612078,1141.7449674131688,0.5997478919645333,0.8001890189724541,579.2750388315537,-0.960603499091363,-0.2779225027474921,1198.2858534645638,0,-0.704833927664247,0.7093723524450265,1123.818307140638,0.6290049147963651,0.7774013231028215,559.4572257683778,-0.9577155741505397,-0.2877166644973873,1205.3559024057788
-0.704833927664247,0.7093723524450265,1123.818307140638,0.6290049147963651,0.7774013231028215,559.4572257683778,-0.9577155741505397,-0.2877166644973873,1205.3559024057788,0,-0.7207151577805361,0.6932313187857116,1109.791637497559,0.6392471259963349,0.769001373149246,543.8089725809174,-0.9500451584175004,-0.3121124748667803,1211.5172828563002
-0.7207151577805361,0.6932313187857116,1109.791637497559,0.6392471259963349,0.769001373149246,543.8089725809174,-0.9500451584175004,-0.3121124748667803,1211.5172828563002,0,-0.7235411122171992,0.690281289715648,1092.854984353702,0.6709233230085541,0.7415267322512112,525.3641944658295,-0.9477812978772712,-0.318921011214494,1219.1961026950216
-0.7235411122171992,0.690281289715648,1092.854984353702,0.6709233230085541,0.7415267322512112,525.3641944658295,-0.9477812978772712,-0.318921011214494,1219.1961026950216,-90,-0.1395602534590793,0.990213580827105,1074.837219617915,0.9914532392522512,0.1304625401263451,523.8186791972677,-0.945422511292808,0.3258470118641578,1212.1397974969595
-0.1395602534590793,0.990213580827105,1074.837219617915,0.9914532392522512,0.1304625401263451,523.8186791972677,-0.945422511292808,0.3258470118641578,1212.1397974969595,-90,0.4932090914742332,0.8699107954768475,1056.074277026048,0.8529872314900834,-0.5219317799433973,535.7149228797813,-0.5676068524921727,0.823299739465481,1193.487393563958
0.4932090914742332,0.8699107954768475,1056.074277026048,0.8529872314900834,-0.5219317799433973,535.7149228797813,-0.5676068524921727,0.823299739465481,1193.487393563958,-45,0.6813745142996495,0.7319349501580839,1042.4186246630957,0.7002131261278105,-0.7139338750881057,548.9549608524364,-0.3780311343067721,0.9257928826118372,1176.1536077589951
0.6813745142996495,0.7319349501580839,1042.4186246630957,0.7002131261278105,-0.7139338750881057,548.9549608524364,-0.3780311343067721,0.9257928826118372,1176.1536077589951,-45,0.8355555332671527,0.5494059981713378,1028.4616876780633,0.5081154387998114,-0.8612889763913592,570.2743927458167,-0.1709643304148188,0.985277218718576,1151.5689484445168
0.8355555332671527,0.5494059981713378,1028.4616876780633,0.5081154387998114,-0.8612889763913592,570.2743927458167,-0.1709643304148188,0.985277218718576,1151.5689484445168,-45,0.9692715511809372,0.2459932114333643,1024.625401525382,0.2077441257845901,-0.9781832027805408,585.6756213562675,0.1480505301476545,0.9889797978336052,1136.039864375828
0.9692715511809372,0.2459932114333643,1024.625401525382,0.2077441257845901,-0.9781832027805408,585.6756213562675,0.1480505301476545,0.9889797978336052,1136.039864375828,0,0.9723932368685984,0.2333482223892217,1020.6873973765516,0.2043113189093897,-0.9789059632903998,601.3885625478076,0.1478679865374125,0.9890071074352154,1120.128069090012
0.9723932368685984,0.2333482223892217,1020.6873973765516,0.2043113189093897,-0.9789059632903998,601.3885625478076,0.1478679865374125,0.9890071074352154,1120.128069090012,90,0.6356015575109051,0.7720172667043864,1002.9088408673276,0.7429300432364971,-0.6693690692410402,615.7456480478338,-0.498659246306997,0.8667981057158222,1100.899293800231
0.6356015575109051,0.7720172667043864,1002.9088408673276,0.7429300432364971,-0.6693690692410402,615.7456480478338,-0.498659246306997,0.8667981057158222,1100.899293800231,0,0.6676504132590156,0.7444749328721992,954.5534658840731,0.69311383423621,-0.7208281437280176,660.093871529873,-0.5249229826421083,0.8511497296563707,1046.1484250484232
0.6676504132590156,0.7444749328721992,954.5534658840731,0.69311383423621,-0.7208281437280176,660.093871529873,-0.5249229826421083,0.8511497296563707,1046.1484250484232,45,0.3805260581316054,0.9247701979858682,936.4860474202852,0.8855327530131385,-0.4645769509359799,668.5565623138172,-0.7929117789946989,0.6093364511757539,1034.507286109126
0.3805260581316054,0.9247701979858682,936.4860474202852,0.8855327530131385,-0.4645769509359799,668.5565623138172,-0.7929117789946989,0.6093364511757539,1034.507286109126,90,-0.1881974174989852,0.9821312193626228,915.363187354945,0.9982521201866912,0.0590991078001683,666.1674299788335,-0.9982152186781518,0.0597191527010363,1033.7508697769515
-0.1881974174989852,0.9821312193626228,915.363187354945,0.9982521201866912,0.0590991078001683,666.1674299788335,-0.9982152186781518,0.0597191527010363,1033.7508697769515,45,-0.4945434181340794,0.8691529253130665,896.8245986338967,0.9411366160762752,0.3380264337008247,658.1064660940888,-0.9621461420614263,-0.2725340369867838,1039.9033997034771
-0.4945434181340794,0.8691529253130665,896.8245986338967,0.9411366160762752,0.3380264337008247,658.1064660940888,-0.9621461420614263,-0.2725340369867838,1039.9033997034771,0,-0.5072799336728772,0.861781334732217,874.0096566989463,0.9534419382750808,0.3015766409028673,649.6203814559777,-0.9553374318124964,-0.2955171591936812,1047.4439746368346
-0.5072799336728772,0.861781334732217,874.0096566989463,0.9534419382750808,0.3015766409028673,649.6203814559777,-0.9553374318124964,-0.2955171591936812,1047.4439746368346,0,-0.5211390355421218,0.8534717954532692,851.869904088987,0.9641302880516516,0.2654294400804839,642.207329055485,-0.9479538185259684,-0.3184078484303352,1055.46161156746
-0.5211390355421218,0.8534717954532692,851.869904088987,0.9641302880516516,0.2654294400804839,642.207329055485,-0.9479538185259684,-0.3184078484303352,1055.46161156746,0,-0.5331428946549849,0.8460252087727077,833.2903535501715,0.9723193542421968,0.2336558866496567,636.6640034741795,-0.9414428748424116,-0.3371725276597356,1062.71682649696
-0.5331428946549849,0.8460252087727077,833.2903535501715,0.9723193542421968,0.2336558866496567,636.6640034741795,-0.9414428748424116,-0.3371725276597356,1062.71682649696,-90,0.0332754139297565,0.9994462200778006,812.3106073980938,0.925388731995747,-0.3790193856457787,644.7015766162357,-0.9733897612555704,0.2291557825646634,1057.3207474042397
0.0332754139297565,0.9994462200778006,812.3106073980938,0.925388731995747,-0.3790193856457787,644.7015766162357,-0.9733897612555704,0.2291557825646634,1057.3207474042397,90,-0.5681799643240684,0.8229043250224781,792.2165964680704,0.9815945745711224,0.1909766770381581,638.2242487711146,-0.9175736764298078,-0.3975657786116485,1068.2020856183783
-0.5681799643240684,0.8229043250224781,792.2165964680704,0.9815945745711224,0.1909766770381581,638.2242487711146,-0.9175736764298078,-0.3975657786116485,1068.2020856183783,45,-0.7354022150346966,0.6776308597769598,774.8496213992638,0.9383815938249236,0.3456009033127604,628.7838863891014,-0.8102426804846528,-0.5860945305332963,1083.1074257812943
-0.7354022150346966,0.6776308597769598,774.8496213992638,0.9383815938249236,0.3456009033127604,628.7838863891014,-0.8102426804846528,-0.5860945305332963,1083.1074257812943,-90,-0.1827091901232239,0.9831670009944982,755.3439378954203,0.948222652875957,-0.3176063610397033,635.243588330776,-0.9999978036031671,0.0020958980989713,1082.3972951349058
-0.1827091901232239,0.9831670009944982,755.3439378954203,0.948222652875957,-0.3176063610397033,635.243588330776,-0.9999978036031671,0.0020958980989713,1082.3972951349058,45,-0.4292440098064566,0.9031885628401606,735.1961054102986,0.9937669297520776,-0.1114777526286266,636.9368771004478,-0.965229580418566,-0.2614036286760359,1088.449371082767
-0.4292440098064566,0.9031885628401606,735.1961054102986,0.9937669297520776,-0.1114777526286266,636.9368771004478,-0.965229580418566,-0.2614036286760359,1088.449371082767,-45,-0.142734988856747,0.9897609423270168,713.7220933252006,0.9018827947077938,-0.4319808150949061,646.1512473875651,-0.9997993204149902,0.020032945308259,1087.6305744601457
-0.142734988856747,0.9897609423270168,713.7220933252006,0.9018827947077938,-0.4319808150949061,646.1512473875651,-0.9997993204149902,0.020032945308259,1087.6305744601457,0,-0.1564641113455897,0.9876836446255628,693.6248784447758,0.8936588345581737,-0.4487470193952564,655.0358402389369,-0.9999670861204158,-0.0081133640276308,1087.59052588625
-0.1564641113455897,0.9876836446255628,693.6248784447758,0.8936588345581737,-0.4487470193952564,655.0358402389369,-0.9999670861204158,-0.0081133640276308,1087.59052588625,-45,0.052922980727676,0.9985985970903914,677.7840409725088,0.769611223749912,-0.6385127753445212,665.1484584639911,-0.9827071406183012,0.1851666162616858,1084.4223928880403
0.052922980727676,0.9985985970903914,677.7840409725088,0.769611223749912,-0.6385127753445212,665.1484584639911,-0.9827071406183012,0.1851666162616858,1084.4223928880403,-90,0.6613969887614757,0.750036014640132,662.3580285777546,0.2220037956594204,-0.97504580134105,685.7811764851888,-0.6807791516349148,0.7324887348616671,1068.4505033090722
0.6613969887614757,0.750036014640132,662.3580285777546,0.2220037956594204,-0.97504580134105,685.7811764851888,-0.6807791516349148,0.7324887348616671,1068.4505033090722,0,0.6829651168690201,0.7304509902382813,647.334216516192,0.2078960282692011,-0.9781509297802112,705.6431476834676,-0.6843089502274917,0.7291921973242365,1053.5661288560068
0.6829651168690201,0.7304509902382813,647.334216516192,0.2078960282692011,-0.9781509297802112,705.6431476834676,-0.6843089502274917,0.7291921973242365,1053.5661288560068,-45,0.8894555188938762,0.4570217499301597,635.5761401035807,-0.0973039482135646,-0.9952547119516952,730.3514372334502,-0.4383584420341887,0.8988002427110036,1031.2134550465128
0.8894555188938762,0.4570217499301597,635.5761401035807,-0.0973039482135646,-0.9952547119516952,730.3514372334502,-0.4383584420341887,0.8988002427110036,1031.2134550465128,90,0.5714574345661034,0.8206317081853026,616.0822159167077,0.3863026257239315,-0.9223720948504438,751.1348911938793,-0.8305749155750811,0.556906912883515,1018.9781630480808
0.5714574345661034,0.8206317081853026,616.0822159167077,0.3863026257239315,-0.9223720948504438,751.1348911938793,-0.8305749155750811,0.556906912883515,1018.9781630480808,-90,0.9611224487481904,0.2761225063486893,611.9465019853383,-0.2500262813568861,-0.9682390503542228,767.3155969300321,-0.3228944234926422,0.9464349905182892,1002.685654276599
0.9611224487481904,0.2761225063486893,611.9465019853383,-0.2500262813568861,-0.9682390503542228,767.3155969300321,-0.3228944234926422,0.9464349905182892,1002.685654276599,0,0.97211508239826,0.23450429969155,605.7457095906911,-0.2472384745307547,-0.9689546618452825,790.6858950857351,-0.3258890137737099,0.945408033973479,979.8864141764238
0.97211508239826,0.23450429969155,605.7457095906911,-0.2472384745307547,-0.9689546618452825,790.6858950857351,-0.3258890137737099,0.945408033973479,979.8864141764238,0,0.978574564457641,0.2058927434285586,601.3311032275147,-0.2383662218042991,-0.9711753416879692,810.1306411368602,-0.3352256507190378,0.9421378684141708,960.968498811912
0.978574564457641,0.2058927434285586,601.3311032275147,-0.2383662218042991,-0.9711753416879692,810.1306411368602,-0.3352256507190378,0.9421378684141708,960.968498811912,0,0.9841090480550144,0.1775651473016404,598.2100757391587,-0.2358798496712572,-0.971782226900176,825.972114974743,-0.3385981301052109,0.9409310847714908,945.611640535294
0.9841090480550144,0.1775651473016404,598.2100757391587,-0.2358798496712572,-0.971782226900176,825.972114974743,-0.3385981301052109,0.9409310847714908,945.611640535294,-45,0.9924183171853344,-0.1229059954397213,600.3788543844045,-0.4734612864225582,-0.8808146287721931,844.3463085677168,-0.0801226545275508,0.996785012041944,924.7752423113034
0.9924183171853344,-0.1229059954397213,600.3788543844045,-0.4734612864225582,-0.8808146287721931,844.3463085677168,-0.0801226545275508,0.996785012041944,924.7752423113034,0,0.9890340269672128,-0.1476878244846823,603.4072631993917,-0.4504040919876698,-0.8928248170390217,865.1439217157917,-0.0959686785988006,0.9953843542712534,901.499775530632
0.9890340269672128,-0.1476878244846823,603.4072631993917,-0.4504040919876698,-0.8928248170390217,865.1439217157917,-0.0959686785988006,0.9953843542712534,901.499775530632,45,0.9921822383475104,0.1247974595403454,599.4806944751099,-0.1506455680452667,-0.988587837689863,888.7562450122981,-0.4075845810907869,0.913167459591639,879.8988027315187
0.9921822383475104,0.1247974595403454,599.4806944751099,-0.1506455680452667,-0.988587837689863,888.7562450122981,-0.4075845810907869,0.913167459591639,879.8988027315187,0,0.9954300478402542,0.0954935592422289,597.4249627635759,-0.1469279633774339,-0.9891471951018004,906.7934859343997,-0.4162009040593493,0.9092726804760936,863.3035307080934
0.9954300478402542,0.0954935592422289,597.4249627635759,-0.1469279633774339,-0.9891471951018004,906.7934859343997,-0.4162009040593493,0.9092726804760936,863.3035307080934,-45,0.98792246962969,-0.1549490045168864,600.1480658926845,-0.3521355326336491,-0.9359490192616348,924.507447776777,-0.2123754445146317,0.9771881449174528,844.7291761237622
0.98792246962969,-0.1549490045168864,600.1480658926845,-0.3521355326336491,-0.9359490192616348,924.507447776777,-0.2123754445146317,0.9771881449174528,844.7291761237622,-45,0.9171033964841976,-0.3986494201139001,609.3188753047127,-0.5343710233144252,-0.8452500277680528,944.6995987098755,0.0039058688948853,0.9999923720649952,820.7301455427356
0.9171033964841976,-0.3986494201139001,609.3188753047127,-0.5343710233144252,-0.8452500277680528,944.6995987098755,0.0039058688948853,0.9999923720649952,820.7301455427356,45,0.9961721080611696,-0.0874135637127638,610.1910005928718,-0.2100611820629064,-0.9776882426368512,960.4992124955284,-0.3448802994093922,0.9386466742493088,805.713061334201
0.9961721080611696,-0.0874135637127638,610.1910005928718,-0.2100611820629064,-0.9776882426368512,960.4992124955284,-0.3448802994093922,0.9386466742493088,805.713061334201,90,0.8390888350881056,0.5439944180140877,599.4134895739751,0.4483815360005066,-0.893842266943014,975.7148617722546,-0.8713252313189114,0.4907059621270619,797.9243394478264
0.8390888350881056,0.5439944180140877,599.4134895739751,0.4483815360005066,-0.893842266943014,975.7148617722546,-0.8713252313189114,0.4907059621270619,797.9243394478264,-90,0.9923969115035244,-0.1230787148058752,602.1443414418507,-0.1958530239698454,-0.9806332612153572,994.577642987434,-0.3893846300478762,0.9210752465908952,779.7908744852301
0.9923969115035244,-0.1230787148058752,602.1443414418507,-0.1958530239698454,-0.9806332612153572,994.577642987434,-0.3893846300478762,0.9210752465908952,779.7908744852301,0,0.9881453181533568,-0.1535214324177608,604.5132945851924,-0.1954596692997569,-0.9807117403586182,1011.189637669534,-0.3945770849791125,0.9188628428712232,764.192428207872
0.9881453181533568,-0.1535214324177608,604.5132945851924,-0.1954596692997569,-0.9807117403586182,1011.189637669534,-0.3945770849791125,0.9188628428712232,764.192428207872,45,0.9998664846446188,0.0163405288902204,603.5267492435609,0.0107223092614676,-0.999942514389753,1033.8008207834332,-0.5900785051684007,0.8073458724352442,745.9298472728518
0.9998664846446188,0.0163405288902204,603.5267492435609,0.0107223092614676,-0.999942514389753,1033.8008207834332,-0.5900785051684007,0.8073458724352442,745.9298472728518,-90,0.7948028422517465,-0.606867730192128,618.6716651179959,-0.5747053113783852,-0.8183604371384734,1053.1797516188171,0.0073358322497691,0.9999730924205928,721.5575411704001
0.7948028422517465,-0.606867730192128,618.6716651179959,-0.5747053113783852,-0.8183604371384734,1053.1797516188171,0.0073358322497691,0.9999730924205928,721.5575411704001,-90,0.3317662285106792,-0.9433616324717684,639.4980479966788,-0.9179304072543896,-0.3967414365021514,1060.974944752025,0.5605732524591222,0.8281048415674197,703.7600396382012
0.3317662285106792,-0.9433616324717684,639.4980479966788,-0.9179304072543896,-0.3967414365021514,1060.974944752025,0.5605732524591222,0.8281048415674197,703.7600396382012,-90,-0.32385862665444,-0.9461054856312272,656.4558376174487,-0.9678179865143324,0.2516512367927956,1055.2020217674085,0.96339239714932,0.26809529856916,699.632339691374
-0.32385862665444,-0.9461054856312272,656.4558376174487,-0.9678179865143324,0.2516512367927956,1055.2020217674085,0.96339239714932,0.26809529856916,699.632339691374,-90,-0.7992134394389646,-0.6010473177879928,668.1235916429721,-0.649118195459612,0.7606875628819344,1038.78845474423,0.9293834303864352,-0.3691157532849852,707.7746122247569
-0.7992134394389646,-0.6010473177879928,668.1235916429721,-0.649118195459612,0.7606875628819344,1038.78845474423,0.9293834303864352,-0.3691157532849852,707.7746122247569,90,-0.250291096180494,-0.9681706291624256,689.5020988672402,-0.9842636817665522,0.1767059839262698,1035.4035852469942,0.9668732563460328,0.2552569414586383,701.1688963026878
-0.250291096180494,-0.9681706291624256,689.5020988672402,-0.9842636817665522,0.1767059839262698,1035.4035852469942,0.9668732563460328,0.2552569414586383,701.1688963026878,90,0.3126394042447781,-0.9498718876319427,710.9129013041207,-0.9110592545016982,-0.41227543558501,1045.63245609566,0.6824264681264224,0.7309542500050855,683.512452878982
0.3126394042447781,-0.9498718876319427,710.9129013041207,-0.9110592545016982,-0.41227543558501,1045.63245609566,0.6824264681264224,0.7309542500050855,683.512452878982,90,0.8276023944704499,-0.5613147750298203,716.2551403059502,-0.4534151977591651,-0.8912994213175599,1056.523765002329,0.0790917344684617,0.9968673419963012,671.8785738618968
0.8276023944704499,-0.5613147750298203,716.2551403059502,-0.4534151977591651,-0.8912994213175599,1056.523765002329,0.0790917344684617,0.9968673419963012,671.8785738618968,90,0.9991051839972136,0.0422945777836131,714.2906972015246,0.1880660559785905,-0.9821563819416222,1074.4481746964998,-0.5658581867505749,0.824502584888217,657.1173229406146
0.9991051839972136,0.0422945777836131,714.2906972015246,0.1880660559785905,-0.9821563819416222,1074.4481746964998,-0.5658581867505749,0.824502584888217,657.1173229406146,-45,0.9463890914793028,-0.3230289267681456,720.1942101560732,-0.1529260134183737,-0.9882376406613762,1093.721984940565,-0.261039654126377,0.965328078413542,638.3310899073693
0.9463890914793028,-0.3230289267681456,720.1942101560732,-0.1529260134183737,-0.9882376406613762,1093.721984940565,-0.261039654126377,0.965328078413542,638.3310899073693,0,0.938897805916046,-0.3441960343264214,728.8510838777754,-0.138196042138734,-0.9904048939384282,1119.5295719496685,-0.2830876137759242,0.9590940532224425,613.2491226816456
0.938897805916046,-0.3441960343264214,728.8510838777754,-0.138196042138734,-0.9904048939384282,1119.5295719496685,-0.2830876137759242,0.9590940532224425,613.2491226816456,-45,0.773876399418465,-0.6333366548867296,744.8843528624091,-0.4231503453704609,-0.9060594821604484,1142.075294864244,0.0228237348952262,0.9997395046337983,588.1086116860133
0.773876399418465,-0.6333366548867296,744.8843528624091,-0.4231503453704609,-0.9060594821604484,1142.075294864244,0.0228237348952262,0.9997395046337983,588.1086116860133,0,0.7595359720573008,-0.6504653004972449,758.7950322130542,-0.4161183325546125,-0.9093104713528648,1161.8264504267452,0.0237314623078885,0.999718369190408,566.3790788078335
0.7595359720573008,-0.6504653004972449,758.7950322130542,-0.4161183325546125,-0.9093104713528648,1161.8264504267452,0.0237314623078885,0.999718369190408,566.3790788078335,45,0.9196028237637728,-0.3928493942030395,767.1133846210221,-0.0953349198350468,-0.9954452536729708,1184.418331867892,-0.3160492770264712,0.9487427757253516,544.9275042285167
0.9196028237637728,-0.3928493942030395,767.1133846210221,-0.0953349198350468,-0.9954452536729708,1184.418331867892,-0.3160492770264712,0.9487427757253516,544.9275042285167,-45,0.7441973030956905,-0.6679598596211458,782.9263216991111,-0.3826995837287119,-0.9238728422320198,1206.065050156624,-0.0165651149059216,0.9998627890706572,521.3204246999152
0.7441973030956905,-0.6679598596211458,782.9263216991111,-0.3826995837287119,-0.9238728422320198,1206.065050156624,-0.0165651149059216,0.9998627890706572,521.3204246999152,90,0.9840526331404074,-0.1778775286803559,785.8262409155092,0.1838285370266423,-0.9829583251464146,1228.5657983646622,-0.5856562420294035,0.8105595389433133,502.9465189375507
0.9840526331404074,-0.1778775286803559,785.8262409155092,0.1838285370266423,-0.9829583251464146,1228.5657983646622,-0.5856562420294035,0.8105595389433133,502.9465189375507,90,0.8966159019125385,0.4428091286746077,775.1472799080765,0.7400308963264787,-0.6725728752203947,1242.3804673081793,-0.9711281942392842,0.2385582326258035,498.2084960625321
0.8966159019125385,0.4428091286746077,775.1472799080765,0.7400308963264787,-0.6725728752203947,1242.3804673081793,-0.9711281942392842,0.2385582326258035,498.2084960625321,0,0.900789476668574,0.4342560520282436,767.7950484372311,0.7400031857096495,-0.6726033639074145,1253.5512579885717,-0.9804165452301092,0.196935009175762,494.62724996175655
0.900789476668574,0.4342560520282436,767.7950484372311,0.7400031857096495,-0.6726033639074145,1253.5512579885717,-0.9804165452301092,0.196935009175762,494.62724996175655,45,0.7326783326165536,0.6805750957199557,751.2739245946714,0.9077063941454834,-0.4196058889331803,1263.2919653729616,-0.9853548236898853,-0.1705164843382463,498.23772415974287
0.7326783326165536,0.6805750957199557,751.2739245946714,0.9077063941454834,-0.4196058889331803,1263.2919653729616,-0.9853548236898853,-0.1705164843382463,498.23772415974287,-90,0.9873362291401964,0.1586416421599878,748.2082966255052,0.5378430393428939,-0.8430449958515847,1281.4025343892683,-0.9392184055851308,0.3433202391501624,490.0285452289897
0.9873362291401964,0.1586416421599878,748.2082966255052,0.5378430393428939,-0.8430449958515847,1281.4025343892683,-0.9392184055851308,0.3433202391501624,490.0285452289897,0,0.990578999871582,0.1369424879773131,745.5921661740083,0.5326577439353573,-0.846330743755475,1296.0993473727428,-0.9506430767445604,0.3102865460145441,484.3710956075414
0.990578999871582,0.1369424879773131,745.5921661740083,0.5326577439353573,-0.846330743755475,1296.0993473727428,-0.9506430767445604,0.3102865460145441,484.3710956075414,90,0.771203888839725,0.6365882199966356,731.6594561405462,0.900596539709191,-0.4346560394885037,1304.791032985696,-0.9552802040513024,-0.295702099667388,490.58116531301937
0.771203888839725,0.6365882199966356,731.6594561405462,0.900596539709191,-0.4346560394885037,1304.791032985696,-0.9552802040513024,-0.295702099667388,490.58116531301937,-90,0.9949396780687512,0.1004740613514247,729.6783574454981,0.5263384610900871,-0.8502751462775558,1324.6790197343505,-0.9775609311606992,0.2106528563020842,484.5421192469856
0.9949396780687512,0.1004740613514247,729.6783574454981,0.5263384610900871,-0.8502751462775558,1324.6790197343505,-0.9775609311606992,0.2106528563020842,484.5421192469856,45,0.958402334472382,0.2854206812371671,721.8893323827414,0.6912082573656503,-0.722655619883732,1342.8944441794374,-0.9980490297869898,-0.0624350393709198,485.5792913706267
0.958402334472382,0.2854206812371671,721.8893323827414,0.6912082573656503,-0.722655619883732,1342.8944441794374,-0.9980490297869898,-0.0624350393709198,485.5792913706267,45,0.8209941372982554,0.5709366221586187,712.7627187615244,0.8858841060289177,-0.4639066184970261,1349.718064358746,-0.9103807901666588,-0.4137714549066065,492.0045256461774
0.8209941372982554,0.5709366221586187,712.7627187615244,0.8858841060289177,-0.4639066184970261,1349.718064358746,-0.9103807901666588,-0.4137714549066065,492.0045256461774,-90,0.999737715802558,0.0229019562894539,712.8446563362877,0.5005543105365984,-0.8657051358304574,1366.9056383186075,-0.9958005973365376,0.0915487320731152,489.05883497509785
0.999737715802558,0.0229019562894539,712.8446563362877,0.5005543105365984,-0.8657051358304574,1366.9056383186075,-0.9958005973365376,0.0915487320731152,489.05883497509785,45,0.9747306847271912,0.2233832855234714,706.5208629378328,0.6800814535447421,-0.7331365606382421,1384.7208995918347,-0.98121397016271,-0.1929226393079164,493.6200662112714
0.3798821480765,-0.9250348931650006,761.6824125546093,-0.5497317946833552,-0.8353412200497575,1451.4183744169047,-0.4958579461296036,0.8684036488063205,440.64482022941104,-90,-0.3008089935564398,-0.9536844076504354,774.2116097301822,-0.9564847189439984,-0.2917824230940248,1454.3685697377402,0.1896738038241639,0.9818471612949098,427.6001130039608
-0.3008089935564398,-0.9536844076504354,774.2116097301822,-0.9564847189439984,-0.2917824230940248,1454.3685697377402,0.1896738038241639,0.9818471612949098,427.6001130039608,-45,-0.5781657835291989,-0.8159193138761134,786.4929876792672,-0.999874182757082,0.0158624921074043,1453.9409409149532,0.5067807494233625,0.8620749805056954,414.4881417708594
-0.5781657835291989,-0.8159193138761134,786.4929876792672,-0.999874182757082,0.0158624921074043,1453.9409409149532,0.5067807494233625,0.8620749805056954,414.4881417708594,-45,-0.7948435261024789,-0.6068144436423527,800.2959816443539,-0.9472781417772378,0.3204124250260332,1446.6255279912975,0.7830784396247366,0.6219229513331116,399.7528964699318
-0.7948435261024789,-0.6068144436423527,800.2959816443539,-0.9472781417772378,0.3204124250260332,1446.6255279912975,0.7830784396247366,0.6219229513331116,399.7528964699318,-45,-0.935703225137534,-0.3527881438869751,807.3945960276734,-0.8076441859724337,0.5896701356393462,1433.9926198187666,0.9539962602705157,0.2998185040818372,393.0205512370696
-0.935703225137534,-0.3527881438869751,807.3945960276734,-0.8076441859724337,0.5896701356393462,1433.9926198187666,0.9539962602705157,0.2998185040818372,393.0205512370696,90,-0.5036559880459494,-0.8639043035576675,824.0524190969468,-0.9985355481083568,-0.0540995301637958,1435.8468126577884,0.5813085421991422,0.8136832176998049,377.0542526209325
-0.5036559880459494,-0.8639043035576675,824.0524190969468,-0.9985355481083568,-0.0540995301637958,1435.8468126577884,0.5813085421991422,0.8136832176998049,377.0542526209325,45,-0.1870719492789863,-0.9823462148310852,844.2808366555408,-0.9200985438732158,-0.391686953525884,1443.961983967646,0.2962521201229328,0.955109774488078,357.3096852084757
-0.1870719492789863,-0.9823462148310852,844.2808366555408,-0.9200985438732158,-0.391686953525884,1443.961983967646,0.2962521201229328,0.955109774488078,357.3096852084757,90,0.4323761293059786,-0.901693341888682,855.8188922566328,-0.4978139265215247,-0.8672838604293418,1456.071473638355,-0.350881195370969,0.9364199841604406,345.1465432875867
0.4323761293059786,-0.901693341888682,855.8188922566328,-0.4978139265215247,-0.8672838604293418,1456.071473638355,-0.350881195370969,0.9364199841604406,345.1465432875867,-90,-0.1974044148392015,-0.980322139402142,868.5251369921598,-0.9177058712327626,-0.3972605365561953,1460.6039550772311,0.2996939815576876,0.9540353858312072,332.8175379802723
-0.1974044148392015,-0.980322139402142,868.5251369921598,-0.9177058712327626,-0.3972605365561953,1460.6039550772311,0.2996939815576876,0.9540353858312072,332.8175379802723,0,-0.1768820692100003,-0.9842320527152064,893.0497964869876,-0.9048653742803642,-0.4256978440495752,1470.980631757417,0.306819059435619,0.951767862856822,309.01096906978887
-0.1768820692100003,-0.9842320527152064,893.0497964869876,-0.9048653742803642,-0.4256978440495752,1470.980631757417,0.306819059435619,0.951767862856822,309.01096906978887,90,0.4618906049253873,-0.8869369025368489,906.6400019619527,-0.4436678122176783,-0.8961913146209234,1485.694562538872,-0.3686061910323489,0.9295856474433238,294.5300208086945
-0.973706998567596,-0.2278040406588159,1004.1105680681834,-0.7590437038791105,0.6510396728322178,1478.447629409378,0.9302385714470098,-0.3669553108925206,229.5744604833255,-90,-0.9060978806844197,0.4230681158149398,997.9333642492668,-0.183846199465791,0.9829550218305946,1465.523264735794,0.4729656152620871,-0.8810808854922205,241.29525374913607
-0.9060978806844197,0.4230681158149398,997.9333642492668,-0.183846199465791,0.9829550218305946,1465.523264735794,0.4729656152620871,-0.8810808854922205,241.29525374913607,0,-0.9150877993296236,0.4032546583959901,988.6324057014772,-0.1876346578851229,0.9822388890490606,1443.218082482024,0.436843764251348,-0.8995373953509174,261.4867369544582
-0.9150877993296236,0.4032546583959901,988.6324057014772,-0.1876346578851229,0.9822388890490606,1443.218082482024,0.436843764251348,-0.8995373953509174,261.4867369544582,0,-0.9286093867829486,0.3710587645893791,979.417152008479,-0.2029164927600056,0.9791960462369008,1419.4958674291377,0.4130966989192193,-0.9106871676607966,283.3415565151007
-0.9286093867829486,0.3710587645893791,979.417152008479,-0.2029164927600056,0.9791960462369008,1419.4958674291377,0.4130966989192193,-0.9106871676607966,283.3415565151007,90,-0.9815660136621568,-0.1911234177786244,984.8595145093792,-0.6927947174004518,0.7211348553093436,1403.0088892518286,0.786903228956664,-0.6170764201114609,296.45792841421866
-0.9815660136621568,-0.1911234177786244,984.8595145093792,-0.6927947174004518,0.7211348553093436,1403.0088892518286,0.786903228956664,-0.6170764201114609,296.45792841421866,-90,-0.9630970014865292,0.2691545387461562,965.490786811899,-0.246420749325841,0.969162945175728,1340.7448897604122,0.3073121133747976,-0.951608777267799,356.8774291247066
-0.9630970014865292,0.2691545387461562,965.490786811899,-0.246420749325841,0.969162945175728,1340.7448897604122,0.3073121133747976,-0.951608777267799,356.8774291247066,-90,-0.6511639822654263,0.7589370647163252,954.0190293853892,0.3462322124432925,0.9381488448357344,1327.4789295613848,-0.2695970326710133,-0.9629732291060767,370.5174603570526
-0.6511639822654263,0.7589370647163252,954.0190293853892,0.3462322124432925,0.9381488448357344,1327.4789295613848,-0.2695970326710133,-0.9629732291060767,370.5174603570526,0,-0.6581840315078181,0.7528570785136548,941.5675205107704,0.3522598778058187,0.93590222699181,1312.0659570619157,-0.2604301745561382,-0.9654926846852128,386.380066360572
-0.6581840315078181,0.7528570785136548,941.5675205107704,0.3522598778058187,0.93590222699181,1312.0659570619157,-0.2604301745561382,-0.9654926846852128,386.380066360572,-45,-0.3910363170168977,0.9203752488924614,921.9124424269204,0.6409322071340203,0.7675974894815076,1295.862489426085,-0.5303698306926158,-0.847766384501701,404.0686965128207
-0.3910363170168977,0.9203752488924614,921.9124424269204,0.6409322071340203,0.7675974894815076,1295.862489426085,-0.5303698306926158,-0.847766384501701,404.0686965128207,-90,0.1565794936183188,0.9876653594098715,898.7760985731485,0.9544005181150752,0.2985291460170612,1289.063006748068,-0.8734650960391451,-0.4868867691787558,414.5984025130464
0.1565794936183188,0.9876653594098715,898.7760985731485,0.9544005181150752,0.2985291460170612,1289.063006748068,-0.8734650960391451,-0.4868867691787558,414.5984025130464,45,-0.1724754373781006,0.9850138189392232,876.1417014790816,0.8170012373396465,0.5766359147551309,1275.5105805404594,-0.6448944600580861,-0.7642716371725367,432.038749501315
-0.1724754373781006,0.9850138189392232,876.1417014790816,0.8170012373396465,0.5766359147551309,1275.5105805404594,-0.6448944600580861,-0.7642716371725367,432.038749501315,0,-0.1757307793908672,0.9844382627542868,860.6111005302802,0.8227496602889405,0.5684039026030987,1266.469370476815,-0.6271415148557812,-0.7789053346488237,444.2190747322092
-0.1757307793908672,0.9844382627542868,860.6111005302802,0.8227496602889405,0.5684039026030987,1266.469370476815,-0.6271415148557812,-0.7789053346488237,444.2190747322092,90,-0.6704360110250612,0.7419673544845514,843.6331118298345,0.4203364024159634,0.9073683424078698,1245.2798992096878,-0.1319057014040491,-0.9912622689970126,467.1722887497609
-0.6704360110250612,0.7419673544845514,843.6331118298345,0.4203364024159634,0.9073683424078698,1245.2798992096878,-0.1319057014040491,-0.9912622689970126,467.1722887497609,90,-0.971358691606818,0.2376179543719095,838.4778626810908,-0.1374007860614931,0.9905155344514712,1221.7213783045013,0.4020448834423606,-0.9156199602989324,488.5868665920626
-0.971358691606818,0.2376179543719095,838.4778626810908,-0.1374007860614931,0.9905155344514712,1221.7213783045013,0.4020448834423606,-0.9156199602989324,488.5868665920626,-90,-0.7139730684837141,0.700173162496214,827.6463426581972,0.4034670445822927,0.9149941769956956,1208.4221731313482,-0.128614848275382,-0.9916946207392175,503.1588899299008
-0.7139730684837141,0.700173162496214,827.6463426581972,0.4034670445822927,0.9149941769956956,1208.4221731313482,-0.128614848275382,-0.9916946207392175,503.1588899299008,-90,-0.2530655635183335,0.9674491307356414,806.6762303300192,0.8279901111753166,0.5607427001717337,1196.709146191943,-0.603164560191672,-0.7976167709676039,519.7823203798393
-0.2530655635183335,0.9674491307356414,806.6762303300192,0.8279901111753166,0.5607427001717337,1196.709146191943,-0.603164560191672,-0.7976167709676039,519.7823203798393,90,-0.8253316164860213,0.5646483178302855,797.233828455874,0.2799676192077427,0.960009443805189,1178.4746824749398,0.0431162700501832,-0.9990700612354269,538.260844976123
-0.8253316164860213,0.5646483178302855,797.233828455874,0.2799676192077427,0.960009443805189,1178.4746824749398,0.0431162700501832,-0.9990700612354269,538.260844976123,45,-0.9715468849425468,0.2368473144420967,792.5720284271014,-0.0528385975352791,0.9986030655923828,1157.5939962893078,0.3555398481200876,-0.9346611238297788,557.5675207946119
-0.9715468849425468,0.2368473144420967,792.5720284271014,-0.0528385975352791,0.9986030655923828,1157.5939962893078,0.3555398481200876,-0.9346611238297788,557.5675207946119,45,-0.9943710950602898,-0.1059534110286227,794.8188967624009,-0.3685697428849553,0.9296000993059962,1136.9369193805785,0.6101116441263384,-0.7923154559274078,574.9202019851102
-0.9943710950602898,-0.1059534110286227,794.8188967624009,-0.3685697428849553,0.9296000993059962,1136.9369193805785,0.6101116441263384,-0.7923154559274078,574.9202019851102,90,-0.7125879404173553,-0.701582801365421,807.6501851793076,-0.8660710328281271,0.4999209598486757,1128.4066029672858,0.9586269255136928,-0.2846654486940153,579.1886235244698
-0.7125879404173553,-0.701582801365421,807.6501851793076,-0.8660710328281271,0.4999209598486757,1128.4066029672858,0.9586269255136928,-0.2846654486940153,579.1886235244698,0,-0.7014973162400853,-0.7126720952218893,820.1744715676538,-0.8730057191410252,0.4877099694973042,1119.7032123787446,0.9500737616838358,-0.3120253953766036,584.4342938357399
-0.7014973162400853,-0.7126720952218893,820.1744715676538,-0.8730057191410252,0.4877099694973042,1119.7032123787446,0.9500737616838358,-0.3120253953766036,584.4342938357399,0,-0.6874305033710375,-0.7262501656006984,833.5819218131893,-0.8819402510124059,0.4713612135551401,1110.8354785357596,0.9416509388718272,-0.3365910119444761,590.4142447246425
-0.6874305033710375,-0.7262501656006984,833.5819218131893,-0.8819402510124059,0.4713612135551401,1110.8354785357596,0.9416509388718272,-0.3365910119444761,590.4142447246425,-45,-0.863360037372608,-0.5045883925220326,845.4662279478997,-0.7075880306649772,0.7066252039516134,1093.3540060750909,0.7747915532212504,-0.6322167737864935,605.6624989220069
-0.863360037372608,-0.5045883925220326,845.4662279478997,-0.7075880306649772,0.7066252039516134,1093.3540060750909,0.7747915532212504,-0.6322167737864935,605.6624989220069,0,-0.8466203412097981,-0.5321973298033399,858.4798772094604,-0.7241676373218335,0.6896239794668638,1075.915953768495,0.7593137921460753,-0.6507246461113538,621.6818636357103
-0.8466203412097981,-0.5321973298033399,858.4798772094604,-0.7241676373218335,0.6896239794668638,1075.915953768495,0.7593137921460753,-0.6507246461113538,621.6818636357103,-45,-0.9368295514083714,-0.3497862084302204,866.8315986928603,-0.5576898159980388,0.8300494377638441,1055.0759501061618,0.5714594711693886,-0.8206302899666834,642.0358716554863
-0.9368295514083714,-0.3497862084302204,866.8315986928603,-0.5576898159980388,0.8300494377638441,1055.0759501061618,0.5714594711693886,-0.8206302899666834,642.0358716554863,45,-0.7661950926140605,-0.6426080298705668,880.6500471550773,-0.8016777678517859,0.59775643579319,1042.6086636673608,0.7858256702219891,-0.6184480705929655,654.5842234229603
-0.7661950926140605,-0.6426080298705668,880.6500471550773,-0.8016777678517859,0.59775643579319,1042.6086636673608,0.7858256702219891,-0.6184480705929655,654.5842234229603,45,-0.5204212277639789,-0.8539096823977538,899.2028831130436,-0.9530219680618336,0.302901185853653,1036.1856131981424,0.9270109598623214,-0.3750342388304534,662.0586567660074
-0.5204212277639789,-0.8539096823977538,899.2028831130436,-0.9530219680618336,0.302901185853653,1036.1856131981424,0.9270109598623214,-0.3750342388304534,662.0586567660074,-45,-0.7148637866388461,-0.699263731758176,914.0301952715396,-0.8491294056415358,0.5281848658139042,1024.543862344667,0.78009310285249,-0.6256634485743708,675.4189202769851
-0.7148637866388461,-0.699263731758176,914.0301952715396,-0.8491294056415358,0.5281848658139042,1024.543862344667,0.78009310285249,-0.6256634485743708,675.4189202769851,-45,-0.8640929756506593,-0.5033322257030529,926.2135469700032,-0.689120691163733,0.7246465849019224,1006.0382848533916,0.5672837534611352,-0.8235223998526366,696.0902919814024
-0.8640929756506593,-0.5033322257030529,926.2135469700032,-0.689120691163733,0.7246465849019224,1006.0382848533916,0.5672837534611352,-0.8235223998526366,696.0902919814024,0,-0.8536990340574354,-0.5207667032841115,937.5233203618454,-0.7001613392807742,0.7139846629841237,990.1936740972948,0.5527465116838923,-0.8333494428037309,714.3442141029068
-0.8536990340574354,-0.5207667032841115,937.5233203618454,-0.7001613392807742,0.7139846629841237,990.1936740972948,0.5527465116838923,-0.8333494428037309,714.3442141029068,45,-0.6089285508939606,-0.7932250751874788,954.7827461915348,-0.9127539044974332,0.4085098650273828,981.12123839261,0.7929111419292018,-0.6093372801696357,727.3965716341045
-0.6089285508939606,-0.7932250751874788,954.7827461915348,-0.9127539044974332,0.4085098650273828,981.12123839261,0.7929111419292018,-0.6093372801696357,727.3965716341045,0,-0.5928416475997614,-0.8053190553260243,969.8059996342872,-0.92309519645836,0.3845715255651435,973.71008997887,0.785665496539797,-0.6186515396787389,738.8933867119523
-0.5928416475997614,-0.8053190553260243,969.8059996342872,-0.92309519645836,0.3845715255651435,973.71008997887,0.785665496539797,-0.6186515396787389,738.8933867119523,-90,-0.9528640120339236,-0.3033977168183946,975.4368388960556,-0.5115991401958122,0.8592242546337397,954.3464290683598,0.2452502830744522,-0.9694597973365894,760.3834208315762
-0.9528640120339236,-0.3033977168183946,975.4368388960556,-0.5115991401958122,0.8592242546337397,954.3464290683598,0.2452502830744522,-0.9694597973365894,760.3834208315762,-90,-0.937444419905508,0.3481349732331208,968.3468939876332,0.1472031237359241,0.9891062836532716,936.1794246272968,-0.410468320524905,-0.911874858654116,776.9317261481194
-0.937444419905508,0.3481349732331208,968.3468939876332,0.1472031237359241,0.9891062836532716,936.1794246272968,-0.410468320524905,-0.911874858654116,776.9317261481194,45,-0.99998940722724,0.0046027636603397,968.5547506452922,-0.1858404820111907,0.982579928171672,916.42424727719,-0.0910096049694905,-0.9958500147127064,797.0856321610396
-0.99998940722724,0.0046027636603397,968.5547506452922,-0.1858404820111907,0.982579928171672,916.42424727719,-0.0910096049694905,-0.9958500147127064,797.0856321610396,90,-0.7778906363911793,-0.6283996799926986,982.2645252776456,-0.7662671257869592,0.6425221334228047,903.6311889365696,0.5328088871446186,-0.846235599451898,814.1068711286733
-0.7778906363911793,-0.6283996799926986,982.2645252776456,-0.7662671257869592,0.6425221334228047,903.6311889365696,0.5328088871446186,-0.846235599451898,814.1068711286733,90,-0.3357189373899577,-0.9419622046970662,1003.6477072198024,-0.9913927042290326,0.1309217552641497,900.85313797953,0.881428526847568,-0.4723174272238174,824.112128419165
-0.3357189373899577,-0.9419622046970662,1003.6477072198024,-0.9913927042290326,0.1309217552641497,900.85313797953,0.881428526847568,-0.4723174272238174,824.112128419165,-45,-0.5092163678023028,-0.8606385366471977,1023.772926997408,-0.952188951919655,0.3055097377206641,893.1817989932621,0.7535369587148187,-0.6574055459538058,839.5769208671949
-0.5092163678023028,-0.8606385366471977,1023.772926997408,-0.952188951919655,0.3055097377206641,893.1817989932621,0.7535369587148187,-0.6574055459538058,839.5769208671949,45,-0.2102004892406947,-0.977658301413624,1044.705333842936,-0.9994937022849452,-0.0318172766391657,893.9230137768465,0.9121439634286924,-0.409869967161045,847.8103293543196
-0.2102004892406947,-0.977658301413624,1044.705333842936,-0.9994937022849452,-0.0318172766391657,893.9230137768465,0.9121439634286924,-0.409869967161045,847.8103293543196,0,-0.1997716025301505,-0.9798424908231606,1067.772092502,-0.9979359190746182,-0.0642176098955497,895.1148538182684,0.9042016877007236,-0.4271057339338391,857.6137367871972
-0.1997716025301505,-0.9798424908231606,1067.772092502,-0.9979359190746182,-0.0642176098955497,895.1148538182684,0.9042016877007236,-0.4271057339338391,857.6137367871972,-45,-0.492754272286394,-0.8701685050284836,1087.170322464001,-0.9723056394079284,0.2337129512362106,889.6262305296983,0.7079594689707608,-0.7062530639187616,873.2572301713167
-0.492754272286394,-0.8701685050284836,1087.170322464001,-0.9723056394079284,0.2337129512362106,889.6262305296983,0.7079594689707608,-0.7062530639187616,873.2572301713167,-90,-0.9191990747731668,-0.3937931702507726,1092.949203069612,-0.6285416534674341,0.7777759252229551,874.1962940269766,0.1185030561430845,-0.9929536875830356,891.8492924763129
-0.9191990747731668,-0.3937931702507726,1092.949203069612,-0.6285416534674341,0.7777759252229551,874.1962940269766,0.1185030561430845,-0.9929536875830356,891.8492924763129,-90,-0.9667796305617444,0.2556113180805913,1087.2055987325027,0.001776503874274,0.9999984220157472,854.1164873220163,-0.5226075465804112,-0.852573370600562,908.6649183914276
-0.9667796305617444,0.2556113180805913,1087.2055987325027,0.001776503874274,0.9999984220157472,854.1164873220163,-0.5226075465804112,-0.852573370600562,908.6649183914276,-90,-0.6326264011416257,0.7744571237832311,1071.9338092349778,0.6081165957757727,0.7938477221369886,839.7605917051657,-0.9199628543836658,-0.3920055440351044,914.8829932734624
-0.6326264011416257,0.7744571237832311,1071.9338092349778,0.6081165957757727,0.7938477221369886,839.7605917051657,-0.9199628543836658,-0.3920055440351044,914.8829932734624,-90,-0.0703060903519017,0.9975254651683988,1057.1730774617608,0.959610993587606,0.281330305843163,836.2315203996857,-0.980780820607753,0.1951127415828672,911.136804058518
-0.0703060903519017,0.9975254651683988,1057.1730774617608,0.959610993587606,0.281330305843163,836.2315203996857,-0.980780820607753,0.1951127415828672,911.136804058518,-90,0.5890152740464821,0.808121901039656,1045.0844414146925,0.9120445346311944,-0.4100911689482814,842.8244714571712,-0.6391504130178263,0.7690817573828819,899.0368900590564
0.5890152740464821,0.808121901039656,1045.0844414146925,0.9120445346311944,-0.4100911689482814,842.8244714571712,-0.6391504130178263,0.7690817573828819,899.0368900590564,90,-0.0815397562047973,0.9966700899284888,1026.633866515054,0.9648129115668224,0.2629373417260303,837.483263042104,-0.9891835562177654,0.1466829646154418,896.4171662098233
-0.0815397562047973,0.9966700899284888,1026.633866515054,0.9648129115668224,0.2629373417260303,837.483263042104,-0.9891835562177654,0.1466829646154418,896.4171662098233,0,-0.0823274727073137,0.99660533173249,1010.540334385314,0.9696887738453616,0.2443433688035733,833.3650385152847,-0.9915779799029976,0.1295110411180861,894.208941701872
-0.0823274727073137,0.99660533173249,1010.540334385314,0.9696887738453616,0.2443433688035733,833.3650385152847,-0.9915779799029976,0.1295110411180861,894.208941701872,45,-0.3010395123316364,0.9536116673023304,988.016714813842,0.9059282894958413,0.4234311446872315,822.7459806960693,-0.993690106662272,-0.1121604739715481,896.8994039197132
-0.3010395123316364,0.9536116673023304,988.016714813842,0.9059282894958413,0.4234311446872315,822.7459806960693,-0.993690106662272,-0.1121604739715481,896.8994039197132,-90,0.2232667306961861,0.9747573887712966,965.4672247880706,0.9932970785863818,-0.1155894185112084,825.7251856035268,-0.925307721034866,0.379217116429708,887.2558560753369
0.2232667306961861,0.9747573887712966,965.4672247880706,0.9932970785863818,-0.1155894185112084,825.7251856035268,-0.925307721034866,0.379217116429708,887.2558560753369,90,-0.4197182362361606,0.9076544508626652,948.9637726989096,0.8706833661320911,0.4918439548687074,815.3437765108335,-0.9610624520586728,-0.2763312563626687,893.3932269135175
-0.4197182362361606,0.9076544508626652,948.9637726989096,0.8706833661320911,0.4918439548687074,815.3437765108335,-0.9610624520586728,-0.2763312563626687,893.3932269135175,-45,-0.1149448592647313,0.9933718736347488,928.6824218243464,0.9857269761594952,0.1683517997274104,811.7004820779233,-0.9998460513893452,0.0175463250036819,892.7604698940993
-0.1149448592647313,0.9933718736347488,928.6824218243464,0.9857269761594952,0.1683517997274104,811.7004820779233,-0.9998460513893452,0.0175463250036819,892.7604698940993,-45,0.1838650553573795,0.9829514949469418,906.2862682303472,0.988186161784046,-0.1532583102429197,815.18101056323,-0.958698455693614,0.2844244557886679,885.7157602656108
0.1838650553573795,0.9829514949469418,906.2862682303472,0.988186161784046,-0.1532583102429197,815.18101056323,-0.958698455693614,0.2844244557886679,885.7157602656108,0,0.1784478065355466,0.9839493789533342,881.4962096420207,0.9849212088513528,-0.1730035038800946,819.1158450507776,-0.9688046301552644,0.247825722211641,879.1829309155459
0.1784478065355466,0.9839493789533342,881.4962096420207,0.9849212088513528,-0.1730035038800946,819.1158450507776,-0.9688046301552644,0.247825722211641,879.1829309155459,90,-0.4265148117777658,0.9044805776434212,859.5859507548496,0.9184464981643724,0.3955452313068652,808.6347795730275,-0.9276462924123514,-0.3734599793466741,888.5426623044717
-0.4265148117777658,0.9044805776434212,859.5859507548496,0.9184464981643724,0.3955452313068652,808.6347795730275,-0.9276462924123514,-0.3734599793466741,888.5426623044717,45,-0.6158224194907987,0.787884983771425,843.8233544388117,0.8284680701326722,0.5600362995115992,797.0107235767712,-0.8200561536344193,-0.5722830636025511,900.0922072189984
-0.6158224194907987,0.787884983771425,843.8233544388117,0.8284680701326722,0.5600362995115992,797.0107235767712,-0.8200561536344193,-0.5722830636025511,900.0922072189984,-45,-0.5423923482924283,0.8401253123872802,789.5651182565932,0.925168632192306,0.3795563225760016,770.687264697911,-0.8582052008381033,-0.5133067633047813,931.0925818454082
-0.5423923482924283,0.8401253123872802,789.5651182565932,0.925168632192306,0.3795563225760016,770.687264697911,-0.8582052008381033,-0.5133067633047813,931.0925818454082,45,-0.7486076435262876,0.6630132698928571,740.7264133509744,0.8708011458753723,0.4916353977717008,733.0559259945987,-0.6986353807346432,-0.7154778856021758,980.81012404838
-0.7486076435262876,0.6630132698928571,740.7264133509744,0.8708011458753723,0.4916353977717008,733.0559259945987,-0.6986353807346432,-0.7154778856021758,980.81012404838,45,-0.9286459204756088,0.3709673225285612,732.6134852614974,0.6882181805156574,0.7255037808362669,717.2565245342828,-0.4316660820538581,-0.902033476986454,1000.1755639821432
-0.9286459204756088,0.3709673225285612,732.6134852614974,0.6882181805156574,0.7255037808362669,717.2565245342828,-0.4316660820538581,-0.902033476986454,1000.1755639821432,-90,-0.5822762612214726,0.8129909935650846,712.9175994866906,0.9816191566578876,0.1908502849939129,713.0220420280607,-0.8485345508798705,-0.5291399776647918,1011.897654734838
-0.5822762612214726,0.8129909935650846,712.9175994866906,0.9816191566578876,0.1908502849939129,713.0220420280607,-0.8485345508798705,-0.5291399776647918,1011.897654734838,0,-0.6008383995013096,0.799370513394574,693.7979281505988,0.9868893451119758,0.1613983286916425,708.7733941860848,-0.8363658559629383,-0.548171647369126,1024.7515431098718
-0.6008383995013096,0.799370513394574,693.7979281505988,0.9868893451119758,0.1613983286916425,708.7733941860848,-0.8363658559629383,-0.548171647369126,1024.7515431098718,90,-0.9779839393005236,0.2086801726811383,690.1622483364233,0.6747657520365488,0.7380319639951585,692.7616954110459,-0.294533191653455,-0.9556412501636946,1044.739627385114
-0.9779839393005236,0.2086801726811383,690.1622483364233,0.6747657520365488,0.7380319639951585,692.7616954110459,-0.294533191653455,-0.9556412501636946,1044.739627385114,0,-0.983243529102946,0.1822969074811316,685.642018773583,0.6958312765697646,0.7182052871897363,676.032000653752,-0.294000944107001,-0.9558051291263256,1066.7099783483393
-0.983243529102946,0.1822969074811316,685.642018773583,0.6958312765697646,0.7182052871897363,676.032000653752,-0.294000944107001,-0.9558051291263256,1066.7099783483393,-45,-0.8916416391483163,0.4527418550751672,674.6746368951931,0.8988575664226088,0.4382408872809854,665.6822383612624,-0.5667448858181448,-0.8238933392126544,1085.6600322705358
-0.8916416391483163,0.4527418550751672,674.6746368951931,0.8988575664226088,0.4382408872809854,665.6822383612624,-0.5667448858181448,-0.8238933392126544,1085.6600322705358,45,-0.993646039101361,0.1125502064777167,671.9386211487213,0.7301060209139235,0.6833338848800324,649.7560639126386,-0.2702111924323021,-0.9628010757598444,1107.6360009458183
